theta_deg,AF_norm
-90.000000,0.00000000
-89.991000,0.00024674
-89.982000,0.00049348
-89.973000,0.00074022
-89.964000,0.00098695
-89.955000,0.00123368
-89.946000,0.00148041
-89.937000,0.00172713
-89.928000,0.00197384
-89.919000,0.00222055
-89.910000,0.00246725
-89.901000,0.00271394
-89.892000,0.00296062
-89.883000,0.00320728
-89.874000,0.00345394
-89.865000,0.00370058
-89.856000,0.00394721
-89.847000,0.00419383
-89.838000,0.00444043
-89.829000,0.00468701
-89.820000,0.00493357
-89.811000,0.00518012
-89.802000,0.00542665
-89.793000,0.00567315
-89.784000,0.00591964
-89.775000,0.00616610
-89.766000,0.00641254
-89.757000,0.00665896
-89.748000,0.00690535
-89.739000,0.00715171
-89.730000,0.00739805
-89.721000,0.00764436
-89.712000,0.00789065
-89.703000,0.00813690
-89.694000,0.00838312
-89.685000,0.00862931
-89.676000,0.00887547
-89.667000,0.00912160
-89.658000,0.00936769
-89.649000,0.00961375
-89.640000,0.00985977
-89.631000,0.01010575
-89.622000,0.01035170
-89.613000,0.01059761
-89.604000,0.01084347
-89.595000,0.01108930
-89.586000,0.01133509
-89.577000,0.01158083
-89.568000,0.01182653
-89.559000,0.01207219
-89.550000,0.01231780
-89.541000,0.01256336
-89.532000,0.01280888
-89.523000,0.01305435
-89.514000,0.01329977
-89.505000,0.01354514
-89.496000,0.01379046
-89.487000,0.01403573
-89.478000,0.01428095
-89.469000,0.01452611
-89.460000,0.01477122
-89.451000,0.01501628
-89.442000,0.01526127
-89.433000,0.01550621
-89.424000,0.01575110
-89.415000,0.01599592
-89.406000,0.01624068
-89.397000,0.01648539
-89.388000,0.01673003
-89.379000,0.01697461
-89.370000,0.01721912
-89.361000,0.01746358
-89.352000,0.01770796
-89.343000,0.01795228
-89.334000,0.01819653
-89.325000,0.01844072
-89.316000,0.01868483
-89.307000,0.01892888
-89.298000,0.01917286
-89.289000,0.01941676
-89.280000,0.01966059
-89.271000,0.01990435
-89.262000,0.02014803
-89.253000,0.02039164
-89.244000,0.02063517
-89.235000,0.02087862
-89.226000,0.02112200
-89.217000,0.02136530
-89.208000,0.02160851
-89.199000,0.02185165
-89.190000,0.02209470
-89.181000,0.02233768
-89.172000,0.02258057
-89.163000,0.02282337
-89.154000,0.02306609
-89.145000,0.02330872
-89.136000,0.02355127
-89.127000,0.02379372
-89.118000,0.02403609
-89.109000,0.02427837
-89.100000,0.02452056
-89.091000,0.02476266
-89.082000,0.02500466
-89.073000,0.02524657
-89.064000,0.02548839
-89.055000,0.02573011
-89.046000,0.02597173
-89.037000,0.02621326
-89.028000,0.02645469
-89.019000,0.02669602
-89.010000,0.02693725
-89.001000,0.02717838
-88.992000,0.02741941
-88.983000,0.02766033
-88.974000,0.02790115
-88.965000,0.02814187
-88.956000,0.02838248
-88.947000,0.02862299
-88.938000,0.02886339
-88.929000,0.02910368
-88.920000,0.02934386
-88.911000,0.02958394
-88.902000,0.02982390
-88.893000,0.03006375
-88.884000,0.03030349
-88.875000,0.03054312
-88.866000,0.03078263
-88.857000,0.03102202
-88.848000,0.03126130
-88.839000,0.03150047
-88.830000,0.03173951
-88.821000,0.03197844
-88.812000,0.03221724
-88.803000,0.03245593
-88.794000,0.03269450
-88.785000,0.03293294
-88.776000,0.03317126
-88.767000,0.03340946
-88.758000,0.03364753
-88.749000,0.03388547
-88.740000,0.03412329
-88.731000,0.03436098
-88.722000,0.03459854
-88.713000,0.03483598
-88.704000,0.03507328
-88.695000,0.03531045
-88.686000,0.03554749
-88.677000,0.03578440
-88.668000,0.03602117
-88.659000,0.03625781
-88.650000,0.03649431
-88.641000,0.03673068
-88.632000,0.03696691
-88.623000,0.03720300
-88.614000,0.03743895
-88.605000,0.03767476
-88.596000,0.03791043
-88.587000,0.03814596
-88.578000,0.03838135
-88.569000,0.03861659
-88.560000,0.03885169
-88.551000,0.03908664
-88.542000,0.03932145
-88.533000,0.03955611
-88.524000,0.03979062
-88.515000,0.04002499
-88.506000,0.04025920
-88.497000,0.04049326
-88.488000,0.04072717
-88.479000,0.04096093
-88.470000,0.04119454
-88.461000,0.04142799
-88.452000,0.04166129
-88.443000,0.04189443
-88.434000,0.04212742
-88.425000,0.04236024
-88.416000,0.04259291
-88.407000,0.04282542
-88.398000,0.04305777
-88.389000,0.04328996
-88.380000,0.04352199
-88.371000,0.04375385
-88.362000,0.04398555
-88.353000,0.04421709
-88.344000,0.04444846
-88.335000,0.04467966
-88.326000,0.04491070
-88.317000,0.04514157
-88.308000,0.04537227
-88.299000,0.04560280
-88.290000,0.04583316
-88.281000,0.04606335
-88.272000,0.04629337
-88.263000,0.04652321
-88.254000,0.04675288
-88.245000,0.04698238
-88.236000,0.04721170
-88.227000,0.04744084
-88.218000,0.04766980
-88.209000,0.04789859
-88.200000,0.04812720
-88.191000,0.04835563
-88.182000,0.04858387
-88.173000,0.04881194
-88.164000,0.04903982
-88.155000,0.04926752
-88.146000,0.04949504
-88.137000,0.04972237
-88.128000,0.04994951
-88.119000,0.05017647
-88.110000,0.05040324
-88.101000,0.05062982
-88.092000,0.05085621
-88.083000,0.05108241
-88.074000,0.05130842
-88.065000,0.05153424
-88.056000,0.05175987
-88.047000,0.05198530
-88.038000,0.05221054
-88.029000,0.05243558
-88.020000,0.05266043
-88.011000,0.05288508
-88.002000,0.05310953
-87.993000,0.05333378
-87.984000,0.05355784
-87.975000,0.05378169
-87.966000,0.05400534
-87.957000,0.05422880
-87.948000,0.05445204
-87.939000,0.05467509
-87.930000,0.05489793
-87.921000,0.05512056
-87.912000,0.05534299
-87.903000,0.05556521
-87.894000,0.05578722
-87.885000,0.05600903
-87.876000,0.05623062
-87.867000,0.05645201
-87.858000,0.05667318
-87.849000,0.05689415
-87.840000,0.05711489
-87.831000,0.05733543
-87.822000,0.05755575
-87.813000,0.05777586
-87.804000,0.05799575
-87.795000,0.05821542
-87.786000,0.05843487
-87.777000,0.05865411
-87.768000,0.05887313
-87.759000,0.05909193
-87.750000,0.05931050
-87.741000,0.05952886
-87.732000,0.05974699
-87.723000,0.05996490
-87.714000,0.06018258
-87.705000,0.06040004
-87.696000,0.06061727
-87.687000,0.06083428
-87.678000,0.06105106
-87.669000,0.06126761
-87.660000,0.06148393
-87.651000,0.06170002
-87.642000,0.06191588
-87.633000,0.06213151
-87.624000,0.06234690
-87.615000,0.06256207
-87.606000,0.06277700
-87.597000,0.06299169
-87.588000,0.06320615
-87.579000,0.06342037
-87.570000,0.06363436
-87.561000,0.06384810
-87.552000,0.06406161
-87.543000,0.06427488
-87.534000,0.06448791
-87.525000,0.06470069
-87.516000,0.06491324
-87.507000,0.06512554
-87.498000,0.06533760
-87.489000,0.06554941
-87.480000,0.06576098
-87.471000,0.06597231
-87.462000,0.06618338
-87.453000,0.06639421
-87.444000,0.06660479
-87.435000,0.06681512
-87.426000,0.06702520
-87.417000,0.06723503
-87.408000,0.06744461
-87.399000,0.06765394
-87.390000,0.06786301
-87.381000,0.06807183
-87.372000,0.06828040
-87.363000,0.06848871
-87.354000,0.06869676
-87.345000,0.06890456
-87.336000,0.06911209
-87.327000,0.06931937
-87.318000,0.06952639
-87.309000,0.06973316
-87.300000,0.06993966
-87.291000,0.07014589
-87.282000,0.07035187
-87.273000,0.07055758
-87.264000,0.07076303
-87.255000,0.07096821
-87.246000,0.07117313
-87.237000,0.07137778
-87.228000,0.07158217
-87.219000,0.07178629
-87.210000,0.07199014
-87.201000,0.07219371
-87.192000,0.07239702
-87.183000,0.07260006
-87.174000,0.07280283
-87.165000,0.07300532
-87.156000,0.07320754
-87.147000,0.07340949
-87.138000,0.07361116
-87.129000,0.07381256
-87.120000,0.07401368
-87.111000,0.07421453
-87.102000,0.07441509
-87.093000,0.07461538
-87.084000,0.07481539
-87.075000,0.07501512
-87.066000,0.07521457
-87.057000,0.07541374
-87.048000,0.07561262
-87.039000,0.07581122
-87.030000,0.07600954
-87.021000,0.07620757
-87.012000,0.07640532
-87.003000,0.07660279
-86.994000,0.07679996
-86.985000,0.07699685
-86.976000,0.07719345
-86.967000,0.07738976
-86.958000,0.07758579
-86.949000,0.07778152
-86.940000,0.07797696
-86.931000,0.07817211
-86.922000,0.07836696
-86.913000,0.07856153
-86.904000,0.07875580
-86.895000,0.07894977
-86.886000,0.07914345
-86.877000,0.07933683
-86.868000,0.07952992
-86.859000,0.07972271
-86.850000,0.07991520
-86.841000,0.08010739
-86.832000,0.08029928
-86.823000,0.08049087
-86.814000,0.08068216
-86.805000,0.08087315
-86.796000,0.08106384
-86.787000,0.08125422
-86.778000,0.08144430
-86.769000,0.08163407
-86.760000,0.08182354
-86.751000,0.08201270
-86.742000,0.08220155
-86.733000,0.08239010
-86.724000,0.08257834
-86.715000,0.08276627
-86.706000,0.08295389
-86.697000,0.08314120
-86.688000,0.08332819
-86.679000,0.08351488
-86.670000,0.08370125
-86.661000,0.08388731
-86.652000,0.08407306
-86.643000,0.08425849
-86.634000,0.08444361
-86.625000,0.08462841
-86.616000,0.08481289
-86.607000,0.08499706
-86.598000,0.08518091
-86.589000,0.08536443
-86.580000,0.08554764
-86.571000,0.08573053
-86.562000,0.08591310
-86.553000,0.08609535
-86.544000,0.08627727
-86.535000,0.08645888
-86.526000,0.08664015
-86.517000,0.08682111
-86.508000,0.08700174
-86.499000,0.08718204
-86.490000,0.08736202
-86.481000,0.08754167
-86.472000,0.08772099
-86.463000,0.08789998
-86.454000,0.08807865
-86.445000,0.08825698
-86.436000,0.08843499
-86.427000,0.08861266
-86.418000,0.08879001
-86.409000,0.08896702
-86.400000,0.08914369
-86.391000,0.08932003
-86.382000,0.08949604
-86.373000,0.08967172
-86.364000,0.08984705
-86.355000,0.09002206
-86.346000,0.09019672
-86.337000,0.09037105
-86.328000,0.09054504
-86.319000,0.09071869
-86.310000,0.09089200
-86.301000,0.09106497
-86.292000,0.09123759
-86.283000,0.09140988
-86.274000,0.09158183
-86.265000,0.09175343
-86.256000,0.09192469
-86.247000,0.09209560
-86.238000,0.09226617
-86.229000,0.09243640
-86.220000,0.09260627
-86.211000,0.09277581
-86.202000,0.09294499
-86.193000,0.09311383
-86.184000,0.09328231
-86.175000,0.09345045
-86.166000,0.09361824
-86.157000,0.09378568
-86.148000,0.09395276
-86.139000,0.09411950
-86.130000,0.09428588
-86.121000,0.09445191
-86.112000,0.09461759
-86.103000,0.09478291
-86.094000,0.09494787
-86.085000,0.09511248
-86.076000,0.09527674
-86.067000,0.09544064
-86.058000,0.09560418
-86.049000,0.09576736
-86.040000,0.09593018
-86.031000,0.09609265
-86.022000,0.09625475
-86.013000,0.09641650
-86.004000,0.09657788
-85.995000,0.09673890
-85.986000,0.09689956
-85.977000,0.09705986
-85.968000,0.09721979
-85.959000,0.09737936
-85.950000,0.09753857
-85.941000,0.09769740
-85.932000,0.09785588
-85.923000,0.09801398
-85.914000,0.09817172
-85.905000,0.09832910
-85.896000,0.09848610
-85.887000,0.09864273
-85.878000,0.09879900
-85.869000,0.09895489
-85.860000,0.09911042
-85.851000,0.09926557
-85.842000,0.09942035
-85.833000,0.09957476
-85.824000,0.09972880
-85.815000,0.09988246
-85.806000,0.10003575
-85.797000,0.10018866
-85.788000,0.10034120
-85.779000,0.10049337
-85.770000,0.10064515
-85.761000,0.10079656
-85.752000,0.10094759
-85.743000,0.10109825
-85.734000,0.10124852
-85.725000,0.10139842
-85.716000,0.10154793
-85.707000,0.10169707
-85.698000,0.10184582
-85.689000,0.10199420
-85.680000,0.10214219
-85.671000,0.10228979
-85.662000,0.10243702
-85.653000,0.10258386
-85.644000,0.10273032
-85.635000,0.10287639
-85.626000,0.10302208
-85.617000,0.10316738
-85.608000,0.10331229
-85.599000,0.10345682
-85.590000,0.10360096
-85.581000,0.10374471
-85.572000,0.10388807
-85.563000,0.10403104
-85.554000,0.10417363
-85.545000,0.10431582
-85.536000,0.10445762
-85.527000,0.10459903
-85.518000,0.10474005
-85.509000,0.10488068
-85.500000,0.10502091
-85.491000,0.10516075
-85.482000,0.10530020
-85.473000,0.10543925
-85.464000,0.10557791
-85.455000,0.10571617
-85.446000,0.10585403
-85.437000,0.10599150
-85.428000,0.10612857
-85.419000,0.10626524
-85.410000,0.10640152
-85.401000,0.10653739
-85.392000,0.10667287
-85.383000,0.10680795
-85.374000,0.10694262
-85.365000,0.10707690
-85.356000,0.10721077
-85.347000,0.10734425
-85.338000,0.10747732
-85.329000,0.10760999
-85.320000,0.10774225
-85.311000,0.10787411
-85.302000,0.10800557
-85.293000,0.10813662
-85.284000,0.10826726
-85.275000,0.10839750
-85.266000,0.10852734
-85.257000,0.10865676
-85.248000,0.10878578
-85.239000,0.10891440
-85.230000,0.10904260
-85.221000,0.10917039
-85.212000,0.10929778
-85.203000,0.10942476
-85.194000,0.10955132
-85.185000,0.10967748
-85.176000,0.10980322
-85.167000,0.10992855
-85.158000,0.11005347
-85.149000,0.11017798
-85.140000,0.11030208
-85.131000,0.11042576
-85.122000,0.11054903
-85.113000,0.11067188
-85.104000,0.11079432
-85.095000,0.11091634
-85.086000,0.11103794
-85.077000,0.11115913
-85.068000,0.11127991
-85.059000,0.11140026
-85.050000,0.11152020
-85.041000,0.11163972
-85.032000,0.11175883
-85.023000,0.11187751
-85.014000,0.11199577
-85.005000,0.11211361
-84.996000,0.11223104
-84.987000,0.11234804
-84.978000,0.11246462
-84.969000,0.11258078
-84.960000,0.11269652
-84.951000,0.11281183
-84.942000,0.11292672
-84.933000,0.11304119
-84.924000,0.11315523
-84.915000,0.11326885
-84.906000,0.11338205
-84.897000,0.11349481
-84.888000,0.11360716
-84.879000,0.11371908
-84.870000,0.11383057
-84.861000,0.11394163
-84.852000,0.11405227
-84.843000,0.11416248
-84.834000,0.11427226
-84.825000,0.11438161
-84.816000,0.11449053
-84.807000,0.11459902
-84.798000,0.11470709
-84.789000,0.11481472
-84.780000,0.11492192
-84.771000,0.11502870
-84.762000,0.11513504
-84.753000,0.11524094
-84.744000,0.11534642
-84.735000,0.11545146
-84.726000,0.11555607
-84.717000,0.11566025
-84.708000,0.11576399
-84.699000,0.11586730
-84.690000,0.11597017
-84.681000,0.11607261
-84.672000,0.11617462
-84.663000,0.11627618
-84.654000,0.11637731
-84.645000,0.11647801
-84.636000,0.11657826
-84.627000,0.11667808
-84.618000,0.11677747
-84.609000,0.11687641
-84.600000,0.11697491
-84.591000,0.11707298
-84.582000,0.11717061
-84.573000,0.11726779
-84.564000,0.11736454
-84.555000,0.11746085
-84.546000,0.11755671
-84.537000,0.11765214
-84.528000,0.11774712
-84.519000,0.11784166
-84.510000,0.11793576
-84.501000,0.11802942
-84.492000,0.11812263
-84.483000,0.11821540
-84.474000,0.11830773
-84.465000,0.11839961
-84.456000,0.11849105
-84.447000,0.11858204
-84.438000,0.11867259
-84.429000,0.11876269
-84.420000,0.11885234
-84.411000,0.11894156
-84.402000,0.11903032
-84.393000,0.11911864
-84.384000,0.11920651
-84.375000,0.11929393
-84.366000,0.11938090
-84.357000,0.11946743
-84.348000,0.11955351
-84.339000,0.11963914
-84.330000,0.11972431
-84.321000,0.11980904
-84.312000,0.11989333
-84.303000,0.11997716
-84.294000,0.12006053
-84.285000,0.12014346
-84.276000,0.12022594
-84.267000,0.12030797
-84.258000,0.12038954
-84.249000,0.12047066
-84.240000,0.12055133
-84.231000,0.12063155
-84.222000,0.12071132
-84.213000,0.12079063
-84.204000,0.12086948
-84.195000,0.12094789
-84.186000,0.12102584
-84.177000,0.12110333
-84.168000,0.12118037
-84.159000,0.12125696
-84.150000,0.12133308
-84.141000,0.12140876
-84.132000,0.12148397
-84.123000,0.12155874
-84.114000,0.12163304
-84.105000,0.12170689
-84.096000,0.12178028
-84.087000,0.12185321
-84.078000,0.12192569
-84.069000,0.12199770
-84.060000,0.12206926
-84.051000,0.12214036
-84.042000,0.12221100
-84.033000,0.12228118
-84.024000,0.12235091
-84.015000,0.12242017
-84.006000,0.12248897
-83.997000,0.12255732
-83.988000,0.12262520
-83.979000,0.12269262
-83.970000,0.12275958
-83.961000,0.12282608
-83.952000,0.12289212
-83.943000,0.12295769
-83.934000,0.12302281
-83.925000,0.12308746
-83.916000,0.12315165
-83.907000,0.12321537
-83.898000,0.12327863
-83.889000,0.12334143
-83.880000,0.12340377
-83.871000,0.12346564
-83.862000,0.12352705
-83.853000,0.12358799
-83.844000,0.12364847
-83.835000,0.12370849
-83.826000,0.12376804
-83.817000,0.12382712
-83.808000,0.12388574
-83.799000,0.12394389
-83.790000,0.12400158
-83.781000,0.12405880
-83.772000,0.12411555
-83.763000,0.12417184
-83.754000,0.12422766
-83.745000,0.12428301
-83.736000,0.12433790
-83.727000,0.12439232
-83.718000,0.12444627
-83.709000,0.12449975
-83.700000,0.12455277
-83.691000,0.12460531
-83.682000,0.12465739
-83.673000,0.12470900
-83.664000,0.12476014
-83.655000,0.12481081
-83.646000,0.12486101
-83.637000,0.12491075
-83.628000,0.12496001
-83.619000,0.12500880
-83.610000,0.12505712
-83.601000,0.12510497
-83.592000,0.12515236
-83.583000,0.12519927
-83.574000,0.12524570
-83.565000,0.12529167
-83.556000,0.12533717
-83.547000,0.12538219
-83.538000,0.12542675
-83.529000,0.12547083
-83.520000,0.12551444
-83.511000,0.12555758
-83.502000,0.12560024
-83.493000,0.12564243
-83.484000,0.12568415
-83.475000,0.12572540
-83.466000,0.12576617
-83.457000,0.12580647
-83.448000,0.12584630
-83.439000,0.12588565
-83.430000,0.12592453
-83.421000,0.12596294
-83.412000,0.12600087
-83.403000,0.12603833
-83.394000,0.12607531
-83.385000,0.12611182
-83.376000,0.12614785
-83.367000,0.12618341
-83.358000,0.12621850
-83.349000,0.12625310
-83.340000,0.12628724
-83.331000,0.12632090
-83.322000,0.12635408
-83.313000,0.12638678
-83.304000,0.12641902
-83.295000,0.12645077
-83.286000,0.12648205
-83.277000,0.12651285
-83.268000,0.12654318
-83.259000,0.12657303
-83.250000,0.12660240
-83.241000,0.12663130
-83.232000,0.12665972
-83.223000,0.12668766
-83.214000,0.12671512
-83.205000,0.12674211
-83.196000,0.12676862
-83.187000,0.12679466
-83.178000,0.12682021
-83.169000,0.12684529
-83.160000,0.12686989
-83.151000,0.12689401
-83.142000,0.12691766
-83.133000,0.12694082
-83.124000,0.12696351
-83.115000,0.12698572
-83.106000,0.12700745
-83.097000,0.12702871
-83.088000,0.12704948
-83.079000,0.12706978
-83.070000,0.12708959
-83.061000,0.12710893
-83.052000,0.12712779
-83.043000,0.12714617
-83.034000,0.12716407
-83.025000,0.12718149
-83.016000,0.12719843
-83.007000,0.12721490
-82.998000,0.12723088
-82.989000,0.12724638
-82.980000,0.12726141
-82.971000,0.12727595
-82.962000,0.12729002
-82.953000,0.12730360
-82.944000,0.12731670
-82.935000,0.12732933
-82.926000,0.12734147
-82.917000,0.12735314
-82.908000,0.12736432
-82.899000,0.12737503
-82.890000,0.12738525
-82.881000,0.12739500
-82.872000,0.12740426
-82.863000,0.12741304
-82.854000,0.12742134
-82.845000,0.12742917
-82.836000,0.12743651
-82.827000,0.12744337
-82.818000,0.12744975
-82.809000,0.12745565
-82.800000,0.12746107
-82.791000,0.12746600
-82.782000,0.12747046
-82.773000,0.12747444
-82.764000,0.12747793
-82.755000,0.12748095
-82.746000,0.12748348
-82.737000,0.12748553
-82.728000,0.12748710
-82.719000,0.12748819
-82.710000,0.12748880
-82.701000,0.12748893
-82.692000,0.12748858
-82.683000,0.12748774
-82.674000,0.12748643
-82.665000,0.12748463
-82.656000,0.12748235
-82.647000,0.12747960
-82.638000,0.12747636
-82.629000,0.12747263
-82.620000,0.12746843
-82.611000,0.12746375
-82.602000,0.12745858
-82.593000,0.12745294
-82.584000,0.12744681
-82.575000,0.12744020
-82.566000,0.12743311
-82.557000,0.12742554
-82.548000,0.12741749
-82.539000,0.12740896
-82.530000,0.12739994
-82.521000,0.12739045
-82.512000,0.12738047
-82.503000,0.12737001
-82.494000,0.12735908
-82.485000,0.12734766
-82.476000,0.12733576
-82.467000,0.12732337
-82.458000,0.12731051
-82.449000,0.12729717
-82.440000,0.12728334
-82.431000,0.12726904
-82.422000,0.12725425
-82.413000,0.12723899
-82.404000,0.12722324
-82.395000,0.12720701
-82.386000,0.12719030
-82.377000,0.12717311
-82.368000,0.12715544
-82.359000,0.12713729
-82.350000,0.12711866
-82.341000,0.12709955
-82.332000,0.12707995
-82.323000,0.12705988
-82.314000,0.12703933
-82.305000,0.12701829
-82.296000,0.12699678
-82.287000,0.12697479
-82.278000,0.12695231
-82.269000,0.12692936
-82.260000,0.12690592
-82.251000,0.12688201
-82.242000,0.12685762
-82.233000,0.12683274
-82.224000,0.12680739
-82.215000,0.12678156
-82.206000,0.12675524
-82.197000,0.12672845
-82.188000,0.12670118
-82.179000,0.12667343
-82.170000,0.12664520
-82.161000,0.12661649
-82.152000,0.12658730
-82.143000,0.12655764
-82.134000,0.12652749
-82.125000,0.12649687
-82.116000,0.12646576
-82.107000,0.12643418
-82.098000,0.12640212
-82.089000,0.12636958
-82.080000,0.12633657
-82.071000,0.12630307
-82.062000,0.12626910
-82.053000,0.12623465
-82.044000,0.12619972
-82.035000,0.12616431
-82.026000,0.12612843
-82.017000,0.12609206
-82.008000,0.12605522
-81.999000,0.12601791
-81.990000,0.12598011
-81.981000,0.12594184
-81.972000,0.12590309
-81.963000,0.12586387
-81.954000,0.12582417
-81.945000,0.12578399
-81.936000,0.12574333
-81.927000,0.12570220
-81.918000,0.12566059
-81.909000,0.12561851
-81.900000,0.12557595
-81.891000,0.12553291
-81.882000,0.12548940
-81.873000,0.12544542
-81.864000,0.12540095
-81.855000,0.12535602
-81.846000,0.12531060
-81.837000,0.12526472
-81.828000,0.12521835
-81.819000,0.12517152
-81.810000,0.12512420
-81.801000,0.12507642
-81.792000,0.12502816
-81.783000,0.12497942
-81.774000,0.12493022
-81.765000,0.12488053
-81.756000,0.12483038
-81.747000,0.12477975
-81.738000,0.12472865
-81.729000,0.12467707
-81.720000,0.12462502
-81.711000,0.12457250
-81.702000,0.12451951
-81.693000,0.12446604
-81.684000,0.12441210
-81.675000,0.12435769
-81.666000,0.12430281
-81.657000,0.12424746
-81.648000,0.12419163
-81.639000,0.12413533
-81.630000,0.12407857
-81.621000,0.12402133
-81.612000,0.12396362
-81.603000,0.12390544
-81.594000,0.12384679
-81.585000,0.12378766
-81.576000,0.12372807
-81.567000,0.12366801
-81.558000,0.12360748
-81.549000,0.12354648
-81.540000,0.12348501
-81.531000,0.12342307
-81.522000,0.12336067
-81.513000,0.12329779
-81.504000,0.12323445
-81.495000,0.12317064
-81.486000,0.12310635
-81.477000,0.12304161
-81.468000,0.12297639
-81.459000,0.12291071
-81.450000,0.12284456
-81.441000,0.12277794
-81.432000,0.12271086
-81.423000,0.12264331
-81.414000,0.12257529
-81.405000,0.12250681
-81.396000,0.12243786
-81.387000,0.12236845
-81.378000,0.12229857
-81.369000,0.12222823
-81.360000,0.12215742
-81.351000,0.12208614
-81.342000,0.12201441
-81.333000,0.12194220
-81.324000,0.12186954
-81.315000,0.12179641
-81.306000,0.12172282
-81.297000,0.12164876
-81.288000,0.12157424
-81.279000,0.12149926
-81.270000,0.12142382
-81.261000,0.12134791
-81.252000,0.12127154
-81.243000,0.12119471
-81.234000,0.12111742
-81.225000,0.12103967
-81.216000,0.12096146
-81.207000,0.12088279
-81.198000,0.12080365
-81.189000,0.12072406
-81.180000,0.12064401
-81.171000,0.12056349
-81.162000,0.12048252
-81.153000,0.12040109
-81.144000,0.12031920
-81.135000,0.12023685
-81.126000,0.12015405
-81.117000,0.12007078
-81.108000,0.11998706
-81.099000,0.11990288
-81.090000,0.11981824
-81.081000,0.11973315
-81.072000,0.11964760
-81.063000,0.11956160
-81.054000,0.11947514
-81.045000,0.11938822
-81.036000,0.11930085
-81.027000,0.11921302
-81.018000,0.11912474
-81.009000,0.11903600
-81.000000,0.11894681
-80.991000,0.11885717
-80.982000,0.11876707
-80.973000,0.11867652
-80.964000,0.11858552
-80.955000,0.11849406
-80.946000,0.11840215
-80.937000,0.11830979
-80.928000,0.11821698
-80.919000,0.11812372
-80.910000,0.11803001
-80.901000,0.11793584
-80.892000,0.11784123
-80.883000,0.11774616
-80.874000,0.11765065
-80.865000,0.11755468
-80.856000,0.11745827
-80.847000,0.11736141
-80.838000,0.11726410
-80.829000,0.11716634
-80.820000,0.11706814
-80.811000,0.11696948
-80.802000,0.11687038
-80.793000,0.11677084
-80.784000,0.11667084
-80.775000,0.11657041
-80.766000,0.11646952
-80.757000,0.11636819
-80.748000,0.11626642
-80.739000,0.11616420
-80.730000,0.11606153
-80.721000,0.11595843
-80.712000,0.11585487
-80.703000,0.11575088
-80.694000,0.11564644
-80.685000,0.11554156
-80.676000,0.11543624
-80.667000,0.11533048
-80.658000,0.11522427
-80.649000,0.11511763
-80.640000,0.11501054
-80.631000,0.11490301
-80.622000,0.11479504
-80.613000,0.11468664
-80.604000,0.11457779
-80.595000,0.11446851
-80.586000,0.11435878
-80.577000,0.11424862
-80.568000,0.11413802
-80.559000,0.11402699
-80.550000,0.11391551
-80.541000,0.11380360
-80.532000,0.11369126
-80.523000,0.11357848
-80.514000,0.11346526
-80.505000,0.11335161
-80.496000,0.11323752
-80.487000,0.11312300
-80.478000,0.11300804
-80.469000,0.11289266
-80.460000,0.11277683
-80.451000,0.11266058
-80.442000,0.11254389
-80.433000,0.11242678
-80.424000,0.11230923
-80.415000,0.11219124
-80.406000,0.11207283
-80.397000,0.11195399
-80.388000,0.11183472
-80.379000,0.11171502
-80.370000,0.11159489
-80.361000,0.11147433
-80.352000,0.11135334
-80.343000,0.11123193
-80.334000,0.11111009
-80.325000,0.11098782
-80.316000,0.11086513
-80.307000,0.11074200
-80.298000,0.11061846
-80.289000,0.11049449
-80.280000,0.11037009
-80.271000,0.11024527
-80.262000,0.11012002
-80.253000,0.10999435
-80.244000,0.10986826
-80.235000,0.10974175
-80.226000,0.10961481
-80.217000,0.10948745
-80.208000,0.10935967
-80.199000,0.10923147
-80.190000,0.10910285
-80.181000,0.10897381
-80.172000,0.10884435
-80.163000,0.10871447
-80.154000,0.10858417
-80.145000,0.10845346
-80.136000,0.10832232
-80.127000,0.10819077
-80.118000,0.10805880
-80.109000,0.10792642
-80.100000,0.10779362
-80.091000,0.10766040
-80.082000,0.10752677
-80.073000,0.10739272
-80.064000,0.10725826
-80.055000,0.10712339
-80.046000,0.10698810
-80.037000,0.10685241
-80.028000,0.10671629
-80.019000,0.10657977
-80.010000,0.10644284
-80.001000,0.10630549
-79.992000,0.10616774
-79.983000,0.10602957
-79.974000,0.10589100
-79.965000,0.10575201
-79.956000,0.10561262
-79.947000,0.10547282
-79.938000,0.10533261
-79.929000,0.10519200
-79.920000,0.10505098
-79.911000,0.10490955
-79.902000,0.10476772
-79.893000,0.10462548
-79.884000,0.10448284
-79.875000,0.10433979
-79.866000,0.10419634
-79.857000,0.10405249
-79.848000,0.10390824
-79.839000,0.10376358
-79.830000,0.10361852
-79.821000,0.10347306
-79.812000,0.10332720
-79.803000,0.10318094
-79.794000,0.10303428
-79.785000,0.10288722
-79.776000,0.10273976
-79.767000,0.10259191
-79.758000,0.10244366
-79.749000,0.10229501
-79.740000,0.10214596
-79.731000,0.10199652
-79.722000,0.10184668
-79.713000,0.10169645
-79.704000,0.10154582
-79.695000,0.10139480
-79.686000,0.10124339
-79.677000,0.10109158
-79.668000,0.10093938
-79.659000,0.10078679
-79.650000,0.10063381
-79.641000,0.10048044
-79.632000,0.10032667
-79.623000,0.10017252
-79.614000,0.10001798
-79.605000,0.09986305
-79.596000,0.09970773
-79.587000,0.09955203
-79.578000,0.09939593
-79.569000,0.09923945
-79.560000,0.09908259
-79.551000,0.09892534
-79.542000,0.09876771
-79.533000,0.09860969
-79.524000,0.09845128
-79.515000,0.09829250
-79.506000,0.09813333
-79.497000,0.09797378
-79.488000,0.09781385
-79.479000,0.09765354
-79.470000,0.09749284
-79.461000,0.09733177
-79.452000,0.09717032
-79.443000,0.09700849
-79.434000,0.09684628
-79.425000,0.09668369
-79.416000,0.09652073
-79.407000,0.09635739
-79.398000,0.09619367
-79.389000,0.09602958
-79.380000,0.09586512
-79.371000,0.09570028
-79.362000,0.09553506
-79.353000,0.09536948
-79.344000,0.09520352
-79.335000,0.09503719
-79.326000,0.09487049
-79.317000,0.09470341
-79.308000,0.09453597
-79.299000,0.09436816
-79.290000,0.09419998
-79.281000,0.09403143
-79.272000,0.09386251
-79.263000,0.09369323
-79.254000,0.09352358
-79.245000,0.09335356
-79.236000,0.09318318
-79.227000,0.09301243
-79.218000,0.09284132
-79.209000,0.09266984
-79.200000,0.09249800
-79.191000,0.09232580
-79.182000,0.09215324
-79.173000,0.09198032
-79.164000,0.09180703
-79.155000,0.09163339
-79.146000,0.09145939
-79.137000,0.09128502
-79.128000,0.09111030
-79.119000,0.09093522
-79.110000,0.09075979
-79.101000,0.09058400
-79.092000,0.09040785
-79.083000,0.09023135
-79.074000,0.09005449
-79.065000,0.08987728
-79.056000,0.08969971
-79.047000,0.08952180
-79.038000,0.08934353
-79.029000,0.08916491
-79.020000,0.08898593
-79.011000,0.08880661
-79.002000,0.08862694
-78.993000,0.08844692
-78.984000,0.08826655
-78.975000,0.08808583
-78.966000,0.08790477
-78.957000,0.08772336
-78.948000,0.08754160
-78.939000,0.08735950
-78.930000,0.08717706
-78.921000,0.08699427
-78.912000,0.08681113
-78.903000,0.08662766
-78.894000,0.08644384
-78.885000,0.08625968
-78.876000,0.08607518
-78.867000,0.08589034
-78.858000,0.08570516
-78.849000,0.08551964
-78.840000,0.08533379
-78.831000,0.08514759
-78.822000,0.08496106
-78.813000,0.08477419
-78.804000,0.08458699
-78.795000,0.08439945
-78.786000,0.08421158
-78.777000,0.08402338
-78.768000,0.08383484
-78.759000,0.08364597
-78.750000,0.08345676
-78.741000,0.08326723
-78.732000,0.08307737
-78.723000,0.08288717
-78.714000,0.08269665
-78.705000,0.08250580
-78.696000,0.08231462
-78.687000,0.08212312
-78.678000,0.08193128
-78.669000,0.08173913
-78.660000,0.08154664
-78.651000,0.08135384
-78.642000,0.08116071
-78.633000,0.08096725
-78.624000,0.08077348
-78.615000,0.08057938
-78.606000,0.08038496
-78.597000,0.08019022
-78.588000,0.07999516
-78.579000,0.07979978
-78.570000,0.07960409
-78.561000,0.07940808
-78.552000,0.07921174
-78.543000,0.07901510
-78.534000,0.07881814
-78.525000,0.07862086
-78.516000,0.07842327
-78.507000,0.07822536
-78.498000,0.07802715
-78.489000,0.07782862
-78.480000,0.07762978
-78.471000,0.07743062
-78.462000,0.07723116
-78.453000,0.07703139
-78.444000,0.07683131
-78.435000,0.07663092
-78.426000,0.07643023
-78.417000,0.07622923
-78.408000,0.07602792
-78.399000,0.07582631
-78.390000,0.07562439
-78.381000,0.07542217
-78.372000,0.07521965
-78.363000,0.07501682
-78.354000,0.07481369
-78.345000,0.07461027
-78.336000,0.07440654
-78.327000,0.07420251
-78.318000,0.07399818
-78.309000,0.07379356
-78.300000,0.07358864
-78.291000,0.07338342
-78.282000,0.07317790
-78.273000,0.07297209
-78.264000,0.07276599
-78.255000,0.07255959
-78.246000,0.07235290
-78.237000,0.07214591
-78.228000,0.07193864
-78.219000,0.07173107
-78.210000,0.07152321
-78.201000,0.07131507
-78.192000,0.07110663
-78.183000,0.07089791
-78.174000,0.07068890
-78.165000,0.07047960
-78.156000,0.07027002
-78.147000,0.07006016
-78.138000,0.06985000
-78.129000,0.06963957
-78.120000,0.06942885
-78.111000,0.06921785
-78.102000,0.06900657
-78.093000,0.06879500
-78.084000,0.06858316
-78.075000,0.06837104
-78.066000,0.06815864
-78.057000,0.06794596
-78.048000,0.06773301
-78.039000,0.06751978
-78.030000,0.06730627
-78.021000,0.06709249
-78.012000,0.06687843
-78.003000,0.06666410
-77.994000,0.06644950
-77.985000,0.06623463
-77.976000,0.06601948
-77.967000,0.06580407
-77.958000,0.06558838
-77.949000,0.06537243
-77.940000,0.06515621
-77.931000,0.06493972
-77.922000,0.06472297
-77.913000,0.06450595
-77.904000,0.06428866
-77.895000,0.06407111
-77.886000,0.06385330
-77.877000,0.06363522
-77.868000,0.06341688
-77.859000,0.06319828
-77.850000,0.06297942
-77.841000,0.06276030
-77.832000,0.06254093
-77.823000,0.06232129
-77.814000,0.06210140
-77.805000,0.06188125
-77.796000,0.06166084
-77.787000,0.06144018
-77.778000,0.06121926
-77.769000,0.06099809
-77.760000,0.06077667
-77.751000,0.06055499
-77.742000,0.06033307
-77.733000,0.06011089
-77.724000,0.05988847
-77.715000,0.05966579
-77.706000,0.05944287
-77.697000,0.05921970
-77.688000,0.05899628
-77.679000,0.05877262
-77.670000,0.05854871
-77.661000,0.05832456
-77.652000,0.05810016
-77.643000,0.05787552
-77.634000,0.05765064
-77.625000,0.05742552
-77.616000,0.05720016
-77.607000,0.05697456
-77.598000,0.05674872
-77.589000,0.05652264
-77.580000,0.05629632
-77.571000,0.05606977
-77.562000,0.05584298
-77.553000,0.05561596
-77.544000,0.05538870
-77.535000,0.05516121
-77.526000,0.05493349
-77.517000,0.05470554
-77.508000,0.05447735
-77.499000,0.05424894
-77.490000,0.05402029
-77.481000,0.05379142
-77.472000,0.05356232
-77.463000,0.05333299
-77.454000,0.05310344
-77.445000,0.05287366
-77.436000,0.05264366
-77.427000,0.05241343
-77.418000,0.05218298
-77.409000,0.05195231
-77.400000,0.05172141
-77.391000,0.05149030
-77.382000,0.05125896
-77.373000,0.05102741
-77.364000,0.05079564
-77.355000,0.05056365
-77.346000,0.05033145
-77.337000,0.05009903
-77.328000,0.04986639
-77.319000,0.04963354
-77.310000,0.04940048
-77.301000,0.04916721
-77.292000,0.04893372
-77.283000,0.04870002
-77.274000,0.04846612
-77.265000,0.04823200
-77.256000,0.04799767
-77.247000,0.04776314
-77.238000,0.04752840
-77.229000,0.04729346
-77.220000,0.04705831
-77.211000,0.04682295
-77.202000,0.04658740
-77.193000,0.04635163
-77.184000,0.04611567
-77.175000,0.04587951
-77.166000,0.04564315
-77.157000,0.04540658
-77.148000,0.04516982
-77.139000,0.04493286
-77.130000,0.04469571
-77.121000,0.04445835
-77.112000,0.04422081
-77.103000,0.04398307
-77.094000,0.04374513
-77.085000,0.04350700
-77.076000,0.04326868
-77.067000,0.04303017
-77.058000,0.04279147
-77.049000,0.04255258
-77.040000,0.04231350
-77.031000,0.04207423
-77.022000,0.04183478
-77.013000,0.04159514
-77.004000,0.04135531
-76.995000,0.04111530
-76.986000,0.04087511
-76.977000,0.04063473
-76.968000,0.04039418
-76.959000,0.04015344
-76.950000,0.03991252
-76.941000,0.03967142
-76.932000,0.03943014
-76.923000,0.03918869
-76.914000,0.03894705
-76.905000,0.03870525
-76.896000,0.03846326
-76.887000,0.03822110
-76.878000,0.03797877
-76.869000,0.03773627
-76.860000,0.03749359
-76.851000,0.03725075
-76.842000,0.03700773
-76.833000,0.03676454
-76.824000,0.03652119
-76.815000,0.03627767
-76.806000,0.03603398
-76.797000,0.03579012
-76.788000,0.03554610
-76.779000,0.03530192
-76.770000,0.03505757
-76.761000,0.03481306
-76.752000,0.03456839
-76.743000,0.03432356
-76.734000,0.03407856
-76.725000,0.03383341
-76.716000,0.03358810
-76.707000,0.03334263
-76.698000,0.03309701
-76.689000,0.03285123
-76.680000,0.03260530
-76.671000,0.03235921
-76.662000,0.03211297
-76.653000,0.03186657
-76.644000,0.03162003
-76.635000,0.03137333
-76.626000,0.03112649
-76.617000,0.03087949
-76.608000,0.03063235
-76.599000,0.03038506
-76.590000,0.03013762
-76.581000,0.02989004
-76.572000,0.02964232
-76.563000,0.02939445
-76.554000,0.02914643
-76.545000,0.02889828
-76.536000,0.02864998
-76.527000,0.02840155
-76.518000,0.02815297
-76.509000,0.02790426
-76.500000,0.02765541
-76.491000,0.02740642
-76.482000,0.02715730
-76.473000,0.02690804
-76.464000,0.02665865
-76.455000,0.02640912
-76.446000,0.02615946
-76.437000,0.02590967
-76.428000,0.02565975
-76.419000,0.02540970
-76.410000,0.02515952
-76.401000,0.02490921
-76.392000,0.02465877
-76.383000,0.02440821
-76.374000,0.02415753
-76.365000,0.02390671
-76.356000,0.02365578
-76.347000,0.02340472
-76.338000,0.02315354
-76.329000,0.02290224
-76.320000,0.02265082
-76.311000,0.02239928
-76.302000,0.02214762
-76.293000,0.02189584
-76.284000,0.02164394
-76.275000,0.02139193
-76.266000,0.02113981
-76.257000,0.02088757
-76.248000,0.02063522
-76.239000,0.02038275
-76.230000,0.02013018
-76.221000,0.01987749
-76.212000,0.01962469
-76.203000,0.01937179
-76.194000,0.01911878
-76.185000,0.01886566
-76.176000,0.01861243
-76.167000,0.01835910
-76.158000,0.01810566
-76.149000,0.01785212
-76.140000,0.01759848
-76.131000,0.01734473
-76.122000,0.01709089
-76.113000,0.01683694
-76.104000,0.01658290
-76.095000,0.01632876
-76.086000,0.01607451
-76.077000,0.01582018
-76.068000,0.01556575
-76.059000,0.01531122
-76.050000,0.01505660
-76.041000,0.01480188
-76.032000,0.01454708
-76.023000,0.01429218
-76.014000,0.01403719
-76.005000,0.01378211
-75.996000,0.01352695
-75.987000,0.01327169
-75.978000,0.01301635
-75.969000,0.01276093
-75.960000,0.01250542
-75.951000,0.01224982
-75.942000,0.01199414
-75.933000,0.01173838
-75.924000,0.01148254
-75.915000,0.01122662
-75.906000,0.01097062
-75.897000,0.01071453
-75.888000,0.01045837
-75.879000,0.01020214
-75.870000,0.00994583
-75.861000,0.00968944
-75.852000,0.00943298
-75.843000,0.00917644
-75.834000,0.00891983
-75.825000,0.00866315
-75.816000,0.00840640
-75.807000,0.00814958
-75.798000,0.00789269
-75.789000,0.00763574
-75.780000,0.00737871
-75.771000,0.00712162
-75.762000,0.00686446
-75.753000,0.00660724
-75.744000,0.00634996
-75.735000,0.00609261
-75.726000,0.00583520
-75.717000,0.00557773
-75.708000,0.00532020
-75.699000,0.00506261
-75.690000,0.00480497
-75.681000,0.00454726
-75.672000,0.00428950
-75.663000,0.00403168
-75.654000,0.00377381
-75.645000,0.00351589
-75.636000,0.00325791
-75.627000,0.00299988
-75.618000,0.00274180
-75.609000,0.00248366
-75.600000,0.00222548
-75.591000,0.00196725
-75.582000,0.00170898
-75.573000,0.00145065
-75.564000,0.00119229
-75.555000,0.00093387
-75.546000,0.00067541
-75.537000,0.00041691
-75.528000,0.00015837
-75.519000,0.00010022
-75.510000,0.00035884
-75.501000,0.00061750
-75.492000,0.00087621
-75.483000,0.00113495
-75.474000,0.00139372
-75.465000,0.00165254
-75.456000,0.00191139
-75.447000,0.00217027
-75.438000,0.00242918
-75.429000,0.00268813
-75.420000,0.00294711
-75.411000,0.00320612
-75.402000,0.00346516
-75.393000,0.00372422
-75.384000,0.00398332
-75.375000,0.00424244
-75.366000,0.00450159
-75.357000,0.00476076
-75.348000,0.00501996
-75.339000,0.00527918
-75.330000,0.00553842
-75.321000,0.00579769
-75.312000,0.00605697
-75.303000,0.00631628
-75.294000,0.00657560
-75.285000,0.00683494
-75.276000,0.00709430
-75.267000,0.00735367
-75.258000,0.00761306
-75.249000,0.00787247
-75.240000,0.00813188
-75.231000,0.00839131
-75.222000,0.00865075
-75.213000,0.00891021
-75.204000,0.00916967
-75.195000,0.00942914
-75.186000,0.00968862
-75.177000,0.00994810
-75.168000,0.01020759
-75.159000,0.01046709
-75.150000,0.01072659
-75.141000,0.01098610
-75.132000,0.01124560
-75.123000,0.01150511
-75.114000,0.01176462
-75.105000,0.01202413
-75.096000,0.01228364
-75.087000,0.01254315
-75.078000,0.01280265
-75.069000,0.01306215
-75.060000,0.01332165
-75.051000,0.01358114
-75.042000,0.01384062
-75.033000,0.01410010
-75.024000,0.01435956
-75.015000,0.01461902
-75.006000,0.01487847
-74.997000,0.01513791
-74.988000,0.01539733
-74.979000,0.01565675
-74.970000,0.01591615
-74.961000,0.01617553
-74.952000,0.01643490
-74.943000,0.01669425
-74.934000,0.01695359
-74.925000,0.01721291
-74.916000,0.01747221
-74.907000,0.01773148
-74.898000,0.01799074
-74.889000,0.01824998
-74.880000,0.01850919
-74.871000,0.01876838
-74.862000,0.01902755
-74.853000,0.01928669
-74.844000,0.01954580
-74.835000,0.01980489
-74.826000,0.02006395
-74.817000,0.02032298
-74.808000,0.02058198
-74.799000,0.02084095
-74.790000,0.02109989
-74.781000,0.02135879
-74.772000,0.02161766
-74.763000,0.02187650
-74.754000,0.02213530
-74.745000,0.02239407
-74.736000,0.02265280
-74.727000,0.02291149
-74.718000,0.02317014
-74.709000,0.02342876
-74.700000,0.02368733
-74.691000,0.02394586
-74.682000,0.02420435
-74.673000,0.02446279
-74.664000,0.02472119
-74.655000,0.02497955
-74.646000,0.02523786
-74.637000,0.02549612
-74.628000,0.02575434
-74.619000,0.02601250
-74.610000,0.02627062
-74.601000,0.02652869
-74.592000,0.02678670
-74.583000,0.02704466
-74.574000,0.02730257
-74.565000,0.02756043
-74.556000,0.02781823
-74.547000,0.02807598
-74.538000,0.02833367
-74.529000,0.02859130
-74.520000,0.02884887
-74.511000,0.02910638
-74.502000,0.02936383
-74.493000,0.02962123
-74.484000,0.02987856
-74.475000,0.03013582
-74.466000,0.03039302
-74.457000,0.03065016
-74.448000,0.03090723
-74.439000,0.03116424
-74.430000,0.03142118
-74.421000,0.03167805
-74.412000,0.03193485
-74.403000,0.03219158
-74.394000,0.03244824
-74.385000,0.03270483
-74.376000,0.03296134
-74.367000,0.03321778
-74.358000,0.03347415
-74.349000,0.03373044
-74.340000,0.03398666
-74.331000,0.03424280
-74.322000,0.03449886
-74.313000,0.03475484
-74.304000,0.03501074
-74.295000,0.03526656
-74.286000,0.03552230
-74.277000,0.03577795
-74.268000,0.03603353
-74.259000,0.03628902
-74.250000,0.03654442
-74.241000,0.03679974
-74.232000,0.03705497
-74.223000,0.03731011
-74.214000,0.03756516
-74.205000,0.03782013
-74.196000,0.03807500
-74.187000,0.03832978
-74.178000,0.03858447
-74.169000,0.03883907
-74.160000,0.03909358
-74.151000,0.03934798
-74.142000,0.03960230
-74.133000,0.03985651
-74.124000,0.04011063
-74.115000,0.04036465
-74.106000,0.04061857
-74.097000,0.04087239
-74.088000,0.04112611
-74.079000,0.04137973
-74.070000,0.04163324
-74.061000,0.04188665
-74.052000,0.04213996
-74.043000,0.04239316
-74.034000,0.04264625
-74.025000,0.04289924
-74.016000,0.04315212
-74.007000,0.04340489
-73.998000,0.04365755
-73.989000,0.04391010
-73.980000,0.04416254
-73.971000,0.04441486
-73.962000,0.04466708
-73.953000,0.04491918
-73.944000,0.04517116
-73.935000,0.04542303
-73.926000,0.04567478
-73.917000,0.04592641
-73.908000,0.04617792
-73.899000,0.04642932
-73.890000,0.04668059
-73.881000,0.04693174
-73.872000,0.04718277
-73.863000,0.04743368
-73.854000,0.04768447
-73.845000,0.04793513
-73.836000,0.04818566
-73.827000,0.04843607
-73.818000,0.04868635
-73.809000,0.04893650
-73.800000,0.04918652
-73.791000,0.04943642
-73.782000,0.04968618
-73.773000,0.04993581
-73.764000,0.05018531
-73.755000,0.05043468
-73.746000,0.05068391
-73.737000,0.05093300
-73.728000,0.05118196
-73.719000,0.05143079
-73.710000,0.05167947
-73.701000,0.05192802
-73.692000,0.05217643
-73.683000,0.05242469
-73.674000,0.05267282
-73.665000,0.05292081
-73.656000,0.05316865
-73.647000,0.05341635
-73.638000,0.05366390
-73.629000,0.05391131
-73.620000,0.05415857
-73.611000,0.05440568
-73.602000,0.05465265
-73.593000,0.05489947
-73.584000,0.05514614
-73.575000,0.05539266
-73.566000,0.05563902
-73.557000,0.05588524
-73.548000,0.05613130
-73.539000,0.05637721
-73.530000,0.05662296
-73.521000,0.05686855
-73.512000,0.05711400
-73.503000,0.05735928
-73.494000,0.05760440
-73.485000,0.05784937
-73.476000,0.05809418
-73.467000,0.05833882
-73.458000,0.05858330
-73.449000,0.05882763
-73.440000,0.05907178
-73.431000,0.05931578
-73.422000,0.05955961
-73.413000,0.05980327
-73.404000,0.06004677
-73.395000,0.06029009
-73.386000,0.06053325
-73.377000,0.06077625
-73.368000,0.06101907
-73.359000,0.06126172
-73.350000,0.06150420
-73.341000,0.06174650
-73.332000,0.06198864
-73.323000,0.06223059
-73.314000,0.06247238
-73.305000,0.06271399
-73.296000,0.06295542
-73.287000,0.06319667
-73.278000,0.06343774
-73.269000,0.06367864
-73.260000,0.06391936
-73.251000,0.06415989
-73.242000,0.06440024
-73.233000,0.06464041
-73.224000,0.06488040
-73.215000,0.06512020
-73.206000,0.06535982
-73.197000,0.06559925
-73.188000,0.06583850
-73.179000,0.06607755
-73.170000,0.06631642
-73.161000,0.06655510
-73.152000,0.06679359
-73.143000,0.06703189
-73.134000,0.06727000
-73.125000,0.06750791
-73.116000,0.06774563
-73.107000,0.06798316
-73.098000,0.06822049
-73.089000,0.06845763
-73.080000,0.06869457
-73.071000,0.06893131
-73.062000,0.06916785
-73.053000,0.06940420
-73.044000,0.06964034
-73.035000,0.06987629
-73.026000,0.07011203
-73.017000,0.07034757
-73.008000,0.07058291
-72.999000,0.07081804
-72.990000,0.07105297
-72.981000,0.07128769
-72.972000,0.07152221
-72.963000,0.07175651
-72.954000,0.07199061
-72.945000,0.07222451
-72.936000,0.07245819
-72.927000,0.07269166
-72.918000,0.07292492
-72.909000,0.07315797
-72.900000,0.07339080
-72.891000,0.07362342
-72.882000,0.07385583
-72.873000,0.07408802
-72.864000,0.07432000
-72.855000,0.07455175
-72.846000,0.07478329
-72.837000,0.07501462
-72.828000,0.07524572
-72.819000,0.07547660
-72.810000,0.07570726
-72.801000,0.07593770
-72.792000,0.07616792
-72.783000,0.07639791
-72.774000,0.07662768
-72.765000,0.07685722
-72.756000,0.07708654
-72.747000,0.07731563
-72.738000,0.07754450
-72.729000,0.07777313
-72.720000,0.07800154
-72.711000,0.07822972
-72.702000,0.07845767
-72.693000,0.07868538
-72.684000,0.07891287
-72.675000,0.07914012
-72.666000,0.07936713
-72.657000,0.07959392
-72.648000,0.07982046
-72.639000,0.08004677
-72.630000,0.08027285
-72.621000,0.08049869
-72.612000,0.08072428
-72.603000,0.08094964
-72.594000,0.08117476
-72.585000,0.08139964
-72.576000,0.08162428
-72.567000,0.08184867
-72.558000,0.08207282
-72.549000,0.08229673
-72.540000,0.08252039
-72.531000,0.08274381
-72.522000,0.08296698
-72.513000,0.08318991
-72.504000,0.08341258
-72.495000,0.08363501
-72.486000,0.08385719
-72.477000,0.08407912
-72.468000,0.08430080
-72.459000,0.08452222
-72.450000,0.08474340
-72.441000,0.08496432
-72.432000,0.08518498
-72.423000,0.08540539
-72.414000,0.08562555
-72.405000,0.08584545
-72.396000,0.08606509
-72.387000,0.08628448
-72.378000,0.08650361
-72.369000,0.08672247
-72.360000,0.08694108
-72.351000,0.08715943
-72.342000,0.08737752
-72.333000,0.08759534
-72.324000,0.08781290
-72.315000,0.08803019
-72.306000,0.08824723
-72.297000,0.08846399
-72.288000,0.08868049
-72.279000,0.08889673
-72.270000,0.08911269
-72.261000,0.08932839
-72.252000,0.08954382
-72.243000,0.08975898
-72.234000,0.08997387
-72.225000,0.09018848
-72.216000,0.09040283
-72.207000,0.09061690
-72.198000,0.09083070
-72.189000,0.09104422
-72.180000,0.09125747
-72.171000,0.09147044
-72.162000,0.09168314
-72.153000,0.09189556
-72.144000,0.09210770
-72.135000,0.09231956
-72.126000,0.09253115
-72.117000,0.09274245
-72.108000,0.09295347
-72.099000,0.09316421
-72.090000,0.09337467
-72.081000,0.09358485
-72.072000,0.09379474
-72.063000,0.09400434
-72.054000,0.09421367
-72.045000,0.09442270
-72.036000,0.09463145
-72.027000,0.09483991
-72.018000,0.09504808
-72.009000,0.09525596
-72.000000,0.09546356
-71.991000,0.09567086
-71.982000,0.09587787
-71.973000,0.09608459
-71.964000,0.09629102
-71.955000,0.09649716
-71.946000,0.09670300
-71.937000,0.09690854
-71.928000,0.09711379
-71.919000,0.09731875
-71.910000,0.09752340
-71.901000,0.09772776
-71.892000,0.09793183
-71.883000,0.09813559
-71.874000,0.09833905
-71.865000,0.09854221
-71.856000,0.09874507
-71.847000,0.09894763
-71.838000,0.09914989
-71.829000,0.09935184
-71.820000,0.09955349
-71.811000,0.09975484
-71.802000,0.09995588
-71.793000,0.10015661
-71.784000,0.10035704
-71.775000,0.10055716
-71.766000,0.10075697
-71.757000,0.10095647
-71.748000,0.10115566
-71.739000,0.10135454
-71.730000,0.10155312
-71.721000,0.10175138
-71.712000,0.10194932
-71.703000,0.10214696
-71.694000,0.10234428
-71.685000,0.10254129
-71.676000,0.10273798
-71.667000,0.10293435
-71.658000,0.10313041
-71.649000,0.10332615
-71.640000,0.10352158
-71.631000,0.10371668
-71.622000,0.10391147
-71.613000,0.10410594
-71.604000,0.10430008
-71.595000,0.10449391
-71.586000,0.10468741
-71.577000,0.10488059
-71.568000,0.10507345
-71.559000,0.10526598
-71.550000,0.10545819
-71.541000,0.10565007
-71.532000,0.10584163
-71.523000,0.10603286
-71.514000,0.10622377
-71.505000,0.10641434
-71.496000,0.10660459
-71.487000,0.10679451
-71.478000,0.10698409
-71.469000,0.10717335
-71.460000,0.10736228
-71.451000,0.10755087
-71.442000,0.10773913
-71.433000,0.10792706
-71.424000,0.10811466
-71.415000,0.10830192
-71.406000,0.10848884
-71.397000,0.10867543
-71.388000,0.10886168
-71.379000,0.10904760
-71.370000,0.10923317
-71.361000,0.10941841
-71.352000,0.10960331
-71.343000,0.10978787
-71.334000,0.10997209
-71.325000,0.11015597
-71.316000,0.11033951
-71.307000,0.11052270
-71.298000,0.11070556
-71.289000,0.11088806
-71.280000,0.11107023
-71.271000,0.11125205
-71.262000,0.11143352
-71.253000,0.11161465
-71.244000,0.11179543
-71.235000,0.11197586
-71.226000,0.11215595
-71.217000,0.11233568
-71.208000,0.11251507
-71.199000,0.11269411
-71.190000,0.11287279
-71.181000,0.11305113
-71.172000,0.11322911
-71.163000,0.11340674
-71.154000,0.11358402
-71.145000,0.11376094
-71.136000,0.11393751
-71.127000,0.11411373
-71.118000,0.11428959
-71.109000,0.11446509
-71.100000,0.11464024
-71.091000,0.11481503
-71.082000,0.11498946
-71.073000,0.11516353
-71.064000,0.11533724
-71.055000,0.11551059
-71.046000,0.11568359
-71.037000,0.11585622
-71.028000,0.11602849
-71.019000,0.11620040
-71.010000,0.11637194
-71.001000,0.11654312
-70.992000,0.11671394
-70.983000,0.11688439
-70.974000,0.11705448
-70.965000,0.11722420
-70.956000,0.11739355
-70.947000,0.11756254
-70.938000,0.11773116
-70.929000,0.11789941
-70.920000,0.11806730
-70.911000,0.11823481
-70.902000,0.11840195
-70.893000,0.11856873
-70.884000,0.11873513
-70.875000,0.11890116
-70.866000,0.11906681
-70.857000,0.11923210
-70.848000,0.11939701
-70.839000,0.11956155
-70.830000,0.11972571
-70.821000,0.11988949
-70.812000,0.12005290
-70.803000,0.12021594
-70.794000,0.12037860
-70.785000,0.12054088
-70.776000,0.12070278
-70.767000,0.12086430
-70.758000,0.12102544
-70.749000,0.12118621
-70.740000,0.12134659
-70.731000,0.12150659
-70.722000,0.12166621
-70.713000,0.12182545
-70.704000,0.12198430
-70.695000,0.12214278
-70.686000,0.12230086
-70.677000,0.12245857
-70.668000,0.12261589
-70.659000,0.12277282
-70.650000,0.12292937
-70.641000,0.12308553
-70.632000,0.12324130
-70.623000,0.12339669
-70.614000,0.12355168
-70.605000,0.12370629
-70.596000,0.12386051
-70.587000,0.12401434
-70.578000,0.12416778
-70.569000,0.12432083
-70.560000,0.12447348
-70.551000,0.12462575
-70.542000,0.12477762
-70.533000,0.12492910
-70.524000,0.12508018
-70.515000,0.12523087
-70.506000,0.12538117
-70.497000,0.12553107
-70.488000,0.12568057
-70.479000,0.12582968
-70.470000,0.12597839
-70.461000,0.12612671
-70.452000,0.12627462
-70.443000,0.12642214
-70.434000,0.12656926
-70.425000,0.12671598
-70.416000,0.12686229
-70.407000,0.12700821
-70.398000,0.12715373
-70.389000,0.12729884
-70.380000,0.12744356
-70.371000,0.12758787
-70.362000,0.12773177
-70.353000,0.12787528
-70.344000,0.12801838
-70.335000,0.12816107
-70.326000,0.12830336
-70.317000,0.12844525
-70.308000,0.12858672
-70.299000,0.12872779
-70.290000,0.12886846
-70.281000,0.12900871
-70.272000,0.12914856
-70.263000,0.12928800
-70.254000,0.12942703
-70.245000,0.12956565
-70.236000,0.12970386
-70.227000,0.12984166
-70.218000,0.12997904
-70.209000,0.13011602
-70.200000,0.13025258
-70.191000,0.13038873
-70.182000,0.13052447
-70.173000,0.13065980
-70.164000,0.13079471
-70.155000,0.13092920
-70.146000,0.13106328
-70.137000,0.13119695
-70.128000,0.13133019
-70.119000,0.13146303
-70.110000,0.13159544
-70.101000,0.13172744
-70.092000,0.13185902
-70.083000,0.13199018
-70.074000,0.13212092
-70.065000,0.13225124
-70.056000,0.13238115
-70.047000,0.13251063
-70.038000,0.13263969
-70.029000,0.13276833
-70.020000,0.13289655
-70.011000,0.13302435
-70.002000,0.13315172
-69.993000,0.13327867
-69.984000,0.13340520
-69.975000,0.13353130
-69.966000,0.13365698
-69.957000,0.13378223
-69.948000,0.13390706
-69.939000,0.13403146
-69.930000,0.13415544
-69.921000,0.13427899
-69.912000,0.13440211
-69.903000,0.13452480
-69.894000,0.13464707
-69.885000,0.13476891
-69.876000,0.13489032
-69.867000,0.13501130
-69.858000,0.13513185
-69.849000,0.13525196
-69.840000,0.13537165
-69.831000,0.13549091
-69.822000,0.13560974
-69.813000,0.13572813
-69.804000,0.13584609
-69.795000,0.13596362
-69.786000,0.13608072
-69.777000,0.13619738
-69.768000,0.13631360
-69.759000,0.13642940
-69.750000,0.13654475
-69.741000,0.13665968
-69.732000,0.13677416
-69.723000,0.13688821
-69.714000,0.13700183
-69.705000,0.13711500
-69.696000,0.13722774
-69.687000,0.13734004
-69.678000,0.13745191
-69.669000,0.13756333
-69.660000,0.13767431
-69.651000,0.13778486
-69.642000,0.13789496
-69.633000,0.13800463
-69.624000,0.13811385
-69.615000,0.13822264
-69.606000,0.13833098
-69.597000,0.13843888
-69.588000,0.13854633
-69.579000,0.13865335
-69.570000,0.13875992
-69.561000,0.13886605
-69.552000,0.13897173
-69.543000,0.13907697
-69.534000,0.13918176
-69.525000,0.13928611
-69.516000,0.13939002
-69.507000,0.13949348
-69.498000,0.13959649
-69.489000,0.13969905
-69.480000,0.13980117
-69.471000,0.13990284
-69.462000,0.14000406
-69.453000,0.14010484
-69.444000,0.14020517
-69.435000,0.14030504
-69.426000,0.14040447
-69.417000,0.14050345
-69.408000,0.14060198
-69.399000,0.14070006
-69.390000,0.14079768
-69.381000,0.14089486
-69.372000,0.14099158
-69.363000,0.14108786
-69.354000,0.14118368
-69.345000,0.14127905
-69.336000,0.14137396
-69.327000,0.14146842
-69.318000,0.14156243
-69.309000,0.14165599
-69.300000,0.14174909
-69.291000,0.14184173
-69.282000,0.14193392
-69.273000,0.14202566
-69.264000,0.14211694
-69.255000,0.14220776
-69.246000,0.14229813
-69.237000,0.14238804
-69.228000,0.14247749
-69.219000,0.14256649
-69.210000,0.14265503
-69.201000,0.14274311
-69.192000,0.14283073
-69.183000,0.14291789
-69.174000,0.14300459
-69.165000,0.14309084
-69.156000,0.14317662
-69.147000,0.14326195
-69.138000,0.14334681
-69.129000,0.14343122
-69.120000,0.14351516
-69.111000,0.14359864
-69.102000,0.14368166
-69.093000,0.14376422
-69.084000,0.14384631
-69.075000,0.14392794
-69.066000,0.14400911
-69.057000,0.14408982
-69.048000,0.14417006
-69.039000,0.14424984
-69.030000,0.14432916
-69.021000,0.14440801
-69.012000,0.14448639
-69.003000,0.14456431
-68.994000,0.14464177
-68.985000,0.14471876
-68.976000,0.14479528
-68.967000,0.14487134
-68.958000,0.14494693
-68.949000,0.14502205
-68.940000,0.14509671
-68.931000,0.14517090
-68.922000,0.14524462
-68.913000,0.14531787
-68.904000,0.14539065
-68.895000,0.14546297
-68.886000,0.14553482
-68.877000,0.14560620
-68.868000,0.14567711
-68.859000,0.14574754
-68.850000,0.14581751
-68.841000,0.14588701
-68.832000,0.14595604
-68.823000,0.14602460
-68.814000,0.14609268
-68.805000,0.14616030
-68.796000,0.14622744
-68.787000,0.14629411
-68.778000,0.14636031
-68.769000,0.14642604
-68.760000,0.14649129
-68.751000,0.14655607
-68.742000,0.14662038
-68.733000,0.14668422
-68.724000,0.14674758
-68.715000,0.14681046
-68.706000,0.14687288
-68.697000,0.14693481
-68.688000,0.14699628
-68.679000,0.14705727
-68.670000,0.14711778
-68.661000,0.14717782
-68.652000,0.14723738
-68.643000,0.14729646
-68.634000,0.14735507
-68.625000,0.14741321
-68.616000,0.14747086
-68.607000,0.14752804
-68.598000,0.14758474
-68.589000,0.14764097
-68.580000,0.14769671
-68.571000,0.14775198
-68.562000,0.14780677
-68.553000,0.14786109
-68.544000,0.14791492
-68.535000,0.14796828
-68.526000,0.14802115
-68.517000,0.14807355
-68.508000,0.14812547
-68.499000,0.14817691
-68.490000,0.14822786
-68.481000,0.14827834
-68.472000,0.14832834
-68.463000,0.14837786
-68.454000,0.14842689
-68.445000,0.14847545
-68.436000,0.14852352
-68.427000,0.14857112
-68.418000,0.14861823
-68.409000,0.14866486
-68.400000,0.14871100
-68.391000,0.14875667
-68.382000,0.14880185
-68.373000,0.14884655
-68.364000,0.14889077
-68.355000,0.14893451
-68.346000,0.14897776
-68.337000,0.14902052
-68.328000,0.14906281
-68.319000,0.14910461
-68.310000,0.14914593
-68.301000,0.14918676
-68.292000,0.14922711
-68.283000,0.14926697
-68.274000,0.14930635
-68.265000,0.14934525
-68.256000,0.14938365
-68.247000,0.14942158
-68.238000,0.14945902
-68.229000,0.14949597
-68.220000,0.14953244
-68.211000,0.14956842
-68.202000,0.14960391
-68.193000,0.14963892
-68.184000,0.14967345
-68.175000,0.14970748
-68.166000,0.14974103
-68.157000,0.14977410
-68.148000,0.14980667
-68.139000,0.14983876
-68.130000,0.14987036
-68.121000,0.14990147
-68.112000,0.14993210
-68.103000,0.14996224
-68.094000,0.14999189
-68.085000,0.15002105
-68.076000,0.15004972
-68.067000,0.15007791
-68.058000,0.15010560
-68.049000,0.15013281
-68.040000,0.15015953
-68.031000,0.15018576
-68.022000,0.15021150
-68.013000,0.15023675
-68.004000,0.15026152
-67.995000,0.15028579
-67.986000,0.15030957
-67.977000,0.15033286
-67.968000,0.15035567
-67.959000,0.15037798
-67.950000,0.15039980
-67.941000,0.15042114
-67.932000,0.15044198
-67.923000,0.15046233
-67.914000,0.15048219
-67.905000,0.15050156
-67.896000,0.15052044
-67.887000,0.15053883
-67.878000,0.15055673
-67.869000,0.15057413
-67.860000,0.15059105
-67.851000,0.15060747
-67.842000,0.15062340
-67.833000,0.15063884
-67.824000,0.15065379
-67.815000,0.15066824
-67.806000,0.15068221
-67.797000,0.15069568
-67.788000,0.15070866
-67.779000,0.15072114
-67.770000,0.15073314
-67.761000,0.15074464
-67.752000,0.15075565
-67.743000,0.15076617
-67.734000,0.15077619
-67.725000,0.15078572
-67.716000,0.15079476
-67.707000,0.15080330
-67.698000,0.15081136
-67.689000,0.15081892
-67.680000,0.15082598
-67.671000,0.15083255
-67.662000,0.15083863
-67.653000,0.15084422
-67.644000,0.15084931
-67.635000,0.15085391
-67.626000,0.15085801
-67.617000,0.15086162
-67.608000,0.15086474
-67.599000,0.15086736
-67.590000,0.15086949
-67.581000,0.15087112
-67.572000,0.15087226
-67.563000,0.15087291
-67.554000,0.15087306
-67.545000,0.15087272
-67.536000,0.15087188
-67.527000,0.15087055
-67.518000,0.15086872
-67.509000,0.15086640
-67.500000,0.15086358
-67.491000,0.15086027
-67.482000,0.15085647
-67.473000,0.15085217
-67.464000,0.15084738
-67.455000,0.15084209
-67.446000,0.15083630
-67.437000,0.15083003
-67.428000,0.15082325
-67.419000,0.15081598
-67.410000,0.15080822
-67.401000,0.15079996
-67.392000,0.15079121
-67.383000,0.15078196
-67.374000,0.15077221
-67.365000,0.15076197
-67.356000,0.15075124
-67.347000,0.15074001
-67.338000,0.15072828
-67.329000,0.15071606
-67.320000,0.15070335
-67.311000,0.15069014
-67.302000,0.15067643
-67.293000,0.15066223
-67.284000,0.15064753
-67.275000,0.15063234
-67.266000,0.15061665
-67.257000,0.15060047
-67.248000,0.15058379
-67.239000,0.15056662
-67.230000,0.15054895
-67.221000,0.15053078
-67.212000,0.15051212
-67.203000,0.15049296
-67.194000,0.15047331
-67.185000,0.15045317
-67.176000,0.15043253
-67.167000,0.15041139
-67.158000,0.15038975
-67.149000,0.15036763
-67.140000,0.15034500
-67.131000,0.15032188
-67.122000,0.15029827
-67.113000,0.15027416
-67.104000,0.15024955
-67.095000,0.15022445
-67.086000,0.15019886
-67.077000,0.15017277
-67.068000,0.15014618
-67.059000,0.15011910
-67.050000,0.15009152
-67.041000,0.15006345
-67.032000,0.15003488
-67.023000,0.15000582
-67.014000,0.14997627
-67.005000,0.14994621
-66.996000,0.14991567
-66.987000,0.14988462
-66.978000,0.14985309
-66.969000,0.14982105
-66.960000,0.14978853
-66.951000,0.14975551
-66.942000,0.14972199
-66.933000,0.14968798
-66.924000,0.14965347
-66.915000,0.14961847
-66.906000,0.14958298
-66.897000,0.14954699
-66.888000,0.14951050
-66.879000,0.14947352
-66.870000,0.14943605
-66.861000,0.14939808
-66.852000,0.14935962
-66.843000,0.14932066
-66.834000,0.14928121
-66.825000,0.14924127
-66.816000,0.14920083
-66.807000,0.14915990
-66.798000,0.14911847
-66.789000,0.14907655
-66.780000,0.14903414
-66.771000,0.14899123
-66.762000,0.14894783
-66.753000,0.14890394
-66.744000,0.14885955
-66.735000,0.14881467
-66.726000,0.14876929
-66.717000,0.14872343
-66.708000,0.14867706
-66.699000,0.14863021
-66.690000,0.14858286
-66.681000,0.14853502
-66.672000,0.14848669
-66.663000,0.14843787
-66.654000,0.14838855
-66.645000,0.14833874
-66.636000,0.14828843
-66.627000,0.14823764
-66.618000,0.14818635
-66.609000,0.14813457
-66.600000,0.14808230
-66.591000,0.14802954
-66.582000,0.14797628
-66.573000,0.14792253
-66.564000,0.14786830
-66.555000,0.14781357
-66.546000,0.14775834
-66.537000,0.14770263
-66.528000,0.14764643
-66.519000,0.14758973
-66.510000,0.14753254
-66.501000,0.14747487
-66.492000,0.14741670
-66.483000,0.14735804
-66.474000,0.14729889
-66.465000,0.14723925
-66.456000,0.14717912
-66.447000,0.14711851
-66.438000,0.14705740
-66.429000,0.14699580
-66.420000,0.14693371
-66.411000,0.14687113
-66.402000,0.14680806
-66.393000,0.14674450
-66.384000,0.14668046
-66.375000,0.14661592
-66.366000,0.14655090
-66.357000,0.14648538
-66.348000,0.14641938
-66.339000,0.14635289
-66.330000,0.14628591
-66.321000,0.14621844
-66.312000,0.14615049
-66.303000,0.14608205
-66.294000,0.14601312
-66.285000,0.14594370
-66.276000,0.14587379
-66.267000,0.14580340
-66.258000,0.14573252
-66.249000,0.14566115
-66.240000,0.14558930
-66.231000,0.14551696
-66.222000,0.14544413
-66.213000,0.14537082
-66.204000,0.14529702
-66.195000,0.14522273
-66.186000,0.14514796
-66.177000,0.14507270
-66.168000,0.14499696
-66.159000,0.14492073
-66.150000,0.14484402
-66.141000,0.14476682
-66.132000,0.14468914
-66.123000,0.14461097
-66.114000,0.14453232
-66.105000,0.14445318
-66.096000,0.14437356
-66.087000,0.14429346
-66.078000,0.14421287
-66.069000,0.14413180
-66.060000,0.14405025
-66.051000,0.14396821
-66.042000,0.14388569
-66.033000,0.14380268
-66.024000,0.14371920
-66.015000,0.14363523
-66.006000,0.14355078
-65.997000,0.14346585
-65.988000,0.14338043
-65.979000,0.14329453
-65.970000,0.14320816
-65.961000,0.14312130
-65.952000,0.14303396
-65.943000,0.14294614
-65.934000,0.14285784
-65.925000,0.14276906
-65.916000,0.14267980
-65.907000,0.14259005
-65.898000,0.14249983
-65.889000,0.14240913
-65.880000,0.14231795
-65.871000,0.14222630
-65.862000,0.14213416
-65.853000,0.14204154
-65.844000,0.14194845
-65.835000,0.14185487
-65.826000,0.14176082
-65.817000,0.14166630
-65.808000,0.14157129
-65.799000,0.14147581
-65.790000,0.14137985
-65.781000,0.14128341
-65.772000,0.14118650
-65.763000,0.14108911
-65.754000,0.14099124
-65.745000,0.14089290
-65.736000,0.14079408
-65.727000,0.14069479
-65.718000,0.14059502
-65.709000,0.14049478
-65.700000,0.14039406
-65.691000,0.14029287
-65.682000,0.14019120
-65.673000,0.14008906
-65.664000,0.13998645
-65.655000,0.13988336
-65.646000,0.13977980
-65.637000,0.13967577
-65.628000,0.13957127
-65.619000,0.13946629
-65.610000,0.13936084
-65.601000,0.13925492
-65.592000,0.13914852
-65.583000,0.13904166
-65.574000,0.13893432
-65.565000,0.13882652
-65.556000,0.13871824
-65.547000,0.13860949
-65.538000,0.13850027
-65.529000,0.13839059
-65.520000,0.13828043
-65.511000,0.13816980
-65.502000,0.13805871
-65.493000,0.13794715
-65.484000,0.13783512
-65.475000,0.13772262
-65.466000,0.13760965
-65.457000,0.13749621
-65.448000,0.13738231
-65.439000,0.13726794
-65.430000,0.13715311
-65.421000,0.13703781
-65.412000,0.13692204
-65.403000,0.13680580
-65.394000,0.13668910
-65.385000,0.13657194
-65.376000,0.13645431
-65.367000,0.13633622
-65.358000,0.13621766
-65.349000,0.13609864
-65.340000,0.13597915
-65.331000,0.13585920
-65.322000,0.13573879
-65.313000,0.13561791
-65.304000,0.13549658
-65.295000,0.13537478
-65.286000,0.13525251
-65.277000,0.13512979
-65.268000,0.13500661
-65.259000,0.13488296
-65.250000,0.13475886
-65.241000,0.13463429
-65.232000,0.13450926
-65.223000,0.13438378
-65.214000,0.13425783
-65.205000,0.13413143
-65.196000,0.13400456
-65.187000,0.13387724
-65.178000,0.13374946
-65.169000,0.13362123
-65.160000,0.13349253
-65.151000,0.13336338
-65.142000,0.13323377
-65.133000,0.13310371
-65.124000,0.13297319
-65.115000,0.13284221
-65.106000,0.13271078
-65.097000,0.13257889
-65.088000,0.13244655
-65.079000,0.13231375
-65.070000,0.13218050
-65.061000,0.13204680
-65.052000,0.13191264
-65.043000,0.13177803
-65.034000,0.13164297
-65.025000,0.13150745
-65.016000,0.13137148
-65.007000,0.13123506
-64.998000,0.13109819
-64.989000,0.13096087
-64.980000,0.13082310
-64.971000,0.13068488
-64.962000,0.13054621
-64.953000,0.13040708
-64.944000,0.13026751
-64.935000,0.13012749
-64.926000,0.12998703
-64.917000,0.12984611
-64.908000,0.12970475
-64.899000,0.12956294
-64.890000,0.12942068
-64.881000,0.12927797
-64.872000,0.12913482
-64.863000,0.12899123
-64.854000,0.12884718
-64.845000,0.12870270
-64.836000,0.12855776
-64.827000,0.12841239
-64.818000,0.12826657
-64.809000,0.12812030
-64.800000,0.12797360
-64.791000,0.12782645
-64.782000,0.12767885
-64.773000,0.12753082
-64.764000,0.12738234
-64.755000,0.12723343
-64.746000,0.12708407
-64.737000,0.12693427
-64.728000,0.12678403
-64.719000,0.12663335
-64.710000,0.12648223
-64.701000,0.12633068
-64.692000,0.12617868
-64.683000,0.12602625
-64.674000,0.12587337
-64.665000,0.12572006
-64.656000,0.12556632
-64.647000,0.12541214
-64.638000,0.12525752
-64.629000,0.12510246
-64.620000,0.12494697
-64.611000,0.12479105
-64.602000,0.12463469
-64.593000,0.12447789
-64.584000,0.12432067
-64.575000,0.12416301
-64.566000,0.12400491
-64.557000,0.12384639
-64.548000,0.12368743
-64.539000,0.12352804
-64.530000,0.12336822
-64.521000,0.12320797
-64.512000,0.12304728
-64.503000,0.12288617
-64.494000,0.12272463
-64.485000,0.12256266
-64.476000,0.12240026
-64.467000,0.12223743
-64.458000,0.12207418
-64.449000,0.12191049
-64.440000,0.12174638
-64.431000,0.12158185
-64.422000,0.12141688
-64.413000,0.12125149
-64.404000,0.12108568
-64.395000,0.12091944
-64.386000,0.12075278
-64.377000,0.12058569
-64.368000,0.12041818
-64.359000,0.12025025
-64.350000,0.12008189
-64.341000,0.11991311
-64.332000,0.11974391
-64.323000,0.11957429
-64.314000,0.11940425
-64.305000,0.11923378
-64.296000,0.11906290
-64.287000,0.11889160
-64.278000,0.11871988
-64.269000,0.11854774
-64.260000,0.11837518
-64.251000,0.11820220
-64.242000,0.11802881
-64.233000,0.11785500
-64.224000,0.11768078
-64.215000,0.11750613
-64.206000,0.11733108
-64.197000,0.11715560
-64.188000,0.11697972
-64.179000,0.11680342
-64.170000,0.11662670
-64.161000,0.11644957
-64.152000,0.11627203
-64.143000,0.11609408
-64.134000,0.11591572
-64.125000,0.11573694
-64.116000,0.11555776
-64.107000,0.11537816
-64.098000,0.11519816
-64.089000,0.11501774
-64.080000,0.11483692
-64.071000,0.11465569
-64.062000,0.11447405
-64.053000,0.11429200
-64.044000,0.11410954
-64.035000,0.11392668
-64.026000,0.11374342
-64.017000,0.11355974
-64.008000,0.11337567
-63.999000,0.11319119
-63.990000,0.11300630
-63.981000,0.11282101
-63.972000,0.11263532
-63.963000,0.11244923
-63.954000,0.11226273
-63.945000,0.11207583
-63.936000,0.11188853
-63.927000,0.11170083
-63.918000,0.11151273
-63.909000,0.11132424
-63.900000,0.11113534
-63.891000,0.11094604
-63.882000,0.11075635
-63.873000,0.11056625
-63.864000,0.11037577
-63.855000,0.11018488
-63.846000,0.10999360
-63.837000,0.10980192
-63.828000,0.10960985
-63.819000,0.10941738
-63.810000,0.10922452
-63.801000,0.10903127
-63.792000,0.10883762
-63.783000,0.10864358
-63.774000,0.10844915
-63.765000,0.10825433
-63.756000,0.10805912
-63.747000,0.10786351
-63.738000,0.10766752
-63.729000,0.10747114
-63.720000,0.10727436
-63.711000,0.10707720
-63.702000,0.10687966
-63.693000,0.10668172
-63.684000,0.10648340
-63.675000,0.10628469
-63.666000,0.10608560
-63.657000,0.10588612
-63.648000,0.10568626
-63.639000,0.10548601
-63.630000,0.10528538
-63.621000,0.10508437
-63.612000,0.10488297
-63.603000,0.10468120
-63.594000,0.10447904
-63.585000,0.10427650
-63.576000,0.10407358
-63.567000,0.10387028
-63.558000,0.10366660
-63.549000,0.10346254
-63.540000,0.10325811
-63.531000,0.10305329
-63.522000,0.10284810
-63.513000,0.10264254
-63.504000,0.10243659
-63.495000,0.10223028
-63.486000,0.10202358
-63.477000,0.10181652
-63.468000,0.10160908
-63.459000,0.10140126
-63.450000,0.10119308
-63.441000,0.10098452
-63.432000,0.10077559
-63.423000,0.10056629
-63.414000,0.10035662
-63.405000,0.10014658
-63.396000,0.09993616
-63.387000,0.09972539
-63.378000,0.09951424
-63.369000,0.09930272
-63.360000,0.09909084
-63.351000,0.09887860
-63.342000,0.09866598
-63.333000,0.09845300
-63.324000,0.09823966
-63.315000,0.09802595
-63.306000,0.09781188
-63.297000,0.09759744
-63.288000,0.09738265
-63.279000,0.09716749
-63.270000,0.09695197
-63.261000,0.09673609
-63.252000,0.09651985
-63.243000,0.09630325
-63.234000,0.09608629
-63.225000,0.09586897
-63.216000,0.09565129
-63.207000,0.09543326
-63.198000,0.09521487
-63.189000,0.09499613
-63.180000,0.09477703
-63.171000,0.09455757
-63.162000,0.09433776
-63.153000,0.09411760
-63.144000,0.09389708
-63.135000,0.09367621
-63.126000,0.09345499
-63.117000,0.09323341
-63.108000,0.09301149
-63.099000,0.09278922
-63.090000,0.09256659
-63.081000,0.09234362
-63.072000,0.09212030
-63.063000,0.09189663
-63.054000,0.09167262
-63.045000,0.09144825
-63.036000,0.09122354
-63.027000,0.09099849
-63.018000,0.09077309
-63.009000,0.09054735
-63.000000,0.09032126
-62.991000,0.09009483
-62.982000,0.08986806
-62.973000,0.08964095
-62.964000,0.08941350
-62.955000,0.08918570
-62.946000,0.08895757
-62.937000,0.08872909
-62.928000,0.08850028
-62.919000,0.08827113
-62.910000,0.08804164
-62.901000,0.08781181
-62.892000,0.08758165
-62.883000,0.08735115
-62.874000,0.08712032
-62.865000,0.08688916
-62.856000,0.08665766
-62.847000,0.08642582
-62.838000,0.08619366
-62.829000,0.08596116
-62.820000,0.08572833
-62.811000,0.08549517
-62.802000,0.08526168
-62.793000,0.08502786
-62.784000,0.08479371
-62.775000,0.08455923
-62.766000,0.08432443
-62.757000,0.08408930
-62.748000,0.08385384
-62.739000,0.08361806
-62.730000,0.08338195
-62.721000,0.08314552
-62.712000,0.08290876
-62.703000,0.08267168
-62.694000,0.08243428
-62.685000,0.08219656
-62.676000,0.08195851
-62.667000,0.08172015
-62.658000,0.08148146
-62.649000,0.08124246
-62.640000,0.08100314
-62.631000,0.08076350
-62.622000,0.08052354
-62.613000,0.08028326
-62.604000,0.08004267
-62.595000,0.07980176
-62.586000,0.07956054
-62.577000,0.07931901
-62.568000,0.07907716
-62.559000,0.07883500
-62.550000,0.07859252
-62.541000,0.07834974
-62.532000,0.07810664
-62.523000,0.07786323
-62.514000,0.07761952
-62.505000,0.07737549
-62.496000,0.07713116
-62.487000,0.07688652
-62.478000,0.07664157
-62.469000,0.07639631
-62.460000,0.07615075
-62.451000,0.07590489
-62.442000,0.07565872
-62.433000,0.07541224
-62.424000,0.07516547
-62.415000,0.07491839
-62.406000,0.07467101
-62.397000,0.07442333
-62.388000,0.07417535
-62.379000,0.07392706
-62.370000,0.07367848
-62.361000,0.07342960
-62.352000,0.07318043
-62.343000,0.07293095
-62.334000,0.07268118
-62.325000,0.07243112
-62.316000,0.07218076
-62.307000,0.07193010
-62.298000,0.07167915
-62.289000,0.07142791
-62.280000,0.07117638
-62.271000,0.07092455
-62.262000,0.07067243
-62.253000,0.07042003
-62.244000,0.07016733
-62.235000,0.06991434
-62.226000,0.06966107
-62.217000,0.06940751
-62.208000,0.06915366
-62.199000,0.06889952
-62.190000,0.06864510
-62.181000,0.06839040
-62.172000,0.06813541
-62.163000,0.06788013
-62.154000,0.06762458
-62.145000,0.06736874
-62.136000,0.06711262
-62.127000,0.06685622
-62.118000,0.06659954
-62.109000,0.06634258
-62.100000,0.06608534
-62.091000,0.06582782
-62.082000,0.06557003
-62.073000,0.06531196
-62.064000,0.06505361
-62.055000,0.06479499
-62.046000,0.06453609
-62.037000,0.06427692
-62.028000,0.06401748
-62.019000,0.06375776
-62.010000,0.06349777
-62.001000,0.06323751
-61.992000,0.06297698
-61.983000,0.06271618
-61.974000,0.06245512
-61.965000,0.06219378
-61.956000,0.06193218
-61.947000,0.06167030
-61.938000,0.06140817
-61.929000,0.06114576
-61.920000,0.06088310
-61.911000,0.06062017
-61.902000,0.06035697
-61.893000,0.06009351
-61.884000,0.05982979
-61.875000,0.05956581
-61.866000,0.05930157
-61.857000,0.05903707
-61.848000,0.05877231
-61.839000,0.05850729
-61.830000,0.05824201
-61.821000,0.05797648
-61.812000,0.05771069
-61.803000,0.05744464
-61.794000,0.05717834
-61.785000,0.05691179
-61.776000,0.05664498
-61.767000,0.05637792
-61.758000,0.05611060
-61.749000,0.05584304
-61.740000,0.05557522
-61.731000,0.05530716
-61.722000,0.05503884
-61.713000,0.05477028
-61.704000,0.05450147
-61.695000,0.05423241
-61.686000,0.05396311
-61.677000,0.05369356
-61.668000,0.05342377
-61.659000,0.05315373
-61.650000,0.05288345
-61.641000,0.05261292
-61.632000,0.05234216
-61.623000,0.05207115
-61.614000,0.05179990
-61.605000,0.05152841
-61.596000,0.05125669
-61.587000,0.05098472
-61.578000,0.05071252
-61.569000,0.05044008
-61.560000,0.05016740
-61.551000,0.04989449
-61.542000,0.04962135
-61.533000,0.04934797
-61.524000,0.04907435
-61.515000,0.04880051
-61.506000,0.04852643
-61.497000,0.04825212
-61.488000,0.04797758
-61.479000,0.04770282
-61.470000,0.04742782
-61.461000,0.04715259
-61.452000,0.04687714
-61.443000,0.04660146
-61.434000,0.04632556
-61.425000,0.04604943
-61.416000,0.04577307
-61.407000,0.04549649
-61.398000,0.04521969
-61.389000,0.04494267
-61.380000,0.04466542
-61.371000,0.04438796
-61.362000,0.04411027
-61.353000,0.04383237
-61.344000,0.04355425
-61.335000,0.04327590
-61.326000,0.04299735
-61.317000,0.04271857
-61.308000,0.04243958
-61.299000,0.04216038
-61.290000,0.04188096
-61.281000,0.04160133
-61.272000,0.04132148
-61.263000,0.04104143
-61.254000,0.04076116
-61.245000,0.04048068
-61.236000,0.04020000
-61.227000,0.03991910
-61.218000,0.03963800
-61.209000,0.03935669
-61.200000,0.03907517
-61.191000,0.03879345
-61.182000,0.03851152
-61.173000,0.03822939
-61.164000,0.03794705
-61.155000,0.03766451
-61.146000,0.03738177
-61.137000,0.03709883
-61.128000,0.03681569
-61.119000,0.03653235
-61.110000,0.03624881
-61.101000,0.03596507
-61.092000,0.03568113
-61.083000,0.03539700
-61.074000,0.03511267
-61.065000,0.03482814
-61.056000,0.03454342
-61.047000,0.03425851
-61.038000,0.03397341
-61.029000,0.03368811
-61.020000,0.03340262
-61.011000,0.03311694
-61.002000,0.03283107
-60.993000,0.03254501
-60.984000,0.03225876
-60.975000,0.03197233
-60.966000,0.03168571
-60.957000,0.03139890
-60.948000,0.03111191
-60.939000,0.03082473
-60.930000,0.03053737
-60.921000,0.03024983
-60.912000,0.02996210
-60.903000,0.02967419
-60.894000,0.02938610
-60.885000,0.02909784
-60.876000,0.02880939
-60.867000,0.02852076
-60.858000,0.02823196
-60.849000,0.02794298
-60.840000,0.02765382
-60.831000,0.02736449
-60.822000,0.02707499
-60.813000,0.02678531
-60.804000,0.02649546
-60.795000,0.02620543
-60.786000,0.02591523
-60.777000,0.02562487
-60.768000,0.02533433
-60.759000,0.02504363
-60.750000,0.02475275
-60.741000,0.02446171
-60.732000,0.02417050
-60.723000,0.02387913
-60.714000,0.02358759
-60.705000,0.02329588
-60.696000,0.02300402
-60.687000,0.02271198
-60.678000,0.02241979
-60.669000,0.02212744
-60.660000,0.02183492
-60.651000,0.02154225
-60.642000,0.02124941
-60.633000,0.02095642
-60.624000,0.02066327
-60.615000,0.02036997
-60.606000,0.02007651
-60.597000,0.01978289
-60.588000,0.01948912
-60.579000,0.01919519
-60.570000,0.01890112
-60.561000,0.01860689
-60.552000,0.01831251
-60.543000,0.01801798
-60.534000,0.01772330
-60.525000,0.01742847
-60.516000,0.01713349
-60.507000,0.01683836
-60.498000,0.01654309
-60.489000,0.01624768
-60.480000,0.01595211
-60.471000,0.01565641
-60.462000,0.01536056
-60.453000,0.01506457
-60.444000,0.01476843
-60.435000,0.01447216
-60.426000,0.01417575
-60.417000,0.01387919
-60.408000,0.01358250
-60.399000,0.01328567
-60.390000,0.01298870
-60.381000,0.01269160
-60.372000,0.01239436
-60.363000,0.01209698
-60.354000,0.01179948
-60.345000,0.01150184
-60.336000,0.01120406
-60.327000,0.01090616
-60.318000,0.01060812
-60.309000,0.01030996
-60.300000,0.01001166
-60.291000,0.00971324
-60.282000,0.00941469
-60.273000,0.00911601
-60.264000,0.00881721
-60.255000,0.00851828
-60.246000,0.00821923
-60.237000,0.00792006
-60.228000,0.00762076
-60.219000,0.00732134
-60.210000,0.00702180
-60.201000,0.00672213
-60.192000,0.00642235
-60.183000,0.00612245
-60.174000,0.00582243
-60.165000,0.00552230
-60.156000,0.00522205
-60.147000,0.00492168
-60.138000,0.00462120
-60.129000,0.00432060
-60.120000,0.00401989
-60.111000,0.00371907
-60.102000,0.00341813
-60.093000,0.00311709
-60.084000,0.00281593
-60.075000,0.00251467
-60.066000,0.00221330
-60.057000,0.00191182
-60.048000,0.00161023
-60.039000,0.00130854
-60.030000,0.00100674
-60.021000,0.00070484
-60.012000,0.00040283
-60.003000,0.00010073
-59.994000,0.00020149
-59.985000,0.00050380
-59.976000,0.00080621
-59.967000,0.00110872
-59.958000,0.00141133
-59.949000,0.00171404
-59.940000,0.00201685
-59.931000,0.00231975
-59.922000,0.00262275
-59.913000,0.00292584
-59.904000,0.00322903
-59.895000,0.00353230
-59.886000,0.00383568
-59.877000,0.00413914
-59.868000,0.00444270
-59.859000,0.00474634
-59.850000,0.00505007
-59.841000,0.00535389
-59.832000,0.00565780
-59.823000,0.00596180
-59.814000,0.00626588
-59.805000,0.00657005
-59.796000,0.00687430
-59.787000,0.00717864
-59.778000,0.00748305
-59.769000,0.00778755
-59.760000,0.00809214
-59.751000,0.00839680
-59.742000,0.00870154
-59.733000,0.00900636
-59.724000,0.00931125
-59.715000,0.00961623
-59.706000,0.00992128
-59.697000,0.01022640
-59.688000,0.01053161
-59.679000,0.01083688
-59.670000,0.01114223
-59.661000,0.01144765
-59.652000,0.01175314
-59.643000,0.01205870
-59.634000,0.01236433
-59.625000,0.01267003
-59.616000,0.01297580
-59.607000,0.01328164
-59.598000,0.01358754
-59.589000,0.01389351
-59.580000,0.01419954
-59.571000,0.01450564
-59.562000,0.01481180
-59.553000,0.01511802
-59.544000,0.01542431
-59.535000,0.01573065
-59.526000,0.01603706
-59.517000,0.01634353
-59.508000,0.01665005
-59.499000,0.01695663
-59.490000,0.01726327
-59.481000,0.01756996
-59.472000,0.01787671
-59.463000,0.01818352
-59.454000,0.01849037
-59.445000,0.01879728
-59.436000,0.01910425
-59.427000,0.01941126
-59.418000,0.01971832
-59.409000,0.02002544
-59.400000,0.02033260
-59.391000,0.02063981
-59.382000,0.02094707
-59.373000,0.02125437
-59.364000,0.02156172
-59.355000,0.02186911
-59.346000,0.02217655
-59.337000,0.02248403
-59.328000,0.02279155
-59.319000,0.02309912
-59.310000,0.02340672
-59.301000,0.02371437
-59.292000,0.02402205
-59.283000,0.02432977
-59.274000,0.02463753
-59.265000,0.02494533
-59.256000,0.02525316
-59.247000,0.02556103
-59.238000,0.02586893
-59.229000,0.02617686
-59.220000,0.02648483
-59.211000,0.02679283
-59.202000,0.02710085
-59.193000,0.02740891
-59.184000,0.02771700
-59.175000,0.02802512
-59.166000,0.02833326
-59.157000,0.02864143
-59.148000,0.02894963
-59.139000,0.02925785
-59.130000,0.02956610
-59.121000,0.02987437
-59.112000,0.03018266
-59.103000,0.03049098
-59.094000,0.03079932
-59.085000,0.03110767
-59.076000,0.03141605
-59.067000,0.03172444
-59.058000,0.03203285
-59.049000,0.03234128
-59.040000,0.03264973
-59.031000,0.03295819
-59.022000,0.03326667
-59.013000,0.03357516
-59.004000,0.03388366
-58.995000,0.03419217
-58.986000,0.03450070
-58.977000,0.03480924
-58.968000,0.03511778
-58.959000,0.03542634
-58.950000,0.03573490
-58.941000,0.03604347
-58.932000,0.03635205
-58.923000,0.03666063
-58.914000,0.03696922
-58.905000,0.03727781
-58.896000,0.03758641
-58.887000,0.03789501
-58.878000,0.03820361
-58.869000,0.03851221
-58.860000,0.03882081
-58.851000,0.03912941
-58.842000,0.03943800
-58.833000,0.03974660
-58.824000,0.04005519
-58.815000,0.04036378
-58.806000,0.04067236
-58.797000,0.04098094
-58.788000,0.04128951
-58.779000,0.04159807
-58.770000,0.04190663
-58.761000,0.04221518
-58.752000,0.04252371
-58.743000,0.04283224
-58.734000,0.04314075
-58.725000,0.04344926
-58.716000,0.04375775
-58.707000,0.04406622
-58.698000,0.04437468
-58.689000,0.04468313
-58.680000,0.04499156
-58.671000,0.04529997
-58.662000,0.04560837
-58.653000,0.04591674
-58.644000,0.04622510
-58.635000,0.04653344
-58.626000,0.04684175
-58.617000,0.04715005
-58.608000,0.04745832
-58.599000,0.04776656
-58.590000,0.04807479
-58.581000,0.04838298
-58.572000,0.04869116
-58.563000,0.04899930
-58.554000,0.04930742
-58.545000,0.04961551
-58.536000,0.04992357
-58.527000,0.05023160
-58.518000,0.05053960
-58.509000,0.05084756
-58.500000,0.05115550
-58.491000,0.05146340
-58.482000,0.05177127
-58.473000,0.05207910
-58.464000,0.05238690
-58.455000,0.05269466
-58.446000,0.05300238
-58.437000,0.05331007
-58.428000,0.05361772
-58.419000,0.05392532
-58.410000,0.05423289
-58.401000,0.05454042
-58.392000,0.05484790
-58.383000,0.05515534
-58.374000,0.05546274
-58.365000,0.05577009
-58.356000,0.05607739
-58.347000,0.05638465
-58.338000,0.05669187
-58.329000,0.05699903
-58.320000,0.05730615
-58.311000,0.05761322
-58.302000,0.05792024
-58.293000,0.05822720
-58.284000,0.05853412
-58.275000,0.05884098
-58.266000,0.05914779
-58.257000,0.05945455
-58.248000,0.05976125
-58.239000,0.06006789
-58.230000,0.06037448
-58.221000,0.06068101
-58.212000,0.06098748
-58.203000,0.06129389
-58.194000,0.06160025
-58.185000,0.06190654
-58.176000,0.06221277
-58.167000,0.06251894
-58.158000,0.06282504
-58.149000,0.06313109
-58.140000,0.06343706
-58.131000,0.06374298
-58.122000,0.06404882
-58.113000,0.06435460
-58.104000,0.06466031
-58.095000,0.06496595
-58.086000,0.06527153
-58.077000,0.06557703
-58.068000,0.06588246
-58.059000,0.06618782
-58.050000,0.06649311
-58.041000,0.06679832
-58.032000,0.06710346
-58.023000,0.06740853
-58.014000,0.06771352
-58.005000,0.06801843
-57.996000,0.06832326
-57.987000,0.06862802
-57.978000,0.06893270
-57.969000,0.06923729
-57.960000,0.06954181
-57.951000,0.06984625
-57.942000,0.07015060
-57.933000,0.07045487
-57.924000,0.07075906
-57.915000,0.07106316
-57.906000,0.07136718
-57.897000,0.07167111
-57.888000,0.07197495
-57.879000,0.07227871
-57.870000,0.07258238
-57.861000,0.07288595
-57.852000,0.07318944
-57.843000,0.07349284
-57.834000,0.07379615
-57.825000,0.07409936
-57.816000,0.07440248
-57.807000,0.07470550
-57.798000,0.07500843
-57.789000,0.07531127
-57.780000,0.07561401
-57.771000,0.07591665
-57.762000,0.07621919
-57.753000,0.07652164
-57.744000,0.07682398
-57.735000,0.07712623
-57.726000,0.07742837
-57.717000,0.07773041
-57.708000,0.07803235
-57.699000,0.07833418
-57.690000,0.07863591
-57.681000,0.07893754
-57.672000,0.07923906
-57.663000,0.07954047
-57.654000,0.07984177
-57.645000,0.08014297
-57.636000,0.08044406
-57.627000,0.08074504
-57.618000,0.08104590
-57.609000,0.08134666
-57.600000,0.08164730
-57.591000,0.08194783
-57.582000,0.08224825
-57.573000,0.08254855
-57.564000,0.08284874
-57.555000,0.08314881
-57.546000,0.08344876
-57.537000,0.08374860
-57.528000,0.08404832
-57.519000,0.08434791
-57.510000,0.08464739
-57.501000,0.08494675
-57.492000,0.08524598
-57.483000,0.08554510
-57.474000,0.08584409
-57.465000,0.08614295
-57.456000,0.08644169
-57.447000,0.08674031
-57.438000,0.08703880
-57.429000,0.08733716
-57.420000,0.08763540
-57.411000,0.08793350
-57.402000,0.08823148
-57.393000,0.08852932
-57.384000,0.08882704
-57.375000,0.08912462
-57.366000,0.08942207
-57.357000,0.08971939
-57.348000,0.09001658
-57.339000,0.09031362
-57.330000,0.09061054
-57.321000,0.09090731
-57.312000,0.09120395
-57.303000,0.09150046
-57.294000,0.09179682
-57.285000,0.09209304
-57.276000,0.09238913
-57.267000,0.09268507
-57.258000,0.09298087
-57.249000,0.09327653
-57.240000,0.09357204
-57.231000,0.09386741
-57.222000,0.09416264
-57.213000,0.09445772
-57.204000,0.09475265
-57.195000,0.09504744
-57.186000,0.09534208
-57.177000,0.09563657
-57.168000,0.09593091
-57.159000,0.09622510
-57.150000,0.09651913
-57.141000,0.09681302
-57.132000,0.09710676
-57.123000,0.09740034
-57.114000,0.09769376
-57.105000,0.09798704
-57.096000,0.09828015
-57.087000,0.09857311
-57.078000,0.09886592
-57.069000,0.09915856
-57.060000,0.09945105
-57.051000,0.09974338
-57.042000,0.10003554
-57.033000,0.10032755
-57.024000,0.10061940
-57.015000,0.10091108
-57.006000,0.10120260
-56.997000,0.10149395
-56.988000,0.10178514
-56.979000,0.10207617
-56.970000,0.10236702
-56.961000,0.10265772
-56.952000,0.10294824
-56.943000,0.10323860
-56.934000,0.10352878
-56.925000,0.10381880
-56.916000,0.10410864
-56.907000,0.10439832
-56.898000,0.10468782
-56.889000,0.10497715
-56.880000,0.10526630
-56.871000,0.10555528
-56.862000,0.10584408
-56.853000,0.10613271
-56.844000,0.10642117
-56.835000,0.10670944
-56.826000,0.10699754
-56.817000,0.10728545
-56.808000,0.10757319
-56.799000,0.10786075
-56.790000,0.10814812
-56.781000,0.10843532
-56.772000,0.10872233
-56.763000,0.10900915
-56.754000,0.10929580
-56.745000,0.10958225
-56.736000,0.10986852
-56.727000,0.11015461
-56.718000,0.11044051
-56.709000,0.11072622
-56.700000,0.11101174
-56.691000,0.11129707
-56.682000,0.11158221
-56.673000,0.11186716
-56.664000,0.11215192
-56.655000,0.11243649
-56.646000,0.11272086
-56.637000,0.11300504
-56.628000,0.11328903
-56.619000,0.11357282
-56.610000,0.11385641
-56.601000,0.11413981
-56.592000,0.11442301
-56.583000,0.11470601
-56.574000,0.11498881
-56.565000,0.11527141
-56.556000,0.11555381
-56.547000,0.11583601
-56.538000,0.11611801
-56.529000,0.11639980
-56.520000,0.11668139
-56.511000,0.11696278
-56.502000,0.11724396
-56.493000,0.11752494
-56.484000,0.11780571
-56.475000,0.11808627
-56.466000,0.11836663
-56.457000,0.11864678
-56.448000,0.11892671
-56.439000,0.11920644
-56.430000,0.11948596
-56.421000,0.11976526
-56.412000,0.12004435
-56.403000,0.12032323
-56.394000,0.12060190
-56.385000,0.12088035
-56.376000,0.12115859
-56.367000,0.12143661
-56.358000,0.12171441
-56.349000,0.12199200
-56.340000,0.12226937
-56.331000,0.12254652
-56.322000,0.12282345
-56.313000,0.12310016
-56.304000,0.12337665
-56.295000,0.12365292
-56.286000,0.12392896
-56.277000,0.12420479
-56.268000,0.12448039
-56.259000,0.12475576
-56.250000,0.12503091
-56.241000,0.12530583
-56.232000,0.12558053
-56.223000,0.12585500
-56.214000,0.12612924
-56.205000,0.12640325
-56.196000,0.12667704
-56.187000,0.12695059
-56.178000,0.12722391
-56.169000,0.12749700
-56.160000,0.12776986
-56.151000,0.12804248
-56.142000,0.12831488
-56.133000,0.12858703
-56.124000,0.12885895
-56.115000,0.12913064
-56.106000,0.12940209
-56.097000,0.12967330
-56.088000,0.12994428
-56.079000,0.13021501
-56.070000,0.13048551
-56.061000,0.13075576
-56.052000,0.13102578
-56.043000,0.13129555
-56.034000,0.13156508
-56.025000,0.13183437
-56.016000,0.13210342
-56.007000,0.13237222
-55.998000,0.13264078
-55.989000,0.13290909
-55.980000,0.13317715
-55.971000,0.13344497
-55.962000,0.13371254
-55.953000,0.13397986
-55.944000,0.13424693
-55.935000,0.13451375
-55.926000,0.13478032
-55.917000,0.13504664
-55.908000,0.13531271
-55.899000,0.13557852
-55.890000,0.13584409
-55.881000,0.13610939
-55.872000,0.13637445
-55.863000,0.13663925
-55.854000,0.13690379
-55.845000,0.13716807
-55.836000,0.13743210
-55.827000,0.13769587
-55.818000,0.13795938
-55.809000,0.13822263
-55.800000,0.13848562
-55.791000,0.13874835
-55.782000,0.13901082
-55.773000,0.13927303
-55.764000,0.13953497
-55.755000,0.13979665
-55.746000,0.14005807
-55.737000,0.14031922
-55.728000,0.14058010
-55.719000,0.14084072
-55.710000,0.14110108
-55.701000,0.14136116
-55.692000,0.14162098
-55.683000,0.14188052
-55.674000,0.14213980
-55.665000,0.14239881
-55.656000,0.14265754
-55.647000,0.14291601
-55.638000,0.14317420
-55.629000,0.14343212
-55.620000,0.14368976
-55.611000,0.14394714
-55.602000,0.14420423
-55.593000,0.14446105
-55.584000,0.14471759
-55.575000,0.14497386
-55.566000,0.14522985
-55.557000,0.14548556
-55.548000,0.14574099
-55.539000,0.14599614
-55.530000,0.14625102
-55.521000,0.14650561
-55.512000,0.14675992
-55.503000,0.14701394
-55.494000,0.14726768
-55.485000,0.14752114
-55.476000,0.14777432
-55.467000,0.14802721
-55.458000,0.14827981
-55.449000,0.14853213
-55.440000,0.14878416
-55.431000,0.14903591
-55.422000,0.14928736
-55.413000,0.14953853
-55.404000,0.14978941
-55.395000,0.15003999
-55.386000,0.15029029
-55.377000,0.15054029
-55.368000,0.15079001
-55.359000,0.15103943
-55.350000,0.15128855
-55.341000,0.15153738
-55.332000,0.15178592
-55.323000,0.15203416
-55.314000,0.15228211
-55.305000,0.15252976
-55.296000,0.15277711
-55.287000,0.15302416
-55.278000,0.15327092
-55.269000,0.15351737
-55.260000,0.15376353
-55.251000,0.15400938
-55.242000,0.15425493
-55.233000,0.15450019
-55.224000,0.15474514
-55.215000,0.15498978
-55.206000,0.15523412
-55.197000,0.15547816
-55.188000,0.15572189
-55.179000,0.15596532
-55.170000,0.15620844
-55.161000,0.15645126
-55.152000,0.15669376
-55.143000,0.15693596
-55.134000,0.15717785
-55.125000,0.15741943
-55.116000,0.15766070
-55.107000,0.15790166
-55.098000,0.15814231
-55.089000,0.15838264
-55.080000,0.15862266
-55.071000,0.15886237
-55.062000,0.15910177
-55.053000,0.15934085
-55.044000,0.15957962
-55.035000,0.15981807
-55.026000,0.16005620
-55.017000,0.16029402
-55.008000,0.16053152
-54.999000,0.16076870
-54.990000,0.16100556
-54.981000,0.16124211
-54.972000,0.16147833
-54.963000,0.16171423
-54.954000,0.16194981
-54.945000,0.16218507
-54.936000,0.16242001
-54.927000,0.16265462
-54.918000,0.16288891
-54.909000,0.16312288
-54.900000,0.16335652
-54.891000,0.16358983
-54.882000,0.16382282
-54.873000,0.16405548
-54.864000,0.16428782
-54.855000,0.16451982
-54.846000,0.16475150
-54.837000,0.16498285
-54.828000,0.16521387
-54.819000,0.16544456
-54.810000,0.16567491
-54.801000,0.16590494
-54.792000,0.16613463
-54.783000,0.16636399
-54.774000,0.16659302
-54.765000,0.16682171
-54.756000,0.16705007
-54.747000,0.16727809
-54.738000,0.16750578
-54.729000,0.16773313
-54.720000,0.16796014
-54.711000,0.16818682
-54.702000,0.16841316
-54.693000,0.16863916
-54.684000,0.16886482
-54.675000,0.16909014
-54.666000,0.16931511
-54.657000,0.16953975
-54.648000,0.16976405
-54.639000,0.16998800
-54.630000,0.17021161
-54.621000,0.17043488
-54.612000,0.17065780
-54.603000,0.17088038
-54.594000,0.17110261
-54.585000,0.17132450
-54.576000,0.17154604
-54.567000,0.17176724
-54.558000,0.17198808
-54.549000,0.17220858
-54.540000,0.17242873
-54.531000,0.17264853
-54.522000,0.17286798
-54.513000,0.17308708
-54.504000,0.17330583
-54.495000,0.17352422
-54.486000,0.17374227
-54.477000,0.17395996
-54.468000,0.17417730
-54.459000,0.17439428
-54.450000,0.17461091
-54.441000,0.17482719
-54.432000,0.17504311
-54.423000,0.17525867
-54.414000,0.17547388
-54.405000,0.17568873
-54.396000,0.17590322
-54.387000,0.17611735
-54.378000,0.17633112
-54.369000,0.17654454
-54.360000,0.17675759
-54.351000,0.17697028
-54.342000,0.17718261
-54.333000,0.17739458
-54.324000,0.17760619
-54.315000,0.17781744
-54.306000,0.17802832
-54.297000,0.17823884
-54.288000,0.17844899
-54.279000,0.17865878
-54.270000,0.17886820
-54.261000,0.17907725
-54.252000,0.17928594
-54.243000,0.17949426
-54.234000,0.17970221
-54.225000,0.17990980
-54.216000,0.18011702
-54.207000,0.18032386
-54.198000,0.18053034
-54.189000,0.18073644
-54.180000,0.18094218
-54.171000,0.18114754
-54.162000,0.18135253
-54.153000,0.18155715
-54.144000,0.18176139
-54.135000,0.18196526
-54.126000,0.18216876
-54.117000,0.18237188
-54.108000,0.18257462
-54.099000,0.18277699
-54.090000,0.18297898
-54.081000,0.18318060
-54.072000,0.18338184
-54.063000,0.18358269
-54.054000,0.18378318
-54.045000,0.18398328
-54.036000,0.18418300
-54.027000,0.18438234
-54.018000,0.18458130
-54.009000,0.18477988
-54.000000,0.18497808
-53.991000,0.18517589
-53.982000,0.18537332
-53.973000,0.18557037
-53.964000,0.18576703
-53.955000,0.18596331
-53.946000,0.18615921
-53.937000,0.18635472
-53.928000,0.18654984
-53.919000,0.18674458
-53.910000,0.18693893
-53.901000,0.18713289
-53.892000,0.18732646
-53.883000,0.18751965
-53.874000,0.18771244
-53.865000,0.18790485
-53.856000,0.18809686
-53.847000,0.18828849
-53.838000,0.18847972
-53.829000,0.18867056
-53.820000,0.18886101
-53.811000,0.18905107
-53.802000,0.18924073
-53.793000,0.18943000
-53.784000,0.18961888
-53.775000,0.18980736
-53.766000,0.18999545
-53.757000,0.19018314
-53.748000,0.19037043
-53.739000,0.19055733
-53.730000,0.19074383
-53.721000,0.19092993
-53.712000,0.19111563
-53.703000,0.19130094
-53.694000,0.19148584
-53.685000,0.19167035
-53.676000,0.19185445
-53.667000,0.19203816
-53.658000,0.19222146
-53.649000,0.19240436
-53.640000,0.19258686
-53.631000,0.19276896
-53.622000,0.19295065
-53.613000,0.19313194
-53.604000,0.19331283
-53.595000,0.19349331
-53.586000,0.19367338
-53.577000,0.19385305
-53.568000,0.19403232
-53.559000,0.19421117
-53.550000,0.19438962
-53.541000,0.19456767
-53.532000,0.19474530
-53.523000,0.19492253
-53.514000,0.19509934
-53.505000,0.19527575
-53.496000,0.19545175
-53.487000,0.19562734
-53.478000,0.19580251
-53.469000,0.19597728
-53.460000,0.19615163
-53.451000,0.19632557
-53.442000,0.19649910
-53.433000,0.19667221
-53.424000,0.19684491
-53.415000,0.19701720
-53.406000,0.19718907
-53.397000,0.19736053
-53.388000,0.19753157
-53.379000,0.19770220
-53.370000,0.19787240
-53.361000,0.19804220
-53.352000,0.19821157
-53.343000,0.19838053
-53.334000,0.19854907
-53.325000,0.19871719
-53.316000,0.19888489
-53.307000,0.19905217
-53.298000,0.19921903
-53.289000,0.19938547
-53.280000,0.19955148
-53.271000,0.19971708
-53.262000,0.19988226
-53.253000,0.20004701
-53.244000,0.20021134
-53.235000,0.20037524
-53.226000,0.20053873
-53.217000,0.20070178
-53.208000,0.20086442
-53.199000,0.20102663
-53.190000,0.20118841
-53.181000,0.20134977
-53.172000,0.20151070
-53.163000,0.20167120
-53.154000,0.20183128
-53.145000,0.20199092
-53.136000,0.20215014
-53.127000,0.20230894
-53.118000,0.20246730
-53.109000,0.20262523
-53.100000,0.20278274
-53.091000,0.20293981
-53.082000,0.20309645
-53.073000,0.20325266
-53.064000,0.20340844
-53.055000,0.20356379
-53.046000,0.20371870
-53.037000,0.20387318
-53.028000,0.20402723
-53.019000,0.20418084
-53.010000,0.20433402
-53.001000,0.20448677
-52.992000,0.20463908
-52.983000,0.20479095
-52.974000,0.20494239
-52.965000,0.20509340
-52.956000,0.20524396
-52.947000,0.20539409
-52.938000,0.20554378
-52.929000,0.20569303
-52.920000,0.20584185
-52.911000,0.20599022
-52.902000,0.20613816
-52.893000,0.20628566
-52.884000,0.20643271
-52.875000,0.20657933
-52.866000,0.20672550
-52.857000,0.20687124
-52.848000,0.20701653
-52.839000,0.20716138
-52.830000,0.20730579
-52.821000,0.20744975
-52.812000,0.20759327
-52.803000,0.20773635
-52.794000,0.20787899
-52.785000,0.20802118
-52.776000,0.20816292
-52.767000,0.20830422
-52.758000,0.20844507
-52.749000,0.20858548
-52.740000,0.20872544
-52.731000,0.20886495
-52.722000,0.20900402
-52.713000,0.20914264
-52.704000,0.20928081
-52.695000,0.20941853
-52.686000,0.20955580
-52.677000,0.20969263
-52.668000,0.20982900
-52.659000,0.20996493
-52.650000,0.21010040
-52.641000,0.21023542
-52.632000,0.21036999
-52.623000,0.21050411
-52.614000,0.21063778
-52.605000,0.21077100
-52.596000,0.21090376
-52.587000,0.21103607
-52.578000,0.21116793
-52.569000,0.21129933
-52.560000,0.21143028
-52.551000,0.21156078
-52.542000,0.21169082
-52.533000,0.21182040
-52.524000,0.21194953
-52.515000,0.21207820
-52.506000,0.21220642
-52.497000,0.21233418
-52.488000,0.21246148
-52.479000,0.21258832
-52.470000,0.21271471
-52.461000,0.21284064
-52.452000,0.21296611
-52.443000,0.21309112
-52.434000,0.21321567
-52.425000,0.21333976
-52.416000,0.21346339
-52.407000,0.21358656
-52.398000,0.21370927
-52.389000,0.21383152
-52.380000,0.21395331
-52.371000,0.21407463
-52.362000,0.21419550
-52.353000,0.21431590
-52.344000,0.21443584
-52.335000,0.21455531
-52.326000,0.21467432
-52.317000,0.21479287
-52.308000,0.21491095
-52.299000,0.21502857
-52.290000,0.21514572
-52.281000,0.21526241
-52.272000,0.21537863
-52.263000,0.21549439
-52.254000,0.21560968
-52.245000,0.21572450
-52.236000,0.21583886
-52.227000,0.21595275
-52.218000,0.21606617
-52.209000,0.21617912
-52.200000,0.21629160
-52.191000,0.21640362
-52.182000,0.21651517
-52.173000,0.21662624
-52.164000,0.21673685
-52.155000,0.21684699
-52.146000,0.21695665
-52.137000,0.21706585
-52.128000,0.21717458
-52.119000,0.21728283
-52.110000,0.21739061
-52.101000,0.21749792
-52.092000,0.21760476
-52.083000,0.21771112
-52.074000,0.21781702
-52.065000,0.21792244
-52.056000,0.21802738
-52.047000,0.21813185
-52.038000,0.21823585
-52.029000,0.21833937
-52.020000,0.21844242
-52.011000,0.21854499
-52.002000,0.21864709
-51.993000,0.21874871
-51.984000,0.21884985
-51.975000,0.21895052
-51.966000,0.21905071
-51.957000,0.21915043
-51.948000,0.21924966
-51.939000,0.21934842
-51.930000,0.21944670
-51.921000,0.21954451
-51.912000,0.21964183
-51.903000,0.21973868
-51.894000,0.21983504
-51.885000,0.21993093
-51.876000,0.22002634
-51.867000,0.22012126
-51.858000,0.22021571
-51.849000,0.22030968
-51.840000,0.22040316
-51.831000,0.22049616
-51.822000,0.22058868
-51.813000,0.22068072
-51.804000,0.22077228
-51.795000,0.22086336
-51.786000,0.22095395
-51.777000,0.22104406
-51.768000,0.22113369
-51.759000,0.22122283
-51.750000,0.22131149
-51.741000,0.22139966
-51.732000,0.22148735
-51.723000,0.22157456
-51.714000,0.22166128
-51.705000,0.22174751
-51.696000,0.22183326
-51.687000,0.22191852
-51.678000,0.22200330
-51.669000,0.22208759
-51.660000,0.22217140
-51.651000,0.22225471
-51.642000,0.22233754
-51.633000,0.22241989
-51.624000,0.22250174
-51.615000,0.22258311
-51.606000,0.22266399
-51.597000,0.22274438
-51.588000,0.22282428
-51.579000,0.22290369
-51.570000,0.22298261
-51.561000,0.22306104
-51.552000,0.22313899
-51.543000,0.22321644
-51.534000,0.22329340
-51.525000,0.22336987
-51.516000,0.22344585
-51.507000,0.22352134
-51.498000,0.22359634
-51.489000,0.22367085
-51.480000,0.22374486
-51.471000,0.22381838
-51.462000,0.22389141
-51.453000,0.22396395
-51.444000,0.22403599
-51.435000,0.22410754
-51.426000,0.22417860
-51.417000,0.22424916
-51.408000,0.22431923
-51.399000,0.22438881
-51.390000,0.22445789
-51.381000,0.22452648
-51.372000,0.22459457
-51.363000,0.22466216
-51.354000,0.22472926
-51.345000,0.22479587
-51.336000,0.22486198
-51.327000,0.22492759
-51.318000,0.22499270
-51.309000,0.22505732
-51.300000,0.22512145
-51.291000,0.22518507
-51.282000,0.22524820
-51.273000,0.22531083
-51.264000,0.22537296
-51.255000,0.22543460
-51.246000,0.22549574
-51.237000,0.22555637
-51.228000,0.22561651
-51.219000,0.22567615
-51.210000,0.22573530
-51.201000,0.22579394
-51.192000,0.22585208
-51.183000,0.22590972
-51.174000,0.22596687
-51.165000,0.22602351
-51.156000,0.22607965
-51.147000,0.22613529
-51.138000,0.22619043
-51.129000,0.22624507
-51.120000,0.22629921
-51.111000,0.22635284
-51.102000,0.22640598
-51.093000,0.22645861
-51.084000,0.22651074
-51.075000,0.22656237
-51.066000,0.22661349
-51.057000,0.22666412
-51.048000,0.22671424
-51.039000,0.22676385
-51.030000,0.22681297
-51.021000,0.22686158
-51.012000,0.22690968
-51.003000,0.22695728
-50.994000,0.22700438
-50.985000,0.22705097
-50.976000,0.22709706
-50.967000,0.22714264
-50.958000,0.22718772
-50.949000,0.22723229
-50.940000,0.22727636
-50.931000,0.22731992
-50.922000,0.22736298
-50.913000,0.22740553
-50.904000,0.22744758
-50.895000,0.22748911
-50.886000,0.22753014
-50.877000,0.22757067
-50.868000,0.22761069
-50.859000,0.22765020
-50.850000,0.22768920
-50.841000,0.22772770
-50.832000,0.22776568
-50.823000,0.22780316
-50.814000,0.22784014
-50.805000,0.22787660
-50.796000,0.22791256
-50.787000,0.22794800
-50.778000,0.22798294
-50.769000,0.22801737
-50.760000,0.22805129
-50.751000,0.22808470
-50.742000,0.22811760
-50.733000,0.22815000
-50.724000,0.22818188
-50.715000,0.22821325
-50.706000,0.22824411
-50.697000,0.22827447
-50.688000,0.22830431
-50.679000,0.22833364
-50.670000,0.22836246
-50.661000,0.22839077
-50.652000,0.22841857
-50.643000,0.22844585
-50.634000,0.22847263
-50.625000,0.22849889
-50.616000,0.22852465
-50.607000,0.22854989
-50.598000,0.22857462
-50.589000,0.22859883
-50.580000,0.22862254
-50.571000,0.22864573
-50.562000,0.22866841
-50.553000,0.22869057
-50.544000,0.22871223
-50.535000,0.22873337
-50.526000,0.22875399
-50.517000,0.22877411
-50.508000,0.22879371
-50.499000,0.22881279
-50.490000,0.22883137
-50.481000,0.22884942
-50.472000,0.22886697
-50.463000,0.22888400
-50.454000,0.22890052
-50.445000,0.22891652
-50.436000,0.22893200
-50.427000,0.22894698
-50.418000,0.22896143
-50.409000,0.22897537
-50.400000,0.22898880
-50.391000,0.22900171
-50.382000,0.22901411
-50.373000,0.22902599
-50.364000,0.22903735
-50.355000,0.22904820
-50.346000,0.22905854
-50.337000,0.22906835
-50.328000,0.22907765
-50.319000,0.22908644
-50.310000,0.22909471
-50.301000,0.22910246
-50.292000,0.22910969
-50.283000,0.22911641
-50.274000,0.22912261
-50.265000,0.22912829
-50.256000,0.22913346
-50.247000,0.22913811
-50.238000,0.22914224
-50.229000,0.22914586
-50.220000,0.22914895
-50.211000,0.22915153
-50.202000,0.22915359
-50.193000,0.22915514
-50.184000,0.22915616
-50.175000,0.22915667
-50.166000,0.22915666
-50.157000,0.22915613
-50.148000,0.22915508
-50.139000,0.22915351
-50.130000,0.22915142
-50.121000,0.22914882
-50.112000,0.22914570
-50.103000,0.22914205
-50.094000,0.22913789
-50.085000,0.22913321
-50.076000,0.22912801
-50.067000,0.22912229
-50.058000,0.22911605
-50.049000,0.22910929
-50.040000,0.22910201
-50.031000,0.22909422
-50.022000,0.22908590
-50.013000,0.22907706
-50.004000,0.22906770
-49.995000,0.22905782
-49.986000,0.22904742
-49.977000,0.22903651
-49.968000,0.22902507
-49.959000,0.22901311
-49.950000,0.22900063
-49.941000,0.22898763
-49.932000,0.22897410
-49.923000,0.22896006
-49.914000,0.22894550
-49.905000,0.22893041
-49.896000,0.22891481
-49.887000,0.22889868
-49.878000,0.22888203
-49.869000,0.22886486
-49.860000,0.22884717
-49.851000,0.22882896
-49.842000,0.22881023
-49.833000,0.22879097
-49.824000,0.22877120
-49.815000,0.22875090
-49.806000,0.22873008
-49.797000,0.22870874
-49.788000,0.22868687
-49.779000,0.22866449
-49.770000,0.22864158
-49.761000,0.22861815
-49.752000,0.22859419
-49.743000,0.22856972
-49.734000,0.22854472
-49.725000,0.22851920
-49.716000,0.22849316
-49.707000,0.22846660
-49.698000,0.22843951
-49.689000,0.22841190
-49.680000,0.22838377
-49.671000,0.22835512
-49.662000,0.22832594
-49.653000,0.22829624
-49.644000,0.22826602
-49.635000,0.22823527
-49.626000,0.22820400
-49.617000,0.22817221
-49.608000,0.22813990
-49.599000,0.22810706
-49.590000,0.22807370
-49.581000,0.22803981
-49.572000,0.22800541
-49.563000,0.22797048
-49.554000,0.22793502
-49.545000,0.22789905
-49.536000,0.22786255
-49.527000,0.22782552
-49.518000,0.22778797
-49.509000,0.22774990
-49.500000,0.22771131
-49.491000,0.22767219
-49.482000,0.22763255
-49.473000,0.22759239
-49.464000,0.22755170
-49.455000,0.22751049
-49.446000,0.22746875
-49.437000,0.22742649
-49.428000,0.22738371
-49.419000,0.22734040
-49.410000,0.22729657
-49.401000,0.22725221
-49.392000,0.22720734
-49.383000,0.22716193
-49.374000,0.22711601
-49.365000,0.22706956
-49.356000,0.22702258
-49.347000,0.22697508
-49.338000,0.22692706
-49.329000,0.22687852
-49.320000,0.22682945
-49.311000,0.22677985
-49.302000,0.22672973
-49.293000,0.22667909
-49.284000,0.22662793
-49.275000,0.22657624
-49.266000,0.22652402
-49.257000,0.22647128
-49.248000,0.22641802
-49.239000,0.22636423
-49.230000,0.22630992
-49.221000,0.22625509
-49.212000,0.22619973
-49.203000,0.22614385
-49.194000,0.22608744
-49.185000,0.22603051
-49.176000,0.22597305
-49.167000,0.22591507
-49.158000,0.22585657
-49.149000,0.22579754
-49.140000,0.22573799
-49.131000,0.22567791
-49.122000,0.22561731
-49.113000,0.22555619
-49.104000,0.22549454
-49.095000,0.22543237
-49.086000,0.22536967
-49.077000,0.22530645
-49.068000,0.22524271
-49.059000,0.22517844
-49.050000,0.22511365
-49.041000,0.22504833
-49.032000,0.22498249
-49.023000,0.22491613
-49.014000,0.22484924
-49.005000,0.22478183
-48.996000,0.22471389
-48.987000,0.22464543
-48.978000,0.22457645
-48.969000,0.22450694
-48.960000,0.22443691
-48.951000,0.22436635
-48.942000,0.22429527
-48.933000,0.22422367
-48.924000,0.22415154
-48.915000,0.22407889
-48.906000,0.22400572
-48.897000,0.22393202
-48.888000,0.22385780
-48.879000,0.22378305
-48.870000,0.22370779
-48.861000,0.22363199
-48.852000,0.22355568
-48.843000,0.22347884
-48.834000,0.22340148
-48.825000,0.22332359
-48.816000,0.22324518
-48.807000,0.22316625
-48.798000,0.22308679
-48.789000,0.22300681
-48.780000,0.22292631
-48.771000,0.22284529
-48.762000,0.22276374
-48.753000,0.22268167
-48.744000,0.22259907
-48.735000,0.22251596
-48.726000,0.22243232
-48.717000,0.22234815
-48.708000,0.22226347
-48.699000,0.22217826
-48.690000,0.22209253
-48.681000,0.22200627
-48.672000,0.22191949
-48.663000,0.22183219
-48.654000,0.22174437
-48.645000,0.22165603
-48.636000,0.22156716
-48.627000,0.22147777
-48.618000,0.22138786
-48.609000,0.22129743
-48.600000,0.22120647
-48.591000,0.22111499
-48.582000,0.22102299
-48.573000,0.22093047
-48.564000,0.22083743
-48.555000,0.22074386
-48.546000,0.22064977
-48.537000,0.22055516
-48.528000,0.22046003
-48.519000,0.22036438
-48.510000,0.22026821
-48.501000,0.22017151
-48.492000,0.22007429
-48.483000,0.21997655
-48.474000,0.21987830
-48.465000,0.21977951
-48.456000,0.21968021
-48.447000,0.21958039
-48.438000,0.21948005
-48.429000,0.21937918
-48.420000,0.21927779
-48.411000,0.21917589
-48.402000,0.21907346
-48.393000,0.21897051
-48.384000,0.21886705
-48.375000,0.21876306
-48.366000,0.21865855
-48.357000,0.21855352
-48.348000,0.21844797
-48.339000,0.21834190
-48.330000,0.21823531
-48.321000,0.21812820
-48.312000,0.21802057
-48.303000,0.21791243
-48.294000,0.21780376
-48.285000,0.21769457
-48.276000,0.21758486
-48.267000,0.21747464
-48.258000,0.21736389
-48.249000,0.21725263
-48.240000,0.21714084
-48.231000,0.21702854
-48.222000,0.21691572
-48.213000,0.21680238
-48.204000,0.21668852
-48.195000,0.21657414
-48.186000,0.21645924
-48.177000,0.21634383
-48.168000,0.21622790
-48.159000,0.21611144
-48.150000,0.21599448
-48.141000,0.21587699
-48.132000,0.21575898
-48.123000,0.21564046
-48.114000,0.21552142
-48.105000,0.21540186
-48.096000,0.21528179
-48.087000,0.21516119
-48.078000,0.21504008
-48.069000,0.21491846
-48.060000,0.21479631
-48.051000,0.21467365
-48.042000,0.21455047
-48.033000,0.21442678
-48.024000,0.21430257
-48.015000,0.21417784
-48.006000,0.21405260
-47.997000,0.21392684
-47.988000,0.21380056
-47.979000,0.21367377
-47.970000,0.21354647
-47.961000,0.21341864
-47.952000,0.21329030
-47.943000,0.21316145
-47.934000,0.21303208
-47.925000,0.21290220
-47.916000,0.21277180
-47.907000,0.21264088
-47.898000,0.21250945
-47.889000,0.21237751
-47.880000,0.21224505
-47.871000,0.21211208
-47.862000,0.21197859
-47.853000,0.21184459
-47.844000,0.21171007
-47.835000,0.21157504
-47.826000,0.21143950
-47.817000,0.21130344
-47.808000,0.21116687
-47.799000,0.21102979
-47.790000,0.21089219
-47.781000,0.21075409
-47.772000,0.21061546
-47.763000,0.21047633
-47.754000,0.21033668
-47.745000,0.21019652
-47.736000,0.21005585
-47.727000,0.20991466
-47.718000,0.20977296
-47.709000,0.20963075
-47.700000,0.20948803
-47.691000,0.20934480
-47.682000,0.20920106
-47.673000,0.20905680
-47.664000,0.20891204
-47.655000,0.20876676
-47.646000,0.20862097
-47.637000,0.20847467
-47.628000,0.20832786
-47.619000,0.20818054
-47.610000,0.20803271
-47.601000,0.20788437
-47.592000,0.20773552
-47.583000,0.20758616
-47.574000,0.20743629
-47.565000,0.20728591
-47.556000,0.20713502
-47.547000,0.20698363
-47.538000,0.20683172
-47.529000,0.20667930
-47.520000,0.20652638
-47.511000,0.20637295
-47.502000,0.20621901
-47.493000,0.20606456
-47.484000,0.20590960
-47.475000,0.20575414
-47.466000,0.20559816
-47.457000,0.20544168
-47.448000,0.20528470
-47.439000,0.20512720
-47.430000,0.20496920
-47.421000,0.20481069
-47.412000,0.20465168
-47.403000,0.20449216
-47.394000,0.20433213
-47.385000,0.20417159
-47.376000,0.20401055
-47.367000,0.20384901
-47.358000,0.20368696
-47.349000,0.20352440
-47.340000,0.20336134
-47.331000,0.20319777
-47.322000,0.20303370
-47.313000,0.20286912
-47.304000,0.20270404
-47.295000,0.20253846
-47.286000,0.20237237
-47.277000,0.20220578
-47.268000,0.20203868
-47.259000,0.20187108
-47.250000,0.20170297
-47.241000,0.20153437
-47.232000,0.20136526
-47.223000,0.20119564
-47.214000,0.20102553
-47.205000,0.20085491
-47.196000,0.20068379
-47.187000,0.20051217
-47.178000,0.20034004
-47.169000,0.20016742
-47.160000,0.19999429
-47.151000,0.19982066
-47.142000,0.19964653
-47.133000,0.19947190
-47.124000,0.19929677
-47.115000,0.19912114
-47.106000,0.19894501
-47.097000,0.19876838
-47.088000,0.19859124
-47.079000,0.19841361
-47.070000,0.19823548
-47.061000,0.19805685
-47.052000,0.19787772
-47.043000,0.19769809
-47.034000,0.19751797
-47.025000,0.19733734
-47.016000,0.19715622
-47.007000,0.19697460
-46.998000,0.19679248
-46.989000,0.19660986
-46.980000,0.19642675
-46.971000,0.19624313
-46.962000,0.19605903
-46.953000,0.19587442
-46.944000,0.19568932
-46.935000,0.19550372
-46.926000,0.19531763
-46.917000,0.19513104
-46.908000,0.19494395
-46.899000,0.19475637
-46.890000,0.19456829
-46.881000,0.19437972
-46.872000,0.19419065
-46.863000,0.19400109
-46.854000,0.19381104
-46.845000,0.19362049
-46.836000,0.19342945
-46.827000,0.19323791
-46.818000,0.19304588
-46.809000,0.19285335
-46.800000,0.19266034
-46.791000,0.19246683
-46.782000,0.19227283
-46.773000,0.19207833
-46.764000,0.19188334
-46.755000,0.19168787
-46.746000,0.19149190
-46.737000,0.19129543
-46.728000,0.19109848
-46.719000,0.19090104
-46.710000,0.19070310
-46.701000,0.19050468
-46.692000,0.19030576
-46.683000,0.19010636
-46.674000,0.18990646
-46.665000,0.18970608
-46.656000,0.18950520
-46.647000,0.18930384
-46.638000,0.18910199
-46.629000,0.18889965
-46.620000,0.18869682
-46.611000,0.18849350
-46.602000,0.18828970
-46.593000,0.18808541
-46.584000,0.18788063
-46.575000,0.18767536
-46.566000,0.18746961
-46.557000,0.18726337
-46.548000,0.18705664
-46.539000,0.18684943
-46.530000,0.18664173
-46.521000,0.18643354
-46.512000,0.18622487
-46.503000,0.18601572
-46.494000,0.18580608
-46.485000,0.18559595
-46.476000,0.18538535
-46.467000,0.18517425
-46.458000,0.18496268
-46.449000,0.18475062
-46.440000,0.18453807
-46.431000,0.18432504
-46.422000,0.18411153
-46.413000,0.18389754
-46.404000,0.18368307
-46.395000,0.18346811
-46.386000,0.18325267
-46.377000,0.18303675
-46.368000,0.18282035
-46.359000,0.18260347
-46.350000,0.18238610
-46.341000,0.18216826
-46.332000,0.18194993
-46.323000,0.18173113
-46.314000,0.18151185
-46.305000,0.18129208
-46.296000,0.18107184
-46.287000,0.18085112
-46.278000,0.18062992
-46.269000,0.18040824
-46.260000,0.18018608
-46.251000,0.17996345
-46.242000,0.17974034
-46.233000,0.17951675
-46.224000,0.17929268
-46.215000,0.17906814
-46.206000,0.17884312
-46.197000,0.17861762
-46.188000,0.17839165
-46.179000,0.17816520
-46.170000,0.17793828
-46.161000,0.17771088
-46.152000,0.17748300
-46.143000,0.17725466
-46.134000,0.17702584
-46.125000,0.17679654
-46.116000,0.17656677
-46.107000,0.17633653
-46.098000,0.17610581
-46.089000,0.17587462
-46.080000,0.17564296
-46.071000,0.17541082
-46.062000,0.17517822
-46.053000,0.17494514
-46.044000,0.17471159
-46.035000,0.17447757
-46.026000,0.17424308
-46.017000,0.17400812
-46.008000,0.17377268
-45.999000,0.17353678
-45.990000,0.17330041
-45.981000,0.17306357
-45.972000,0.17282626
-45.963000,0.17258848
-45.954000,0.17235023
-45.945000,0.17211151
-45.936000,0.17187233
-45.927000,0.17163267
-45.918000,0.17139255
-45.909000,0.17115197
-45.900000,0.17091091
-45.891000,0.17066939
-45.882000,0.17042741
-45.873000,0.17018496
-45.864000,0.16994204
-45.855000,0.16969865
-45.846000,0.16945481
-45.837000,0.16921049
-45.828000,0.16896572
-45.819000,0.16872047
-45.810000,0.16847477
-45.801000,0.16822860
-45.792000,0.16798197
-45.783000,0.16773487
-45.774000,0.16748732
-45.765000,0.16723930
-45.756000,0.16699081
-45.747000,0.16674187
-45.738000,0.16649247
-45.729000,0.16624260
-45.720000,0.16599227
-45.711000,0.16574149
-45.702000,0.16549024
-45.693000,0.16523853
-45.684000,0.16498636
-45.675000,0.16473374
-45.666000,0.16448065
-45.657000,0.16422711
-45.648000,0.16397311
-45.639000,0.16371865
-45.630000,0.16346373
-45.621000,0.16320836
-45.612000,0.16295252
-45.603000,0.16269624
-45.594000,0.16243949
-45.585000,0.16218229
-45.576000,0.16192463
-45.567000,0.16166652
-45.558000,0.16140796
-45.549000,0.16114893
-45.540000,0.16088946
-45.531000,0.16062953
-45.522000,0.16036914
-45.513000,0.16010831
-45.504000,0.15984701
-45.495000,0.15958527
-45.486000,0.15932307
-45.477000,0.15906043
-45.468000,0.15879733
-45.459000,0.15853377
-45.450000,0.15826977
-45.441000,0.15800532
-45.432000,0.15774041
-45.423000,0.15747506
-45.414000,0.15720925
-45.405000,0.15694300
-45.396000,0.15667630
-45.387000,0.15640914
-45.378000,0.15614154
-45.369000,0.15587349
-45.360000,0.15560500
-45.351000,0.15533605
-45.342000,0.15506666
-45.333000,0.15479682
-45.324000,0.15452653
-45.315000,0.15425580
-45.306000,0.15398463
-45.297000,0.15371300
-45.288000,0.15344093
-45.279000,0.15316842
-45.270000,0.15289546
-45.261000,0.15262206
-45.252000,0.15234821
-45.243000,0.15207393
-45.234000,0.15179919
-45.225000,0.15152402
-45.216000,0.15124840
-45.207000,0.15097234
-45.198000,0.15069584
-45.189000,0.15041889
-45.180000,0.15014151
-45.171000,0.14986368
-45.162000,0.14958542
-45.153000,0.14930671
-45.144000,0.14902757
-45.135000,0.14874798
-45.126000,0.14846796
-45.117000,0.14818749
-45.108000,0.14790659
-45.099000,0.14762525
-45.090000,0.14734348
-45.081000,0.14706126
-45.072000,0.14677861
-45.063000,0.14649552
-45.054000,0.14621200
-45.045000,0.14592804
-45.036000,0.14564364
-45.027000,0.14535881
-45.018000,0.14507355
-45.009000,0.14478785
-45.000000,0.14450171
-44.991000,0.14421515
-44.982000,0.14392814
-44.973000,0.14364071
-44.964000,0.14335284
-44.955000,0.14306454
-44.946000,0.14277581
-44.937000,0.14248665
-44.928000,0.14219705
-44.919000,0.14190703
-44.910000,0.14161657
-44.901000,0.14132569
-44.892000,0.14103437
-44.883000,0.14074263
-44.874000,0.14045045
-44.865000,0.14015785
-44.856000,0.13986482
-44.847000,0.13957136
-44.838000,0.13927747
-44.829000,0.13898316
-44.820000,0.13868841
-44.811000,0.13839325
-44.802000,0.13809765
-44.793000,0.13780163
-44.784000,0.13750519
-44.775000,0.13720832
-44.766000,0.13691102
-44.757000,0.13661330
-44.748000,0.13631516
-44.739000,0.13601659
-44.730000,0.13571760
-44.721000,0.13541819
-44.712000,0.13511835
-44.703000,0.13481810
-44.694000,0.13451742
-44.685000,0.13421632
-44.676000,0.13391480
-44.667000,0.13361285
-44.658000,0.13331049
-44.649000,0.13300771
-44.640000,0.13270451
-44.631000,0.13240089
-44.622000,0.13209685
-44.613000,0.13179239
-44.604000,0.13148751
-44.595000,0.13118222
-44.586000,0.13087651
-44.577000,0.13057038
-44.568000,0.13026384
-44.559000,0.12995688
-44.550000,0.12964950
-44.541000,0.12934171
-44.532000,0.12903350
-44.523000,0.12872488
-44.514000,0.12841585
-44.505000,0.12810640
-44.496000,0.12779654
-44.487000,0.12748626
-44.478000,0.12717558
-44.469000,0.12686448
-44.460000,0.12655296
-44.451000,0.12624104
-44.442000,0.12592871
-44.433000,0.12561596
-44.424000,0.12530281
-44.415000,0.12498924
-44.406000,0.12467527
-44.397000,0.12436088
-44.388000,0.12404609
-44.379000,0.12373089
-44.370000,0.12341528
-44.361000,0.12309926
-44.352000,0.12278284
-44.343000,0.12246601
-44.334000,0.12214877
-44.325000,0.12183113
-44.316000,0.12151308
-44.307000,0.12119463
-44.298000,0.12087577
-44.289000,0.12055651
-44.280000,0.12023684
-44.271000,0.11991677
-44.262000,0.11959630
-44.253000,0.11927542
-44.244000,0.11895414
-44.235000,0.11863246
-44.226000,0.11831038
-44.217000,0.11798790
-44.208000,0.11766501
-44.199000,0.11734173
-44.190000,0.11701804
-44.181000,0.11669395
-44.172000,0.11636947
-44.163000,0.11604459
-44.154000,0.11571931
-44.145000,0.11539363
-44.136000,0.11506755
-44.127000,0.11474108
-44.118000,0.11441420
-44.109000,0.11408694
-44.100000,0.11375927
-44.091000,0.11343121
-44.082000,0.11310276
-44.073000,0.11277391
-44.064000,0.11244467
-44.055000,0.11211503
-44.046000,0.11178500
-44.037000,0.11145457
-44.028000,0.11112376
-44.019000,0.11079255
-44.010000,0.11046094
-44.001000,0.11012895
-43.992000,0.10979657
-43.983000,0.10946379
-43.974000,0.10913063
-43.965000,0.10879707
-43.956000,0.10846313
-43.947000,0.10812879
-43.938000,0.10779407
-43.929000,0.10745896
-43.920000,0.10712346
-43.911000,0.10678758
-43.902000,0.10645130
-43.893000,0.10611464
-43.884000,0.10577760
-43.875000,0.10544016
-43.866000,0.10510235
-43.857000,0.10476415
-43.848000,0.10442556
-43.839000,0.10408659
-43.830000,0.10374723
-43.821000,0.10340750
-43.812000,0.10306738
-43.803000,0.10272687
-43.794000,0.10238599
-43.785000,0.10204472
-43.776000,0.10170307
-43.767000,0.10136105
-43.758000,0.10101864
-43.749000,0.10067585
-43.740000,0.10033268
-43.731000,0.09998913
-43.722000,0.09964521
-43.713000,0.09930090
-43.704000,0.09895622
-43.695000,0.09861116
-43.686000,0.09826572
-43.677000,0.09791991
-43.668000,0.09757372
-43.659000,0.09722716
-43.650000,0.09688022
-43.641000,0.09653290
-43.632000,0.09618521
-43.623000,0.09583715
-43.614000,0.09548871
-43.605000,0.09513990
-43.596000,0.09479072
-43.587000,0.09444116
-43.578000,0.09409124
-43.569000,0.09374094
-43.560000,0.09339027
-43.551000,0.09303923
-43.542000,0.09268782
-43.533000,0.09233604
-43.524000,0.09198389
-43.515000,0.09163137
-43.506000,0.09127848
-43.497000,0.09092523
-43.488000,0.09057161
-43.479000,0.09021762
-43.470000,0.08986326
-43.461000,0.08950854
-43.452000,0.08915345
-43.443000,0.08879800
-43.434000,0.08844218
-43.425000,0.08808600
-43.416000,0.08772945
-43.407000,0.08737254
-43.398000,0.08701526
-43.389000,0.08665763
-43.380000,0.08629963
-43.371000,0.08594127
-43.362000,0.08558254
-43.353000,0.08522346
-43.344000,0.08486402
-43.335000,0.08450421
-43.326000,0.08414405
-43.317000,0.08378352
-43.308000,0.08342264
-43.299000,0.08306140
-43.290000,0.08269980
-43.281000,0.08233784
-43.272000,0.08197553
-43.263000,0.08161286
-43.254000,0.08124983
-43.245000,0.08088645
-43.236000,0.08052271
-43.227000,0.08015862
-43.218000,0.07979417
-43.209000,0.07942937
-43.200000,0.07906422
-43.191000,0.07869871
-43.182000,0.07833285
-43.173000,0.07796664
-43.164000,0.07760007
-43.155000,0.07723316
-43.146000,0.07686589
-43.137000,0.07649827
-43.128000,0.07613030
-43.119000,0.07576199
-43.110000,0.07539332
-43.101000,0.07502431
-43.092000,0.07465494
-43.083000,0.07428523
-43.074000,0.07391517
-43.065000,0.07354477
-43.056000,0.07317402
-43.047000,0.07280292
-43.038000,0.07243147
-43.029000,0.07205969
-43.020000,0.07168755
-43.011000,0.07131508
-43.002000,0.07094225
-42.993000,0.07056909
-42.984000,0.07019558
-42.975000,0.06982173
-42.966000,0.06944754
-42.957000,0.06907301
-42.948000,0.06869813
-42.939000,0.06832292
-42.930000,0.06794736
-42.921000,0.06757147
-42.912000,0.06719523
-42.903000,0.06681866
-42.894000,0.06644175
-42.885000,0.06606450
-42.876000,0.06568691
-42.867000,0.06530899
-42.858000,0.06493073
-42.849000,0.06455213
-42.840000,0.06417320
-42.831000,0.06379393
-42.822000,0.06341433
-42.813000,0.06303440
-42.804000,0.06265413
-42.795000,0.06227352
-42.786000,0.06189259
-42.777000,0.06151132
-42.768000,0.06112972
-42.759000,0.06074778
-42.750000,0.06036552
-42.741000,0.05998293
-42.732000,0.05960000
-42.723000,0.05921675
-42.714000,0.05883316
-42.705000,0.05844925
-42.696000,0.05806501
-42.687000,0.05768044
-42.678000,0.05729555
-42.669000,0.05691032
-42.660000,0.05652478
-42.651000,0.05613890
-42.642000,0.05575270
-42.633000,0.05536617
-42.624000,0.05497932
-42.615000,0.05459215
-42.606000,0.05420465
-42.597000,0.05381683
-42.588000,0.05342868
-42.579000,0.05304022
-42.570000,0.05265143
-42.561000,0.05226232
-42.552000,0.05187289
-42.543000,0.05148313
-42.534000,0.05109306
-42.525000,0.05070267
-42.516000,0.05031196
-42.507000,0.04992093
-42.498000,0.04952958
-42.489000,0.04913792
-42.480000,0.04874594
-42.471000,0.04835364
-42.462000,0.04796102
-42.453000,0.04756809
-42.444000,0.04717484
-42.435000,0.04678128
-42.426000,0.04638741
-42.417000,0.04599322
-42.408000,0.04559871
-42.399000,0.04520390
-42.390000,0.04480877
-42.381000,0.04441332
-42.372000,0.04401757
-42.363000,0.04362151
-42.354000,0.04322513
-42.345000,0.04282845
-42.336000,0.04243145
-42.327000,0.04203415
-42.318000,0.04163653
-42.309000,0.04123861
-42.300000,0.04084038
-42.291000,0.04044185
-42.282000,0.04004300
-42.273000,0.03964385
-42.264000,0.03924440
-42.255000,0.03884463
-42.246000,0.03844457
-42.237000,0.03804420
-42.228000,0.03764352
-42.219000,0.03724254
-42.210000,0.03684126
-42.201000,0.03643967
-42.192000,0.03603778
-42.183000,0.03563559
-42.174000,0.03523310
-42.165000,0.03483031
-42.156000,0.03442722
-42.147000,0.03402383
-42.138000,0.03362014
-42.129000,0.03321615
-42.120000,0.03281186
-42.111000,0.03240727
-42.102000,0.03200239
-42.093000,0.03159720
-42.084000,0.03119173
-42.075000,0.03078595
-42.066000,0.03037988
-42.057000,0.02997352
-42.048000,0.02956686
-42.039000,0.02915990
-42.030000,0.02875266
-42.021000,0.02834511
-42.012000,0.02793728
-42.003000,0.02752915
-41.994000,0.02712074
-41.985000,0.02671203
-41.976000,0.02630303
-41.967000,0.02589374
-41.958000,0.02548416
-41.949000,0.02507429
-41.940000,0.02466413
-41.931000,0.02425368
-41.922000,0.02384294
-41.913000,0.02343192
-41.904000,0.02302061
-41.895000,0.02260901
-41.886000,0.02219713
-41.877000,0.02178496
-41.868000,0.02137251
-41.859000,0.02095977
-41.850000,0.02054675
-41.841000,0.02013344
-41.832000,0.01971985
-41.823000,0.01930598
-41.814000,0.01889183
-41.805000,0.01847739
-41.796000,0.01806267
-41.787000,0.01764768
-41.778000,0.01723240
-41.769000,0.01681684
-41.760000,0.01640100
-41.751000,0.01598488
-41.742000,0.01556849
-41.733000,0.01515181
-41.724000,0.01473486
-41.715000,0.01431764
-41.706000,0.01390013
-41.697000,0.01348235
-41.688000,0.01306429
-41.679000,0.01264596
-41.670000,0.01222736
-41.661000,0.01180848
-41.652000,0.01138933
-41.643000,0.01096990
-41.634000,0.01055020
-41.625000,0.01013023
-41.616000,0.00970999
-41.607000,0.00928947
-41.598000,0.00886869
-41.589000,0.00844763
-41.580000,0.00802631
-41.571000,0.00760471
-41.562000,0.00718285
-41.553000,0.00676072
-41.544000,0.00633832
-41.535000,0.00591565
-41.526000,0.00549272
-41.517000,0.00506952
-41.508000,0.00464605
-41.499000,0.00422232
-41.490000,0.00379833
-41.481000,0.00337407
-41.472000,0.00294954
-41.463000,0.00252475
-41.454000,0.00209970
-41.445000,0.00167439
-41.436000,0.00124881
-41.427000,0.00082298
-41.418000,0.00039688
-41.409000,0.00002948
-41.400000,0.00045610
-41.391000,0.00088298
-41.382000,0.00131011
-41.373000,0.00173751
-41.364000,0.00216516
-41.355000,0.00259308
-41.346000,0.00302124
-41.337000,0.00344967
-41.328000,0.00387835
-41.319000,0.00430729
-41.310000,0.00473648
-41.301000,0.00516593
-41.292000,0.00559563
-41.283000,0.00602558
-41.274000,0.00645579
-41.265000,0.00688625
-41.256000,0.00731697
-41.247000,0.00774793
-41.238000,0.00817915
-41.229000,0.00861062
-41.220000,0.00904234
-41.211000,0.00947430
-41.202000,0.00990652
-41.193000,0.01033899
-41.184000,0.01077170
-41.175000,0.01120466
-41.166000,0.01163787
-41.157000,0.01207133
-41.148000,0.01250503
-41.139000,0.01293898
-41.130000,0.01337318
-41.121000,0.01380761
-41.112000,0.01424230
-41.103000,0.01467723
-41.094000,0.01511240
-41.085000,0.01554781
-41.076000,0.01598347
-41.067000,0.01641937
-41.058000,0.01685551
-41.049000,0.01729189
-41.040000,0.01772851
-41.031000,0.01816537
-41.022000,0.01860247
-41.013000,0.01903982
-41.004000,0.01947739
-40.995000,0.01991521
-40.986000,0.02035327
-40.977000,0.02079156
-40.968000,0.02123009
-40.959000,0.02166885
-40.950000,0.02210785
-40.941000,0.02254709
-40.932000,0.02298656
-40.923000,0.02342626
-40.914000,0.02386620
-40.905000,0.02430637
-40.896000,0.02474678
-40.887000,0.02518742
-40.878000,0.02562828
-40.869000,0.02606938
-40.860000,0.02651071
-40.851000,0.02695227
-40.842000,0.02739406
-40.833000,0.02783608
-40.824000,0.02827833
-40.815000,0.02872081
-40.806000,0.02916351
-40.797000,0.02960645
-40.788000,0.03004960
-40.779000,0.03049299
-40.770000,0.03093660
-40.761000,0.03138044
-40.752000,0.03182450
-40.743000,0.03226878
-40.734000,0.03271329
-40.725000,0.03315802
-40.716000,0.03360298
-40.707000,0.03404816
-40.698000,0.03449356
-40.689000,0.03493918
-40.680000,0.03538502
-40.671000,0.03583108
-40.662000,0.03627737
-40.653000,0.03672387
-40.644000,0.03717059
-40.635000,0.03761753
-40.626000,0.03806469
-40.617000,0.03851206
-40.608000,0.03895965
-40.599000,0.03940746
-40.590000,0.03985549
-40.581000,0.04030373
-40.572000,0.04075218
-40.563000,0.04120085
-40.554000,0.04164974
-40.545000,0.04209883
-40.536000,0.04254814
-40.527000,0.04299767
-40.518000,0.04344740
-40.509000,0.04389735
-40.500000,0.04434751
-40.491000,0.04479787
-40.482000,0.04524845
-40.473000,0.04569924
-40.464000,0.04615024
-40.455000,0.04660144
-40.446000,0.04705286
-40.437000,0.04750448
-40.428000,0.04795631
-40.419000,0.04840834
-40.410000,0.04886058
-40.401000,0.04931303
-40.392000,0.04976568
-40.383000,0.05021854
-40.374000,0.05067160
-40.365000,0.05112487
-40.356000,0.05157833
-40.347000,0.05203201
-40.338000,0.05248588
-40.329000,0.05293995
-40.320000,0.05339423
-40.311000,0.05384871
-40.302000,0.05430338
-40.293000,0.05475826
-40.284000,0.05521334
-40.275000,0.05566861
-40.266000,0.05612408
-40.257000,0.05657975
-40.248000,0.05703562
-40.239000,0.05749169
-40.230000,0.05794795
-40.221000,0.05840441
-40.212000,0.05886106
-40.203000,0.05931791
-40.194000,0.05977495
-40.185000,0.06023218
-40.176000,0.06068961
-40.167000,0.06114723
-40.158000,0.06160505
-40.149000,0.06206306
-40.140000,0.06252125
-40.131000,0.06297964
-40.122000,0.06343822
-40.113000,0.06389699
-40.104000,0.06435595
-40.095000,0.06481509
-40.086000,0.06527443
-40.077000,0.06573395
-40.068000,0.06619366
-40.059000,0.06665356
-40.050000,0.06711365
-40.041000,0.06757392
-40.032000,0.06803437
-40.023000,0.06849501
-40.014000,0.06895584
-40.005000,0.06941685
-39.996000,0.06987804
-39.987000,0.07033942
-39.978000,0.07080098
-39.969000,0.07126272
-39.960000,0.07172464
-39.951000,0.07218674
-39.942000,0.07264903
-39.933000,0.07311149
-39.924000,0.07357413
-39.915000,0.07403695
-39.906000,0.07449996
-39.897000,0.07496314
-39.888000,0.07542649
-39.879000,0.07589003
-39.870000,0.07635374
-39.861000,0.07681762
-39.852000,0.07728169
-39.843000,0.07774592
-39.834000,0.07821034
-39.825000,0.07867492
-39.816000,0.07913968
-39.807000,0.07960462
-39.798000,0.08006972
-39.789000,0.08053500
-39.780000,0.08100045
-39.771000,0.08146607
-39.762000,0.08193186
-39.753000,0.08239783
-39.744000,0.08286396
-39.735000,0.08333026
-39.726000,0.08379673
-39.717000,0.08426337
-39.708000,0.08473017
-39.699000,0.08519715
-39.690000,0.08566429
-39.681000,0.08613159
-39.672000,0.08659907
-39.663000,0.08706671
-39.654000,0.08753451
-39.645000,0.08800248
-39.636000,0.08847061
-39.627000,0.08893890
-39.618000,0.08940736
-39.609000,0.08987598
-39.600000,0.09034476
-39.591000,0.09081370
-39.582000,0.09128281
-39.573000,0.09175207
-39.564000,0.09222150
-39.555000,0.09269108
-39.546000,0.09316082
-39.537000,0.09363072
-39.528000,0.09410078
-39.519000,0.09457100
-39.510000,0.09504138
-39.501000,0.09551191
-39.492000,0.09598259
-39.483000,0.09645343
-39.474000,0.09692443
-39.465000,0.09739558
-39.456000,0.09786689
-39.447000,0.09833835
-39.438000,0.09880996
-39.429000,0.09928173
-39.420000,0.09975365
-39.411000,0.10022572
-39.402000,0.10069794
-39.393000,0.10117031
-39.384000,0.10164283
-39.375000,0.10211550
-39.366000,0.10258832
-39.357000,0.10306129
-39.348000,0.10353441
-39.339000,0.10400767
-39.330000,0.10448108
-39.321000,0.10495464
-39.312000,0.10542835
-39.303000,0.10590220
-39.294000,0.10637619
-39.285000,0.10685034
-39.276000,0.10732462
-39.267000,0.10779905
-39.258000,0.10827362
-39.249000,0.10874834
-39.240000,0.10922320
-39.231000,0.10969820
-39.222000,0.11017334
-39.213000,0.11064862
-39.204000,0.11112405
-39.195000,0.11159961
-39.186000,0.11207531
-39.177000,0.11255115
-39.168000,0.11302713
-39.159000,0.11350325
-39.150000,0.11397951
-39.141000,0.11445590
-39.132000,0.11493243
-39.123000,0.11540910
-39.114000,0.11588590
-39.105000,0.11636283
-39.096000,0.11683990
-39.087000,0.11731711
-39.078000,0.11779445
-39.069000,0.11827192
-39.060000,0.11874952
-39.051000,0.11922726
-39.042000,0.11970513
-39.033000,0.12018313
-39.024000,0.12066126
-39.015000,0.12113952
-39.006000,0.12161791
-38.997000,0.12209643
-38.988000,0.12257508
-38.979000,0.12305386
-38.970000,0.12353276
-38.961000,0.12401180
-38.952000,0.12449096
-38.943000,0.12497024
-38.934000,0.12544965
-38.925000,0.12592919
-38.916000,0.12640885
-38.907000,0.12688864
-38.898000,0.12736855
-38.889000,0.12784858
-38.880000,0.12832874
-38.871000,0.12880902
-38.862000,0.12928942
-38.853000,0.12976995
-38.844000,0.13025059
-38.835000,0.13073136
-38.826000,0.13121224
-38.817000,0.13169325
-38.808000,0.13217437
-38.799000,0.13265562
-38.790000,0.13313698
-38.781000,0.13361846
-38.772000,0.13410006
-38.763000,0.13458177
-38.754000,0.13506360
-38.745000,0.13554554
-38.736000,0.13602761
-38.727000,0.13650978
-38.718000,0.13699207
-38.709000,0.13747448
-38.700000,0.13795699
-38.691000,0.13843962
-38.682000,0.13892237
-38.673000,0.13940522
-38.664000,0.13988819
-38.655000,0.14037127
-38.646000,0.14085446
-38.637000,0.14133776
-38.628000,0.14182116
-38.619000,0.14230468
-38.610000,0.14278831
-38.601000,0.14327204
-38.592000,0.14375588
-38.583000,0.14423983
-38.574000,0.14472389
-38.565000,0.14520805
-38.556000,0.14569232
-38.547000,0.14617669
-38.538000,0.14666117
-38.529000,0.14714575
-38.520000,0.14763044
-38.511000,0.14811523
-38.502000,0.14860012
-38.493000,0.14908512
-38.484000,0.14957022
-38.475000,0.15005542
-38.466000,0.15054072
-38.457000,0.15102612
-38.448000,0.15151162
-38.439000,0.15199722
-38.430000,0.15248292
-38.421000,0.15296872
-38.412000,0.15345462
-38.403000,0.15394061
-38.394000,0.15442670
-38.385000,0.15491289
-38.376000,0.15539918
-38.367000,0.15588556
-38.358000,0.15637203
-38.349000,0.15685860
-38.340000,0.15734527
-38.331000,0.15783203
-38.322000,0.15831888
-38.313000,0.15880583
-38.304000,0.15929287
-38.295000,0.15978000
-38.286000,0.16026722
-38.277000,0.16075453
-38.268000,0.16124194
-38.259000,0.16172943
-38.250000,0.16221702
-38.241000,0.16270469
-38.232000,0.16319245
-38.223000,0.16368030
-38.214000,0.16416824
-38.205000,0.16465627
-38.196000,0.16514438
-38.187000,0.16563258
-38.178000,0.16612086
-38.169000,0.16660923
-38.160000,0.16709769
-38.151000,0.16758623
-38.142000,0.16807486
-38.133000,0.16856356
-38.124000,0.16905235
-38.115000,0.16954123
-38.106000,0.17003018
-38.097000,0.17051922
-38.088000,0.17100834
-38.079000,0.17149754
-38.070000,0.17198682
-38.061000,0.17247618
-38.052000,0.17296562
-38.043000,0.17345514
-38.034000,0.17394474
-38.025000,0.17443441
-38.016000,0.17492417
-38.007000,0.17541400
-37.998000,0.17590390
-37.989000,0.17639389
-37.980000,0.17688394
-37.971000,0.17737408
-37.962000,0.17786429
-37.953000,0.17835457
-37.944000,0.17884493
-37.935000,0.17933536
-37.926000,0.17982586
-37.917000,0.18031644
-37.908000,0.18080708
-37.899000,0.18129780
-37.890000,0.18178859
-37.881000,0.18227945
-37.872000,0.18277038
-37.863000,0.18326139
-37.854000,0.18375246
-37.845000,0.18424359
-37.836000,0.18473480
-37.827000,0.18522608
-37.818000,0.18571742
-37.809000,0.18620883
-37.800000,0.18670030
-37.791000,0.18719185
-37.782000,0.18768345
-37.773000,0.18817512
-37.764000,0.18866686
-37.755000,0.18915866
-37.746000,0.18965053
-37.737000,0.19014246
-37.728000,0.19063445
-37.719000,0.19112650
-37.710000,0.19161862
-37.701000,0.19211079
-37.692000,0.19260303
-37.683000,0.19309533
-37.674000,0.19358769
-37.665000,0.19408010
-37.656000,0.19457258
-37.647000,0.19506512
-37.638000,0.19555771
-37.629000,0.19605036
-37.620000,0.19654307
-37.611000,0.19703584
-37.602000,0.19752866
-37.593000,0.19802154
-37.584000,0.19851447
-37.575000,0.19900746
-37.566000,0.19950050
-37.557000,0.19999360
-37.548000,0.20048675
-37.539000,0.20097995
-37.530000,0.20147321
-37.521000,0.20196652
-37.512000,0.20245988
-37.503000,0.20295329
-37.494000,0.20344676
-37.485000,0.20394027
-37.476000,0.20443384
-37.467000,0.20492745
-37.458000,0.20542111
-37.449000,0.20591482
-37.440000,0.20640858
-37.431000,0.20690239
-37.422000,0.20739625
-37.413000,0.20789015
-37.404000,0.20838410
-37.395000,0.20887809
-37.386000,0.20937213
-37.377000,0.20986621
-37.368000,0.21036034
-37.359000,0.21085452
-37.350000,0.21134873
-37.341000,0.21184300
-37.332000,0.21233730
-37.323000,0.21283165
-37.314000,0.21332603
-37.305000,0.21382046
-37.296000,0.21431493
-37.287000,0.21480944
-37.278000,0.21530400
-37.269000,0.21579859
-37.260000,0.21629322
-37.251000,0.21678789
-37.242000,0.21728259
-37.233000,0.21777734
-37.224000,0.21827212
-37.215000,0.21876694
-37.206000,0.21926180
-37.197000,0.21975669
-37.188000,0.22025162
-37.179000,0.22074658
-37.170000,0.22124158
-37.161000,0.22173662
-37.152000,0.22223168
-37.143000,0.22272678
-37.134000,0.22322192
-37.125000,0.22371708
-37.116000,0.22421228
-37.107000,0.22470751
-37.098000,0.22520277
-37.089000,0.22569806
-37.080000,0.22619339
-37.071000,0.22668874
-37.062000,0.22718412
-37.053000,0.22767953
-37.044000,0.22817497
-37.035000,0.22867044
-37.026000,0.22916593
-37.017000,0.22966146
-37.008000,0.23015701
-36.999000,0.23065258
-36.990000,0.23114819
-36.981000,0.23164381
-36.972000,0.23213947
-36.963000,0.23263515
-36.954000,0.23313085
-36.945000,0.23362657
-36.936000,0.23412232
-36.927000,0.23461809
-36.918000,0.23511389
-36.909000,0.23560971
-36.900000,0.23610554
-36.891000,0.23660140
-36.882000,0.23709728
-36.873000,0.23759318
-36.864000,0.23808911
-36.855000,0.23858505
-36.846000,0.23908100
-36.837000,0.23957698
-36.828000,0.24007298
-36.819000,0.24056899
-36.810000,0.24106502
-36.801000,0.24156107
-36.792000,0.24205713
-36.783000,0.24255321
-36.774000,0.24304931
-36.765000,0.24354542
-36.756000,0.24404155
-36.747000,0.24453769
-36.738000,0.24503384
-36.729000,0.24553001
-36.720000,0.24602619
-36.711000,0.24652238
-36.702000,0.24701858
-36.693000,0.24751480
-36.684000,0.24801103
-36.675000,0.24850727
-36.666000,0.24900352
-36.657000,0.24949977
-36.648000,0.24999604
-36.639000,0.25049232
-36.630000,0.25098861
-36.621000,0.25148490
-36.612000,0.25198120
-36.603000,0.25247751
-36.594000,0.25297383
-36.585000,0.25347015
-36.576000,0.25396648
-36.567000,0.25446282
-36.558000,0.25495916
-36.549000,0.25545551
-36.540000,0.25595186
-36.531000,0.25644821
-36.522000,0.25694457
-36.513000,0.25744093
-36.504000,0.25793729
-36.495000,0.25843366
-36.486000,0.25893002
-36.477000,0.25942639
-36.468000,0.25992276
-36.459000,0.26041913
-36.450000,0.26091550
-36.441000,0.26141188
-36.432000,0.26190825
-36.423000,0.26240461
-36.414000,0.26290098
-36.405000,0.26339735
-36.396000,0.26389371
-36.387000,0.26439007
-36.378000,0.26488643
-36.369000,0.26538278
-36.360000,0.26587913
-36.351000,0.26637548
-36.342000,0.26687182
-36.333000,0.26736816
-36.324000,0.26786449
-36.315000,0.26836081
-36.306000,0.26885713
-36.297000,0.26935344
-36.288000,0.26984974
-36.279000,0.27034604
-36.270000,0.27084232
-36.261000,0.27133860
-36.252000,0.27183487
-36.243000,0.27233113
-36.234000,0.27282738
-36.225000,0.27332362
-36.216000,0.27381985
-36.207000,0.27431607
-36.198000,0.27481228
-36.189000,0.27530847
-36.180000,0.27580466
-36.171000,0.27630083
-36.162000,0.27679698
-36.153000,0.27729313
-36.144000,0.27778926
-36.135000,0.27828537
-36.126000,0.27878147
-36.117000,0.27927756
-36.108000,0.27977363
-36.099000,0.28026968
-36.090000,0.28076572
-36.081000,0.28126174
-36.072000,0.28175774
-36.063000,0.28225373
-36.054000,0.28274970
-36.045000,0.28324565
-36.036000,0.28374158
-36.027000,0.28423749
-36.018000,0.28473338
-36.009000,0.28522925
-36.000000,0.28572510
-35.991000,0.28622093
-35.982000,0.28671674
-35.973000,0.28721253
-35.964000,0.28770829
-35.955000,0.28820404
-35.946000,0.28869976
-35.937000,0.28919545
-35.928000,0.28969113
-35.919000,0.29018677
-35.910000,0.29068240
-35.901000,0.29117800
-35.892000,0.29167357
-35.883000,0.29216912
-35.874000,0.29266464
-35.865000,0.29316014
-35.856000,0.29365561
-35.847000,0.29415105
-35.838000,0.29464646
-35.829000,0.29514185
-35.820000,0.29563720
-35.811000,0.29613253
-35.802000,0.29662783
-35.793000,0.29712310
-35.784000,0.29761834
-35.775000,0.29811355
-35.766000,0.29860873
-35.757000,0.29910387
-35.748000,0.29959899
-35.739000,0.30009407
-35.730000,0.30058912
-35.721000,0.30108414
-35.712000,0.30157912
-35.703000,0.30207407
-35.694000,0.30256898
-35.685000,0.30306387
-35.676000,0.30355871
-35.667000,0.30405352
-35.658000,0.30454830
-35.649000,0.30504304
-35.640000,0.30553774
-35.631000,0.30603241
-35.622000,0.30652704
-35.613000,0.30702163
-35.604000,0.30751618
-35.595000,0.30801070
-35.586000,0.30850518
-35.577000,0.30899961
-35.568000,0.30949401
-35.559000,0.30998837
-35.550000,0.31048269
-35.541000,0.31097696
-35.532000,0.31147120
-35.523000,0.31196539
-35.514000,0.31245954
-35.505000,0.31295365
-35.496000,0.31344772
-35.487000,0.31394174
-35.478000,0.31443572
-35.469000,0.31492966
-35.460000,0.31542355
-35.451000,0.31591740
-35.442000,0.31641120
-35.433000,0.31690496
-35.424000,0.31739867
-35.415000,0.31789234
-35.406000,0.31838596
-35.397000,0.31887953
-35.388000,0.31937306
-35.379000,0.31986653
-35.370000,0.32035996
-35.361000,0.32085334
-35.352000,0.32134667
-35.343000,0.32183996
-35.334000,0.32233319
-35.325000,0.32282637
-35.316000,0.32331951
-35.307000,0.32381259
-35.298000,0.32430562
-35.289000,0.32479860
-35.280000,0.32529152
-35.271000,0.32578440
-35.262000,0.32627722
-35.253000,0.32676999
-35.244000,0.32726271
-35.235000,0.32775537
-35.226000,0.32824798
-35.217000,0.32874053
-35.208000,0.32923303
-35.199000,0.32972547
-35.190000,0.33021786
-35.181000,0.33071019
-35.172000,0.33120247
-35.163000,0.33169469
-35.154000,0.33218685
-35.145000,0.33267895
-35.136000,0.33317100
-35.127000,0.33366299
-35.118000,0.33415492
-35.109000,0.33464679
-35.100000,0.33513860
-35.091000,0.33563035
-35.082000,0.33612204
-35.073000,0.33661367
-35.064000,0.33710524
-35.055000,0.33759675
-35.046000,0.33808820
-35.037000,0.33857958
-35.028000,0.33907090
-35.019000,0.33956216
-35.010000,0.34005336
-35.001000,0.34054449
-34.992000,0.34103556
-34.983000,0.34152657
-34.974000,0.34201751
-34.965000,0.34250838
-34.956000,0.34299919
-34.947000,0.34348994
-34.938000,0.34398062
-34.929000,0.34447123
-34.920000,0.34496177
-34.911000,0.34545225
-34.902000,0.34594266
-34.893000,0.34643301
-34.884000,0.34692328
-34.875000,0.34741349
-34.866000,0.34790363
-34.857000,0.34839369
-34.848000,0.34888369
-34.839000,0.34937362
-34.830000,0.34986348
-34.821000,0.35035327
-34.812000,0.35084298
-34.803000,0.35133263
-34.794000,0.35182220
-34.785000,0.35231170
-34.776000,0.35280113
-34.767000,0.35329048
-34.758000,0.35377977
-34.749000,0.35426898
-34.740000,0.35475811
-34.731000,0.35524717
-34.722000,0.35573615
-34.713000,0.35622507
-34.704000,0.35671390
-34.695000,0.35720266
-34.686000,0.35769134
-34.677000,0.35817995
-34.668000,0.35866848
-34.659000,0.35915693
-34.650000,0.35964531
-34.641000,0.36013360
-34.632000,0.36062182
-34.623000,0.36110996
-34.614000,0.36159802
-34.605000,0.36208601
-34.596000,0.36257391
-34.587000,0.36306173
-34.578000,0.36354947
-34.569000,0.36403714
-34.560000,0.36452472
-34.551000,0.36501221
-34.542000,0.36549963
-34.533000,0.36598697
-34.524000,0.36647422
-34.515000,0.36696139
-34.506000,0.36744848
-34.497000,0.36793548
-34.488000,0.36842240
-34.479000,0.36890923
-34.470000,0.36939599
-34.461000,0.36988265
-34.452000,0.37036923
-34.443000,0.37085573
-34.434000,0.37134214
-34.425000,0.37182846
-34.416000,0.37231469
-34.407000,0.37280084
-34.398000,0.37328691
-34.389000,0.37377288
-34.380000,0.37425877
-34.371000,0.37474456
-34.362000,0.37523027
-34.353000,0.37571589
-34.344000,0.37620143
-34.335000,0.37668687
-34.326000,0.37717222
-34.317000,0.37765748
-34.308000,0.37814265
-34.299000,0.37862773
-34.290000,0.37911272
-34.281000,0.37959761
-34.272000,0.38008242
-34.263000,0.38056713
-34.254000,0.38105175
-34.245000,0.38153627
-34.236000,0.38202070
-34.227000,0.38250504
-34.218000,0.38298929
-34.209000,0.38347344
-34.200000,0.38395749
-34.191000,0.38444145
-34.182000,0.38492532
-34.173000,0.38540909
-34.164000,0.38589276
-34.155000,0.38637634
-34.146000,0.38685982
-34.137000,0.38734320
-34.128000,0.38782648
-34.119000,0.38830967
-34.110000,0.38879276
-34.101000,0.38927575
-34.092000,0.38975864
-34.083000,0.39024144
-34.074000,0.39072413
-34.065000,0.39120673
-34.056000,0.39168922
-34.047000,0.39217161
-34.038000,0.39265391
-34.029000,0.39313610
-34.020000,0.39361819
-34.011000,0.39410018
-34.002000,0.39458206
-33.993000,0.39506385
-33.984000,0.39554553
-33.975000,0.39602711
-33.966000,0.39650858
-33.957000,0.39698995
-33.948000,0.39747122
-33.939000,0.39795239
-33.930000,0.39843344
-33.921000,0.39891440
-33.912000,0.39939525
-33.903000,0.39987599
-33.894000,0.40035663
-33.885000,0.40083716
-33.876000,0.40131758
-33.867000,0.40179790
-33.858000,0.40227811
-33.849000,0.40275821
-33.840000,0.40323820
-33.831000,0.40371809
-33.822000,0.40419787
-33.813000,0.40467754
-33.804000,0.40515710
-33.795000,0.40563655
-33.786000,0.40611589
-33.777000,0.40659512
-33.768000,0.40707424
-33.759000,0.40755325
-33.750000,0.40803215
-33.741000,0.40851093
-33.732000,0.40898961
-33.723000,0.40946817
-33.714000,0.40994662
-33.705000,0.41042496
-33.696000,0.41090319
-33.687000,0.41138130
-33.678000,0.41185930
-33.669000,0.41233718
-33.660000,0.41281496
-33.651000,0.41329261
-33.642000,0.41377015
-33.633000,0.41424758
-33.624000,0.41472489
-33.615000,0.41520209
-33.606000,0.41567917
-33.597000,0.41615613
-33.588000,0.41663297
-33.579000,0.41710970
-33.570000,0.41758632
-33.561000,0.41806281
-33.552000,0.41853919
-33.543000,0.41901545
-33.534000,0.41949159
-33.525000,0.41996761
-33.516000,0.42044351
-33.507000,0.42091929
-33.498000,0.42139495
-33.489000,0.42187050
-33.480000,0.42234592
-33.471000,0.42282122
-33.462000,0.42329640
-33.453000,0.42377146
-33.444000,0.42424640
-33.435000,0.42472122
-33.426000,0.42519591
-33.417000,0.42567048
-33.408000,0.42614493
-33.399000,0.42661926
-33.390000,0.42709346
-33.381000,0.42756754
-33.372000,0.42804149
-33.363000,0.42851532
-33.354000,0.42898903
-33.345000,0.42946261
-33.336000,0.42993607
-33.327000,0.43040940
-33.318000,0.43088260
-33.309000,0.43135568
-33.300000,0.43182863
-33.291000,0.43230146
-33.282000,0.43277416
-33.273000,0.43324673
-33.264000,0.43371917
-33.255000,0.43419149
-33.246000,0.43466368
-33.237000,0.43513574
-33.228000,0.43560767
-33.219000,0.43607947
-33.210000,0.43655115
-33.201000,0.43702269
-33.192000,0.43749410
-33.183000,0.43796539
-33.174000,0.43843654
-33.165000,0.43890756
-33.156000,0.43937845
-33.147000,0.43984921
-33.138000,0.44031984
-33.129000,0.44079034
-33.120000,0.44126070
-33.111000,0.44173093
-33.102000,0.44220103
-33.093000,0.44267100
-33.084000,0.44314083
-33.075000,0.44361053
-33.066000,0.44408010
-33.057000,0.44454953
-33.048000,0.44501882
-33.039000,0.44548798
-33.030000,0.44595701
-33.021000,0.44642590
-33.012000,0.44689466
-33.003000,0.44736328
-32.994000,0.44783176
-32.985000,0.44830011
-32.976000,0.44876832
-32.967000,0.44923639
-32.958000,0.44970433
-32.949000,0.45017213
-32.940000,0.45063979
-32.931000,0.45110731
-32.922000,0.45157470
-32.913000,0.45204194
-32.904000,0.45250905
-32.895000,0.45297601
-32.886000,0.45344284
-32.877000,0.45390953
-32.868000,0.45437608
-32.859000,0.45484248
-32.850000,0.45530875
-32.841000,0.45577488
-32.832000,0.45624086
-32.823000,0.45670671
-32.814000,0.45717241
-32.805000,0.45763797
-32.796000,0.45810338
-32.787000,0.45856866
-32.778000,0.45903379
-32.769000,0.45949878
-32.760000,0.45996362
-32.751000,0.46042832
-32.742000,0.46089288
-32.733000,0.46135729
-32.724000,0.46182156
-32.715000,0.46228569
-32.706000,0.46274967
-32.697000,0.46321350
-32.688000,0.46367719
-32.679000,0.46414073
-32.670000,0.46460413
-32.661000,0.46506738
-32.652000,0.46553048
-32.643000,0.46599344
-32.634000,0.46645625
-32.625000,0.46691891
-32.616000,0.46738142
-32.607000,0.46784379
-32.598000,0.46830601
-32.589000,0.46876808
-32.580000,0.46923000
-32.571000,0.46969177
-32.562000,0.47015339
-32.553000,0.47061486
-32.544000,0.47107619
-32.535000,0.47153736
-32.526000,0.47199838
-32.517000,0.47245926
-32.508000,0.47291998
-32.499000,0.47338055
-32.490000,0.47384097
-32.481000,0.47430123
-32.472000,0.47476135
-32.463000,0.47522131
-32.454000,0.47568112
-32.445000,0.47614078
-32.436000,0.47660028
-32.427000,0.47705964
-32.418000,0.47751883
-32.409000,0.47797788
-32.400000,0.47843677
-32.391000,0.47889551
-32.382000,0.47935409
-32.373000,0.47981252
-32.364000,0.48027079
-32.355000,0.48072890
-32.346000,0.48118687
-32.337000,0.48164467
-32.328000,0.48210232
-32.319000,0.48255982
-32.310000,0.48301715
-32.301000,0.48347433
-32.292000,0.48393136
-32.283000,0.48438822
-32.274000,0.48484493
-32.265000,0.48530148
-32.256000,0.48575787
-32.247000,0.48621411
-32.238000,0.48667019
-32.229000,0.48712610
-32.220000,0.48758186
-32.211000,0.48803746
-32.202000,0.48849290
-32.193000,0.48894818
-32.184000,0.48940330
-32.175000,0.48985826
-32.166000,0.49031306
-32.157000,0.49076770
-32.148000,0.49122217
-32.139000,0.49167649
-32.130000,0.49213064
-32.121000,0.49258464
-32.112000,0.49303847
-32.103000,0.49349214
-32.094000,0.49394564
-32.085000,0.49439899
-32.076000,0.49485217
-32.067000,0.49530519
-32.058000,0.49575804
-32.049000,0.49621073
-32.040000,0.49666326
-32.031000,0.49711562
-32.022000,0.49756782
-32.013000,0.49801985
-32.004000,0.49847172
-31.995000,0.49892342
-31.986000,0.49937496
-31.977000,0.49982634
-31.968000,0.50027754
-31.959000,0.50072858
-31.950000,0.50117946
-31.941000,0.50163017
-31.932000,0.50208071
-31.923000,0.50253108
-31.914000,0.50298129
-31.905000,0.50343133
-31.896000,0.50388120
-31.887000,0.50433091
-31.878000,0.50478044
-31.869000,0.50522981
-31.860000,0.50567901
-31.851000,0.50612804
-31.842000,0.50657690
-31.833000,0.50702559
-31.824000,0.50747411
-31.815000,0.50792247
-31.806000,0.50837065
-31.797000,0.50881866
-31.788000,0.50926650
-31.779000,0.50971418
-31.770000,0.51016168
-31.761000,0.51060901
-31.752000,0.51105616
-31.743000,0.51150315
-31.734000,0.51194996
-31.725000,0.51239661
-31.716000,0.51284308
-31.707000,0.51328937
-31.698000,0.51373550
-31.689000,0.51418145
-31.680000,0.51462723
-31.671000,0.51507284
-31.662000,0.51551827
-31.653000,0.51596353
-31.644000,0.51640861
-31.635000,0.51685352
-31.626000,0.51729825
-31.617000,0.51774281
-31.608000,0.51818720
-31.599000,0.51863141
-31.590000,0.51907544
-31.581000,0.51951930
-31.572000,0.51996299
-31.563000,0.52040650
-31.554000,0.52084983
-31.545000,0.52129298
-31.536000,0.52173596
-31.527000,0.52217876
-31.518000,0.52262138
-31.509000,0.52306383
-31.500000,0.52350610
-31.491000,0.52394819
-31.482000,0.52439010
-31.473000,0.52483184
-31.464000,0.52527340
-31.455000,0.52571477
-31.446000,0.52615597
-31.437000,0.52659699
-31.428000,0.52703783
-31.419000,0.52747849
-31.410000,0.52791898
-31.401000,0.52835928
-31.392000,0.52879940
-31.383000,0.52923934
-31.374000,0.52967910
-31.365000,0.53011868
-31.356000,0.53055808
-31.347000,0.53099730
-31.338000,0.53143633
-31.329000,0.53187519
-31.320000,0.53231386
-31.311000,0.53275235
-31.302000,0.53319066
-31.293000,0.53362879
-31.284000,0.53406673
-31.275000,0.53450449
-31.266000,0.53494207
-31.257000,0.53537946
-31.248000,0.53581667
-31.239000,0.53625370
-31.230000,0.53669055
-31.221000,0.53712720
-31.212000,0.53756368
-31.203000,0.53799997
-31.194000,0.53843608
-31.185000,0.53887200
-31.176000,0.53930773
-31.167000,0.53974328
-31.158000,0.54017865
-31.149000,0.54061383
-31.140000,0.54104882
-31.131000,0.54148363
-31.122000,0.54191825
-31.113000,0.54235269
-31.104000,0.54278693
-31.095000,0.54322100
-31.086000,0.54365487
-31.077000,0.54408856
-31.068000,0.54452206
-31.059000,0.54495537
-31.050000,0.54538849
-31.041000,0.54582143
-31.032000,0.54625417
-31.023000,0.54668673
-31.014000,0.54711910
-31.005000,0.54755129
-30.996000,0.54798328
-30.987000,0.54841508
-30.978000,0.54884670
-30.969000,0.54927812
-30.960000,0.54970935
-30.951000,0.55014040
-30.942000,0.55057125
-30.933000,0.55100192
-30.924000,0.55143239
-30.915000,0.55186267
-30.906000,0.55229276
-30.897000,0.55272267
-30.888000,0.55315237
-30.879000,0.55358189
-30.870000,0.55401122
-30.861000,0.55444035
-30.852000,0.55486929
-30.843000,0.55529804
-30.834000,0.55572660
-30.825000,0.55615497
-30.816000,0.55658314
-30.807000,0.55701112
-30.798000,0.55743890
-30.789000,0.55786649
-30.780000,0.55829389
-30.771000,0.55872110
-30.762000,0.55914811
-30.753000,0.55957493
-30.744000,0.56000155
-30.735000,0.56042798
-30.726000,0.56085421
-30.717000,0.56128025
-30.708000,0.56170609
-30.699000,0.56213174
-30.690000,0.56255719
-30.681000,0.56298245
-30.672000,0.56340751
-30.663000,0.56383238
-30.654000,0.56425705
-30.645000,0.56468152
-30.636000,0.56510580
-30.627000,0.56552988
-30.618000,0.56595376
-30.609000,0.56637745
-30.600000,0.56680094
-30.591000,0.56722423
-30.582000,0.56764732
-30.573000,0.56807022
-30.564000,0.56849292
-30.555000,0.56891542
-30.546000,0.56933772
-30.537000,0.56975982
-30.528000,0.57018173
-30.519000,0.57060344
-30.510000,0.57102494
-30.501000,0.57144625
-30.492000,0.57186736
-30.483000,0.57228827
-30.474000,0.57270898
-30.465000,0.57312949
-30.456000,0.57354980
-30.447000,0.57396991
-30.438000,0.57438982
-30.429000,0.57480953
-30.420000,0.57522904
-30.411000,0.57564835
-30.402000,0.57606746
-30.393000,0.57648637
-30.384000,0.57690507
-30.375000,0.57732358
-30.366000,0.57774188
-30.357000,0.57815998
-30.348000,0.57857788
-30.339000,0.57899557
-30.330000,0.57941307
-30.321000,0.57983036
-30.312000,0.58024745
-30.303000,0.58066433
-30.294000,0.58108102
-30.285000,0.58149750
-30.276000,0.58191377
-30.267000,0.58232985
-30.258000,0.58274572
-30.249000,0.58316138
-30.240000,0.58357684
-30.231000,0.58399210
-30.222000,0.58440716
-30.213000,0.58482200
-30.204000,0.58523665
-30.195000,0.58565109
-30.186000,0.58606533
-30.177000,0.58647936
-30.168000,0.58689318
-30.159000,0.58730680
-30.150000,0.58772021
-30.141000,0.58813342
-30.132000,0.58854643
-30.123000,0.58895922
-30.114000,0.58937181
-30.105000,0.58978420
-30.096000,0.59019638
-30.087000,0.59060835
-30.078000,0.59102011
-30.069000,0.59143167
-30.060000,0.59184302
-30.051000,0.59225416
-30.042000,0.59266510
-30.033000,0.59307583
-30.024000,0.59348635
-30.015000,0.59389666
-30.006000,0.59430677
-29.997000,0.59471667
-29.988000,0.59512636
-29.979000,0.59553584
-29.970000,0.59594511
-29.961000,0.59635417
-29.952000,0.59676303
-29.943000,0.59717167
-29.934000,0.59758011
-29.925000,0.59798833
-29.916000,0.59839635
-29.907000,0.59880416
-29.898000,0.59921176
-29.889000,0.59961915
-29.880000,0.60002632
-29.871000,0.60043329
-29.862000,0.60084005
-29.853000,0.60124660
-29.844000,0.60165293
-29.835000,0.60205906
-29.826000,0.60246498
-29.817000,0.60287068
-29.808000,0.60327617
-29.799000,0.60368145
-29.790000,0.60408652
-29.781000,0.60449138
-29.772000,0.60489603
-29.763000,0.60530046
-29.754000,0.60570469
-29.745000,0.60610870
-29.736000,0.60651250
-29.727000,0.60691608
-29.718000,0.60731946
-29.709000,0.60772262
-29.700000,0.60812556
-29.691000,0.60852830
-29.682000,0.60893082
-29.673000,0.60933313
-29.664000,0.60973522
-29.655000,0.61013711
-29.646000,0.61053877
-29.637000,0.61094023
-29.628000,0.61134147
-29.619000,0.61174249
-29.610000,0.61214331
-29.601000,0.61254390
-29.592000,0.61294429
-29.583000,0.61334446
-29.574000,0.61374441
-29.565000,0.61414415
-29.556000,0.61454367
-29.547000,0.61494298
-29.538000,0.61534207
-29.529000,0.61574095
-29.520000,0.61613961
-29.511000,0.61653806
-29.502000,0.61693629
-29.493000,0.61733431
-29.484000,0.61773210
-29.475000,0.61812969
-29.466000,0.61852705
-29.457000,0.61892420
-29.448000,0.61932114
-29.439000,0.61971785
-29.430000,0.62011435
-29.421000,0.62051064
-29.412000,0.62090670
-29.403000,0.62130255
-29.394000,0.62169818
-29.385000,0.62209360
-29.376000,0.62248879
-29.367000,0.62288377
-29.358000,0.62327853
-29.349000,0.62367308
-29.340000,0.62406740
-29.331000,0.62446151
-29.322000,0.62485540
-29.313000,0.62524907
-29.304000,0.62564252
-29.295000,0.62603575
-29.286000,0.62642876
-29.277000,0.62682156
-29.268000,0.62721414
-29.259000,0.62760649
-29.250000,0.62799863
-29.241000,0.62839055
-29.232000,0.62878225
-29.223000,0.62917373
-29.214000,0.62956499
-29.205000,0.62995603
-29.196000,0.63034685
-29.187000,0.63073744
-29.178000,0.63112782
-29.169000,0.63151798
-29.160000,0.63190792
-29.151000,0.63229764
-29.142000,0.63268714
-29.133000,0.63307641
-29.124000,0.63346547
-29.115000,0.63385430
-29.106000,0.63424292
-29.097000,0.63463131
-29.088000,0.63501948
-29.079000,0.63540743
-29.070000,0.63579516
-29.061000,0.63618266
-29.052000,0.63656995
-29.043000,0.63695701
-29.034000,0.63734385
-29.025000,0.63773047
-29.016000,0.63811686
-29.007000,0.63850304
-28.998000,0.63888899
-28.989000,0.63927472
-28.980000,0.63966022
-28.971000,0.64004551
-28.962000,0.64043057
-28.953000,0.64081540
-28.944000,0.64120002
-28.935000,0.64158441
-28.926000,0.64196858
-28.917000,0.64235252
-28.908000,0.64273624
-28.899000,0.64311974
-28.890000,0.64350301
-28.881000,0.64388606
-28.872000,0.64426889
-28.863000,0.64465149
-28.854000,0.64503387
-28.845000,0.64541602
-28.836000,0.64579795
-28.827000,0.64617965
-28.818000,0.64656113
-28.809000,0.64694239
-28.800000,0.64732342
-28.791000,0.64770422
-28.782000,0.64808480
-28.773000,0.64846516
-28.764000,0.64884529
-28.755000,0.64922519
-28.746000,0.64960487
-28.737000,0.64998433
-28.728000,0.65036356
-28.719000,0.65074256
-28.710000,0.65112134
-28.701000,0.65149989
-28.692000,0.65187821
-28.683000,0.65225631
-28.674000,0.65263419
-28.665000,0.65301183
-28.656000,0.65338925
-28.647000,0.65376645
-28.638000,0.65414342
-28.629000,0.65452016
-28.620000,0.65489667
-28.611000,0.65527296
-28.602000,0.65564902
-28.593000,0.65602485
-28.584000,0.65640046
-28.575000,0.65677584
-28.566000,0.65715099
-28.557000,0.65752592
-28.548000,0.65790061
-28.539000,0.65827508
-28.530000,0.65864933
-28.521000,0.65902334
-28.512000,0.65939713
-28.503000,0.65977069
-28.494000,0.66014402
-28.485000,0.66051712
-28.476000,0.66088999
-28.467000,0.66126264
-28.458000,0.66163506
-28.449000,0.66200725
-28.440000,0.66237921
-28.431000,0.66275094
-28.422000,0.66312245
-28.413000,0.66349372
-28.404000,0.66386477
-28.395000,0.66423558
-28.386000,0.66460617
-28.377000,0.66497653
-28.368000,0.66534666
-28.359000,0.66571656
-28.350000,0.66608623
-28.341000,0.66645568
-28.332000,0.66682489
-28.323000,0.66719387
-28.314000,0.66756262
-28.305000,0.66793115
-28.296000,0.66829944
-28.287000,0.66866750
-28.278000,0.66903534
-28.269000,0.66940294
-28.260000,0.66977031
-28.251000,0.67013746
-28.242000,0.67050437
-28.233000,0.67087105
-28.224000,0.67123750
-28.215000,0.67160372
-28.206000,0.67196971
-28.197000,0.67233547
-28.188000,0.67270100
-28.179000,0.67306630
-28.170000,0.67343137
-28.161000,0.67379621
-28.152000,0.67416081
-28.143000,0.67452518
-28.134000,0.67488933
-28.125000,0.67525324
-28.116000,0.67561692
-28.107000,0.67598037
-28.098000,0.67634358
-28.089000,0.67670657
-28.080000,0.67706932
-28.071000,0.67743184
-28.062000,0.67779413
-28.053000,0.67815619
-28.044000,0.67851802
-28.035000,0.67887961
-28.026000,0.67924097
-28.017000,0.67960210
-28.008000,0.67996300
-27.999000,0.68032367
-27.990000,0.68068410
-27.981000,0.68104430
-27.972000,0.68140427
-27.963000,0.68176400
-27.954000,0.68212350
-27.945000,0.68248277
-27.936000,0.68284181
-27.927000,0.68320061
-27.918000,0.68355918
-27.909000,0.68391752
-27.900000,0.68427563
-27.891000,0.68463350
-27.882000,0.68499114
-27.873000,0.68534854
-27.864000,0.68570571
-27.855000,0.68606265
-27.846000,0.68641936
-27.837000,0.68677583
-27.828000,0.68713207
-27.819000,0.68748807
-27.810000,0.68784384
-27.801000,0.68819938
-27.792000,0.68855468
-27.783000,0.68890975
-27.774000,0.68926458
-27.765000,0.68961918
-27.756000,0.68997355
-27.747000,0.69032768
-27.738000,0.69068158
-27.729000,0.69103524
-27.720000,0.69138867
-27.711000,0.69174187
-27.702000,0.69209483
-27.693000,0.69244756
-27.684000,0.69280005
-27.675000,0.69315230
-27.666000,0.69350433
-27.657000,0.69385611
-27.648000,0.69420767
-27.639000,0.69455899
-27.630000,0.69491007
-27.621000,0.69526092
-27.612000,0.69561153
-27.603000,0.69596191
-27.594000,0.69631205
-27.585000,0.69666196
-27.576000,0.69701163
-27.567000,0.69736107
-27.558000,0.69771027
-27.549000,0.69805923
-27.540000,0.69840797
-27.531000,0.69875646
-27.522000,0.69910472
-27.513000,0.69945274
-27.504000,0.69980053
-27.495000,0.70014809
-27.486000,0.70049540
-27.477000,0.70084248
-27.468000,0.70118933
-27.459000,0.70153594
-27.450000,0.70188231
-27.441000,0.70222845
-27.432000,0.70257435
-27.423000,0.70292002
-27.414000,0.70326544
-27.405000,0.70361064
-27.396000,0.70395559
-27.387000,0.70430031
-27.378000,0.70464480
-27.369000,0.70498904
-27.360000,0.70533305
-27.351000,0.70567683
-27.342000,0.70602037
-27.333000,0.70636367
-27.324000,0.70670673
-27.315000,0.70704956
-27.306000,0.70739215
-27.297000,0.70773451
-27.288000,0.70807662
-27.279000,0.70841850
-27.270000,0.70876015
-27.261000,0.70910155
-27.252000,0.70944272
-27.243000,0.70978366
-27.234000,0.71012435
-27.225000,0.71046481
-27.216000,0.71080503
-27.207000,0.71114502
-27.198000,0.71148476
-27.189000,0.71182427
-27.180000,0.71216355
-27.171000,0.71250258
-27.162000,0.71284138
-27.153000,0.71317994
-27.144000,0.71351826
-27.135000,0.71385635
-27.126000,0.71419420
-27.117000,0.71453181
-27.108000,0.71486918
-27.099000,0.71520631
-27.090000,0.71554321
-27.081000,0.71587987
-27.072000,0.71621629
-27.063000,0.71655247
-27.054000,0.71688842
-27.045000,0.71722413
-27.036000,0.71755960
-27.027000,0.71789483
-27.018000,0.71822982
-27.009000,0.71856458
-27.000000,0.71889910
-26.991000,0.71923338
-26.982000,0.71956742
-26.973000,0.71990122
-26.964000,0.72023479
-26.955000,0.72056812
-26.946000,0.72090120
-26.937000,0.72123405
-26.928000,0.72156667
-26.919000,0.72189904
-26.910000,0.72223118
-26.901000,0.72256307
-26.892000,0.72289473
-26.883000,0.72322615
-26.874000,0.72355733
-26.865000,0.72388828
-26.856000,0.72421898
-26.847000,0.72454945
-26.838000,0.72487968
-26.829000,0.72520966
-26.820000,0.72553941
-26.811000,0.72586893
-26.802000,0.72619820
-26.793000,0.72652723
-26.784000,0.72685603
-26.775000,0.72718458
-26.766000,0.72751290
-26.757000,0.72784098
-26.748000,0.72816882
-26.739000,0.72849642
-26.730000,0.72882378
-26.721000,0.72915090
-26.712000,0.72947779
-26.703000,0.72980443
-26.694000,0.73013084
-26.685000,0.73045701
-26.676000,0.73078293
-26.667000,0.73110862
-26.658000,0.73143407
-26.649000,0.73175928
-26.640000,0.73208425
-26.631000,0.73240898
-26.622000,0.73273348
-26.613000,0.73305773
-26.604000,0.73338175
-26.595000,0.73370552
-26.586000,0.73402906
-26.577000,0.73435235
-26.568000,0.73467541
-26.559000,0.73499823
-26.550000,0.73532080
-26.541000,0.73564314
-26.532000,0.73596524
-26.523000,0.73628710
-26.514000,0.73660872
-26.505000,0.73693010
-26.496000,0.73725125
-26.487000,0.73757215
-26.478000,0.73789281
-26.469000,0.73821323
-26.460000,0.73853342
-26.451000,0.73885336
-26.442000,0.73917307
-26.433000,0.73949253
-26.424000,0.73981176
-26.415000,0.74013074
-26.406000,0.74044949
-26.397000,0.74076799
-26.388000,0.74108626
-26.379000,0.74140429
-26.370000,0.74172207
-26.361000,0.74203962
-26.352000,0.74235693
-26.343000,0.74267400
-26.334000,0.74299083
-26.325000,0.74330741
-26.316000,0.74362376
-26.307000,0.74393987
-26.298000,0.74425574
-26.289000,0.74457137
-26.280000,0.74488676
-26.271000,0.74520191
-26.262000,0.74551682
-26.253000,0.74583149
-26.244000,0.74614592
-26.235000,0.74646011
-26.226000,0.74677406
-26.217000,0.74708777
-26.208000,0.74740124
-26.199000,0.74771447
-26.190000,0.74802747
-26.181000,0.74834022
-26.172000,0.74865273
-26.163000,0.74896500
-26.154000,0.74927703
-26.145000,0.74958882
-26.136000,0.74990037
-26.127000,0.75021169
-26.118000,0.75052276
-26.109000,0.75083359
-26.100000,0.75114418
-26.091000,0.75145453
-26.082000,0.75176464
-26.073000,0.75207452
-26.064000,0.75238415
-26.055000,0.75269354
-26.046000,0.75300269
-26.037000,0.75331160
-26.028000,0.75362028
-26.019000,0.75392871
-26.010000,0.75423690
-26.001000,0.75454485
-25.992000,0.75485256
-25.983000,0.75516004
-25.974000,0.75546727
-25.965000,0.75577426
-25.956000,0.75608101
-25.947000,0.75638752
-25.938000,0.75669380
-25.929000,0.75699983
-25.920000,0.75730562
-25.911000,0.75761117
-25.902000,0.75791649
-25.893000,0.75822156
-25.884000,0.75852639
-25.875000,0.75883098
-25.866000,0.75913534
-25.857000,0.75943945
-25.848000,0.75974332
-25.839000,0.76004695
-25.830000,0.76035035
-25.821000,0.76065350
-25.812000,0.76095641
-25.803000,0.76125908
-25.794000,0.76156152
-25.785000,0.76186371
-25.776000,0.76216566
-25.767000,0.76246737
-25.758000,0.76276885
-25.749000,0.76307008
-25.740000,0.76337107
-25.731000,0.76367183
-25.722000,0.76397234
-25.713000,0.76427261
-25.704000,0.76457265
-25.695000,0.76487244
-25.686000,0.76517199
-25.677000,0.76547131
-25.668000,0.76577038
-25.659000,0.76606922
-25.650000,0.76636781
-25.641000,0.76666617
-25.632000,0.76696428
-25.623000,0.76726216
-25.614000,0.76755979
-25.605000,0.76785719
-25.596000,0.76815434
-25.587000,0.76845126
-25.578000,0.76874794
-25.569000,0.76904437
-25.560000,0.76934057
-25.551000,0.76963653
-25.542000,0.76993224
-25.533000,0.77022772
-25.524000,0.77052296
-25.515000,0.77081796
-25.506000,0.77111272
-25.497000,0.77140723
-25.488000,0.77170151
-25.479000,0.77199555
-25.470000,0.77228935
-25.461000,0.77258291
-25.452000,0.77287624
-25.443000,0.77316932
-25.434000,0.77346216
-25.425000,0.77375476
-25.416000,0.77404713
-25.407000,0.77433925
-25.398000,0.77463113
-25.389000,0.77492278
-25.380000,0.77521418
-25.371000,0.77550535
-25.362000,0.77579627
-25.353000,0.77608696
-25.344000,0.77637741
-25.335000,0.77666762
-25.326000,0.77695759
-25.317000,0.77724732
-25.308000,0.77753681
-25.299000,0.77782606
-25.290000,0.77811507
-25.281000,0.77840384
-25.272000,0.77869238
-25.263000,0.77898067
-25.254000,0.77926873
-25.245000,0.77955654
-25.236000,0.77984412
-25.227000,0.78013146
-25.218000,0.78041855
-25.209000,0.78070541
-25.200000,0.78099203
-25.191000,0.78127842
-25.182000,0.78156456
-25.173000,0.78185046
-25.164000,0.78213613
-25.155000,0.78242155
-25.146000,0.78270674
-25.137000,0.78299169
-25.128000,0.78327640
-25.119000,0.78356087
-25.110000,0.78384510
-25.101000,0.78412909
-25.092000,0.78441284
-25.083000,0.78469636
-25.074000,0.78497964
-25.065000,0.78526267
-25.056000,0.78554547
-25.047000,0.78582803
-25.038000,0.78611035
-25.029000,0.78639244
-25.020000,0.78667428
-25.011000,0.78695589
-25.002000,0.78723726
-24.993000,0.78751839
-24.984000,0.78779928
-24.975000,0.78807993
-24.966000,0.78836034
-24.957000,0.78864052
-24.948000,0.78892046
-24.939000,0.78920015
-24.930000,0.78947961
-24.921000,0.78975884
-24.912000,0.79003782
-24.903000,0.79031657
-24.894000,0.79059508
-24.885000,0.79087335
-24.876000,0.79115138
-24.867000,0.79142917
-24.858000,0.79170673
-24.849000,0.79198404
-24.840000,0.79226112
-24.831000,0.79253797
-24.822000,0.79281457
-24.813000,0.79309094
-24.804000,0.79336706
-24.795000,0.79364295
-24.786000,0.79391861
-24.777000,0.79419402
-24.768000,0.79446920
-24.759000,0.79474414
-24.750000,0.79501884
-24.741000,0.79529331
-24.732000,0.79556753
-24.723000,0.79584152
-24.714000,0.79611527
-24.705000,0.79638879
-24.696000,0.79666206
-24.687000,0.79693510
-24.678000,0.79720791
-24.669000,0.79748047
-24.660000,0.79775280
-24.651000,0.79802489
-24.642000,0.79829674
-24.633000,0.79856836
-24.624000,0.79883974
-24.615000,0.79911088
-24.606000,0.79938178
-24.597000,0.79965245
-24.588000,0.79992288
-24.579000,0.80019308
-24.570000,0.80046303
-24.561000,0.80073275
-24.552000,0.80100224
-24.543000,0.80127148
-24.534000,0.80154049
-24.525000,0.80180927
-24.516000,0.80207780
-24.507000,0.80234610
-24.498000,0.80261417
-24.489000,0.80288199
-24.480000,0.80314958
-24.471000,0.80341694
-24.462000,0.80368405
-24.453000,0.80395093
-24.444000,0.80421758
-24.435000,0.80448399
-24.426000,0.80475016
-24.417000,0.80501609
-24.408000,0.80528179
-24.399000,0.80554726
-24.390000,0.80581249
-24.381000,0.80607748
-24.372000,0.80634223
-24.363000,0.80660675
-24.354000,0.80687104
-24.345000,0.80713508
-24.336000,0.80739890
-24.327000,0.80766247
-24.318000,0.80792581
-24.309000,0.80818892
-24.300000,0.80845179
-24.291000,0.80871442
-24.282000,0.80897682
-24.273000,0.80923898
-24.264000,0.80950091
-24.255000,0.80976260
-24.246000,0.81002406
-24.237000,0.81028528
-24.228000,0.81054626
-24.219000,0.81080701
-24.210000,0.81106753
-24.201000,0.81132781
-24.192000,0.81158786
-24.183000,0.81184767
-24.174000,0.81210724
-24.165000,0.81236658
-24.156000,0.81262569
-24.147000,0.81288456
-24.138000,0.81314319
-24.129000,0.81340159
-24.120000,0.81365976
-24.111000,0.81391769
-24.102000,0.81417539
-24.093000,0.81443285
-24.084000,0.81469008
-24.075000,0.81494708
-24.066000,0.81520384
-24.057000,0.81546036
-24.048000,0.81571665
-24.039000,0.81597271
-24.030000,0.81622853
-24.021000,0.81648412
-24.012000,0.81673947
-24.003000,0.81699460
-23.994000,0.81724948
-23.985000,0.81750413
-23.976000,0.81775855
-23.967000,0.81801274
-23.958000,0.81826669
-23.949000,0.81852041
-23.940000,0.81877389
-23.931000,0.81902714
-23.922000,0.81928016
-23.913000,0.81953294
-23.904000,0.81978549
-23.895000,0.82003781
-23.886000,0.82028989
-23.877000,0.82054174
-23.868000,0.82079336
-23.859000,0.82104474
-23.850000,0.82129589
-23.841000,0.82154681
-23.832000,0.82179750
-23.823000,0.82204795
-23.814000,0.82229817
-23.805000,0.82254815
-23.796000,0.82279791
-23.787000,0.82304743
-23.778000,0.82329671
-23.769000,0.82354577
-23.760000,0.82379459
-23.751000,0.82404318
-23.742000,0.82429154
-23.733000,0.82453967
-23.724000,0.82478756
-23.715000,0.82503522
-23.706000,0.82528265
-23.697000,0.82552985
-23.688000,0.82577681
-23.679000,0.82602355
-23.670000,0.82627005
-23.661000,0.82651632
-23.652000,0.82676236
-23.643000,0.82700816
-23.634000,0.82725374
-23.625000,0.82749908
-23.616000,0.82774419
-23.607000,0.82798907
-23.598000,0.82823372
-23.589000,0.82847813
-23.580000,0.82872232
-23.571000,0.82896627
-23.562000,0.82921000
-23.553000,0.82945349
-23.544000,0.82969675
-23.535000,0.82993978
-23.526000,0.83018258
-23.517000,0.83042515
-23.508000,0.83066748
-23.499000,0.83090959
-23.490000,0.83115147
-23.481000,0.83139311
-23.472000,0.83163453
-23.463000,0.83187571
-23.454000,0.83211667
-23.445000,0.83235739
-23.436000,0.83259788
-23.427000,0.83283815
-23.418000,0.83307818
-23.409000,0.83331798
-23.400000,0.83355755
-23.391000,0.83379690
-23.382000,0.83403601
-23.373000,0.83427489
-23.364000,0.83451355
-23.355000,0.83475197
-23.346000,0.83499017
-23.337000,0.83522813
-23.328000,0.83546587
-23.319000,0.83570337
-23.310000,0.83594065
-23.301000,0.83617769
-23.292000,0.83641451
-23.283000,0.83665110
-23.274000,0.83688746
-23.265000,0.83712359
-23.256000,0.83735949
-23.247000,0.83759517
-23.238000,0.83783061
-23.229000,0.83806583
-23.220000,0.83830081
-23.211000,0.83853557
-23.202000,0.83877010
-23.193000,0.83900440
-23.184000,0.83923847
-23.175000,0.83947232
-23.166000,0.83970594
-23.157000,0.83993932
-23.148000,0.84017248
-23.139000,0.84040542
-23.130000,0.84063812
-23.121000,0.84087060
-23.112000,0.84110284
-23.103000,0.84133486
-23.094000,0.84156666
-23.085000,0.84179822
-23.076000,0.84202956
-23.067000,0.84226067
-23.058000,0.84249155
-23.049000,0.84272221
-23.040000,0.84295264
-23.031000,0.84318284
-23.022000,0.84341281
-23.013000,0.84364256
-23.004000,0.84387208
-22.995000,0.84410138
-22.986000,0.84433044
-22.977000,0.84455928
-22.968000,0.84478790
-22.959000,0.84501628
-22.950000,0.84524444
-22.941000,0.84547238
-22.932000,0.84570008
-22.923000,0.84592757
-22.914000,0.84615482
-22.905000,0.84638185
-22.896000,0.84660865
-22.887000,0.84683523
-22.878000,0.84706158
-22.869000,0.84728771
-22.860000,0.84751361
-22.851000,0.84773928
-22.842000,0.84796473
-22.833000,0.84818995
-22.824000,0.84841495
-22.815000,0.84863972
-22.806000,0.84886427
-22.797000,0.84908859
-22.788000,0.84931269
-22.779000,0.84953656
-22.770000,0.84976021
-22.761000,0.84998363
-22.752000,0.85020683
-22.743000,0.85042980
-22.734000,0.85065255
-22.725000,0.85087507
-22.716000,0.85109737
-22.707000,0.85131944
-22.698000,0.85154129
-22.689000,0.85176292
-22.680000,0.85198432
-22.671000,0.85220550
-22.662000,0.85242645
-22.653000,0.85264718
-22.644000,0.85286769
-22.635000,0.85308797
-22.626000,0.85330803
-22.617000,0.85352787
-22.608000,0.85374748
-22.599000,0.85396687
-22.590000,0.85418603
-22.581000,0.85440497
-22.572000,0.85462369
-22.563000,0.85484219
-22.554000,0.85506046
-22.545000,0.85527851
-22.536000,0.85549633
-22.527000,0.85571394
-22.518000,0.85593132
-22.509000,0.85614848
-22.500000,0.85636541
-22.491000,0.85658213
-22.482000,0.85679862
-22.473000,0.85701489
-22.464000,0.85723093
-22.455000,0.85744676
-22.446000,0.85766236
-22.437000,0.85787774
-22.428000,0.85809290
-22.419000,0.85830784
-22.410000,0.85852255
-22.401000,0.85873705
-22.392000,0.85895132
-22.383000,0.85916537
-22.374000,0.85937920
-22.365000,0.85959281
-22.356000,0.85980620
-22.347000,0.86001936
-22.338000,0.86023231
-22.329000,0.86044503
-22.320000,0.86065754
-22.311000,0.86086982
-22.302000,0.86108188
-22.293000,0.86129372
-22.284000,0.86150534
-22.275000,0.86171674
-22.266000,0.86192793
-22.257000,0.86213889
-22.248000,0.86234963
-22.239000,0.86256015
-22.230000,0.86277045
-22.221000,0.86298053
-22.212000,0.86319039
-22.203000,0.86340003
-22.194000,0.86360945
-22.185000,0.86381865
-22.176000,0.86402764
-22.167000,0.86423640
-22.158000,0.86444494
-22.149000,0.86465327
-22.140000,0.86486137
-22.131000,0.86506926
-22.122000,0.86527693
-22.113000,0.86548438
-22.104000,0.86569161
-22.095000,0.86589862
-22.086000,0.86610541
-22.077000,0.86631199
-22.068000,0.86651835
-22.059000,0.86672449
-22.050000,0.86693041
-22.041000,0.86713611
-22.032000,0.86734159
-22.023000,0.86754686
-22.014000,0.86775191
-22.005000,0.86795674
-21.996000,0.86816135
-21.987000,0.86836575
-21.978000,0.86856993
-21.969000,0.86877389
-21.960000,0.86897763
-21.951000,0.86918116
-21.942000,0.86938447
-21.933000,0.86958756
-21.924000,0.86979044
-21.915000,0.86999310
-21.906000,0.87019554
-21.897000,0.87039777
-21.888000,0.87059978
-21.879000,0.87080157
-21.870000,0.87100315
-21.861000,0.87120451
-21.852000,0.87140565
-21.843000,0.87160658
-21.834000,0.87180730
-21.825000,0.87200779
-21.816000,0.87220808
-21.807000,0.87240814
-21.798000,0.87260799
-21.789000,0.87280763
-21.780000,0.87300705
-21.771000,0.87320625
-21.762000,0.87340524
-21.753000,0.87360401
-21.744000,0.87380257
-21.735000,0.87400092
-21.726000,0.87419905
-21.717000,0.87439696
-21.708000,0.87459466
-21.699000,0.87479215
-21.690000,0.87498942
-21.681000,0.87518648
-21.672000,0.87538332
-21.663000,0.87557995
-21.654000,0.87577636
-21.645000,0.87597256
-21.636000,0.87616855
-21.627000,0.87636432
-21.618000,0.87655988
-21.609000,0.87675523
-21.600000,0.87695036
-21.591000,0.87714528
-21.582000,0.87733999
-21.573000,0.87753448
-21.564000,0.87772876
-21.555000,0.87792283
-21.546000,0.87811668
-21.537000,0.87831033
-21.528000,0.87850376
-21.519000,0.87869697
-21.510000,0.87888998
-21.501000,0.87908277
-21.492000,0.87927535
-21.483000,0.87946772
-21.474000,0.87965987
-21.465000,0.87985182
-21.456000,0.88004355
-21.447000,0.88023507
-21.438000,0.88042638
-21.429000,0.88061747
-21.420000,0.88080836
-21.411000,0.88099903
-21.402000,0.88118950
-21.393000,0.88137975
-21.384000,0.88156979
-21.375000,0.88175962
-21.366000,0.88194924
-21.357000,0.88213865
-21.348000,0.88232785
-21.339000,0.88251683
-21.330000,0.88270561
-21.321000,0.88289418
-21.312000,0.88308253
-21.303000,0.88327068
-21.294000,0.88345862
-21.285000,0.88364634
-21.276000,0.88383386
-21.267000,0.88402117
-21.258000,0.88420827
-21.249000,0.88439515
-21.240000,0.88458183
-21.231000,0.88476830
-21.222000,0.88495456
-21.213000,0.88514061
-21.204000,0.88532646
-21.195000,0.88551209
-21.186000,0.88569751
-21.177000,0.88588273
-21.168000,0.88606774
-21.159000,0.88625254
-21.150000,0.88643713
-21.141000,0.88662151
-21.132000,0.88680568
-21.123000,0.88698965
-21.114000,0.88717341
-21.105000,0.88735696
-21.096000,0.88754030
-21.087000,0.88772344
-21.078000,0.88790637
-21.069000,0.88808909
-21.060000,0.88827160
-21.051000,0.88845390
-21.042000,0.88863600
-21.033000,0.88881789
-21.024000,0.88899958
-21.015000,0.88918106
-21.006000,0.88936233
-20.997000,0.88954339
-20.988000,0.88972425
-20.979000,0.88990490
-20.970000,0.89008535
-20.961000,0.89026559
-20.952000,0.89044562
-20.943000,0.89062545
-20.934000,0.89080507
-20.925000,0.89098449
-20.916000,0.89116370
-20.907000,0.89134271
-20.898000,0.89152151
-20.889000,0.89170010
-20.880000,0.89187849
-20.871000,0.89205668
-20.862000,0.89223465
-20.853000,0.89241243
-20.844000,0.89259000
-20.835000,0.89276736
-20.826000,0.89294453
-20.817000,0.89312148
-20.808000,0.89329823
-20.799000,0.89347478
-20.790000,0.89365113
-20.781000,0.89382727
-20.772000,0.89400320
-20.763000,0.89417893
-20.754000,0.89435446
-20.745000,0.89452979
-20.736000,0.89470491
-20.727000,0.89487983
-20.718000,0.89505454
-20.709000,0.89522905
-20.700000,0.89540336
-20.691000,0.89557747
-20.682000,0.89575137
-20.673000,0.89592507
-20.664000,0.89609857
-20.655000,0.89627187
-20.646000,0.89644496
-20.637000,0.89661785
-20.628000,0.89679054
-20.619000,0.89696303
-20.610000,0.89713531
-20.601000,0.89730740
-20.592000,0.89747928
-20.583000,0.89765096
-20.574000,0.89782244
-20.565000,0.89799372
-20.556000,0.89816479
-20.547000,0.89833567
-20.538000,0.89850634
-20.529000,0.89867681
-20.520000,0.89884709
-20.511000,0.89901716
-20.502000,0.89918703
-20.493000,0.89935670
-20.484000,0.89952617
-20.475000,0.89969544
-20.466000,0.89986451
-20.457000,0.90003338
-20.448000,0.90020205
-20.439000,0.90037052
-20.430000,0.90053879
-20.421000,0.90070687
-20.412000,0.90087474
-20.403000,0.90104241
-20.394000,0.90120988
-20.385000,0.90137716
-20.376000,0.90154423
-20.367000,0.90171111
-20.358000,0.90187779
-20.349000,0.90204427
-20.340000,0.90221055
-20.331000,0.90237663
-20.322000,0.90254252
-20.313000,0.90270820
-20.304000,0.90287369
-20.295000,0.90303898
-20.286000,0.90320407
-20.277000,0.90336897
-20.268000,0.90353366
-20.259000,0.90369816
-20.250000,0.90386246
-20.241000,0.90402657
-20.232000,0.90419047
-20.223000,0.90435419
-20.214000,0.90451770
-20.205000,0.90468102
-20.196000,0.90484414
-20.187000,0.90500706
-20.178000,0.90516979
-20.169000,0.90533232
-20.160000,0.90549465
-20.151000,0.90565679
-20.142000,0.90581873
-20.133000,0.90598048
-20.124000,0.90614203
-20.115000,0.90630338
-20.106000,0.90646454
-20.097000,0.90662551
-20.088000,0.90678628
-20.079000,0.90694685
-20.070000,0.90710723
-20.061000,0.90726741
-20.052000,0.90742740
-20.043000,0.90758720
-20.034000,0.90774680
-20.025000,0.90790620
-20.016000,0.90806541
-20.007000,0.90822443
-19.998000,0.90838325
-19.989000,0.90854188
-19.980000,0.90870031
-19.971000,0.90885855
-19.962000,0.90901660
-19.953000,0.90917445
-19.944000,0.90933211
-19.935000,0.90948958
-19.926000,0.90964685
-19.917000,0.90980394
-19.908000,0.90996082
-19.899000,0.91011752
-19.890000,0.91027402
-19.881000,0.91043033
-19.872000,0.91058645
-19.863000,0.91074237
-19.854000,0.91089810
-19.845000,0.91105364
-19.836000,0.91120899
-19.827000,0.91136415
-19.818000,0.91151911
-19.809000,0.91167388
-19.800000,0.91182847
-19.791000,0.91198286
-19.782000,0.91213705
-19.773000,0.91229106
-19.764000,0.91244488
-19.755000,0.91259850
-19.746000,0.91275194
-19.737000,0.91290518
-19.728000,0.91305824
-19.719000,0.91321110
-19.710000,0.91336377
-19.701000,0.91351625
-19.692000,0.91366855
-19.683000,0.91382065
-19.674000,0.91397256
-19.665000,0.91412428
-19.656000,0.91427582
-19.647000,0.91442716
-19.638000,0.91457831
-19.629000,0.91472928
-19.620000,0.91488005
-19.611000,0.91503064
-19.602000,0.91518104
-19.593000,0.91533125
-19.584000,0.91548127
-19.575000,0.91563110
-19.566000,0.91578074
-19.557000,0.91593020
-19.548000,0.91607947
-19.539000,0.91622854
-19.530000,0.91637744
-19.521000,0.91652614
-19.512000,0.91667465
-19.503000,0.91682298
-19.494000,0.91697112
-19.485000,0.91711908
-19.476000,0.91726684
-19.467000,0.91741442
-19.458000,0.91756181
-19.449000,0.91770902
-19.440000,0.91785604
-19.431000,0.91800287
-19.422000,0.91814951
-19.413000,0.91829597
-19.404000,0.91844224
-19.395000,0.91858833
-19.386000,0.91873423
-19.377000,0.91887995
-19.368000,0.91902548
-19.359000,0.91917082
-19.350000,0.91931598
-19.341000,0.91946095
-19.332000,0.91960574
-19.323000,0.91975034
-19.314000,0.91989476
-19.305000,0.92003899
-19.296000,0.92018303
-19.287000,0.92032690
-19.278000,0.92047058
-19.269000,0.92061407
-19.260000,0.92075738
-19.251000,0.92090051
-19.242000,0.92104345
-19.233000,0.92118620
-19.224000,0.92132878
-19.215000,0.92147117
-19.206000,0.92161337
-19.197000,0.92175540
-19.188000,0.92189724
-19.179000,0.92203889
-19.170000,0.92218037
-19.161000,0.92232166
-19.152000,0.92246277
-19.143000,0.92260369
-19.134000,0.92274444
-19.125000,0.92288500
-19.116000,0.92302537
-19.107000,0.92316557
-19.098000,0.92330558
-19.089000,0.92344542
-19.080000,0.92358507
-19.071000,0.92372454
-19.062000,0.92386382
-19.053000,0.92400293
-19.044000,0.92414185
-19.035000,0.92428060
-19.026000,0.92441916
-19.017000,0.92455754
-19.008000,0.92469574
-18.999000,0.92483376
-18.990000,0.92497160
-18.981000,0.92510926
-18.972000,0.92524673
-18.963000,0.92538403
-18.954000,0.92552115
-18.945000,0.92565809
-18.936000,0.92579485
-18.927000,0.92593143
-18.918000,0.92606783
-18.909000,0.92620405
-18.900000,0.92634009
-18.891000,0.92647595
-18.882000,0.92661163
-18.873000,0.92674713
-18.864000,0.92688246
-18.855000,0.92701760
-18.846000,0.92715257
-18.837000,0.92728736
-18.828000,0.92742197
-18.819000,0.92755640
-18.810000,0.92769066
-18.801000,0.92782473
-18.792000,0.92795863
-18.783000,0.92809235
-18.774000,0.92822590
-18.765000,0.92835926
-18.756000,0.92849245
-18.747000,0.92862546
-18.738000,0.92875830
-18.729000,0.92889096
-18.720000,0.92902344
-18.711000,0.92915574
-18.702000,0.92928787
-18.693000,0.92941982
-18.684000,0.92955160
-18.675000,0.92968320
-18.666000,0.92981462
-18.657000,0.92994587
-18.648000,0.93007694
-18.639000,0.93020783
-18.630000,0.93033855
-18.621000,0.93046910
-18.612000,0.93059947
-18.603000,0.93072966
-18.594000,0.93085968
-18.585000,0.93098953
-18.576000,0.93111920
-18.567000,0.93124869
-18.558000,0.93137801
-18.549000,0.93150716
-18.540000,0.93163613
-18.531000,0.93176493
-18.522000,0.93189355
-18.513000,0.93202200
-18.504000,0.93215028
-18.495000,0.93227838
-18.486000,0.93240631
-18.477000,0.93253407
-18.468000,0.93266165
-18.459000,0.93278906
-18.450000,0.93291630
-18.441000,0.93304336
-18.432000,0.93317025
-18.423000,0.93329697
-18.414000,0.93342352
-18.405000,0.93354989
-18.396000,0.93367609
-18.387000,0.93380212
-18.378000,0.93392798
-18.369000,0.93405367
-18.360000,0.93417918
-18.351000,0.93430452
-18.342000,0.93442969
-18.333000,0.93455469
-18.324000,0.93467952
-18.315000,0.93480418
-18.306000,0.93492867
-18.297000,0.93505298
-18.288000,0.93517713
-18.279000,0.93530110
-18.270000,0.93542491
-18.261000,0.93554854
-18.252000,0.93567201
-18.243000,0.93579530
-18.234000,0.93591842
-18.225000,0.93604138
-18.216000,0.93616416
-18.207000,0.93628678
-18.198000,0.93640923
-18.189000,0.93653150
-18.180000,0.93665361
-18.171000,0.93677555
-18.162000,0.93689732
-18.153000,0.93701892
-18.144000,0.93714035
-18.135000,0.93726162
-18.126000,0.93738271
-18.117000,0.93750364
-18.108000,0.93762440
-18.099000,0.93774499
-18.090000,0.93786541
-18.081000,0.93798567
-18.072000,0.93810576
-18.063000,0.93822568
-18.054000,0.93834543
-18.045000,0.93846502
-18.036000,0.93858444
-18.027000,0.93870369
-18.018000,0.93882278
-18.009000,0.93894170
-18.000000,0.93906045
-17.991000,0.93917904
-17.982000,0.93929746
-17.973000,0.93941571
-17.964000,0.93953380
-17.955000,0.93965172
-17.946000,0.93976948
-17.937000,0.93988707
-17.928000,0.94000449
-17.919000,0.94012175
-17.910000,0.94023885
-17.901000,0.94035578
-17.892000,0.94047254
-17.883000,0.94058914
-17.874000,0.94070558
-17.865000,0.94082185
-17.856000,0.94093795
-17.847000,0.94105389
-17.838000,0.94116967
-17.829000,0.94128529
-17.820000,0.94140073
-17.811000,0.94151602
-17.802000,0.94163114
-17.793000,0.94174610
-17.784000,0.94186090
-17.775000,0.94197553
-17.766000,0.94209000
-17.757000,0.94220430
-17.748000,0.94231845
-17.739000,0.94243243
-17.730000,0.94254624
-17.721000,0.94265990
-17.712000,0.94277339
-17.703000,0.94288672
-17.694000,0.94299989
-17.685000,0.94311290
-17.676000,0.94322574
-17.667000,0.94333843
-17.658000,0.94345095
-17.649000,0.94356331
-17.640000,0.94367551
-17.631000,0.94378754
-17.622000,0.94389942
-17.613000,0.94401114
-17.604000,0.94412269
-17.595000,0.94423409
-17.586000,0.94434532
-17.577000,0.94445639
-17.568000,0.94456731
-17.559000,0.94467806
-17.550000,0.94478865
-17.541000,0.94489909
-17.532000,0.94500936
-17.523000,0.94511947
-17.514000,0.94522943
-17.505000,0.94533922
-17.496000,0.94544886
-17.487000,0.94555833
-17.478000,0.94566765
-17.469000,0.94577681
-17.460000,0.94588581
-17.451000,0.94599465
-17.442000,0.94610334
-17.433000,0.94621186
-17.424000,0.94632023
-17.415000,0.94642844
-17.406000,0.94653649
-17.397000,0.94664438
-17.388000,0.94675212
-17.379000,0.94685970
-17.370000,0.94696712
-17.361000,0.94707438
-17.352000,0.94718149
-17.343000,0.94728844
-17.334000,0.94739523
-17.325000,0.94750186
-17.316000,0.94760834
-17.307000,0.94771467
-17.298000,0.94782083
-17.289000,0.94792684
-17.280000,0.94803270
-17.271000,0.94813840
-17.262000,0.94824394
-17.253000,0.94834933
-17.244000,0.94845456
-17.235000,0.94855963
-17.226000,0.94866455
-17.217000,0.94876932
-17.208000,0.94887393
-17.199000,0.94897839
-17.190000,0.94908269
-17.181000,0.94918683
-17.172000,0.94929083
-17.163000,0.94939466
-17.154000,0.94949835
-17.145000,0.94960188
-17.136000,0.94970525
-17.127000,0.94980847
-17.118000,0.94991154
-17.109000,0.95001446
-17.100000,0.95011722
-17.091000,0.95021982
-17.082000,0.95032228
-17.073000,0.95042458
-17.064000,0.95052673
-17.055000,0.95062873
-17.046000,0.95073057
-17.037000,0.95083226
-17.028000,0.95093380
-17.019000,0.95103519
-17.010000,0.95113642
-17.001000,0.95123750
-16.992000,0.95133843
-16.983000,0.95143921
-16.974000,0.95153984
-16.965000,0.95164031
-16.956000,0.95174064
-16.947000,0.95184081
-16.938000,0.95194083
-16.929000,0.95204071
-16.920000,0.95214043
-16.911000,0.95224000
-16.902000,0.95233942
-16.893000,0.95243868
-16.884000,0.95253780
-16.875000,0.95263677
-16.866000,0.95273559
-16.857000,0.95283426
-16.848000,0.95293278
-16.839000,0.95303115
-16.830000,0.95312937
-16.821000,0.95322744
-16.812000,0.95332536
-16.803000,0.95342313
-16.794000,0.95352076
-16.785000,0.95361823
-16.776000,0.95371556
-16.767000,0.95381274
-16.758000,0.95390977
-16.749000,0.95400665
-16.740000,0.95410338
-16.731000,0.95419997
-16.722000,0.95429640
-16.713000,0.95439269
-16.704000,0.95448884
-16.695000,0.95458483
-16.686000,0.95468068
-16.677000,0.95477638
-16.668000,0.95487193
-16.659000,0.95496734
-16.650000,0.95506260
-16.641000,0.95515771
-16.632000,0.95525267
-16.623000,0.95534749
-16.614000,0.95544217
-16.605000,0.95553669
-16.596000,0.95563107
-16.587000,0.95572531
-16.578000,0.95581940
-16.569000,0.95591334
-16.560000,0.95600714
-16.551000,0.95610080
-16.542000,0.95619430
-16.533000,0.95628767
-16.524000,0.95638088
-16.515000,0.95647396
-16.506000,0.95656689
-16.497000,0.95665967
-16.488000,0.95675231
-16.479000,0.95684480
-16.470000,0.95693716
-16.461000,0.95702936
-16.452000,0.95712143
-16.443000,0.95721335
-16.434000,0.95730512
-16.425000,0.95739675
-16.416000,0.95748824
-16.407000,0.95757959
-16.398000,0.95767079
-16.389000,0.95776185
-16.380000,0.95785277
-16.371000,0.95794354
-16.362000,0.95803417
-16.353000,0.95812466
-16.344000,0.95821501
-16.335000,0.95830521
-16.326000,0.95839528
-16.317000,0.95848520
-16.308000,0.95857498
-16.299000,0.95866461
-16.290000,0.95875411
-16.281000,0.95884347
-16.272000,0.95893268
-16.263000,0.95902175
-16.254000,0.95911068
-16.245000,0.95919947
-16.236000,0.95928812
-16.227000,0.95937663
-16.218000,0.95946500
-16.209000,0.95955323
-16.200000,0.95964132
-16.191000,0.95972927
-16.182000,0.95981707
-16.173000,0.95990474
-16.164000,0.95999227
-16.155000,0.96007966
-16.146000,0.96016691
-16.137000,0.96025402
-16.128000,0.96034099
-16.119000,0.96042783
-16.110000,0.96051452
-16.101000,0.96060108
-16.092000,0.96068749
-16.083000,0.96077377
-16.074000,0.96085991
-16.065000,0.96094591
-16.056000,0.96103177
-16.047000,0.96111750
-16.038000,0.96120309
-16.029000,0.96128854
-16.020000,0.96137385
-16.011000,0.96145903
-16.002000,0.96154406
-15.993000,0.96162897
-15.984000,0.96171373
-15.975000,0.96179836
-15.966000,0.96188285
-15.957000,0.96196720
-15.948000,0.96205142
-15.939000,0.96213550
-15.930000,0.96221944
-15.921000,0.96230325
-15.912000,0.96238692
-15.903000,0.96247046
-15.894000,0.96255386
-15.885000,0.96263713
-15.876000,0.96272026
-15.867000,0.96280325
-15.858000,0.96288611
-15.849000,0.96296884
-15.840000,0.96305143
-15.831000,0.96313388
-15.822000,0.96321620
-15.813000,0.96329839
-15.804000,0.96338044
-15.795000,0.96346236
-15.786000,0.96354414
-15.777000,0.96362579
-15.768000,0.96370731
-15.759000,0.96378869
-15.750000,0.96386994
-15.741000,0.96395105
-15.732000,0.96403203
-15.723000,0.96411288
-15.714000,0.96419360
-15.705000,0.96427418
-15.696000,0.96435463
-15.687000,0.96443495
-15.678000,0.96451513
-15.669000,0.96459518
-15.660000,0.96467510
-15.651000,0.96475489
-15.642000,0.96483455
-15.633000,0.96491407
-15.624000,0.96499346
-15.615000,0.96507273
-15.606000,0.96515185
-15.597000,0.96523085
-15.588000,0.96530972
-15.579000,0.96538846
-15.570000,0.96546706
-15.561000,0.96554553
-15.552000,0.96562388
-15.543000,0.96570209
-15.534000,0.96578017
-15.525000,0.96585813
-15.516000,0.96593595
-15.507000,0.96601364
-15.498000,0.96609120
-15.489000,0.96616863
-15.480000,0.96624594
-15.471000,0.96632311
-15.462000,0.96640015
-15.453000,0.96647707
-15.444000,0.96655386
-15.435000,0.96663051
-15.426000,0.96670704
-15.417000,0.96678344
-15.408000,0.96685971
-15.399000,0.96693585
-15.390000,0.96701187
-15.381000,0.96708775
-15.372000,0.96716351
-15.363000,0.96723914
-15.354000,0.96731464
-15.345000,0.96739002
-15.336000,0.96746526
-15.327000,0.96754038
-15.318000,0.96761538
-15.309000,0.96769024
-15.300000,0.96776498
-15.291000,0.96783959
-15.282000,0.96791408
-15.273000,0.96798843
-15.264000,0.96806267
-15.255000,0.96813677
-15.246000,0.96821075
-15.237000,0.96828460
-15.228000,0.96835833
-15.219000,0.96843193
-15.210000,0.96850541
-15.201000,0.96857876
-15.192000,0.96865198
-15.183000,0.96872508
-15.174000,0.96879806
-15.165000,0.96887091
-15.156000,0.96894363
-15.147000,0.96901623
-15.138000,0.96908870
-15.129000,0.96916105
-15.120000,0.96923328
-15.111000,0.96930538
-15.102000,0.96937736
-15.093000,0.96944921
-15.084000,0.96952094
-15.075000,0.96959255
-15.066000,0.96966403
-15.057000,0.96973539
-15.048000,0.96980663
-15.039000,0.96987774
-15.030000,0.96994873
-15.021000,0.97001960
-15.012000,0.97009034
-15.003000,0.97016096
-14.994000,0.97023146
-14.985000,0.97030184
-14.976000,0.97037209
-14.967000,0.97044223
-14.958000,0.97051224
-14.949000,0.97058212
-14.940000,0.97065189
-14.931000,0.97072153
-14.922000,0.97079106
-14.913000,0.97086046
-14.904000,0.97092974
-14.895000,0.97099890
-14.886000,0.97106794
-14.877000,0.97113686
-14.868000,0.97120565
-14.859000,0.97127433
-14.850000,0.97134289
-14.841000,0.97141132
-14.832000,0.97147964
-14.823000,0.97154783
-14.814000,0.97161591
-14.805000,0.97168386
-14.796000,0.97175170
-14.787000,0.97181942
-14.778000,0.97188701
-14.769000,0.97195449
-14.760000,0.97202185
-14.751000,0.97208909
-14.742000,0.97215621
-14.733000,0.97222321
-14.724000,0.97229010
-14.715000,0.97235686
-14.706000,0.97242351
-14.697000,0.97249003
-14.688000,0.97255644
-14.679000,0.97262274
-14.670000,0.97268891
-14.661000,0.97275497
-14.652000,0.97282091
-14.643000,0.97288673
-14.634000,0.97295243
-14.625000,0.97301802
-14.616000,0.97308349
-14.607000,0.97314884
-14.598000,0.97321408
-14.589000,0.97327920
-14.580000,0.97334420
-14.571000,0.97340909
-14.562000,0.97347386
-14.553000,0.97353851
-14.544000,0.97360305
-14.535000,0.97366747
-14.526000,0.97373178
-14.517000,0.97379597
-14.508000,0.97386004
-14.499000,0.97392400
-14.490000,0.97398784
-14.481000,0.97405157
-14.472000,0.97411519
-14.463000,0.97417869
-14.454000,0.97424207
-14.445000,0.97430534
-14.436000,0.97436850
-14.427000,0.97443154
-14.418000,0.97449446
-14.409000,0.97455728
-14.400000,0.97461997
-14.391000,0.97468256
-14.382000,0.97474503
-14.373000,0.97480739
-14.364000,0.97486963
-14.355000,0.97493176
-14.346000,0.97499378
-14.337000,0.97505568
-14.328000,0.97511747
-14.319000,0.97517915
-14.310000,0.97524072
-14.301000,0.97530217
-14.292000,0.97536351
-14.283000,0.97542474
-14.274000,0.97548586
-14.265000,0.97554686
-14.256000,0.97560775
-14.247000,0.97566853
-14.238000,0.97572920
-14.229000,0.97578976
-14.220000,0.97585020
-14.211000,0.97591054
-14.202000,0.97597076
-14.193000,0.97603087
-14.184000,0.97609087
-14.175000,0.97615076
-14.166000,0.97621054
-14.157000,0.97627021
-14.148000,0.97632977
-14.139000,0.97638922
-14.130000,0.97644856
-14.121000,0.97650779
-14.112000,0.97656691
-14.103000,0.97662591
-14.094000,0.97668481
-14.085000,0.97674360
-14.076000,0.97680228
-14.067000,0.97686085
-14.058000,0.97691932
-14.049000,0.97697767
-14.040000,0.97703591
-14.031000,0.97709405
-14.022000,0.97715207
-14.013000,0.97720999
-14.004000,0.97726780
-13.995000,0.97732550
-13.986000,0.97738310
-13.977000,0.97744058
-13.968000,0.97749796
-13.959000,0.97755523
-13.950000,0.97761239
-13.941000,0.97766944
-13.932000,0.97772639
-13.923000,0.97778323
-13.914000,0.97783996
-13.905000,0.97789659
-13.896000,0.97795311
-13.887000,0.97800952
-13.878000,0.97806583
-13.869000,0.97812203
-13.860000,0.97817812
-13.851000,0.97823410
-13.842000,0.97828998
-13.833000,0.97834576
-13.824000,0.97840143
-13.815000,0.97845699
-13.806000,0.97851245
-13.797000,0.97856780
-13.788000,0.97862305
-13.779000,0.97867819
-13.770000,0.97873322
-13.761000,0.97878815
-13.752000,0.97884298
-13.743000,0.97889770
-13.734000,0.97895232
-13.725000,0.97900683
-13.716000,0.97906124
-13.707000,0.97911554
-13.698000,0.97916974
-13.689000,0.97922384
-13.680000,0.97927783
-13.671000,0.97933172
-13.662000,0.97938551
-13.653000,0.97943919
-13.644000,0.97949277
-13.635000,0.97954624
-13.626000,0.97959961
-13.617000,0.97965288
-13.608000,0.97970605
-13.599000,0.97975911
-13.590000,0.97981207
-13.581000,0.97986493
-13.572000,0.97991769
-13.563000,0.97997034
-13.554000,0.98002289
-13.545000,0.98007534
-13.536000,0.98012769
-13.527000,0.98017993
-13.518000,0.98023208
-13.509000,0.98028412
-13.500000,0.98033606
-13.491000,0.98038790
-13.482000,0.98043964
-13.473000,0.98049128
-13.464000,0.98054282
-13.455000,0.98059426
-13.446000,0.98064559
-13.437000,0.98069683
-13.428000,0.98074796
-13.419000,0.98079900
-13.410000,0.98084993
-13.401000,0.98090077
-13.392000,0.98095151
-13.383000,0.98100214
-13.374000,0.98105268
-13.365000,0.98110311
-13.356000,0.98115345
-13.347000,0.98120369
-13.338000,0.98125383
-13.329000,0.98130387
-13.320000,0.98135381
-13.311000,0.98140365
-13.302000,0.98145339
-13.293000,0.98150304
-13.284000,0.98155259
-13.275000,0.98160203
-13.266000,0.98165139
-13.257000,0.98170064
-13.248000,0.98174979
-13.239000,0.98179885
-13.230000,0.98184781
-13.221000,0.98189667
-13.212000,0.98194543
-13.203000,0.98199410
-13.194000,0.98204267
-13.185000,0.98209114
-13.176000,0.98213952
-13.167000,0.98218780
-13.158000,0.98223598
-13.149000,0.98228407
-13.140000,0.98233206
-13.131000,0.98237995
-13.122000,0.98242775
-13.113000,0.98247545
-13.104000,0.98252306
-13.095000,0.98257056
-13.086000,0.98261798
-13.077000,0.98266530
-13.068000,0.98271252
-13.059000,0.98275965
-13.050000,0.98280668
-13.041000,0.98285362
-13.032000,0.98290046
-13.023000,0.98294721
-13.014000,0.98299386
-13.005000,0.98304042
-12.996000,0.98308688
-12.987000,0.98313325
-12.978000,0.98317953
-12.969000,0.98322571
-12.960000,0.98327180
-12.951000,0.98331779
-12.942000,0.98336369
-12.933000,0.98340950
-12.924000,0.98345521
-12.915000,0.98350083
-12.906000,0.98354635
-12.897000,0.98359179
-12.888000,0.98363713
-12.879000,0.98368238
-12.870000,0.98372753
-12.861000,0.98377259
-12.852000,0.98381756
-12.843000,0.98386244
-12.834000,0.98390722
-12.825000,0.98395191
-12.816000,0.98399652
-12.807000,0.98404102
-12.798000,0.98408544
-12.789000,0.98412977
-12.780000,0.98417400
-12.771000,0.98421814
-12.762000,0.98426219
-12.753000,0.98430615
-12.744000,0.98435002
-12.735000,0.98439380
-12.726000,0.98443749
-12.717000,0.98448108
-12.708000,0.98452459
-12.699000,0.98456800
-12.690000,0.98461133
-12.681000,0.98465456
-12.672000,0.98469771
-12.663000,0.98474076
-12.654000,0.98478373
-12.645000,0.98482660
-12.636000,0.98486939
-12.627000,0.98491208
-12.618000,0.98495469
-12.609000,0.98499721
-12.600000,0.98503964
-12.591000,0.98508197
-12.582000,0.98512422
-12.573000,0.98516639
-12.564000,0.98520846
-12.555000,0.98525044
-12.546000,0.98529234
-12.537000,0.98533415
-12.528000,0.98537587
-12.519000,0.98541750
-12.510000,0.98545904
-12.501000,0.98550050
-12.492000,0.98554186
-12.483000,0.98558314
-12.474000,0.98562434
-12.465000,0.98566544
-12.456000,0.98570646
-12.447000,0.98574739
-12.438000,0.98578823
-12.429000,0.98582899
-12.420000,0.98586966
-12.411000,0.98591025
-12.402000,0.98595074
-12.393000,0.98599115
-12.384000,0.98603148
-12.375000,0.98607172
-12.366000,0.98611187
-12.357000,0.98615193
-12.348000,0.98619191
-12.339000,0.98623181
-12.330000,0.98627162
-12.321000,0.98631134
-12.312000,0.98635098
-12.303000,0.98639053
-12.294000,0.98643000
-12.285000,0.98646938
-12.276000,0.98650868
-12.267000,0.98654790
-12.258000,0.98658702
-12.249000,0.98662607
-12.240000,0.98666503
-12.231000,0.98670390
-12.222000,0.98674270
-12.213000,0.98678140
-12.204000,0.98682003
-12.195000,0.98685857
-12.186000,0.98689702
-12.177000,0.98693539
-12.168000,0.98697368
-12.159000,0.98701189
-12.150000,0.98705001
-12.141000,0.98708805
-12.132000,0.98712600
-12.123000,0.98716388
-12.114000,0.98720167
-12.105000,0.98723938
-12.096000,0.98727700
-12.087000,0.98731454
-12.078000,0.98735200
-12.069000,0.98738938
-12.060000,0.98742668
-12.051000,0.98746389
-12.042000,0.98750102
-12.033000,0.98753807
-12.024000,0.98757504
-12.015000,0.98761193
-12.006000,0.98764874
-11.997000,0.98768546
-11.988000,0.98772210
-11.979000,0.98775867
-11.970000,0.98779515
-11.961000,0.98783155
-11.952000,0.98786787
-11.943000,0.98790411
-11.934000,0.98794027
-11.925000,0.98797635
-11.916000,0.98801234
-11.907000,0.98804826
-11.898000,0.98808410
-11.889000,0.98811986
-11.880000,0.98815554
-11.871000,0.98819114
-11.862000,0.98822666
-11.853000,0.98826210
-11.844000,0.98829746
-11.835000,0.98833274
-11.826000,0.98836794
-11.817000,0.98840306
-11.808000,0.98843811
-11.799000,0.98847308
-11.790000,0.98850796
-11.781000,0.98854277
-11.772000,0.98857750
-11.763000,0.98861215
-11.754000,0.98864673
-11.745000,0.98868122
-11.736000,0.98871564
-11.727000,0.98874998
-11.718000,0.98878424
-11.709000,0.98881843
-11.700000,0.98885253
-11.691000,0.98888656
-11.682000,0.98892052
-11.673000,0.98895439
-11.664000,0.98898819
-11.655000,0.98902191
-11.646000,0.98905555
-11.637000,0.98908912
-11.628000,0.98912261
-11.619000,0.98915603
-11.610000,0.98918937
-11.601000,0.98922263
-11.592000,0.98925581
-11.583000,0.98928892
-11.574000,0.98932196
-11.565000,0.98935492
-11.556000,0.98938780
-11.547000,0.98942061
-11.538000,0.98945334
-11.529000,0.98948599
-11.520000,0.98951857
-11.511000,0.98955108
-11.502000,0.98958351
-11.493000,0.98961587
-11.484000,0.98964815
-11.475000,0.98968035
-11.466000,0.98971249
-11.457000,0.98974454
-11.448000,0.98977653
-11.439000,0.98980843
-11.430000,0.98984027
-11.421000,0.98987203
-11.412000,0.98990372
-11.403000,0.98993533
-11.394000,0.98996687
-11.385000,0.98999833
-11.376000,0.99002973
-11.367000,0.99006104
-11.358000,0.99009229
-11.349000,0.99012346
-11.340000,0.99015456
-11.331000,0.99018559
-11.322000,0.99021654
-11.313000,0.99024742
-11.304000,0.99027823
-11.295000,0.99030897
-11.286000,0.99033963
-11.277000,0.99037022
-11.268000,0.99040074
-11.259000,0.99043119
-11.250000,0.99046156
-11.241000,0.99049187
-11.232000,0.99052210
-11.223000,0.99055226
-11.214000,0.99058235
-11.205000,0.99061237
-11.196000,0.99064231
-11.187000,0.99067219
-11.178000,0.99070199
-11.169000,0.99073172
-11.160000,0.99076139
-11.151000,0.99079098
-11.142000,0.99082050
-11.133000,0.99084995
-11.124000,0.99087933
-11.115000,0.99090864
-11.106000,0.99093788
-11.097000,0.99096705
-11.088000,0.99099615
-11.079000,0.99102518
-11.070000,0.99105414
-11.061000,0.99108303
-11.052000,0.99111185
-11.043000,0.99114060
-11.034000,0.99116928
-11.025000,0.99119790
-11.016000,0.99122644
-11.007000,0.99125492
-10.998000,0.99128332
-10.989000,0.99131166
-10.980000,0.99133993
-10.971000,0.99136813
-10.962000,0.99139626
-10.953000,0.99142432
-10.944000,0.99145232
-10.935000,0.99148025
-10.926000,0.99150811
-10.917000,0.99153590
-10.908000,0.99156362
-10.899000,0.99159128
-10.890000,0.99161886
-10.881000,0.99164639
-10.872000,0.99167384
-10.863000,0.99170123
-10.854000,0.99172854
-10.845000,0.99175580
-10.836000,0.99178298
-10.827000,0.99181010
-10.818000,0.99183715
-10.809000,0.99186414
-10.800000,0.99189106
-10.791000,0.99191791
-10.782000,0.99194469
-10.773000,0.99197141
-10.764000,0.99199807
-10.755000,0.99202466
-10.746000,0.99205118
-10.737000,0.99207763
-10.728000,0.99210402
-10.719000,0.99213035
-10.710000,0.99215661
-10.701000,0.99218280
-10.692000,0.99220893
-10.683000,0.99223500
-10.674000,0.99226099
-10.665000,0.99228693
-10.656000,0.99231280
-10.647000,0.99233860
-10.638000,0.99236434
-10.629000,0.99239002
-10.620000,0.99241563
-10.611000,0.99244117
-10.602000,0.99246666
-10.593000,0.99249208
-10.584000,0.99251743
-10.575000,0.99254272
-10.566000,0.99256795
-10.557000,0.99259311
-10.548000,0.99261821
-10.539000,0.99264325
-10.530000,0.99266822
-10.521000,0.99269313
-10.512000,0.99271798
-10.503000,0.99274276
-10.494000,0.99276748
-10.485000,0.99279214
-10.476000,0.99281673
-10.467000,0.99284127
-10.458000,0.99286574
-10.449000,0.99289014
-10.440000,0.99291449
-10.431000,0.99293877
-10.422000,0.99296299
-10.413000,0.99298715
-10.404000,0.99301125
-10.395000,0.99303529
-10.386000,0.99305926
-10.377000,0.99308317
-10.368000,0.99310702
-10.359000,0.99313081
-10.350000,0.99315454
-10.341000,0.99317821
-10.332000,0.99320181
-10.323000,0.99322536
-10.314000,0.99324884
-10.305000,0.99327227
-10.296000,0.99329563
-10.287000,0.99331893
-10.278000,0.99334218
-10.269000,0.99336536
-10.260000,0.99338848
-10.251000,0.99341154
-10.242000,0.99343454
-10.233000,0.99345748
-10.224000,0.99348036
-10.215000,0.99350319
-10.206000,0.99352595
-10.197000,0.99354865
-10.188000,0.99357129
-10.179000,0.99359388
-10.170000,0.99361640
-10.161000,0.99363887
-10.152000,0.99366127
-10.143000,0.99368362
-10.134000,0.99370591
-10.125000,0.99372814
-10.116000,0.99375031
-10.107000,0.99377243
-10.098000,0.99379448
-10.089000,0.99381648
-10.080000,0.99383841
-10.071000,0.99386029
-10.062000,0.99388212
-10.053000,0.99390388
-10.044000,0.99392559
-10.035000,0.99394724
-10.026000,0.99396883
-10.017000,0.99399036
-10.008000,0.99401184
-9.999000,0.99403326
-9.990000,0.99405462
-9.981000,0.99407592
-9.972000,0.99409717
-9.963000,0.99411836
-9.954000,0.99413949
-9.945000,0.99416057
-9.936000,0.99418159
-9.927000,0.99420256
-9.918000,0.99422346
-9.909000,0.99424431
-9.900000,0.99426511
-9.891000,0.99428585
-9.882000,0.99430653
-9.873000,0.99432716
-9.864000,0.99434773
-9.855000,0.99436825
-9.846000,0.99438871
-9.837000,0.99440911
-9.828000,0.99442946
-9.819000,0.99444975
-9.810000,0.99446999
-9.801000,0.99449018
-9.792000,0.99451030
-9.783000,0.99453038
-9.774000,0.99455040
-9.765000,0.99457036
-9.756000,0.99459027
-9.747000,0.99461013
-9.738000,0.99462993
-9.729000,0.99464967
-9.720000,0.99466936
-9.711000,0.99468900
-9.702000,0.99470859
-9.693000,0.99472812
-9.684000,0.99474759
-9.675000,0.99476701
-9.666000,0.99478638
-9.657000,0.99480570
-9.648000,0.99482496
-9.639000,0.99484417
-9.630000,0.99486332
-9.621000,0.99488242
-9.612000,0.99490147
-9.603000,0.99492047
-9.594000,0.99493941
-9.585000,0.99495830
-9.576000,0.99497714
-9.567000,0.99499592
-9.558000,0.99501466
-9.549000,0.99503334
-9.540000,0.99505196
-9.531000,0.99507054
-9.522000,0.99508906
-9.513000,0.99510753
-9.504000,0.99512595
-9.495000,0.99514432
-9.486000,0.99516264
-9.477000,0.99518090
-9.468000,0.99519911
-9.459000,0.99521728
-9.450000,0.99523539
-9.441000,0.99525344
-9.432000,0.99527145
-9.423000,0.99528941
-9.414000,0.99530731
-9.405000,0.99532517
-9.396000,0.99534297
-9.387000,0.99536073
-9.378000,0.99537843
-9.369000,0.99539608
-9.360000,0.99541368
-9.351000,0.99543123
-9.342000,0.99544874
-9.333000,0.99546619
-9.324000,0.99548359
-9.315000,0.99550094
-9.306000,0.99551824
-9.297000,0.99553549
-9.288000,0.99555270
-9.279000,0.99556985
-9.270000,0.99558695
-9.261000,0.99560400
-9.252000,0.99562101
-9.243000,0.99563796
-9.234000,0.99565487
-9.225000,0.99567173
-9.216000,0.99568854
-9.207000,0.99570530
-9.198000,0.99572201
-9.189000,0.99573867
-9.180000,0.99575528
-9.171000,0.99577185
-9.162000,0.99578837
-9.153000,0.99580483
-9.144000,0.99582126
-9.135000,0.99583763
-9.126000,0.99585395
-9.117000,0.99587023
-9.108000,0.99588646
-9.099000,0.99590264
-9.090000,0.99591877
-9.081000,0.99593486
-9.072000,0.99595090
-9.063000,0.99596689
-9.054000,0.99598283
-9.045000,0.99599873
-9.036000,0.99601458
-9.027000,0.99603039
-9.018000,0.99604614
-9.009000,0.99606185
-9.000000,0.99607751
-8.991000,0.99609313
-8.982000,0.99610870
-8.973000,0.99612422
-8.964000,0.99613970
-8.955000,0.99615513
-8.946000,0.99617052
-8.937000,0.99618586
-8.928000,0.99620115
-8.919000,0.99621640
-8.910000,0.99623160
-8.901000,0.99624675
-8.892000,0.99626186
-8.883000,0.99627693
-8.874000,0.99629195
-8.865000,0.99630692
-8.856000,0.99632185
-8.847000,0.99633673
-8.838000,0.99635157
-8.829000,0.99636636
-8.820000,0.99638111
-8.811000,0.99639581
-8.802000,0.99641047
-8.793000,0.99642509
-8.784000,0.99643966
-8.775000,0.99645418
-8.766000,0.99646866
-8.757000,0.99648310
-8.748000,0.99649749
-8.739000,0.99651184
-8.730000,0.99652615
-8.721000,0.99654041
-8.712000,0.99655463
-8.703000,0.99656880
-8.694000,0.99658293
-8.685000,0.99659702
-8.676000,0.99661106
-8.667000,0.99662506
-8.658000,0.99663901
-8.649000,0.99665293
-8.640000,0.99666680
-8.631000,0.99668062
-8.622000,0.99669441
-8.613000,0.99670815
-8.604000,0.99672185
-8.595000,0.99673550
-8.586000,0.99674912
-8.577000,0.99676269
-8.568000,0.99677622
-8.559000,0.99678970
-8.550000,0.99680315
-8.541000,0.99681655
-8.532000,0.99682991
-8.523000,0.99684323
-8.514000,0.99685650
-8.505000,0.99686974
-8.496000,0.99688293
-8.487000,0.99689608
-8.478000,0.99690919
-8.469000,0.99692226
-8.460000,0.99693528
-8.451000,0.99694827
-8.442000,0.99696121
-8.433000,0.99697412
-8.424000,0.99698698
-8.415000,0.99699980
-8.406000,0.99701258
-8.397000,0.99702532
-8.388000,0.99703802
-8.379000,0.99705068
-8.370000,0.99706329
-8.361000,0.99707587
-8.352000,0.99708841
-8.343000,0.99710090
-8.334000,0.99711336
-8.325000,0.99712578
-8.316000,0.99713816
-8.307000,0.99715049
-8.298000,0.99716279
-8.289000,0.99717505
-8.280000,0.99718726
-8.271000,0.99719944
-8.262000,0.99721158
-8.253000,0.99722368
-8.244000,0.99723574
-8.235000,0.99724776
-8.226000,0.99725974
-8.217000,0.99727169
-8.208000,0.99728359
-8.199000,0.99729545
-8.190000,0.99730728
-8.181000,0.99731907
-8.172000,0.99733082
-8.163000,0.99734253
-8.154000,0.99735420
-8.145000,0.99736583
-8.136000,0.99737743
-8.127000,0.99738898
-8.118000,0.99740050
-8.109000,0.99741198
-8.100000,0.99742342
-8.091000,0.99743483
-8.082000,0.99744620
-8.073000,0.99745753
-8.064000,0.99746882
-8.055000,0.99748007
-8.046000,0.99749129
-8.037000,0.99750247
-8.028000,0.99751361
-8.019000,0.99752471
-8.010000,0.99753578
-8.001000,0.99754681
-7.992000,0.99755781
-7.983000,0.99756876
-7.974000,0.99757968
-7.965000,0.99759057
-7.956000,0.99760141
-7.947000,0.99761222
-7.938000,0.99762300
-7.929000,0.99763373
-7.920000,0.99764443
-7.911000,0.99765510
-7.902000,0.99766573
-7.893000,0.99767632
-7.884000,0.99768688
-7.875000,0.99769740
-7.866000,0.99770788
-7.857000,0.99771833
-7.848000,0.99772874
-7.839000,0.99773912
-7.830000,0.99774946
-7.821000,0.99775977
-7.812000,0.99777004
-7.803000,0.99778028
-7.794000,0.99779048
-7.785000,0.99780064
-7.776000,0.99781077
-7.767000,0.99782087
-7.758000,0.99783093
-7.749000,0.99784096
-7.740000,0.99785095
-7.731000,0.99786090
-7.722000,0.99787083
-7.713000,0.99788071
-7.704000,0.99789057
-7.695000,0.99790039
-7.686000,0.99791017
-7.677000,0.99791992
-7.668000,0.99792964
-7.659000,0.99793932
-7.650000,0.99794897
-7.641000,0.99795858
-7.632000,0.99796817
-7.623000,0.99797771
-7.614000,0.99798723
-7.605000,0.99799671
-7.596000,0.99800615
-7.587000,0.99801557
-7.578000,0.99802495
-7.569000,0.99803429
-7.560000,0.99804361
-7.551000,0.99805289
-7.542000,0.99806214
-7.533000,0.99807135
-7.524000,0.99808053
-7.515000,0.99808968
-7.506000,0.99809880
-7.497000,0.99810788
-7.488000,0.99811694
-7.479000,0.99812595
-7.470000,0.99813494
-7.461000,0.99814390
-7.452000,0.99815282
-7.443000,0.99816171
-7.434000,0.99817057
-7.425000,0.99817939
-7.416000,0.99818819
-7.407000,0.99819695
-7.398000,0.99820568
-7.389000,0.99821438
-7.380000,0.99822305
-7.371000,0.99823168
-7.362000,0.99824029
-7.353000,0.99824886
-7.344000,0.99825740
-7.335000,0.99826591
-7.326000,0.99827439
-7.317000,0.99828284
-7.308000,0.99829126
-7.299000,0.99829964
-7.290000,0.99830800
-7.281000,0.99831632
-7.272000,0.99832462
-7.263000,0.99833288
-7.254000,0.99834111
-7.245000,0.99834932
-7.236000,0.99835749
-7.227000,0.99836563
-7.218000,0.99837374
-7.209000,0.99838182
-7.200000,0.99838987
-7.191000,0.99839790
-7.182000,0.99840589
-7.173000,0.99841385
-7.164000,0.99842178
-7.155000,0.99842968
-7.146000,0.99843755
-7.137000,0.99844540
-7.128000,0.99845321
-7.119000,0.99846099
-7.110000,0.99846875
-7.101000,0.99847647
-7.092000,0.99848417
-7.083000,0.99849184
-7.074000,0.99849947
-7.065000,0.99850708
-7.056000,0.99851466
-7.047000,0.99852221
-7.038000,0.99852973
-7.029000,0.99853723
-7.020000,0.99854469
-7.011000,0.99855213
-7.002000,0.99855954
-6.993000,0.99856692
-6.984000,0.99857427
-6.975000,0.99858159
-6.966000,0.99858889
-6.957000,0.99859615
-6.948000,0.99860339
-6.939000,0.99861060
-6.930000,0.99861778
-6.921000,0.99862494
-6.912000,0.99863207
-6.903000,0.99863916
-6.894000,0.99864624
-6.885000,0.99865328
-6.876000,0.99866030
-6.867000,0.99866729
-6.858000,0.99867425
-6.849000,0.99868118
-6.840000,0.99868809
-6.831000,0.99869497
-6.822000,0.99870182
-6.813000,0.99870865
-6.804000,0.99871545
-6.795000,0.99872222
-6.786000,0.99872897
-6.777000,0.99873569
-6.768000,0.99874238
-6.759000,0.99874905
-6.750000,0.99875569
-6.741000,0.99876230
-6.732000,0.99876889
-6.723000,0.99877545
-6.714000,0.99878198
-6.705000,0.99878849
-6.696000,0.99879497
-6.687000,0.99880143
-6.678000,0.99880786
-6.669000,0.99881426
-6.660000,0.99882064
-6.651000,0.99882699
-6.642000,0.99883332
-6.633000,0.99883962
-6.624000,0.99884590
-6.615000,0.99885215
-6.606000,0.99885837
-6.597000,0.99886457
-6.588000,0.99887075
-6.579000,0.99887690
-6.570000,0.99888302
-6.561000,0.99888912
-6.552000,0.99889519
-6.543000,0.99890124
-6.534000,0.99890727
-6.525000,0.99891327
-6.516000,0.99891924
-6.507000,0.99892519
-6.498000,0.99893112
-6.489000,0.99893702
-6.480000,0.99894290
-6.471000,0.99894875
-6.462000,0.99895458
-6.453000,0.99896038
-6.444000,0.99896616
-6.435000,0.99897192
-6.426000,0.99897765
-6.417000,0.99898336
-6.408000,0.99898904
-6.399000,0.99899470
-6.390000,0.99900034
-6.381000,0.99900595
-6.372000,0.99901154
-6.363000,0.99901710
-6.354000,0.99902264
-6.345000,0.99902816
-6.336000,0.99903366
-6.327000,0.99903913
-6.318000,0.99904458
-6.309000,0.99905000
-6.300000,0.99905541
-6.291000,0.99906079
-6.282000,0.99906614
-6.273000,0.99907148
-6.264000,0.99907679
-6.255000,0.99908207
-6.246000,0.99908734
-6.237000,0.99909258
-6.228000,0.99909780
-6.219000,0.99910300
-6.210000,0.99910817
-6.201000,0.99911333
-6.192000,0.99911846
-6.183000,0.99912356
-6.174000,0.99912865
-6.165000,0.99913371
-6.156000,0.99913875
-6.147000,0.99914377
-6.138000,0.99914877
-6.129000,0.99915375
-6.120000,0.99915870
-6.111000,0.99916363
-6.102000,0.99916854
-6.093000,0.99917343
-6.084000,0.99917830
-6.075000,0.99918314
-6.066000,0.99918797
-6.057000,0.99919277
-6.048000,0.99919755
-6.039000,0.99920231
-6.030000,0.99920705
-6.021000,0.99921177
-6.012000,0.99921647
-6.003000,0.99922114
-5.994000,0.99922580
-5.985000,0.99923043
-5.976000,0.99923505
-5.967000,0.99923964
-5.958000,0.99924421
-5.949000,0.99924876
-5.940000,0.99925329
-5.931000,0.99925780
-5.922000,0.99926229
-5.913000,0.99926676
-5.904000,0.99927121
-5.895000,0.99927564
-5.886000,0.99928005
-5.877000,0.99928444
-5.868000,0.99928880
-5.859000,0.99929315
-5.850000,0.99929748
-5.841000,0.99930179
-5.832000,0.99930608
-5.823000,0.99931035
-5.814000,0.99931460
-5.805000,0.99931883
-5.796000,0.99932304
-5.787000,0.99932723
-5.778000,0.99933140
-5.769000,0.99933555
-5.760000,0.99933968
-5.751000,0.99934380
-5.742000,0.99934789
-5.733000,0.99935196
-5.724000,0.99935602
-5.715000,0.99936006
-5.706000,0.99936407
-5.697000,0.99936807
-5.688000,0.99937205
-5.679000,0.99937601
-5.670000,0.99937996
-5.661000,0.99938388
-5.652000,0.99938778
-5.643000,0.99939167
-5.634000,0.99939554
-5.625000,0.99939939
-5.616000,0.99940322
-5.607000,0.99940703
-5.598000,0.99941083
-5.589000,0.99941460
-5.580000,0.99941836
-5.571000,0.99942210
-5.562000,0.99942582
-5.553000,0.99942953
-5.544000,0.99943321
-5.535000,0.99943688
-5.526000,0.99944053
-5.517000,0.99944416
-5.508000,0.99944778
-5.499000,0.99945137
-5.490000,0.99945495
-5.481000,0.99945852
-5.472000,0.99946206
-5.463000,0.99946559
-5.454000,0.99946910
-5.445000,0.99947259
-5.436000,0.99947606
-5.427000,0.99947952
-5.418000,0.99948296
-5.409000,0.99948639
-5.400000,0.99948979
-5.391000,0.99949318
-5.382000,0.99949656
-5.373000,0.99949991
-5.364000,0.99950325
-5.355000,0.99950657
-5.346000,0.99950988
-5.337000,0.99951317
-5.328000,0.99951644
-5.319000,0.99951970
-5.310000,0.99952294
-5.301000,0.99952616
-5.292000,0.99952937
-5.283000,0.99953256
-5.274000,0.99953573
-5.265000,0.99953889
-5.256000,0.99954203
-5.247000,0.99954516
-5.238000,0.99954827
-5.229000,0.99955137
-5.220000,0.99955444
-5.211000,0.99955751
-5.202000,0.99956055
-5.193000,0.99956358
-5.184000,0.99956660
-5.175000,0.99956960
-5.166000,0.99957258
-5.157000,0.99957555
-5.148000,0.99957850
-5.139000,0.99958144
-5.130000,0.99958436
-5.121000,0.99958727
-5.112000,0.99959016
-5.103000,0.99959304
-5.094000,0.99959590
-5.085000,0.99959874
-5.076000,0.99960158
-5.067000,0.99960439
-5.058000,0.99960719
-5.049000,0.99960998
-5.040000,0.99961275
-5.031000,0.99961551
-5.022000,0.99961825
-5.013000,0.99962098
-5.004000,0.99962369
-4.995000,0.99962639
-4.986000,0.99962907
-4.977000,0.99963174
-4.968000,0.99963439
-4.959000,0.99963703
-4.950000,0.99963966
-4.941000,0.99964227
-4.932000,0.99964487
-4.923000,0.99964745
-4.914000,0.99965002
-4.905000,0.99965258
-4.896000,0.99965512
-4.887000,0.99965764
-4.878000,0.99966016
-4.869000,0.99966266
-4.860000,0.99966514
-4.851000,0.99966761
-4.842000,0.99967007
-4.833000,0.99967252
-4.824000,0.99967495
-4.815000,0.99967737
-4.806000,0.99967977
-4.797000,0.99968216
-4.788000,0.99968454
-4.779000,0.99968690
-4.770000,0.99968925
-4.761000,0.99969159
-4.752000,0.99969391
-4.743000,0.99969622
-4.734000,0.99969852
-4.725000,0.99970080
-4.716000,0.99970308
-4.707000,0.99970533
-4.698000,0.99970758
-4.689000,0.99970981
-4.680000,0.99971203
-4.671000,0.99971424
-4.662000,0.99971644
-4.653000,0.99971862
-4.644000,0.99972079
-4.635000,0.99972294
-4.626000,0.99972509
-4.617000,0.99972722
-4.608000,0.99972934
-4.599000,0.99973145
-4.590000,0.99973354
-4.581000,0.99973562
-4.572000,0.99973769
-4.563000,0.99973975
-4.554000,0.99974180
-4.545000,0.99974383
-4.536000,0.99974585
-4.527000,0.99974786
-4.518000,0.99974986
-4.509000,0.99975185
-4.500000,0.99975382
-4.491000,0.99975578
-4.482000,0.99975773
-4.473000,0.99975967
-4.464000,0.99976160
-4.455000,0.99976352
-4.446000,0.99976542
-4.437000,0.99976731
-4.428000,0.99976919
-4.419000,0.99977106
-4.410000,0.99977292
-4.401000,0.99977477
-4.392000,0.99977660
-4.383000,0.99977843
-4.374000,0.99978024
-4.365000,0.99978204
-4.356000,0.99978384
-4.347000,0.99978562
-4.338000,0.99978738
-4.329000,0.99978914
-4.320000,0.99979089
-4.311000,0.99979263
-4.302000,0.99979435
-4.293000,0.99979607
-4.284000,0.99979777
-4.275000,0.99979946
-4.266000,0.99980115
-4.257000,0.99980282
-4.248000,0.99980448
-4.239000,0.99980613
-4.230000,0.99980777
-4.221000,0.99980940
-4.212000,0.99981102
-4.203000,0.99981263
-4.194000,0.99981423
-4.185000,0.99981582
-4.176000,0.99981739
-4.167000,0.99981896
-4.158000,0.99982052
-4.149000,0.99982207
-4.140000,0.99982361
-4.131000,0.99982514
-4.122000,0.99982665
-4.113000,0.99982816
-4.104000,0.99982966
-4.095000,0.99983115
-4.086000,0.99983263
-4.077000,0.99983410
-4.068000,0.99983556
-4.059000,0.99983701
-4.050000,0.99983845
-4.041000,0.99983988
-4.032000,0.99984130
-4.023000,0.99984271
-4.014000,0.99984411
-4.005000,0.99984550
-3.996000,0.99984689
-3.987000,0.99984826
-3.978000,0.99984963
-3.969000,0.99985098
-3.960000,0.99985233
-3.951000,0.99985367
-3.942000,0.99985499
-3.933000,0.99985631
-3.924000,0.99985762
-3.915000,0.99985893
-3.906000,0.99986022
-3.897000,0.99986150
-3.888000,0.99986278
-3.879000,0.99986404
-3.870000,0.99986530
-3.861000,0.99986655
-3.852000,0.99986779
-3.843000,0.99986902
-3.834000,0.99987024
-3.825000,0.99987145
-3.816000,0.99987266
-3.807000,0.99987385
-3.798000,0.99987504
-3.789000,0.99987622
-3.780000,0.99987739
-3.771000,0.99987856
-3.762000,0.99987971
-3.753000,0.99988086
-3.744000,0.99988200
-3.735000,0.99988313
-3.726000,0.99988425
-3.717000,0.99988536
-3.708000,0.99988647
-3.699000,0.99988757
-3.690000,0.99988866
-3.681000,0.99988974
-3.672000,0.99989081
-3.663000,0.99989188
-3.654000,0.99989294
-3.645000,0.99989399
-3.636000,0.99989503
-3.627000,0.99989606
-3.618000,0.99989709
-3.609000,0.99989811
-3.600000,0.99989912
-3.591000,0.99990013
-3.582000,0.99990113
-3.573000,0.99990211
-3.564000,0.99990310
-3.555000,0.99990407
-3.546000,0.99990504
-3.537000,0.99990600
-3.528000,0.99990695
-3.519000,0.99990790
-3.510000,0.99990884
-3.501000,0.99990977
-3.492000,0.99991069
-3.483000,0.99991161
-3.474000,0.99991252
-3.465000,0.99991342
-3.456000,0.99991432
-3.447000,0.99991520
-3.438000,0.99991609
-3.429000,0.99991696
-3.420000,0.99991783
-3.411000,0.99991869
-3.402000,0.99991955
-3.393000,0.99992039
-3.384000,0.99992123
-3.375000,0.99992207
-3.366000,0.99992290
-3.357000,0.99992372
-3.348000,0.99992453
-3.339000,0.99992534
-3.330000,0.99992614
-3.321000,0.99992694
-3.312000,0.99992772
-3.303000,0.99992851
-3.294000,0.99992928
-3.285000,0.99993005
-3.276000,0.99993082
-3.267000,0.99993157
-3.258000,0.99993232
-3.249000,0.99993307
-3.240000,0.99993381
-3.231000,0.99993454
-3.222000,0.99993526
-3.213000,0.99993598
-3.204000,0.99993670
-3.195000,0.99993741
-3.186000,0.99993811
-3.177000,0.99993880
-3.168000,0.99993950
-3.159000,0.99994018
-3.150000,0.99994086
-3.141000,0.99994153
-3.132000,0.99994220
-3.123000,0.99994286
-3.114000,0.99994352
-3.105000,0.99994417
-3.096000,0.99994481
-3.087000,0.99994545
-3.078000,0.99994608
-3.069000,0.99994671
-3.060000,0.99994733
-3.051000,0.99994795
-3.042000,0.99994856
-3.033000,0.99994917
-3.024000,0.99994977
-3.015000,0.99995036
-3.006000,0.99995095
-2.997000,0.99995154
-2.988000,0.99995212
-2.979000,0.99995269
-2.970000,0.99995326
-2.961000,0.99995382
-2.952000,0.99995438
-2.943000,0.99995493
-2.934000,0.99995548
-2.925000,0.99995603
-2.916000,0.99995657
-2.907000,0.99995710
-2.898000,0.99995763
-2.889000,0.99995815
-2.880000,0.99995867
-2.871000,0.99995918
-2.862000,0.99995969
-2.853000,0.99996020
-2.844000,0.99996070
-2.835000,0.99996119
-2.826000,0.99996168
-2.817000,0.99996217
-2.808000,0.99996265
-2.799000,0.99996313
-2.790000,0.99996360
-2.781000,0.99996407
-2.772000,0.99996453
-2.763000,0.99996499
-2.754000,0.99996544
-2.745000,0.99996589
-2.736000,0.99996634
-2.727000,0.99996678
-2.718000,0.99996721
-2.709000,0.99996764
-2.700000,0.99996807
-2.691000,0.99996850
-2.682000,0.99996891
-2.673000,0.99996933
-2.664000,0.99996974
-2.655000,0.99997015
-2.646000,0.99997055
-2.637000,0.99997095
-2.628000,0.99997134
-2.619000,0.99997173
-2.610000,0.99997212
-2.601000,0.99997250
-2.592000,0.99997288
-2.583000,0.99997326
-2.574000,0.99997363
-2.565000,0.99997399
-2.556000,0.99997436
-2.547000,0.99997472
-2.538000,0.99997507
-2.529000,0.99997542
-2.520000,0.99997577
-2.511000,0.99997612
-2.502000,0.99997646
-2.493000,0.99997679
-2.484000,0.99997713
-2.475000,0.99997746
-2.466000,0.99997778
-2.457000,0.99997810
-2.448000,0.99997842
-2.439000,0.99997874
-2.430000,0.99997905
-2.421000,0.99997936
-2.412000,0.99997966
-2.403000,0.99997997
-2.394000,0.99998026
-2.385000,0.99998056
-2.376000,0.99998085
-2.367000,0.99998114
-2.358000,0.99998143
-2.349000,0.99998171
-2.340000,0.99998199
-2.331000,0.99998226
-2.322000,0.99998253
-2.313000,0.99998280
-2.304000,0.99998307
-2.295000,0.99998333
-2.286000,0.99998359
-2.277000,0.99998385
-2.268000,0.99998410
-2.259000,0.99998435
-2.250000,0.99998460
-2.241000,0.99998485
-2.232000,0.99998509
-2.223000,0.99998533
-2.214000,0.99998556
-2.205000,0.99998580
-2.196000,0.99998603
-2.187000,0.99998625
-2.178000,0.99998648
-2.169000,0.99998670
-2.160000,0.99998692
-2.151000,0.99998714
-2.142000,0.99998735
-2.133000,0.99998756
-2.124000,0.99998777
-2.115000,0.99998798
-2.106000,0.99998818
-2.097000,0.99998838
-2.088000,0.99998858
-2.079000,0.99998877
-2.070000,0.99998897
-2.061000,0.99998916
-2.052000,0.99998935
-2.043000,0.99998953
-2.034000,0.99998972
-2.025000,0.99998990
-2.016000,0.99999007
-2.007000,0.99999025
-1.998000,0.99999042
-1.989000,0.99999060
-1.980000,0.99999076
-1.971000,0.99999093
-1.962000,0.99999110
-1.953000,0.99999126
-1.944000,0.99999142
-1.935000,0.99999158
-1.926000,0.99999173
-1.917000,0.99999189
-1.908000,0.99999204
-1.899000,0.99999219
-1.890000,0.99999233
-1.881000,0.99999248
-1.872000,0.99999262
-1.863000,0.99999276
-1.854000,0.99999290
-1.845000,0.99999304
-1.836000,0.99999317
-1.827000,0.99999330
-1.818000,0.99999344
-1.809000,0.99999356
-1.800000,0.99999369
-1.791000,0.99999382
-1.782000,0.99999394
-1.773000,0.99999406
-1.764000,0.99999418
-1.755000,0.99999430
-1.746000,0.99999442
-1.737000,0.99999453
-1.728000,0.99999464
-1.719000,0.99999475
-1.710000,0.99999486
-1.701000,0.99999497
-1.692000,0.99999507
-1.683000,0.99999518
-1.674000,0.99999528
-1.665000,0.99999538
-1.656000,0.99999548
-1.647000,0.99999558
-1.638000,0.99999567
-1.629000,0.99999577
-1.620000,0.99999586
-1.611000,0.99999595
-1.602000,0.99999604
-1.593000,0.99999613
-1.584000,0.99999622
-1.575000,0.99999630
-1.566000,0.99999639
-1.557000,0.99999647
-1.548000,0.99999655
-1.539000,0.99999663
-1.530000,0.99999671
-1.521000,0.99999678
-1.512000,0.99999686
-1.503000,0.99999693
-1.494000,0.99999701
-1.485000,0.99999708
-1.476000,0.99999715
-1.467000,0.99999722
-1.458000,0.99999728
-1.449000,0.99999735
-1.440000,0.99999742
-1.431000,0.99999748
-1.422000,0.99999754
-1.413000,0.99999760
-1.404000,0.99999766
-1.395000,0.99999772
-1.386000,0.99999778
-1.377000,0.99999784
-1.368000,0.99999790
-1.359000,0.99999795
-1.350000,0.99999800
-1.341000,0.99999806
-1.332000,0.99999811
-1.323000,0.99999816
-1.314000,0.99999821
-1.305000,0.99999826
-1.296000,0.99999830
-1.287000,0.99999835
-1.278000,0.99999840
-1.269000,0.99999844
-1.260000,0.99999849
-1.251000,0.99999853
-1.242000,0.99999857
-1.233000,0.99999861
-1.224000,0.99999865
-1.215000,0.99999869
-1.206000,0.99999873
-1.197000,0.99999877
-1.188000,0.99999880
-1.179000,0.99999884
-1.170000,0.99999887
-1.161000,0.99999891
-1.152000,0.99999894
-1.143000,0.99999897
-1.134000,0.99999901
-1.125000,0.99999904
-1.116000,0.99999907
-1.107000,0.99999910
-1.098000,0.99999913
-1.089000,0.99999915
-1.080000,0.99999918
-1.071000,0.99999921
-1.062000,0.99999924
-1.053000,0.99999926
-1.044000,0.99999929
-1.035000,0.99999931
-1.026000,0.99999933
-1.017000,0.99999936
-1.008000,0.99999938
-0.999000,0.99999940
-0.990000,0.99999942
-0.981000,0.99999944
-0.972000,0.99999946
-0.963000,0.99999948
-0.954000,0.99999950
-0.945000,0.99999952
-0.936000,0.99999954
-0.927000,0.99999956
-0.918000,0.99999957
-0.909000,0.99999959
-0.900000,0.99999961
-0.891000,0.99999962
-0.882000,0.99999964
-0.873000,0.99999965
-0.864000,0.99999967
-0.855000,0.99999968
-0.846000,0.99999969
-0.837000,0.99999971
-0.828000,0.99999972
-0.819000,0.99999973
-0.810000,0.99999974
-0.801000,0.99999975
-0.792000,0.99999976
-0.783000,0.99999977
-0.774000,0.99999978
-0.765000,0.99999979
-0.756000,0.99999980
-0.747000,0.99999981
-0.738000,0.99999982
-0.729000,0.99999983
-0.720000,0.99999984
-0.711000,0.99999985
-0.702000,0.99999985
-0.693000,0.99999986
-0.684000,0.99999987
-0.675000,0.99999988
-0.666000,0.99999988
-0.657000,0.99999989
-0.648000,0.99999989
-0.639000,0.99999990
-0.630000,0.99999991
-0.621000,0.99999991
-0.612000,0.99999992
-0.603000,0.99999992
-0.594000,0.99999993
-0.585000,0.99999993
-0.576000,0.99999993
-0.567000,0.99999994
-0.558000,0.99999994
-0.549000,0.99999995
-0.540000,0.99999995
-0.531000,0.99999995
-0.522000,0.99999996
-0.513000,0.99999996
-0.504000,0.99999996
-0.495000,0.99999996
-0.486000,0.99999997
-0.477000,0.99999997
-0.468000,0.99999997
-0.459000,0.99999997
-0.450000,0.99999998
-0.441000,0.99999998
-0.432000,0.99999998
-0.423000,0.99999998
-0.414000,0.99999998
-0.405000,0.99999998
-0.396000,0.99999999
-0.387000,0.99999999
-0.378000,0.99999999
-0.369000,0.99999999
-0.360000,0.99999999
-0.351000,0.99999999
-0.342000,0.99999999
-0.333000,0.99999999
-0.324000,0.99999999
-0.315000,0.99999999
-0.306000,0.99999999
-0.297000,1.00000000
-0.288000,1.00000000
-0.279000,1.00000000
-0.270000,1.00000000
-0.261000,1.00000000
-0.252000,1.00000000
-0.243000,1.00000000
-0.234000,1.00000000
-0.225000,1.00000000
-0.216000,1.00000000
-0.207000,1.00000000
-0.198000,1.00000000
-0.189000,1.00000000
-0.180000,1.00000000
-0.171000,1.00000000
-0.162000,1.00000000
-0.153000,1.00000000
-0.144000,1.00000000
-0.135000,1.00000000
-0.126000,1.00000000
-0.117000,1.00000000
-0.108000,1.00000000
-0.099000,1.00000000
-0.090000,1.00000000
-0.081000,1.00000000
-0.072000,1.00000000
-0.063000,1.00000000
-0.054000,1.00000000
-0.045000,1.00000000
-0.036000,1.00000000
-0.027000,1.00000000
-0.018000,1.00000000
-0.009000,1.00000000
0.000000,1.00000000
0.009000,1.00000000
0.018000,1.00000000
0.027000,1.00000000
0.036000,1.00000000
0.045000,1.00000000
0.054000,1.00000000
0.063000,1.00000000
0.072000,1.00000000
0.081000,1.00000000
0.090000,1.00000000
0.099000,1.00000000
0.108000,1.00000000
0.117000,1.00000000
0.126000,1.00000000
0.135000,1.00000000
0.144000,1.00000000
0.153000,1.00000000
0.162000,1.00000000
0.171000,1.00000000
0.180000,1.00000000
0.189000,1.00000000
0.198000,1.00000000
0.207000,1.00000000
0.216000,1.00000000
0.225000,1.00000000
0.234000,1.00000000
0.243000,1.00000000
0.252000,1.00000000
0.261000,1.00000000
0.270000,1.00000000
0.279000,1.00000000
0.288000,1.00000000
0.297000,1.00000000
0.306000,0.99999999
0.315000,0.99999999
0.324000,0.99999999
0.333000,0.99999999
0.342000,0.99999999
0.351000,0.99999999
0.360000,0.99999999
0.369000,0.99999999
0.378000,0.99999999
0.387000,0.99999999
0.396000,0.99999999
0.405000,0.99999998
0.414000,0.99999998
0.423000,0.99999998
0.432000,0.99999998
0.441000,0.99999998
0.450000,0.99999998
0.459000,0.99999997
0.468000,0.99999997
0.477000,0.99999997
0.486000,0.99999997
0.495000,0.99999996
0.504000,0.99999996
0.513000,0.99999996
0.522000,0.99999996
0.531000,0.99999995
0.540000,0.99999995
0.549000,0.99999995
0.558000,0.99999994
0.567000,0.99999994
0.576000,0.99999993
0.585000,0.99999993
0.594000,0.99999993
0.603000,0.99999992
0.612000,0.99999992
0.621000,0.99999991
0.630000,0.99999991
0.639000,0.99999990
0.648000,0.99999989
0.657000,0.99999989
0.666000,0.99999988
0.675000,0.99999988
0.684000,0.99999987
0.693000,0.99999986
0.702000,0.99999985
0.711000,0.99999985
0.720000,0.99999984
0.729000,0.99999983
0.738000,0.99999982
0.747000,0.99999981
0.756000,0.99999980
0.765000,0.99999979
0.774000,0.99999978
0.783000,0.99999977
0.792000,0.99999976
0.801000,0.99999975
0.810000,0.99999974
0.819000,0.99999973
0.828000,0.99999972
0.837000,0.99999971
0.846000,0.99999969
0.855000,0.99999968
0.864000,0.99999967
0.873000,0.99999965
0.882000,0.99999964
0.891000,0.99999962
0.900000,0.99999961
0.909000,0.99999959
0.918000,0.99999957
0.927000,0.99999956
0.936000,0.99999954
0.945000,0.99999952
0.954000,0.99999950
0.963000,0.99999948
0.972000,0.99999946
0.981000,0.99999944
0.990000,0.99999942
0.999000,0.99999940
1.008000,0.99999938
1.017000,0.99999936
1.026000,0.99999933
1.035000,0.99999931
1.044000,0.99999929
1.053000,0.99999926
1.062000,0.99999924
1.071000,0.99999921
1.080000,0.99999918
1.089000,0.99999915
1.098000,0.99999913
1.107000,0.99999910
1.116000,0.99999907
1.125000,0.99999904
1.134000,0.99999901
1.143000,0.99999897
1.152000,0.99999894
1.161000,0.99999891
1.170000,0.99999887
1.179000,0.99999884
1.188000,0.99999880
1.197000,0.99999877
1.206000,0.99999873
1.215000,0.99999869
1.224000,0.99999865
1.233000,0.99999861
1.242000,0.99999857
1.251000,0.99999853
1.260000,0.99999849
1.269000,0.99999844
1.278000,0.99999840
1.287000,0.99999835
1.296000,0.99999830
1.305000,0.99999826
1.314000,0.99999821
1.323000,0.99999816
1.332000,0.99999811
1.341000,0.99999806
1.350000,0.99999800
1.359000,0.99999795
1.368000,0.99999790
1.377000,0.99999784
1.386000,0.99999778
1.395000,0.99999772
1.404000,0.99999766
1.413000,0.99999760
1.422000,0.99999754
1.431000,0.99999748
1.440000,0.99999742
1.449000,0.99999735
1.458000,0.99999728
1.467000,0.99999722
1.476000,0.99999715
1.485000,0.99999708
1.494000,0.99999701
1.503000,0.99999693
1.512000,0.99999686
1.521000,0.99999678
1.530000,0.99999671
1.539000,0.99999663
1.548000,0.99999655
1.557000,0.99999647
1.566000,0.99999639
1.575000,0.99999630
1.584000,0.99999622
1.593000,0.99999613
1.602000,0.99999604
1.611000,0.99999595
1.620000,0.99999586
1.629000,0.99999577
1.638000,0.99999567
1.647000,0.99999558
1.656000,0.99999548
1.665000,0.99999538
1.674000,0.99999528
1.683000,0.99999518
1.692000,0.99999507
1.701000,0.99999497
1.710000,0.99999486
1.719000,0.99999475
1.728000,0.99999464
1.737000,0.99999453
1.746000,0.99999442
1.755000,0.99999430
1.764000,0.99999418
1.773000,0.99999406
1.782000,0.99999394
1.791000,0.99999382
1.800000,0.99999369
1.809000,0.99999356
1.818000,0.99999344
1.827000,0.99999330
1.836000,0.99999317
1.845000,0.99999304
1.854000,0.99999290
1.863000,0.99999276
1.872000,0.99999262
1.881000,0.99999248
1.890000,0.99999233
1.899000,0.99999219
1.908000,0.99999204
1.917000,0.99999189
1.926000,0.99999173
1.935000,0.99999158
1.944000,0.99999142
1.953000,0.99999126
1.962000,0.99999110
1.971000,0.99999093
1.980000,0.99999076
1.989000,0.99999060
1.998000,0.99999042
2.007000,0.99999025
2.016000,0.99999007
2.025000,0.99998990
2.034000,0.99998972
2.043000,0.99998953
2.052000,0.99998935
2.061000,0.99998916
2.070000,0.99998897
2.079000,0.99998877
2.088000,0.99998858
2.097000,0.99998838
2.106000,0.99998818
2.115000,0.99998798
2.124000,0.99998777
2.133000,0.99998756
2.142000,0.99998735
2.151000,0.99998714
2.160000,0.99998692
2.169000,0.99998670
2.178000,0.99998648
2.187000,0.99998625
2.196000,0.99998603
2.205000,0.99998580
2.214000,0.99998556
2.223000,0.99998533
2.232000,0.99998509
2.241000,0.99998485
2.250000,0.99998460
2.259000,0.99998435
2.268000,0.99998410
2.277000,0.99998385
2.286000,0.99998359
2.295000,0.99998333
2.304000,0.99998307
2.313000,0.99998280
2.322000,0.99998253
2.331000,0.99998226
2.340000,0.99998199
2.349000,0.99998171
2.358000,0.99998143
2.367000,0.99998114
2.376000,0.99998085
2.385000,0.99998056
2.394000,0.99998026
2.403000,0.99997997
2.412000,0.99997966
2.421000,0.99997936
2.430000,0.99997905
2.439000,0.99997874
2.448000,0.99997842
2.457000,0.99997810
2.466000,0.99997778
2.475000,0.99997746
2.484000,0.99997713
2.493000,0.99997679
2.502000,0.99997646
2.511000,0.99997612
2.520000,0.99997577
2.529000,0.99997542
2.538000,0.99997507
2.547000,0.99997472
2.556000,0.99997436
2.565000,0.99997399
2.574000,0.99997363
2.583000,0.99997326
2.592000,0.99997288
2.601000,0.99997250
2.610000,0.99997212
2.619000,0.99997173
2.628000,0.99997134
2.637000,0.99997095
2.646000,0.99997055
2.655000,0.99997015
2.664000,0.99996974
2.673000,0.99996933
2.682000,0.99996891
2.691000,0.99996850
2.700000,0.99996807
2.709000,0.99996764
2.718000,0.99996721
2.727000,0.99996678
2.736000,0.99996634
2.745000,0.99996589
2.754000,0.99996544
2.763000,0.99996499
2.772000,0.99996453
2.781000,0.99996407
2.790000,0.99996360
2.799000,0.99996313
2.808000,0.99996265
2.817000,0.99996217
2.826000,0.99996168
2.835000,0.99996119
2.844000,0.99996070
2.853000,0.99996020
2.862000,0.99995969
2.871000,0.99995918
2.880000,0.99995867
2.889000,0.99995815
2.898000,0.99995763
2.907000,0.99995710
2.916000,0.99995657
2.925000,0.99995603
2.934000,0.99995548
2.943000,0.99995493
2.952000,0.99995438
2.961000,0.99995382
2.970000,0.99995326
2.979000,0.99995269
2.988000,0.99995212
2.997000,0.99995154
3.006000,0.99995095
3.015000,0.99995036
3.024000,0.99994977
3.033000,0.99994917
3.042000,0.99994856
3.051000,0.99994795
3.060000,0.99994733
3.069000,0.99994671
3.078000,0.99994608
3.087000,0.99994545
3.096000,0.99994481
3.105000,0.99994417
3.114000,0.99994352
3.123000,0.99994286
3.132000,0.99994220
3.141000,0.99994153
3.150000,0.99994086
3.159000,0.99994018
3.168000,0.99993950
3.177000,0.99993880
3.186000,0.99993811
3.195000,0.99993741
3.204000,0.99993670
3.213000,0.99993598
3.222000,0.99993526
3.231000,0.99993454
3.240000,0.99993381
3.249000,0.99993307
3.258000,0.99993232
3.267000,0.99993157
3.276000,0.99993082
3.285000,0.99993005
3.294000,0.99992928
3.303000,0.99992851
3.312000,0.99992772
3.321000,0.99992694
3.330000,0.99992614
3.339000,0.99992534
3.348000,0.99992453
3.357000,0.99992372
3.366000,0.99992290
3.375000,0.99992207
3.384000,0.99992123
3.393000,0.99992039
3.402000,0.99991955
3.411000,0.99991869
3.420000,0.99991783
3.429000,0.99991696
3.438000,0.99991609
3.447000,0.99991520
3.456000,0.99991432
3.465000,0.99991342
3.474000,0.99991252
3.483000,0.99991161
3.492000,0.99991069
3.501000,0.99990977
3.510000,0.99990884
3.519000,0.99990790
3.528000,0.99990695
3.537000,0.99990600
3.546000,0.99990504
3.555000,0.99990407
3.564000,0.99990310
3.573000,0.99990211
3.582000,0.99990113
3.591000,0.99990013
3.600000,0.99989912
3.609000,0.99989811
3.618000,0.99989709
3.627000,0.99989606
3.636000,0.99989503
3.645000,0.99989399
3.654000,0.99989294
3.663000,0.99989188
3.672000,0.99989081
3.681000,0.99988974
3.690000,0.99988866
3.699000,0.99988757
3.708000,0.99988647
3.717000,0.99988536
3.726000,0.99988425
3.735000,0.99988313
3.744000,0.99988200
3.753000,0.99988086
3.762000,0.99987971
3.771000,0.99987856
3.780000,0.99987739
3.789000,0.99987622
3.798000,0.99987504
3.807000,0.99987385
3.816000,0.99987266
3.825000,0.99987145
3.834000,0.99987024
3.843000,0.99986902
3.852000,0.99986779
3.861000,0.99986655
3.870000,0.99986530
3.879000,0.99986404
3.888000,0.99986278
3.897000,0.99986150
3.906000,0.99986022
3.915000,0.99985893
3.924000,0.99985762
3.933000,0.99985631
3.942000,0.99985499
3.951000,0.99985367
3.960000,0.99985233
3.969000,0.99985098
3.978000,0.99984963
3.987000,0.99984826
3.996000,0.99984689
4.005000,0.99984550
4.014000,0.99984411
4.023000,0.99984271
4.032000,0.99984130
4.041000,0.99983988
4.050000,0.99983845
4.059000,0.99983701
4.068000,0.99983556
4.077000,0.99983410
4.086000,0.99983263
4.095000,0.99983115
4.104000,0.99982966
4.113000,0.99982816
4.122000,0.99982665
4.131000,0.99982514
4.140000,0.99982361
4.149000,0.99982207
4.158000,0.99982052
4.167000,0.99981896
4.176000,0.99981739
4.185000,0.99981582
4.194000,0.99981423
4.203000,0.99981263
4.212000,0.99981102
4.221000,0.99980940
4.230000,0.99980777
4.239000,0.99980613
4.248000,0.99980448
4.257000,0.99980282
4.266000,0.99980115
4.275000,0.99979946
4.284000,0.99979777
4.293000,0.99979607
4.302000,0.99979435
4.311000,0.99979263
4.320000,0.99979089
4.329000,0.99978914
4.338000,0.99978738
4.347000,0.99978562
4.356000,0.99978384
4.365000,0.99978204
4.374000,0.99978024
4.383000,0.99977843
4.392000,0.99977660
4.401000,0.99977477
4.410000,0.99977292
4.419000,0.99977106
4.428000,0.99976919
4.437000,0.99976731
4.446000,0.99976542
4.455000,0.99976352
4.464000,0.99976160
4.473000,0.99975967
4.482000,0.99975773
4.491000,0.99975578
4.500000,0.99975382
4.509000,0.99975185
4.518000,0.99974986
4.527000,0.99974786
4.536000,0.99974585
4.545000,0.99974383
4.554000,0.99974180
4.563000,0.99973975
4.572000,0.99973769
4.581000,0.99973562
4.590000,0.99973354
4.599000,0.99973145
4.608000,0.99972934
4.617000,0.99972722
4.626000,0.99972509
4.635000,0.99972294
4.644000,0.99972079
4.653000,0.99971862
4.662000,0.99971644
4.671000,0.99971424
4.680000,0.99971203
4.689000,0.99970981
4.698000,0.99970758
4.707000,0.99970533
4.716000,0.99970308
4.725000,0.99970080
4.734000,0.99969852
4.743000,0.99969622
4.752000,0.99969391
4.761000,0.99969159
4.770000,0.99968925
4.779000,0.99968690
4.788000,0.99968454
4.797000,0.99968216
4.806000,0.99967977
4.815000,0.99967737
4.824000,0.99967495
4.833000,0.99967252
4.842000,0.99967007
4.851000,0.99966761
4.860000,0.99966514
4.869000,0.99966266
4.878000,0.99966016
4.887000,0.99965764
4.896000,0.99965512
4.905000,0.99965258
4.914000,0.99965002
4.923000,0.99964745
4.932000,0.99964487
4.941000,0.99964227
4.950000,0.99963966
4.959000,0.99963703
4.968000,0.99963439
4.977000,0.99963174
4.986000,0.99962907
4.995000,0.99962639
5.004000,0.99962369
5.013000,0.99962098
5.022000,0.99961825
5.031000,0.99961551
5.040000,0.99961275
5.049000,0.99960998
5.058000,0.99960719
5.067000,0.99960439
5.076000,0.99960158
5.085000,0.99959874
5.094000,0.99959590
5.103000,0.99959304
5.112000,0.99959016
5.121000,0.99958727
5.130000,0.99958436
5.139000,0.99958144
5.148000,0.99957850
5.157000,0.99957555
5.166000,0.99957258
5.175000,0.99956960
5.184000,0.99956660
5.193000,0.99956358
5.202000,0.99956055
5.211000,0.99955751
5.220000,0.99955444
5.229000,0.99955137
5.238000,0.99954827
5.247000,0.99954516
5.256000,0.99954203
5.265000,0.99953889
5.274000,0.99953573
5.283000,0.99953256
5.292000,0.99952937
5.301000,0.99952616
5.310000,0.99952294
5.319000,0.99951970
5.328000,0.99951644
5.337000,0.99951317
5.346000,0.99950988
5.355000,0.99950657
5.364000,0.99950325
5.373000,0.99949991
5.382000,0.99949656
5.391000,0.99949318
5.400000,0.99948979
5.409000,0.99948639
5.418000,0.99948296
5.427000,0.99947952
5.436000,0.99947606
5.445000,0.99947259
5.454000,0.99946910
5.463000,0.99946559
5.472000,0.99946206
5.481000,0.99945852
5.490000,0.99945495
5.499000,0.99945137
5.508000,0.99944778
5.517000,0.99944416
5.526000,0.99944053
5.535000,0.99943688
5.544000,0.99943321
5.553000,0.99942953
5.562000,0.99942582
5.571000,0.99942210
5.580000,0.99941836
5.589000,0.99941460
5.598000,0.99941083
5.607000,0.99940703
5.616000,0.99940322
5.625000,0.99939939
5.634000,0.99939554
5.643000,0.99939167
5.652000,0.99938778
5.661000,0.99938388
5.670000,0.99937996
5.679000,0.99937601
5.688000,0.99937205
5.697000,0.99936807
5.706000,0.99936407
5.715000,0.99936006
5.724000,0.99935602
5.733000,0.99935196
5.742000,0.99934789
5.751000,0.99934380
5.760000,0.99933968
5.769000,0.99933555
5.778000,0.99933140
5.787000,0.99932723
5.796000,0.99932304
5.805000,0.99931883
5.814000,0.99931460
5.823000,0.99931035
5.832000,0.99930608
5.841000,0.99930179
5.850000,0.99929748
5.859000,0.99929315
5.868000,0.99928880
5.877000,0.99928444
5.886000,0.99928005
5.895000,0.99927564
5.904000,0.99927121
5.913000,0.99926676
5.922000,0.99926229
5.931000,0.99925780
5.940000,0.99925329
5.949000,0.99924876
5.958000,0.99924421
5.967000,0.99923964
5.976000,0.99923505
5.985000,0.99923043
5.994000,0.99922580
6.003000,0.99922114
6.012000,0.99921647
6.021000,0.99921177
6.030000,0.99920705
6.039000,0.99920231
6.048000,0.99919755
6.057000,0.99919277
6.066000,0.99918797
6.075000,0.99918314
6.084000,0.99917830
6.093000,0.99917343
6.102000,0.99916854
6.111000,0.99916363
6.120000,0.99915870
6.129000,0.99915375
6.138000,0.99914877
6.147000,0.99914377
6.156000,0.99913875
6.165000,0.99913371
6.174000,0.99912865
6.183000,0.99912356
6.192000,0.99911846
6.201000,0.99911333
6.210000,0.99910817
6.219000,0.99910300
6.228000,0.99909780
6.237000,0.99909258
6.246000,0.99908734
6.255000,0.99908207
6.264000,0.99907679
6.273000,0.99907148
6.282000,0.99906614
6.291000,0.99906079
6.300000,0.99905541
6.309000,0.99905000
6.318000,0.99904458
6.327000,0.99903913
6.336000,0.99903366
6.345000,0.99902816
6.354000,0.99902264
6.363000,0.99901710
6.372000,0.99901154
6.381000,0.99900595
6.390000,0.99900034
6.399000,0.99899470
6.408000,0.99898904
6.417000,0.99898336
6.426000,0.99897765
6.435000,0.99897192
6.444000,0.99896616
6.453000,0.99896038
6.462000,0.99895458
6.471000,0.99894875
6.480000,0.99894290
6.489000,0.99893702
6.498000,0.99893112
6.507000,0.99892519
6.516000,0.99891924
6.525000,0.99891327
6.534000,0.99890727
6.543000,0.99890124
6.552000,0.99889519
6.561000,0.99888912
6.570000,0.99888302
6.579000,0.99887690
6.588000,0.99887075
6.597000,0.99886457
6.606000,0.99885837
6.615000,0.99885215
6.624000,0.99884590
6.633000,0.99883962
6.642000,0.99883332
6.651000,0.99882699
6.660000,0.99882064
6.669000,0.99881426
6.678000,0.99880786
6.687000,0.99880143
6.696000,0.99879497
6.705000,0.99878849
6.714000,0.99878198
6.723000,0.99877545
6.732000,0.99876889
6.741000,0.99876230
6.750000,0.99875569
6.759000,0.99874905
6.768000,0.99874238
6.777000,0.99873569
6.786000,0.99872897
6.795000,0.99872222
6.804000,0.99871545
6.813000,0.99870865
6.822000,0.99870182
6.831000,0.99869497
6.840000,0.99868809
6.849000,0.99868118
6.858000,0.99867425
6.867000,0.99866729
6.876000,0.99866030
6.885000,0.99865328
6.894000,0.99864624
6.903000,0.99863916
6.912000,0.99863207
6.921000,0.99862494
6.930000,0.99861778
6.939000,0.99861060
6.948000,0.99860339
6.957000,0.99859615
6.966000,0.99858889
6.975000,0.99858159
6.984000,0.99857427
6.993000,0.99856692
7.002000,0.99855954
7.011000,0.99855213
7.020000,0.99854469
7.029000,0.99853723
7.038000,0.99852973
7.047000,0.99852221
7.056000,0.99851466
7.065000,0.99850708
7.074000,0.99849947
7.083000,0.99849184
7.092000,0.99848417
7.101000,0.99847647
7.110000,0.99846875
7.119000,0.99846099
7.128000,0.99845321
7.137000,0.99844540
7.146000,0.99843755
7.155000,0.99842968
7.164000,0.99842178
7.173000,0.99841385
7.182000,0.99840589
7.191000,0.99839790
7.200000,0.99838987
7.209000,0.99838182
7.218000,0.99837374
7.227000,0.99836563
7.236000,0.99835749
7.245000,0.99834932
7.254000,0.99834111
7.263000,0.99833288
7.272000,0.99832462
7.281000,0.99831632
7.290000,0.99830800
7.299000,0.99829964
7.308000,0.99829126
7.317000,0.99828284
7.326000,0.99827439
7.335000,0.99826591
7.344000,0.99825740
7.353000,0.99824886
7.362000,0.99824029
7.371000,0.99823168
7.380000,0.99822305
7.389000,0.99821438
7.398000,0.99820568
7.407000,0.99819695
7.416000,0.99818819
7.425000,0.99817939
7.434000,0.99817057
7.443000,0.99816171
7.452000,0.99815282
7.461000,0.99814390
7.470000,0.99813494
7.479000,0.99812595
7.488000,0.99811694
7.497000,0.99810788
7.506000,0.99809880
7.515000,0.99808968
7.524000,0.99808053
7.533000,0.99807135
7.542000,0.99806214
7.551000,0.99805289
7.560000,0.99804361
7.569000,0.99803429
7.578000,0.99802495
7.587000,0.99801557
7.596000,0.99800615
7.605000,0.99799671
7.614000,0.99798723
7.623000,0.99797771
7.632000,0.99796817
7.641000,0.99795858
7.650000,0.99794897
7.659000,0.99793932
7.668000,0.99792964
7.677000,0.99791992
7.686000,0.99791017
7.695000,0.99790039
7.704000,0.99789057
7.713000,0.99788071
7.722000,0.99787083
7.731000,0.99786090
7.740000,0.99785095
7.749000,0.99784096
7.758000,0.99783093
7.767000,0.99782087
7.776000,0.99781077
7.785000,0.99780064
7.794000,0.99779048
7.803000,0.99778028
7.812000,0.99777004
7.821000,0.99775977
7.830000,0.99774946
7.839000,0.99773912
7.848000,0.99772874
7.857000,0.99771833
7.866000,0.99770788
7.875000,0.99769740
7.884000,0.99768688
7.893000,0.99767632
7.902000,0.99766573
7.911000,0.99765510
7.920000,0.99764443
7.929000,0.99763373
7.938000,0.99762300
7.947000,0.99761222
7.956000,0.99760141
7.965000,0.99759057
7.974000,0.99757968
7.983000,0.99756876
7.992000,0.99755781
8.001000,0.99754681
8.010000,0.99753578
8.019000,0.99752471
8.028000,0.99751361
8.037000,0.99750247
8.046000,0.99749129
8.055000,0.99748007
8.064000,0.99746882
8.073000,0.99745753
8.082000,0.99744620
8.091000,0.99743483
8.100000,0.99742342
8.109000,0.99741198
8.118000,0.99740050
8.127000,0.99738898
8.136000,0.99737743
8.145000,0.99736583
8.154000,0.99735420
8.163000,0.99734253
8.172000,0.99733082
8.181000,0.99731907
8.190000,0.99730728
8.199000,0.99729545
8.208000,0.99728359
8.217000,0.99727169
8.226000,0.99725974
8.235000,0.99724776
8.244000,0.99723574
8.253000,0.99722368
8.262000,0.99721158
8.271000,0.99719944
8.280000,0.99718726
8.289000,0.99717505
8.298000,0.99716279
8.307000,0.99715049
8.316000,0.99713816
8.325000,0.99712578
8.334000,0.99711336
8.343000,0.99710090
8.352000,0.99708841
8.361000,0.99707587
8.370000,0.99706329
8.379000,0.99705068
8.388000,0.99703802
8.397000,0.99702532
8.406000,0.99701258
8.415000,0.99699980
8.424000,0.99698698
8.433000,0.99697412
8.442000,0.99696121
8.451000,0.99694827
8.460000,0.99693528
8.469000,0.99692226
8.478000,0.99690919
8.487000,0.99689608
8.496000,0.99688293
8.505000,0.99686974
8.514000,0.99685650
8.523000,0.99684323
8.532000,0.99682991
8.541000,0.99681655
8.550000,0.99680315
8.559000,0.99678970
8.568000,0.99677622
8.577000,0.99676269
8.586000,0.99674912
8.595000,0.99673550
8.604000,0.99672185
8.613000,0.99670815
8.622000,0.99669441
8.631000,0.99668062
8.640000,0.99666680
8.649000,0.99665293
8.658000,0.99663901
8.667000,0.99662506
8.676000,0.99661106
8.685000,0.99659702
8.694000,0.99658293
8.703000,0.99656880
8.712000,0.99655463
8.721000,0.99654041
8.730000,0.99652615
8.739000,0.99651184
8.748000,0.99649749
8.757000,0.99648310
8.766000,0.99646866
8.775000,0.99645418
8.784000,0.99643966
8.793000,0.99642509
8.802000,0.99641047
8.811000,0.99639581
8.820000,0.99638111
8.829000,0.99636636
8.838000,0.99635157
8.847000,0.99633673
8.856000,0.99632185
8.865000,0.99630692
8.874000,0.99629195
8.883000,0.99627693
8.892000,0.99626186
8.901000,0.99624675
8.910000,0.99623160
8.919000,0.99621640
8.928000,0.99620115
8.937000,0.99618586
8.946000,0.99617052
8.955000,0.99615513
8.964000,0.99613970
8.973000,0.99612422
8.982000,0.99610870
8.991000,0.99609313
9.000000,0.99607751
9.009000,0.99606185
9.018000,0.99604614
9.027000,0.99603039
9.036000,0.99601458
9.045000,0.99599873
9.054000,0.99598283
9.063000,0.99596689
9.072000,0.99595090
9.081000,0.99593486
9.090000,0.99591877
9.099000,0.99590264
9.108000,0.99588646
9.117000,0.99587023
9.126000,0.99585395
9.135000,0.99583763
9.144000,0.99582126
9.153000,0.99580483
9.162000,0.99578837
9.171000,0.99577185
9.180000,0.99575528
9.189000,0.99573867
9.198000,0.99572201
9.207000,0.99570530
9.216000,0.99568854
9.225000,0.99567173
9.234000,0.99565487
9.243000,0.99563796
9.252000,0.99562101
9.261000,0.99560400
9.270000,0.99558695
9.279000,0.99556985
9.288000,0.99555270
9.297000,0.99553549
9.306000,0.99551824
9.315000,0.99550094
9.324000,0.99548359
9.333000,0.99546619
9.342000,0.99544874
9.351000,0.99543123
9.360000,0.99541368
9.369000,0.99539608
9.378000,0.99537843
9.387000,0.99536073
9.396000,0.99534297
9.405000,0.99532517
9.414000,0.99530731
9.423000,0.99528941
9.432000,0.99527145
9.441000,0.99525344
9.450000,0.99523539
9.459000,0.99521728
9.468000,0.99519911
9.477000,0.99518090
9.486000,0.99516264
9.495000,0.99514432
9.504000,0.99512595
9.513000,0.99510753
9.522000,0.99508906
9.531000,0.99507054
9.540000,0.99505196
9.549000,0.99503334
9.558000,0.99501466
9.567000,0.99499592
9.576000,0.99497714
9.585000,0.99495830
9.594000,0.99493941
9.603000,0.99492047
9.612000,0.99490147
9.621000,0.99488242
9.630000,0.99486332
9.639000,0.99484417
9.648000,0.99482496
9.657000,0.99480570
9.666000,0.99478638
9.675000,0.99476701
9.684000,0.99474759
9.693000,0.99472812
9.702000,0.99470859
9.711000,0.99468900
9.720000,0.99466936
9.729000,0.99464967
9.738000,0.99462993
9.747000,0.99461013
9.756000,0.99459027
9.765000,0.99457036
9.774000,0.99455040
9.783000,0.99453038
9.792000,0.99451030
9.801000,0.99449018
9.810000,0.99446999
9.819000,0.99444975
9.828000,0.99442946
9.837000,0.99440911
9.846000,0.99438871
9.855000,0.99436825
9.864000,0.99434773
9.873000,0.99432716
9.882000,0.99430653
9.891000,0.99428585
9.900000,0.99426511
9.909000,0.99424431
9.918000,0.99422346
9.927000,0.99420256
9.936000,0.99418159
9.945000,0.99416057
9.954000,0.99413949
9.963000,0.99411836
9.972000,0.99409717
9.981000,0.99407592
9.990000,0.99405462
9.999000,0.99403326
10.008000,0.99401184
10.017000,0.99399036
10.026000,0.99396883
10.035000,0.99394724
10.044000,0.99392559
10.053000,0.99390388
10.062000,0.99388212
10.071000,0.99386029
10.080000,0.99383841
10.089000,0.99381648
10.098000,0.99379448
10.107000,0.99377243
10.116000,0.99375031
10.125000,0.99372814
10.134000,0.99370591
10.143000,0.99368362
10.152000,0.99366127
10.161000,0.99363887
10.170000,0.99361640
10.179000,0.99359388
10.188000,0.99357129
10.197000,0.99354865
10.206000,0.99352595
10.215000,0.99350319
10.224000,0.99348036
10.233000,0.99345748
10.242000,0.99343454
10.251000,0.99341154
10.260000,0.99338848
10.269000,0.99336536
10.278000,0.99334218
10.287000,0.99331893
10.296000,0.99329563
10.305000,0.99327227
10.314000,0.99324884
10.323000,0.99322536
10.332000,0.99320181
10.341000,0.99317821
10.350000,0.99315454
10.359000,0.99313081
10.368000,0.99310702
10.377000,0.99308317
10.386000,0.99305926
10.395000,0.99303529
10.404000,0.99301125
10.413000,0.99298715
10.422000,0.99296299
10.431000,0.99293877
10.440000,0.99291449
10.449000,0.99289014
10.458000,0.99286574
10.467000,0.99284127
10.476000,0.99281673
10.485000,0.99279214
10.494000,0.99276748
10.503000,0.99274276
10.512000,0.99271798
10.521000,0.99269313
10.530000,0.99266822
10.539000,0.99264325
10.548000,0.99261821
10.557000,0.99259311
10.566000,0.99256795
10.575000,0.99254272
10.584000,0.99251743
10.593000,0.99249208
10.602000,0.99246666
10.611000,0.99244117
10.620000,0.99241563
10.629000,0.99239002
10.638000,0.99236434
10.647000,0.99233860
10.656000,0.99231280
10.665000,0.99228693
10.674000,0.99226099
10.683000,0.99223500
10.692000,0.99220893
10.701000,0.99218280
10.710000,0.99215661
10.719000,0.99213035
10.728000,0.99210402
10.737000,0.99207763
10.746000,0.99205118
10.755000,0.99202466
10.764000,0.99199807
10.773000,0.99197141
10.782000,0.99194469
10.791000,0.99191791
10.800000,0.99189106
10.809000,0.99186414
10.818000,0.99183715
10.827000,0.99181010
10.836000,0.99178298
10.845000,0.99175580
10.854000,0.99172854
10.863000,0.99170123
10.872000,0.99167384
10.881000,0.99164639
10.890000,0.99161886
10.899000,0.99159128
10.908000,0.99156362
10.917000,0.99153590
10.926000,0.99150811
10.935000,0.99148025
10.944000,0.99145232
10.953000,0.99142432
10.962000,0.99139626
10.971000,0.99136813
10.980000,0.99133993
10.989000,0.99131166
10.998000,0.99128332
11.007000,0.99125492
11.016000,0.99122644
11.025000,0.99119790
11.034000,0.99116928
11.043000,0.99114060
11.052000,0.99111185
11.061000,0.99108303
11.070000,0.99105414
11.079000,0.99102518
11.088000,0.99099615
11.097000,0.99096705
11.106000,0.99093788
11.115000,0.99090864
11.124000,0.99087933
11.133000,0.99084995
11.142000,0.99082050
11.151000,0.99079098
11.160000,0.99076139
11.169000,0.99073172
11.178000,0.99070199
11.187000,0.99067219
11.196000,0.99064231
11.205000,0.99061237
11.214000,0.99058235
11.223000,0.99055226
11.232000,0.99052210
11.241000,0.99049187
11.250000,0.99046156
11.259000,0.99043119
11.268000,0.99040074
11.277000,0.99037022
11.286000,0.99033963
11.295000,0.99030897
11.304000,0.99027823
11.313000,0.99024742
11.322000,0.99021654
11.331000,0.99018559
11.340000,0.99015456
11.349000,0.99012346
11.358000,0.99009229
11.367000,0.99006104
11.376000,0.99002973
11.385000,0.98999833
11.394000,0.98996687
11.403000,0.98993533
11.412000,0.98990372
11.421000,0.98987203
11.430000,0.98984027
11.439000,0.98980843
11.448000,0.98977653
11.457000,0.98974454
11.466000,0.98971249
11.475000,0.98968035
11.484000,0.98964815
11.493000,0.98961587
11.502000,0.98958351
11.511000,0.98955108
11.520000,0.98951857
11.529000,0.98948599
11.538000,0.98945334
11.547000,0.98942061
11.556000,0.98938780
11.565000,0.98935492
11.574000,0.98932196
11.583000,0.98928892
11.592000,0.98925581
11.601000,0.98922263
11.610000,0.98918937
11.619000,0.98915603
11.628000,0.98912261
11.637000,0.98908912
11.646000,0.98905555
11.655000,0.98902191
11.664000,0.98898819
11.673000,0.98895439
11.682000,0.98892052
11.691000,0.98888656
11.700000,0.98885253
11.709000,0.98881843
11.718000,0.98878424
11.727000,0.98874998
11.736000,0.98871564
11.745000,0.98868122
11.754000,0.98864673
11.763000,0.98861215
11.772000,0.98857750
11.781000,0.98854277
11.790000,0.98850796
11.799000,0.98847308
11.808000,0.98843811
11.817000,0.98840306
11.826000,0.98836794
11.835000,0.98833274
11.844000,0.98829746
11.853000,0.98826210
11.862000,0.98822666
11.871000,0.98819114
11.880000,0.98815554
11.889000,0.98811986
11.898000,0.98808410
11.907000,0.98804826
11.916000,0.98801234
11.925000,0.98797635
11.934000,0.98794027
11.943000,0.98790411
11.952000,0.98786787
11.961000,0.98783155
11.970000,0.98779515
11.979000,0.98775867
11.988000,0.98772210
11.997000,0.98768546
12.006000,0.98764874
12.015000,0.98761193
12.024000,0.98757504
12.033000,0.98753807
12.042000,0.98750102
12.051000,0.98746389
12.060000,0.98742668
12.069000,0.98738938
12.078000,0.98735200
12.087000,0.98731454
12.096000,0.98727700
12.105000,0.98723938
12.114000,0.98720167
12.123000,0.98716388
12.132000,0.98712600
12.141000,0.98708805
12.150000,0.98705001
12.159000,0.98701189
12.168000,0.98697368
12.177000,0.98693539
12.186000,0.98689702
12.195000,0.98685857
12.204000,0.98682003
12.213000,0.98678140
12.222000,0.98674270
12.231000,0.98670390
12.240000,0.98666503
12.249000,0.98662607
12.258000,0.98658702
12.267000,0.98654790
12.276000,0.98650868
12.285000,0.98646938
12.294000,0.98643000
12.303000,0.98639053
12.312000,0.98635098
12.321000,0.98631134
12.330000,0.98627162
12.339000,0.98623181
12.348000,0.98619191
12.357000,0.98615193
12.366000,0.98611187
12.375000,0.98607172
12.384000,0.98603148
12.393000,0.98599115
12.402000,0.98595074
12.411000,0.98591025
12.420000,0.98586966
12.429000,0.98582899
12.438000,0.98578823
12.447000,0.98574739
12.456000,0.98570646
12.465000,0.98566544
12.474000,0.98562434
12.483000,0.98558314
12.492000,0.98554186
12.501000,0.98550050
12.510000,0.98545904
12.519000,0.98541750
12.528000,0.98537587
12.537000,0.98533415
12.546000,0.98529234
12.555000,0.98525044
12.564000,0.98520846
12.573000,0.98516639
12.582000,0.98512422
12.591000,0.98508197
12.600000,0.98503964
12.609000,0.98499721
12.618000,0.98495469
12.627000,0.98491208
12.636000,0.98486939
12.645000,0.98482660
12.654000,0.98478373
12.663000,0.98474076
12.672000,0.98469771
12.681000,0.98465456
12.690000,0.98461133
12.699000,0.98456800
12.708000,0.98452459
12.717000,0.98448108
12.726000,0.98443749
12.735000,0.98439380
12.744000,0.98435002
12.753000,0.98430615
12.762000,0.98426219
12.771000,0.98421814
12.780000,0.98417400
12.789000,0.98412977
12.798000,0.98408544
12.807000,0.98404102
12.816000,0.98399652
12.825000,0.98395191
12.834000,0.98390722
12.843000,0.98386244
12.852000,0.98381756
12.861000,0.98377259
12.870000,0.98372753
12.879000,0.98368238
12.888000,0.98363713
12.897000,0.98359179
12.906000,0.98354635
12.915000,0.98350083
12.924000,0.98345521
12.933000,0.98340950
12.942000,0.98336369
12.951000,0.98331779
12.960000,0.98327180
12.969000,0.98322571
12.978000,0.98317953
12.987000,0.98313325
12.996000,0.98308688
13.005000,0.98304042
13.014000,0.98299386
13.023000,0.98294721
13.032000,0.98290046
13.041000,0.98285362
13.050000,0.98280668
13.059000,0.98275965
13.068000,0.98271252
13.077000,0.98266530
13.086000,0.98261798
13.095000,0.98257056
13.104000,0.98252306
13.113000,0.98247545
13.122000,0.98242775
13.131000,0.98237995
13.140000,0.98233206
13.149000,0.98228407
13.158000,0.98223598
13.167000,0.98218780
13.176000,0.98213952
13.185000,0.98209114
13.194000,0.98204267
13.203000,0.98199410
13.212000,0.98194543
13.221000,0.98189667
13.230000,0.98184781
13.239000,0.98179885
13.248000,0.98174979
13.257000,0.98170064
13.266000,0.98165139
13.275000,0.98160203
13.284000,0.98155259
13.293000,0.98150304
13.302000,0.98145339
13.311000,0.98140365
13.320000,0.98135381
13.329000,0.98130387
13.338000,0.98125383
13.347000,0.98120369
13.356000,0.98115345
13.365000,0.98110311
13.374000,0.98105268
13.383000,0.98100214
13.392000,0.98095151
13.401000,0.98090077
13.410000,0.98084993
13.419000,0.98079900
13.428000,0.98074796
13.437000,0.98069683
13.446000,0.98064559
13.455000,0.98059426
13.464000,0.98054282
13.473000,0.98049128
13.482000,0.98043964
13.491000,0.98038790
13.500000,0.98033606
13.509000,0.98028412
13.518000,0.98023208
13.527000,0.98017993
13.536000,0.98012769
13.545000,0.98007534
13.554000,0.98002289
13.563000,0.97997034
13.572000,0.97991769
13.581000,0.97986493
13.590000,0.97981207
13.599000,0.97975911
13.608000,0.97970605
13.617000,0.97965288
13.626000,0.97959961
13.635000,0.97954624
13.644000,0.97949277
13.653000,0.97943919
13.662000,0.97938551
13.671000,0.97933172
13.680000,0.97927783
13.689000,0.97922384
13.698000,0.97916974
13.707000,0.97911554
13.716000,0.97906124
13.725000,0.97900683
13.734000,0.97895232
13.743000,0.97889770
13.752000,0.97884298
13.761000,0.97878815
13.770000,0.97873322
13.779000,0.97867819
13.788000,0.97862305
13.797000,0.97856780
13.806000,0.97851245
13.815000,0.97845699
13.824000,0.97840143
13.833000,0.97834576
13.842000,0.97828998
13.851000,0.97823410
13.860000,0.97817812
13.869000,0.97812203
13.878000,0.97806583
13.887000,0.97800952
13.896000,0.97795311
13.905000,0.97789659
13.914000,0.97783996
13.923000,0.97778323
13.932000,0.97772639
13.941000,0.97766944
13.950000,0.97761239
13.959000,0.97755523
13.968000,0.97749796
13.977000,0.97744058
13.986000,0.97738310
13.995000,0.97732550
14.004000,0.97726780
14.013000,0.97720999
14.022000,0.97715207
14.031000,0.97709405
14.040000,0.97703591
14.049000,0.97697767
14.058000,0.97691932
14.067000,0.97686085
14.076000,0.97680228
14.085000,0.97674360
14.094000,0.97668481
14.103000,0.97662591
14.112000,0.97656691
14.121000,0.97650779
14.130000,0.97644856
14.139000,0.97638922
14.148000,0.97632977
14.157000,0.97627021
14.166000,0.97621054
14.175000,0.97615076
14.184000,0.97609087
14.193000,0.97603087
14.202000,0.97597076
14.211000,0.97591054
14.220000,0.97585020
14.229000,0.97578976
14.238000,0.97572920
14.247000,0.97566853
14.256000,0.97560775
14.265000,0.97554686
14.274000,0.97548586
14.283000,0.97542474
14.292000,0.97536351
14.301000,0.97530217
14.310000,0.97524072
14.319000,0.97517915
14.328000,0.97511747
14.337000,0.97505568
14.346000,0.97499378
14.355000,0.97493176
14.364000,0.97486963
14.373000,0.97480739
14.382000,0.97474503
14.391000,0.97468256
14.400000,0.97461997
14.409000,0.97455728
14.418000,0.97449446
14.427000,0.97443154
14.436000,0.97436850
14.445000,0.97430534
14.454000,0.97424207
14.463000,0.97417869
14.472000,0.97411519
14.481000,0.97405157
14.490000,0.97398784
14.499000,0.97392400
14.508000,0.97386004
14.517000,0.97379597
14.526000,0.97373178
14.535000,0.97366747
14.544000,0.97360305
14.553000,0.97353851
14.562000,0.97347386
14.571000,0.97340909
14.580000,0.97334420
14.589000,0.97327920
14.598000,0.97321408
14.607000,0.97314884
14.616000,0.97308349
14.625000,0.97301802
14.634000,0.97295243
14.643000,0.97288673
14.652000,0.97282091
14.661000,0.97275497
14.670000,0.97268891
14.679000,0.97262274
14.688000,0.97255644
14.697000,0.97249003
14.706000,0.97242351
14.715000,0.97235686
14.724000,0.97229010
14.733000,0.97222321
14.742000,0.97215621
14.751000,0.97208909
14.760000,0.97202185
14.769000,0.97195449
14.778000,0.97188701
14.787000,0.97181942
14.796000,0.97175170
14.805000,0.97168386
14.814000,0.97161591
14.823000,0.97154783
14.832000,0.97147964
14.841000,0.97141132
14.850000,0.97134289
14.859000,0.97127433
14.868000,0.97120565
14.877000,0.97113686
14.886000,0.97106794
14.895000,0.97099890
14.904000,0.97092974
14.913000,0.97086046
14.922000,0.97079106
14.931000,0.97072153
14.940000,0.97065189
14.949000,0.97058212
14.958000,0.97051224
14.967000,0.97044223
14.976000,0.97037209
14.985000,0.97030184
14.994000,0.97023146
15.003000,0.97016096
15.012000,0.97009034
15.021000,0.97001960
15.030000,0.96994873
15.039000,0.96987774
15.048000,0.96980663
15.057000,0.96973539
15.066000,0.96966403
15.075000,0.96959255
15.084000,0.96952094
15.093000,0.96944921
15.102000,0.96937736
15.111000,0.96930538
15.120000,0.96923328
15.129000,0.96916105
15.138000,0.96908870
15.147000,0.96901623
15.156000,0.96894363
15.165000,0.96887091
15.174000,0.96879806
15.183000,0.96872508
15.192000,0.96865198
15.201000,0.96857876
15.210000,0.96850541
15.219000,0.96843193
15.228000,0.96835833
15.237000,0.96828460
15.246000,0.96821075
15.255000,0.96813677
15.264000,0.96806267
15.273000,0.96798843
15.282000,0.96791408
15.291000,0.96783959
15.300000,0.96776498
15.309000,0.96769024
15.318000,0.96761538
15.327000,0.96754038
15.336000,0.96746526
15.345000,0.96739002
15.354000,0.96731464
15.363000,0.96723914
15.372000,0.96716351
15.381000,0.96708775
15.390000,0.96701187
15.399000,0.96693585
15.408000,0.96685971
15.417000,0.96678344
15.426000,0.96670704
15.435000,0.96663051
15.444000,0.96655386
15.453000,0.96647707
15.462000,0.96640015
15.471000,0.96632311
15.480000,0.96624594
15.489000,0.96616863
15.498000,0.96609120
15.507000,0.96601364
15.516000,0.96593595
15.525000,0.96585813
15.534000,0.96578017
15.543000,0.96570209
15.552000,0.96562388
15.561000,0.96554553
15.570000,0.96546706
15.579000,0.96538846
15.588000,0.96530972
15.597000,0.96523085
15.606000,0.96515185
15.615000,0.96507273
15.624000,0.96499346
15.633000,0.96491407
15.642000,0.96483455
15.651000,0.96475489
15.660000,0.96467510
15.669000,0.96459518
15.678000,0.96451513
15.687000,0.96443495
15.696000,0.96435463
15.705000,0.96427418
15.714000,0.96419360
15.723000,0.96411288
15.732000,0.96403203
15.741000,0.96395105
15.750000,0.96386994
15.759000,0.96378869
15.768000,0.96370731
15.777000,0.96362579
15.786000,0.96354414
15.795000,0.96346236
15.804000,0.96338044
15.813000,0.96329839
15.822000,0.96321620
15.831000,0.96313388
15.840000,0.96305143
15.849000,0.96296884
15.858000,0.96288611
15.867000,0.96280325
15.876000,0.96272026
15.885000,0.96263713
15.894000,0.96255386
15.903000,0.96247046
15.912000,0.96238692
15.921000,0.96230325
15.930000,0.96221944
15.939000,0.96213550
15.948000,0.96205142
15.957000,0.96196720
15.966000,0.96188285
15.975000,0.96179836
15.984000,0.96171373
15.993000,0.96162897
16.002000,0.96154406
16.011000,0.96145903
16.020000,0.96137385
16.029000,0.96128854
16.038000,0.96120309
16.047000,0.96111750
16.056000,0.96103177
16.065000,0.96094591
16.074000,0.96085991
16.083000,0.96077377
16.092000,0.96068749
16.101000,0.96060108
16.110000,0.96051452
16.119000,0.96042783
16.128000,0.96034099
16.137000,0.96025402
16.146000,0.96016691
16.155000,0.96007966
16.164000,0.95999227
16.173000,0.95990474
16.182000,0.95981707
16.191000,0.95972927
16.200000,0.95964132
16.209000,0.95955323
16.218000,0.95946500
16.227000,0.95937663
16.236000,0.95928812
16.245000,0.95919947
16.254000,0.95911068
16.263000,0.95902175
16.272000,0.95893268
16.281000,0.95884347
16.290000,0.95875411
16.299000,0.95866461
16.308000,0.95857498
16.317000,0.95848520
16.326000,0.95839528
16.335000,0.95830521
16.344000,0.95821501
16.353000,0.95812466
16.362000,0.95803417
16.371000,0.95794354
16.380000,0.95785277
16.389000,0.95776185
16.398000,0.95767079
16.407000,0.95757959
16.416000,0.95748824
16.425000,0.95739675
16.434000,0.95730512
16.443000,0.95721335
16.452000,0.95712143
16.461000,0.95702936
16.470000,0.95693716
16.479000,0.95684480
16.488000,0.95675231
16.497000,0.95665967
16.506000,0.95656689
16.515000,0.95647396
16.524000,0.95638088
16.533000,0.95628767
16.542000,0.95619430
16.551000,0.95610080
16.560000,0.95600714
16.569000,0.95591334
16.578000,0.95581940
16.587000,0.95572531
16.596000,0.95563107
16.605000,0.95553669
16.614000,0.95544217
16.623000,0.95534749
16.632000,0.95525267
16.641000,0.95515771
16.650000,0.95506260
16.659000,0.95496734
16.668000,0.95487193
16.677000,0.95477638
16.686000,0.95468068
16.695000,0.95458483
16.704000,0.95448884
16.713000,0.95439269
16.722000,0.95429640
16.731000,0.95419997
16.740000,0.95410338
16.749000,0.95400665
16.758000,0.95390977
16.767000,0.95381274
16.776000,0.95371556
16.785000,0.95361823
16.794000,0.95352076
16.803000,0.95342313
16.812000,0.95332536
16.821000,0.95322744
16.830000,0.95312937
16.839000,0.95303115
16.848000,0.95293278
16.857000,0.95283426
16.866000,0.95273559
16.875000,0.95263677
16.884000,0.95253780
16.893000,0.95243868
16.902000,0.95233942
16.911000,0.95224000
16.920000,0.95214043
16.929000,0.95204071
16.938000,0.95194083
16.947000,0.95184081
16.956000,0.95174064
16.965000,0.95164031
16.974000,0.95153984
16.983000,0.95143921
16.992000,0.95133843
17.001000,0.95123750
17.010000,0.95113642
17.019000,0.95103519
17.028000,0.95093380
17.037000,0.95083226
17.046000,0.95073057
17.055000,0.95062873
17.064000,0.95052673
17.073000,0.95042458
17.082000,0.95032228
17.091000,0.95021982
17.100000,0.95011722
17.109000,0.95001446
17.118000,0.94991154
17.127000,0.94980847
17.136000,0.94970525
17.145000,0.94960188
17.154000,0.94949835
17.163000,0.94939466
17.172000,0.94929083
17.181000,0.94918683
17.190000,0.94908269
17.199000,0.94897839
17.208000,0.94887393
17.217000,0.94876932
17.226000,0.94866455
17.235000,0.94855963
17.244000,0.94845456
17.253000,0.94834933
17.262000,0.94824394
17.271000,0.94813840
17.280000,0.94803270
17.289000,0.94792684
17.298000,0.94782083
17.307000,0.94771467
17.316000,0.94760834
17.325000,0.94750186
17.334000,0.94739523
17.343000,0.94728844
17.352000,0.94718149
17.361000,0.94707438
17.370000,0.94696712
17.379000,0.94685970
17.388000,0.94675212
17.397000,0.94664438
17.406000,0.94653649
17.415000,0.94642844
17.424000,0.94632023
17.433000,0.94621186
17.442000,0.94610334
17.451000,0.94599465
17.460000,0.94588581
17.469000,0.94577681
17.478000,0.94566765
17.487000,0.94555833
17.496000,0.94544886
17.505000,0.94533922
17.514000,0.94522943
17.523000,0.94511947
17.532000,0.94500936
17.541000,0.94489909
17.550000,0.94478865
17.559000,0.94467806
17.568000,0.94456731
17.577000,0.94445639
17.586000,0.94434532
17.595000,0.94423409
17.604000,0.94412269
17.613000,0.94401114
17.622000,0.94389942
17.631000,0.94378754
17.640000,0.94367551
17.649000,0.94356331
17.658000,0.94345095
17.667000,0.94333843
17.676000,0.94322574
17.685000,0.94311290
17.694000,0.94299989
17.703000,0.94288672
17.712000,0.94277339
17.721000,0.94265990
17.730000,0.94254624
17.739000,0.94243243
17.748000,0.94231845
17.757000,0.94220430
17.766000,0.94209000
17.775000,0.94197553
17.784000,0.94186090
17.793000,0.94174610
17.802000,0.94163114
17.811000,0.94151602
17.820000,0.94140073
17.829000,0.94128529
17.838000,0.94116967
17.847000,0.94105389
17.856000,0.94093795
17.865000,0.94082185
17.874000,0.94070558
17.883000,0.94058914
17.892000,0.94047254
17.901000,0.94035578
17.910000,0.94023885
17.919000,0.94012175
17.928000,0.94000449
17.937000,0.93988707
17.946000,0.93976948
17.955000,0.93965172
17.964000,0.93953380
17.973000,0.93941571
17.982000,0.93929746
17.991000,0.93917904
18.000000,0.93906045
18.009000,0.93894170
18.018000,0.93882278
18.027000,0.93870369
18.036000,0.93858444
18.045000,0.93846502
18.054000,0.93834543
18.063000,0.93822568
18.072000,0.93810576
18.081000,0.93798567
18.090000,0.93786541
18.099000,0.93774499
18.108000,0.93762440
18.117000,0.93750364
18.126000,0.93738271
18.135000,0.93726162
18.144000,0.93714035
18.153000,0.93701892
18.162000,0.93689732
18.171000,0.93677555
18.180000,0.93665361
18.189000,0.93653150
18.198000,0.93640923
18.207000,0.93628678
18.216000,0.93616416
18.225000,0.93604138
18.234000,0.93591842
18.243000,0.93579530
18.252000,0.93567201
18.261000,0.93554854
18.270000,0.93542491
18.279000,0.93530110
18.288000,0.93517713
18.297000,0.93505298
18.306000,0.93492867
18.315000,0.93480418
18.324000,0.93467952
18.333000,0.93455469
18.342000,0.93442969
18.351000,0.93430452
18.360000,0.93417918
18.369000,0.93405367
18.378000,0.93392798
18.387000,0.93380212
18.396000,0.93367609
18.405000,0.93354989
18.414000,0.93342352
18.423000,0.93329697
18.432000,0.93317025
18.441000,0.93304336
18.450000,0.93291630
18.459000,0.93278906
18.468000,0.93266165
18.477000,0.93253407
18.486000,0.93240631
18.495000,0.93227838
18.504000,0.93215028
18.513000,0.93202200
18.522000,0.93189355
18.531000,0.93176493
18.540000,0.93163613
18.549000,0.93150716
18.558000,0.93137801
18.567000,0.93124869
18.576000,0.93111920
18.585000,0.93098953
18.594000,0.93085968
18.603000,0.93072966
18.612000,0.93059947
18.621000,0.93046910
18.630000,0.93033855
18.639000,0.93020783
18.648000,0.93007694
18.657000,0.92994587
18.666000,0.92981462
18.675000,0.92968320
18.684000,0.92955160
18.693000,0.92941982
18.702000,0.92928787
18.711000,0.92915574
18.720000,0.92902344
18.729000,0.92889096
18.738000,0.92875830
18.747000,0.92862546
18.756000,0.92849245
18.765000,0.92835926
18.774000,0.92822590
18.783000,0.92809235
18.792000,0.92795863
18.801000,0.92782473
18.810000,0.92769066
18.819000,0.92755640
18.828000,0.92742197
18.837000,0.92728736
18.846000,0.92715257
18.855000,0.92701760
18.864000,0.92688246
18.873000,0.92674713
18.882000,0.92661163
18.891000,0.92647595
18.900000,0.92634009
18.909000,0.92620405
18.918000,0.92606783
18.927000,0.92593143
18.936000,0.92579485
18.945000,0.92565809
18.954000,0.92552115
18.963000,0.92538403
18.972000,0.92524673
18.981000,0.92510926
18.990000,0.92497160
18.999000,0.92483376
19.008000,0.92469574
19.017000,0.92455754
19.026000,0.92441916
19.035000,0.92428060
19.044000,0.92414185
19.053000,0.92400293
19.062000,0.92386382
19.071000,0.92372454
19.080000,0.92358507
19.089000,0.92344542
19.098000,0.92330558
19.107000,0.92316557
19.116000,0.92302537
19.125000,0.92288500
19.134000,0.92274444
19.143000,0.92260369
19.152000,0.92246277
19.161000,0.92232166
19.170000,0.92218037
19.179000,0.92203889
19.188000,0.92189724
19.197000,0.92175540
19.206000,0.92161337
19.215000,0.92147117
19.224000,0.92132878
19.233000,0.92118620
19.242000,0.92104345
19.251000,0.92090051
19.260000,0.92075738
19.269000,0.92061407
19.278000,0.92047058
19.287000,0.92032690
19.296000,0.92018303
19.305000,0.92003899
19.314000,0.91989476
19.323000,0.91975034
19.332000,0.91960574
19.341000,0.91946095
19.350000,0.91931598
19.359000,0.91917082
19.368000,0.91902548
19.377000,0.91887995
19.386000,0.91873423
19.395000,0.91858833
19.404000,0.91844224
19.413000,0.91829597
19.422000,0.91814951
19.431000,0.91800287
19.440000,0.91785604
19.449000,0.91770902
19.458000,0.91756181
19.467000,0.91741442
19.476000,0.91726684
19.485000,0.91711908
19.494000,0.91697112
19.503000,0.91682298
19.512000,0.91667465
19.521000,0.91652614
19.530000,0.91637744
19.539000,0.91622854
19.548000,0.91607947
19.557000,0.91593020
19.566000,0.91578074
19.575000,0.91563110
19.584000,0.91548127
19.593000,0.91533125
19.602000,0.91518104
19.611000,0.91503064
19.620000,0.91488005
19.629000,0.91472928
19.638000,0.91457831
19.647000,0.91442716
19.656000,0.91427582
19.665000,0.91412428
19.674000,0.91397256
19.683000,0.91382065
19.692000,0.91366855
19.701000,0.91351625
19.710000,0.91336377
19.719000,0.91321110
19.728000,0.91305824
19.737000,0.91290518
19.746000,0.91275194
19.755000,0.91259850
19.764000,0.91244488
19.773000,0.91229106
19.782000,0.91213705
19.791000,0.91198286
19.800000,0.91182847
19.809000,0.91167388
19.818000,0.91151911
19.827000,0.91136415
19.836000,0.91120899
19.845000,0.91105364
19.854000,0.91089810
19.863000,0.91074237
19.872000,0.91058645
19.881000,0.91043033
19.890000,0.91027402
19.899000,0.91011752
19.908000,0.90996082
19.917000,0.90980394
19.926000,0.90964685
19.935000,0.90948958
19.944000,0.90933211
19.953000,0.90917445
19.962000,0.90901660
19.971000,0.90885855
19.980000,0.90870031
19.989000,0.90854188
19.998000,0.90838325
20.007000,0.90822443
20.016000,0.90806541
20.025000,0.90790620
20.034000,0.90774680
20.043000,0.90758720
20.052000,0.90742740
20.061000,0.90726741
20.070000,0.90710723
20.079000,0.90694685
20.088000,0.90678628
20.097000,0.90662551
20.106000,0.90646454
20.115000,0.90630338
20.124000,0.90614203
20.133000,0.90598048
20.142000,0.90581873
20.151000,0.90565679
20.160000,0.90549465
20.169000,0.90533232
20.178000,0.90516979
20.187000,0.90500706
20.196000,0.90484414
20.205000,0.90468102
20.214000,0.90451770
20.223000,0.90435419
20.232000,0.90419047
20.241000,0.90402657
20.250000,0.90386246
20.259000,0.90369816
20.268000,0.90353366
20.277000,0.90336897
20.286000,0.90320407
20.295000,0.90303898
20.304000,0.90287369
20.313000,0.90270820
20.322000,0.90254252
20.331000,0.90237663
20.340000,0.90221055
20.349000,0.90204427
20.358000,0.90187779
20.367000,0.90171111
20.376000,0.90154423
20.385000,0.90137716
20.394000,0.90120988
20.403000,0.90104241
20.412000,0.90087474
20.421000,0.90070687
20.430000,0.90053879
20.439000,0.90037052
20.448000,0.90020205
20.457000,0.90003338
20.466000,0.89986451
20.475000,0.89969544
20.484000,0.89952617
20.493000,0.89935670
20.502000,0.89918703
20.511000,0.89901716
20.520000,0.89884709
20.529000,0.89867681
20.538000,0.89850634
20.547000,0.89833567
20.556000,0.89816479
20.565000,0.89799372
20.574000,0.89782244
20.583000,0.89765096
20.592000,0.89747928
20.601000,0.89730740
20.610000,0.89713531
20.619000,0.89696303
20.628000,0.89679054
20.637000,0.89661785
20.646000,0.89644496
20.655000,0.89627187
20.664000,0.89609857
20.673000,0.89592507
20.682000,0.89575137
20.691000,0.89557747
20.700000,0.89540336
20.709000,0.89522905
20.718000,0.89505454
20.727000,0.89487983
20.736000,0.89470491
20.745000,0.89452979
20.754000,0.89435446
20.763000,0.89417893
20.772000,0.89400320
20.781000,0.89382727
20.790000,0.89365113
20.799000,0.89347478
20.808000,0.89329823
20.817000,0.89312148
20.826000,0.89294453
20.835000,0.89276736
20.844000,0.89259000
20.853000,0.89241243
20.862000,0.89223465
20.871000,0.89205668
20.880000,0.89187849
20.889000,0.89170010
20.898000,0.89152151
20.907000,0.89134271
20.916000,0.89116370
20.925000,0.89098449
20.934000,0.89080507
20.943000,0.89062545
20.952000,0.89044562
20.961000,0.89026559
20.970000,0.89008535
20.979000,0.88990490
20.988000,0.88972425
20.997000,0.88954339
21.006000,0.88936233
21.015000,0.88918106
21.024000,0.88899958
21.033000,0.88881789
21.042000,0.88863600
21.051000,0.88845390
21.060000,0.88827160
21.069000,0.88808909
21.078000,0.88790637
21.087000,0.88772344
21.096000,0.88754030
21.105000,0.88735696
21.114000,0.88717341
21.123000,0.88698965
21.132000,0.88680568
21.141000,0.88662151
21.150000,0.88643713
21.159000,0.88625254
21.168000,0.88606774
21.177000,0.88588273
21.186000,0.88569751
21.195000,0.88551209
21.204000,0.88532646
21.213000,0.88514061
21.222000,0.88495456
21.231000,0.88476830
21.240000,0.88458183
21.249000,0.88439515
21.258000,0.88420827
21.267000,0.88402117
21.276000,0.88383386
21.285000,0.88364634
21.294000,0.88345862
21.303000,0.88327068
21.312000,0.88308253
21.321000,0.88289418
21.330000,0.88270561
21.339000,0.88251683
21.348000,0.88232785
21.357000,0.88213865
21.366000,0.88194924
21.375000,0.88175962
21.384000,0.88156979
21.393000,0.88137975
21.402000,0.88118950
21.411000,0.88099903
21.420000,0.88080836
21.429000,0.88061747
21.438000,0.88042638
21.447000,0.88023507
21.456000,0.88004355
21.465000,0.87985182
21.474000,0.87965987
21.483000,0.87946772
21.492000,0.87927535
21.501000,0.87908277
21.510000,0.87888998
21.519000,0.87869697
21.528000,0.87850376
21.537000,0.87831033
21.546000,0.87811668
21.555000,0.87792283
21.564000,0.87772876
21.573000,0.87753448
21.582000,0.87733999
21.591000,0.87714528
21.600000,0.87695036
21.609000,0.87675523
21.618000,0.87655988
21.627000,0.87636432
21.636000,0.87616855
21.645000,0.87597256
21.654000,0.87577636
21.663000,0.87557995
21.672000,0.87538332
21.681000,0.87518648
21.690000,0.87498942
21.699000,0.87479215
21.708000,0.87459466
21.717000,0.87439696
21.726000,0.87419905
21.735000,0.87400092
21.744000,0.87380257
21.753000,0.87360401
21.762000,0.87340524
21.771000,0.87320625
21.780000,0.87300705
21.789000,0.87280763
21.798000,0.87260799
21.807000,0.87240814
21.816000,0.87220808
21.825000,0.87200779
21.834000,0.87180730
21.843000,0.87160658
21.852000,0.87140565
21.861000,0.87120451
21.870000,0.87100315
21.879000,0.87080157
21.888000,0.87059978
21.897000,0.87039777
21.906000,0.87019554
21.915000,0.86999310
21.924000,0.86979044
21.933000,0.86958756
21.942000,0.86938447
21.951000,0.86918116
21.960000,0.86897763
21.969000,0.86877389
21.978000,0.86856993
21.987000,0.86836575
21.996000,0.86816135
22.005000,0.86795674
22.014000,0.86775191
22.023000,0.86754686
22.032000,0.86734159
22.041000,0.86713611
22.050000,0.86693041
22.059000,0.86672449
22.068000,0.86651835
22.077000,0.86631199
22.086000,0.86610541
22.095000,0.86589862
22.104000,0.86569161
22.113000,0.86548438
22.122000,0.86527693
22.131000,0.86506926
22.140000,0.86486137
22.149000,0.86465327
22.158000,0.86444494
22.167000,0.86423640
22.176000,0.86402764
22.185000,0.86381865
22.194000,0.86360945
22.203000,0.86340003
22.212000,0.86319039
22.221000,0.86298053
22.230000,0.86277045
22.239000,0.86256015
22.248000,0.86234963
22.257000,0.86213889
22.266000,0.86192793
22.275000,0.86171674
22.284000,0.86150534
22.293000,0.86129372
22.302000,0.86108188
22.311000,0.86086982
22.320000,0.86065754
22.329000,0.86044503
22.338000,0.86023231
22.347000,0.86001936
22.356000,0.85980620
22.365000,0.85959281
22.374000,0.85937920
22.383000,0.85916537
22.392000,0.85895132
22.401000,0.85873705
22.410000,0.85852255
22.419000,0.85830784
22.428000,0.85809290
22.437000,0.85787774
22.446000,0.85766236
22.455000,0.85744676
22.464000,0.85723093
22.473000,0.85701489
22.482000,0.85679862
22.491000,0.85658213
22.500000,0.85636541
22.509000,0.85614848
22.518000,0.85593132
22.527000,0.85571394
22.536000,0.85549633
22.545000,0.85527851
22.554000,0.85506046
22.563000,0.85484219
22.572000,0.85462369
22.581000,0.85440497
22.590000,0.85418603
22.599000,0.85396687
22.608000,0.85374748
22.617000,0.85352787
22.626000,0.85330803
22.635000,0.85308797
22.644000,0.85286769
22.653000,0.85264718
22.662000,0.85242645
22.671000,0.85220550
22.680000,0.85198432
22.689000,0.85176292
22.698000,0.85154129
22.707000,0.85131944
22.716000,0.85109737
22.725000,0.85087507
22.734000,0.85065255
22.743000,0.85042980
22.752000,0.85020683
22.761000,0.84998363
22.770000,0.84976021
22.779000,0.84953656
22.788000,0.84931269
22.797000,0.84908859
22.806000,0.84886427
22.815000,0.84863972
22.824000,0.84841495
22.833000,0.84818995
22.842000,0.84796473
22.851000,0.84773928
22.860000,0.84751361
22.869000,0.84728771
22.878000,0.84706158
22.887000,0.84683523
22.896000,0.84660865
22.905000,0.84638185
22.914000,0.84615482
22.923000,0.84592757
22.932000,0.84570008
22.941000,0.84547238
22.950000,0.84524444
22.959000,0.84501628
22.968000,0.84478790
22.977000,0.84455928
22.986000,0.84433044
22.995000,0.84410138
23.004000,0.84387208
23.013000,0.84364256
23.022000,0.84341281
23.031000,0.84318284
23.040000,0.84295264
23.049000,0.84272221
23.058000,0.84249155
23.067000,0.84226067
23.076000,0.84202956
23.085000,0.84179822
23.094000,0.84156666
23.103000,0.84133486
23.112000,0.84110284
23.121000,0.84087060
23.130000,0.84063812
23.139000,0.84040542
23.148000,0.84017248
23.157000,0.83993932
23.166000,0.83970594
23.175000,0.83947232
23.184000,0.83923847
23.193000,0.83900440
23.202000,0.83877010
23.211000,0.83853557
23.220000,0.83830081
23.229000,0.83806583
23.238000,0.83783061
23.247000,0.83759517
23.256000,0.83735949
23.265000,0.83712359
23.274000,0.83688746
23.283000,0.83665110
23.292000,0.83641451
23.301000,0.83617769
23.310000,0.83594065
23.319000,0.83570337
23.328000,0.83546587
23.337000,0.83522813
23.346000,0.83499017
23.355000,0.83475197
23.364000,0.83451355
23.373000,0.83427489
23.382000,0.83403601
23.391000,0.83379690
23.400000,0.83355755
23.409000,0.83331798
23.418000,0.83307818
23.427000,0.83283815
23.436000,0.83259788
23.445000,0.83235739
23.454000,0.83211667
23.463000,0.83187571
23.472000,0.83163453
23.481000,0.83139311
23.490000,0.83115147
23.499000,0.83090959
23.508000,0.83066748
23.517000,0.83042515
23.526000,0.83018258
23.535000,0.82993978
23.544000,0.82969675
23.553000,0.82945349
23.562000,0.82921000
23.571000,0.82896627
23.580000,0.82872232
23.589000,0.82847813
23.598000,0.82823372
23.607000,0.82798907
23.616000,0.82774419
23.625000,0.82749908
23.634000,0.82725374
23.643000,0.82700816
23.652000,0.82676236
23.661000,0.82651632
23.670000,0.82627005
23.679000,0.82602355
23.688000,0.82577681
23.697000,0.82552985
23.706000,0.82528265
23.715000,0.82503522
23.724000,0.82478756
23.733000,0.82453967
23.742000,0.82429154
23.751000,0.82404318
23.760000,0.82379459
23.769000,0.82354577
23.778000,0.82329671
23.787000,0.82304743
23.796000,0.82279791
23.805000,0.82254815
23.814000,0.82229817
23.823000,0.82204795
23.832000,0.82179750
23.841000,0.82154681
23.850000,0.82129589
23.859000,0.82104474
23.868000,0.82079336
23.877000,0.82054174
23.886000,0.82028989
23.895000,0.82003781
23.904000,0.81978549
23.913000,0.81953294
23.922000,0.81928016
23.931000,0.81902714
23.940000,0.81877389
23.949000,0.81852041
23.958000,0.81826669
23.967000,0.81801274
23.976000,0.81775855
23.985000,0.81750413
23.994000,0.81724948
24.003000,0.81699460
24.012000,0.81673947
24.021000,0.81648412
24.030000,0.81622853
24.039000,0.81597271
24.048000,0.81571665
24.057000,0.81546036
24.066000,0.81520384
24.075000,0.81494708
24.084000,0.81469008
24.093000,0.81443285
24.102000,0.81417539
24.111000,0.81391769
24.120000,0.81365976
24.129000,0.81340159
24.138000,0.81314319
24.147000,0.81288456
24.156000,0.81262569
24.165000,0.81236658
24.174000,0.81210724
24.183000,0.81184767
24.192000,0.81158786
24.201000,0.81132781
24.210000,0.81106753
24.219000,0.81080701
24.228000,0.81054626
24.237000,0.81028528
24.246000,0.81002406
24.255000,0.80976260
24.264000,0.80950091
24.273000,0.80923898
24.282000,0.80897682
24.291000,0.80871442
24.300000,0.80845179
24.309000,0.80818892
24.318000,0.80792581
24.327000,0.80766247
24.336000,0.80739890
24.345000,0.80713508
24.354000,0.80687104
24.363000,0.80660675
24.372000,0.80634223
24.381000,0.80607748
24.390000,0.80581249
24.399000,0.80554726
24.408000,0.80528179
24.417000,0.80501609
24.426000,0.80475016
24.435000,0.80448399
24.444000,0.80421758
24.453000,0.80395093
24.462000,0.80368405
24.471000,0.80341694
24.480000,0.80314958
24.489000,0.80288199
24.498000,0.80261417
24.507000,0.80234610
24.516000,0.80207780
24.525000,0.80180927
24.534000,0.80154049
24.543000,0.80127148
24.552000,0.80100224
24.561000,0.80073275
24.570000,0.80046303
24.579000,0.80019308
24.588000,0.79992288
24.597000,0.79965245
24.606000,0.79938178
24.615000,0.79911088
24.624000,0.79883974
24.633000,0.79856836
24.642000,0.79829674
24.651000,0.79802489
24.660000,0.79775280
24.669000,0.79748047
24.678000,0.79720791
24.687000,0.79693510
24.696000,0.79666206
24.705000,0.79638879
24.714000,0.79611527
24.723000,0.79584152
24.732000,0.79556753
24.741000,0.79529331
24.750000,0.79501884
24.759000,0.79474414
24.768000,0.79446920
24.777000,0.79419402
24.786000,0.79391861
24.795000,0.79364295
24.804000,0.79336706
24.813000,0.79309094
24.822000,0.79281457
24.831000,0.79253797
24.840000,0.79226112
24.849000,0.79198404
24.858000,0.79170673
24.867000,0.79142917
24.876000,0.79115138
24.885000,0.79087335
24.894000,0.79059508
24.903000,0.79031657
24.912000,0.79003782
24.921000,0.78975884
24.930000,0.78947961
24.939000,0.78920015
24.948000,0.78892046
24.957000,0.78864052
24.966000,0.78836034
24.975000,0.78807993
24.984000,0.78779928
24.993000,0.78751839
25.002000,0.78723726
25.011000,0.78695589
25.020000,0.78667428
25.029000,0.78639244
25.038000,0.78611035
25.047000,0.78582803
25.056000,0.78554547
25.065000,0.78526267
25.074000,0.78497964
25.083000,0.78469636
25.092000,0.78441284
25.101000,0.78412909
25.110000,0.78384510
25.119000,0.78356087
25.128000,0.78327640
25.137000,0.78299169
25.146000,0.78270674
25.155000,0.78242155
25.164000,0.78213613
25.173000,0.78185046
25.182000,0.78156456
25.191000,0.78127842
25.200000,0.78099203
25.209000,0.78070541
25.218000,0.78041855
25.227000,0.78013146
25.236000,0.77984412
25.245000,0.77955654
25.254000,0.77926873
25.263000,0.77898067
25.272000,0.77869238
25.281000,0.77840384
25.290000,0.77811507
25.299000,0.77782606
25.308000,0.77753681
25.317000,0.77724732
25.326000,0.77695759
25.335000,0.77666762
25.344000,0.77637741
25.353000,0.77608696
25.362000,0.77579627
25.371000,0.77550535
25.380000,0.77521418
25.389000,0.77492278
25.398000,0.77463113
25.407000,0.77433925
25.416000,0.77404713
25.425000,0.77375476
25.434000,0.77346216
25.443000,0.77316932
25.452000,0.77287624
25.461000,0.77258291
25.470000,0.77228935
25.479000,0.77199555
25.488000,0.77170151
25.497000,0.77140723
25.506000,0.77111272
25.515000,0.77081796
25.524000,0.77052296
25.533000,0.77022772
25.542000,0.76993224
25.551000,0.76963653
25.560000,0.76934057
25.569000,0.76904437
25.578000,0.76874794
25.587000,0.76845126
25.596000,0.76815434
25.605000,0.76785719
25.614000,0.76755979
25.623000,0.76726216
25.632000,0.76696428
25.641000,0.76666617
25.650000,0.76636781
25.659000,0.76606922
25.668000,0.76577038
25.677000,0.76547131
25.686000,0.76517199
25.695000,0.76487244
25.704000,0.76457265
25.713000,0.76427261
25.722000,0.76397234
25.731000,0.76367183
25.740000,0.76337107
25.749000,0.76307008
25.758000,0.76276885
25.767000,0.76246737
25.776000,0.76216566
25.785000,0.76186371
25.794000,0.76156152
25.803000,0.76125908
25.812000,0.76095641
25.821000,0.76065350
25.830000,0.76035035
25.839000,0.76004695
25.848000,0.75974332
25.857000,0.75943945
25.866000,0.75913534
25.875000,0.75883098
25.884000,0.75852639
25.893000,0.75822156
25.902000,0.75791649
25.911000,0.75761117
25.920000,0.75730562
25.929000,0.75699983
25.938000,0.75669380
25.947000,0.75638752
25.956000,0.75608101
25.965000,0.75577426
25.974000,0.75546727
25.983000,0.75516004
25.992000,0.75485256
26.001000,0.75454485
26.010000,0.75423690
26.019000,0.75392871
26.028000,0.75362028
26.037000,0.75331160
26.046000,0.75300269
26.055000,0.75269354
26.064000,0.75238415
26.073000,0.75207452
26.082000,0.75176464
26.091000,0.75145453
26.100000,0.75114418
26.109000,0.75083359
26.118000,0.75052276
26.127000,0.75021169
26.136000,0.74990037
26.145000,0.74958882
26.154000,0.74927703
26.163000,0.74896500
26.172000,0.74865273
26.181000,0.74834022
26.190000,0.74802747
26.199000,0.74771447
26.208000,0.74740124
26.217000,0.74708777
26.226000,0.74677406
26.235000,0.74646011
26.244000,0.74614592
26.253000,0.74583149
26.262000,0.74551682
26.271000,0.74520191
26.280000,0.74488676
26.289000,0.74457137
26.298000,0.74425574
26.307000,0.74393987
26.316000,0.74362376
26.325000,0.74330741
26.334000,0.74299083
26.343000,0.74267400
26.352000,0.74235693
26.361000,0.74203962
26.370000,0.74172207
26.379000,0.74140429
26.388000,0.74108626
26.397000,0.74076799
26.406000,0.74044949
26.415000,0.74013074
26.424000,0.73981176
26.433000,0.73949253
26.442000,0.73917307
26.451000,0.73885336
26.460000,0.73853342
26.469000,0.73821323
26.478000,0.73789281
26.487000,0.73757215
26.496000,0.73725125
26.505000,0.73693010
26.514000,0.73660872
26.523000,0.73628710
26.532000,0.73596524
26.541000,0.73564314
26.550000,0.73532080
26.559000,0.73499823
26.568000,0.73467541
26.577000,0.73435235
26.586000,0.73402906
26.595000,0.73370552
26.604000,0.73338175
26.613000,0.73305773
26.622000,0.73273348
26.631000,0.73240898
26.640000,0.73208425
26.649000,0.73175928
26.658000,0.73143407
26.667000,0.73110862
26.676000,0.73078293
26.685000,0.73045701
26.694000,0.73013084
26.703000,0.72980443
26.712000,0.72947779
26.721000,0.72915090
26.730000,0.72882378
26.739000,0.72849642
26.748000,0.72816882
26.757000,0.72784098
26.766000,0.72751290
26.775000,0.72718458
26.784000,0.72685603
26.793000,0.72652723
26.802000,0.72619820
26.811000,0.72586893
26.820000,0.72553941
26.829000,0.72520966
26.838000,0.72487968
26.847000,0.72454945
26.856000,0.72421898
26.865000,0.72388828
26.874000,0.72355733
26.883000,0.72322615
26.892000,0.72289473
26.901000,0.72256307
26.910000,0.72223118
26.919000,0.72189904
26.928000,0.72156667
26.937000,0.72123405
26.946000,0.72090120
26.955000,0.72056812
26.964000,0.72023479
26.973000,0.71990122
26.982000,0.71956742
26.991000,0.71923338
27.000000,0.71889910
27.009000,0.71856458
27.018000,0.71822982
27.027000,0.71789483
27.036000,0.71755960
27.045000,0.71722413
27.054000,0.71688842
27.063000,0.71655247
27.072000,0.71621629
27.081000,0.71587987
27.090000,0.71554321
27.099000,0.71520631
27.108000,0.71486918
27.117000,0.71453181
27.126000,0.71419420
27.135000,0.71385635
27.144000,0.71351826
27.153000,0.71317994
27.162000,0.71284138
27.171000,0.71250258
27.180000,0.71216355
27.189000,0.71182427
27.198000,0.71148476
27.207000,0.71114502
27.216000,0.71080503
27.225000,0.71046481
27.234000,0.71012435
27.243000,0.70978366
27.252000,0.70944272
27.261000,0.70910155
27.270000,0.70876015
27.279000,0.70841850
27.288000,0.70807662
27.297000,0.70773451
27.306000,0.70739215
27.315000,0.70704956
27.324000,0.70670673
27.333000,0.70636367
27.342000,0.70602037
27.351000,0.70567683
27.360000,0.70533305
27.369000,0.70498904
27.378000,0.70464480
27.387000,0.70430031
27.396000,0.70395559
27.405000,0.70361064
27.414000,0.70326544
27.423000,0.70292002
27.432000,0.70257435
27.441000,0.70222845
27.450000,0.70188231
27.459000,0.70153594
27.468000,0.70118933
27.477000,0.70084248
27.486000,0.70049540
27.495000,0.70014809
27.504000,0.69980053
27.513000,0.69945274
27.522000,0.69910472
27.531000,0.69875646
27.540000,0.69840797
27.549000,0.69805923
27.558000,0.69771027
27.567000,0.69736107
27.576000,0.69701163
27.585000,0.69666196
27.594000,0.69631205
27.603000,0.69596191
27.612000,0.69561153
27.621000,0.69526092
27.630000,0.69491007
27.639000,0.69455899
27.648000,0.69420767
27.657000,0.69385611
27.666000,0.69350433
27.675000,0.69315230
27.684000,0.69280005
27.693000,0.69244756
27.702000,0.69209483
27.711000,0.69174187
27.720000,0.69138867
27.729000,0.69103524
27.738000,0.69068158
27.747000,0.69032768
27.756000,0.68997355
27.765000,0.68961918
27.774000,0.68926458
27.783000,0.68890975
27.792000,0.68855468
27.801000,0.68819938
27.810000,0.68784384
27.819000,0.68748807
27.828000,0.68713207
27.837000,0.68677583
27.846000,0.68641936
27.855000,0.68606265
27.864000,0.68570571
27.873000,0.68534854
27.882000,0.68499114
27.891000,0.68463350
27.900000,0.68427563
27.909000,0.68391752
27.918000,0.68355918
27.927000,0.68320061
27.936000,0.68284181
27.945000,0.68248277
27.954000,0.68212350
27.963000,0.68176400
27.972000,0.68140427
27.981000,0.68104430
27.990000,0.68068410
27.999000,0.68032367
28.008000,0.67996300
28.017000,0.67960210
28.026000,0.67924097
28.035000,0.67887961
28.044000,0.67851802
28.053000,0.67815619
28.062000,0.67779413
28.071000,0.67743184
28.080000,0.67706932
28.089000,0.67670657
28.098000,0.67634358
28.107000,0.67598037
28.116000,0.67561692
28.125000,0.67525324
28.134000,0.67488933
28.143000,0.67452518
28.152000,0.67416081
28.161000,0.67379621
28.170000,0.67343137
28.179000,0.67306630
28.188000,0.67270100
28.197000,0.67233547
28.206000,0.67196971
28.215000,0.67160372
28.224000,0.67123750
28.233000,0.67087105
28.242000,0.67050437
28.251000,0.67013746
28.260000,0.66977031
28.269000,0.66940294
28.278000,0.66903534
28.287000,0.66866750
28.296000,0.66829944
28.305000,0.66793115
28.314000,0.66756262
28.323000,0.66719387
28.332000,0.66682489
28.341000,0.66645568
28.350000,0.66608623
28.359000,0.66571656
28.368000,0.66534666
28.377000,0.66497653
28.386000,0.66460617
28.395000,0.66423558
28.404000,0.66386477
28.413000,0.66349372
28.422000,0.66312245
28.431000,0.66275094
28.440000,0.66237921
28.449000,0.66200725
28.458000,0.66163506
28.467000,0.66126264
28.476000,0.66088999
28.485000,0.66051712
28.494000,0.66014402
28.503000,0.65977069
28.512000,0.65939713
28.521000,0.65902334
28.530000,0.65864933
28.539000,0.65827508
28.548000,0.65790061
28.557000,0.65752592
28.566000,0.65715099
28.575000,0.65677584
28.584000,0.65640046
28.593000,0.65602485
28.602000,0.65564902
28.611000,0.65527296
28.620000,0.65489667
28.629000,0.65452016
28.638000,0.65414342
28.647000,0.65376645
28.656000,0.65338925
28.665000,0.65301183
28.674000,0.65263419
28.683000,0.65225631
28.692000,0.65187821
28.701000,0.65149989
28.710000,0.65112134
28.719000,0.65074256
28.728000,0.65036356
28.737000,0.64998433
28.746000,0.64960487
28.755000,0.64922519
28.764000,0.64884529
28.773000,0.64846516
28.782000,0.64808480
28.791000,0.64770422
28.800000,0.64732342
28.809000,0.64694239
28.818000,0.64656113
28.827000,0.64617965
28.836000,0.64579795
28.845000,0.64541602
28.854000,0.64503387
28.863000,0.64465149
28.872000,0.64426889
28.881000,0.64388606
28.890000,0.64350301
28.899000,0.64311974
28.908000,0.64273624
28.917000,0.64235252
28.926000,0.64196858
28.935000,0.64158441
28.944000,0.64120002
28.953000,0.64081540
28.962000,0.64043057
28.971000,0.64004551
28.980000,0.63966022
28.989000,0.63927472
28.998000,0.63888899
29.007000,0.63850304
29.016000,0.63811686
29.025000,0.63773047
29.034000,0.63734385
29.043000,0.63695701
29.052000,0.63656995
29.061000,0.63618266
29.070000,0.63579516
29.079000,0.63540743
29.088000,0.63501948
29.097000,0.63463131
29.106000,0.63424292
29.115000,0.63385430
29.124000,0.63346547
29.133000,0.63307641
29.142000,0.63268714
29.151000,0.63229764
29.160000,0.63190792
29.169000,0.63151798
29.178000,0.63112782
29.187000,0.63073744
29.196000,0.63034685
29.205000,0.62995603
29.214000,0.62956499
29.223000,0.62917373
29.232000,0.62878225
29.241000,0.62839055
29.250000,0.62799863
29.259000,0.62760649
29.268000,0.62721414
29.277000,0.62682156
29.286000,0.62642876
29.295000,0.62603575
29.304000,0.62564252
29.313000,0.62524907
29.322000,0.62485540
29.331000,0.62446151
29.340000,0.62406740
29.349000,0.62367308
29.358000,0.62327853
29.367000,0.62288377
29.376000,0.62248879
29.385000,0.62209360
29.394000,0.62169818
29.403000,0.62130255
29.412000,0.62090670
29.421000,0.62051064
29.430000,0.62011435
29.439000,0.61971785
29.448000,0.61932114
29.457000,0.61892420
29.466000,0.61852705
29.475000,0.61812969
29.484000,0.61773210
29.493000,0.61733431
29.502000,0.61693629
29.511000,0.61653806
29.520000,0.61613961
29.529000,0.61574095
29.538000,0.61534207
29.547000,0.61494298
29.556000,0.61454367
29.565000,0.61414415
29.574000,0.61374441
29.583000,0.61334446
29.592000,0.61294429
29.601000,0.61254390
29.610000,0.61214331
29.619000,0.61174249
29.628000,0.61134147
29.637000,0.61094023
29.646000,0.61053877
29.655000,0.61013711
29.664000,0.60973522
29.673000,0.60933313
29.682000,0.60893082
29.691000,0.60852830
29.700000,0.60812556
29.709000,0.60772262
29.718000,0.60731946
29.727000,0.60691608
29.736000,0.60651250
29.745000,0.60610870
29.754000,0.60570469
29.763000,0.60530046
29.772000,0.60489603
29.781000,0.60449138
29.790000,0.60408652
29.799000,0.60368145
29.808000,0.60327617
29.817000,0.60287068
29.826000,0.60246498
29.835000,0.60205906
29.844000,0.60165293
29.853000,0.60124660
29.862000,0.60084005
29.871000,0.60043329
29.880000,0.60002632
29.889000,0.59961915
29.898000,0.59921176
29.907000,0.59880416
29.916000,0.59839635
29.925000,0.59798833
29.934000,0.59758011
29.943000,0.59717167
29.952000,0.59676303
29.961000,0.59635417
29.970000,0.59594511
29.979000,0.59553584
29.988000,0.59512636
29.997000,0.59471667
30.006000,0.59430677
30.015000,0.59389666
30.024000,0.59348635
30.033000,0.59307583
30.042000,0.59266510
30.051000,0.59225416
30.060000,0.59184302
30.069000,0.59143167
30.078000,0.59102011
30.087000,0.59060835
30.096000,0.59019638
30.105000,0.58978420
30.114000,0.58937181
30.123000,0.58895922
30.132000,0.58854643
30.141000,0.58813342
30.150000,0.58772021
30.159000,0.58730680
30.168000,0.58689318
30.177000,0.58647936
30.186000,0.58606533
30.195000,0.58565109
30.204000,0.58523665
30.213000,0.58482200
30.222000,0.58440716
30.231000,0.58399210
30.240000,0.58357684
30.249000,0.58316138
30.258000,0.58274572
30.267000,0.58232985
30.276000,0.58191377
30.285000,0.58149750
30.294000,0.58108102
30.303000,0.58066433
30.312000,0.58024745
30.321000,0.57983036
30.330000,0.57941307
30.339000,0.57899557
30.348000,0.57857788
30.357000,0.57815998
30.366000,0.57774188
30.375000,0.57732358
30.384000,0.57690507
30.393000,0.57648637
30.402000,0.57606746
30.411000,0.57564835
30.420000,0.57522904
30.429000,0.57480953
30.438000,0.57438982
30.447000,0.57396991
30.456000,0.57354980
30.465000,0.57312949
30.474000,0.57270898
30.483000,0.57228827
30.492000,0.57186736
30.501000,0.57144625
30.510000,0.57102494
30.519000,0.57060344
30.528000,0.57018173
30.537000,0.56975982
30.546000,0.56933772
30.555000,0.56891542
30.564000,0.56849292
30.573000,0.56807022
30.582000,0.56764732
30.591000,0.56722423
30.600000,0.56680094
30.609000,0.56637745
30.618000,0.56595376
30.627000,0.56552988
30.636000,0.56510580
30.645000,0.56468152
30.654000,0.56425705
30.663000,0.56383238
30.672000,0.56340751
30.681000,0.56298245
30.690000,0.56255719
30.699000,0.56213174
30.708000,0.56170609
30.717000,0.56128025
30.726000,0.56085421
30.735000,0.56042798
30.744000,0.56000155
30.753000,0.55957493
30.762000,0.55914811
30.771000,0.55872110
30.780000,0.55829389
30.789000,0.55786649
30.798000,0.55743890
30.807000,0.55701112
30.816000,0.55658314
30.825000,0.55615497
30.834000,0.55572660
30.843000,0.55529804
30.852000,0.55486929
30.861000,0.55444035
30.870000,0.55401122
30.879000,0.55358189
30.888000,0.55315237
30.897000,0.55272267
30.906000,0.55229276
30.915000,0.55186267
30.924000,0.55143239
30.933000,0.55100192
30.942000,0.55057125
30.951000,0.55014040
30.960000,0.54970935
30.969000,0.54927812
30.978000,0.54884670
30.987000,0.54841508
30.996000,0.54798328
31.005000,0.54755129
31.014000,0.54711910
31.023000,0.54668673
31.032000,0.54625417
31.041000,0.54582143
31.050000,0.54538849
31.059000,0.54495537
31.068000,0.54452206
31.077000,0.54408856
31.086000,0.54365487
31.095000,0.54322100
31.104000,0.54278693
31.113000,0.54235269
31.122000,0.54191825
31.131000,0.54148363
31.140000,0.54104882
31.149000,0.54061383
31.158000,0.54017865
31.167000,0.53974328
31.176000,0.53930773
31.185000,0.53887200
31.194000,0.53843608
31.203000,0.53799997
31.212000,0.53756368
31.221000,0.53712720
31.230000,0.53669055
31.239000,0.53625370
31.248000,0.53581667
31.257000,0.53537946
31.266000,0.53494207
31.275000,0.53450449
31.284000,0.53406673
31.293000,0.53362879
31.302000,0.53319066
31.311000,0.53275235
31.320000,0.53231386
31.329000,0.53187519
31.338000,0.53143633
31.347000,0.53099730
31.356000,0.53055808
31.365000,0.53011868
31.374000,0.52967910
31.383000,0.52923934
31.392000,0.52879940
31.401000,0.52835928
31.410000,0.52791898
31.419000,0.52747849
31.428000,0.52703783
31.437000,0.52659699
31.446000,0.52615597
31.455000,0.52571477
31.464000,0.52527340
31.473000,0.52483184
31.482000,0.52439010
31.491000,0.52394819
31.500000,0.52350610
31.509000,0.52306383
31.518000,0.52262138
31.527000,0.52217876
31.536000,0.52173596
31.545000,0.52129298
31.554000,0.52084983
31.563000,0.52040650
31.572000,0.51996299
31.581000,0.51951930
31.590000,0.51907544
31.599000,0.51863141
31.608000,0.51818720
31.617000,0.51774281
31.626000,0.51729825
31.635000,0.51685352
31.644000,0.51640861
31.653000,0.51596353
31.662000,0.51551827
31.671000,0.51507284
31.680000,0.51462723
31.689000,0.51418145
31.698000,0.51373550
31.707000,0.51328937
31.716000,0.51284308
31.725000,0.51239661
31.734000,0.51194996
31.743000,0.51150315
31.752000,0.51105616
31.761000,0.51060901
31.770000,0.51016168
31.779000,0.50971418
31.788000,0.50926650
31.797000,0.50881866
31.806000,0.50837065
31.815000,0.50792247
31.824000,0.50747411
31.833000,0.50702559
31.842000,0.50657690
31.851000,0.50612804
31.860000,0.50567901
31.869000,0.50522981
31.878000,0.50478044
31.887000,0.50433091
31.896000,0.50388120
31.905000,0.50343133
31.914000,0.50298129
31.923000,0.50253108
31.932000,0.50208071
31.941000,0.50163017
31.950000,0.50117946
31.959000,0.50072858
31.968000,0.50027754
31.977000,0.49982634
31.986000,0.49937496
31.995000,0.49892342
32.004000,0.49847172
32.013000,0.49801985
32.022000,0.49756782
32.031000,0.49711562
32.040000,0.49666326
32.049000,0.49621073
32.058000,0.49575804
32.067000,0.49530519
32.076000,0.49485217
32.085000,0.49439899
32.094000,0.49394564
32.103000,0.49349214
32.112000,0.49303847
32.121000,0.49258464
32.130000,0.49213064
32.139000,0.49167649
32.148000,0.49122217
32.157000,0.49076770
32.166000,0.49031306
32.175000,0.48985826
32.184000,0.48940330
32.193000,0.48894818
32.202000,0.48849290
32.211000,0.48803746
32.220000,0.48758186
32.229000,0.48712610
32.238000,0.48667019
32.247000,0.48621411
32.256000,0.48575787
32.265000,0.48530148
32.274000,0.48484493
32.283000,0.48438822
32.292000,0.48393136
32.301000,0.48347433
32.310000,0.48301715
32.319000,0.48255982
32.328000,0.48210232
32.337000,0.48164467
32.346000,0.48118687
32.355000,0.48072890
32.364000,0.48027079
32.373000,0.47981252
32.382000,0.47935409
32.391000,0.47889551
32.400000,0.47843677
32.409000,0.47797788
32.418000,0.47751883
32.427000,0.47705964
32.436000,0.47660028
32.445000,0.47614078
32.454000,0.47568112
32.463000,0.47522131
32.472000,0.47476135
32.481000,0.47430123
32.490000,0.47384097
32.499000,0.47338055
32.508000,0.47291998
32.517000,0.47245926
32.526000,0.47199838
32.535000,0.47153736
32.544000,0.47107619
32.553000,0.47061486
32.562000,0.47015339
32.571000,0.46969177
32.580000,0.46923000
32.589000,0.46876808
32.598000,0.46830601
32.607000,0.46784379
32.616000,0.46738142
32.625000,0.46691891
32.634000,0.46645625
32.643000,0.46599344
32.652000,0.46553048
32.661000,0.46506738
32.670000,0.46460413
32.679000,0.46414073
32.688000,0.46367719
32.697000,0.46321350
32.706000,0.46274967
32.715000,0.46228569
32.724000,0.46182156
32.733000,0.46135729
32.742000,0.46089288
32.751000,0.46042832
32.760000,0.45996362
32.769000,0.45949878
32.778000,0.45903379
32.787000,0.45856866
32.796000,0.45810338
32.805000,0.45763797
32.814000,0.45717241
32.823000,0.45670671
32.832000,0.45624086
32.841000,0.45577488
32.850000,0.45530875
32.859000,0.45484248
32.868000,0.45437608
32.877000,0.45390953
32.886000,0.45344284
32.895000,0.45297601
32.904000,0.45250905
32.913000,0.45204194
32.922000,0.45157470
32.931000,0.45110731
32.940000,0.45063979
32.949000,0.45017213
32.958000,0.44970433
32.967000,0.44923639
32.976000,0.44876832
32.985000,0.44830011
32.994000,0.44783176
33.003000,0.44736328
33.012000,0.44689466
33.021000,0.44642590
33.030000,0.44595701
33.039000,0.44548798
33.048000,0.44501882
33.057000,0.44454953
33.066000,0.44408010
33.075000,0.44361053
33.084000,0.44314083
33.093000,0.44267100
33.102000,0.44220103
33.111000,0.44173093
33.120000,0.44126070
33.129000,0.44079034
33.138000,0.44031984
33.147000,0.43984921
33.156000,0.43937845
33.165000,0.43890756
33.174000,0.43843654
33.183000,0.43796539
33.192000,0.43749410
33.201000,0.43702269
33.210000,0.43655115
33.219000,0.43607947
33.228000,0.43560767
33.237000,0.43513574
33.246000,0.43466368
33.255000,0.43419149
33.264000,0.43371917
33.273000,0.43324673
33.282000,0.43277416
33.291000,0.43230146
33.300000,0.43182863
33.309000,0.43135568
33.318000,0.43088260
33.327000,0.43040940
33.336000,0.42993607
33.345000,0.42946261
33.354000,0.42898903
33.363000,0.42851532
33.372000,0.42804149
33.381000,0.42756754
33.390000,0.42709346
33.399000,0.42661926
33.408000,0.42614493
33.417000,0.42567048
33.426000,0.42519591
33.435000,0.42472122
33.444000,0.42424640
33.453000,0.42377146
33.462000,0.42329640
33.471000,0.42282122
33.480000,0.42234592
33.489000,0.42187050
33.498000,0.42139495
33.507000,0.42091929
33.516000,0.42044351
33.525000,0.41996761
33.534000,0.41949159
33.543000,0.41901545
33.552000,0.41853919
33.561000,0.41806281
33.570000,0.41758632
33.579000,0.41710970
33.588000,0.41663297
33.597000,0.41615613
33.606000,0.41567917
33.615000,0.41520209
33.624000,0.41472489
33.633000,0.41424758
33.642000,0.41377015
33.651000,0.41329261
33.660000,0.41281496
33.669000,0.41233718
33.678000,0.41185930
33.687000,0.41138130
33.696000,0.41090319
33.705000,0.41042496
33.714000,0.40994662
33.723000,0.40946817
33.732000,0.40898961
33.741000,0.40851093
33.750000,0.40803215
33.759000,0.40755325
33.768000,0.40707424
33.777000,0.40659512
33.786000,0.40611589
33.795000,0.40563655
33.804000,0.40515710
33.813000,0.40467754
33.822000,0.40419787
33.831000,0.40371809
33.840000,0.40323820
33.849000,0.40275821
33.858000,0.40227811
33.867000,0.40179790
33.876000,0.40131758
33.885000,0.40083716
33.894000,0.40035663
33.903000,0.39987599
33.912000,0.39939525
33.921000,0.39891440
33.930000,0.39843344
33.939000,0.39795239
33.948000,0.39747122
33.957000,0.39698995
33.966000,0.39650858
33.975000,0.39602711
33.984000,0.39554553
33.993000,0.39506385
34.002000,0.39458206
34.011000,0.39410018
34.020000,0.39361819
34.029000,0.39313610
34.038000,0.39265391
34.047000,0.39217161
34.056000,0.39168922
34.065000,0.39120673
34.074000,0.39072413
34.083000,0.39024144
34.092000,0.38975864
34.101000,0.38927575
34.110000,0.38879276
34.119000,0.38830967
34.128000,0.38782648
34.137000,0.38734320
34.146000,0.38685982
34.155000,0.38637634
34.164000,0.38589276
34.173000,0.38540909
34.182000,0.38492532
34.191000,0.38444145
34.200000,0.38395749
34.209000,0.38347344
34.218000,0.38298929
34.227000,0.38250504
34.236000,0.38202070
34.245000,0.38153627
34.254000,0.38105175
34.263000,0.38056713
34.272000,0.38008242
34.281000,0.37959761
34.290000,0.37911272
34.299000,0.37862773
34.308000,0.37814265
34.317000,0.37765748
34.326000,0.37717222
34.335000,0.37668687
34.344000,0.37620143
34.353000,0.37571589
34.362000,0.37523027
34.371000,0.37474456
34.380000,0.37425877
34.389000,0.37377288
34.398000,0.37328691
34.407000,0.37280084
34.416000,0.37231469
34.425000,0.37182846
34.434000,0.37134214
34.443000,0.37085573
34.452000,0.37036923
34.461000,0.36988265
34.470000,0.36939599
34.479000,0.36890923
34.488000,0.36842240
34.497000,0.36793548
34.506000,0.36744848
34.515000,0.36696139
34.524000,0.36647422
34.533000,0.36598697
34.542000,0.36549963
34.551000,0.36501221
34.560000,0.36452472
34.569000,0.36403714
34.578000,0.36354947
34.587000,0.36306173
34.596000,0.36257391
34.605000,0.36208601
34.614000,0.36159802
34.623000,0.36110996
34.632000,0.36062182
34.641000,0.36013360
34.650000,0.35964531
34.659000,0.35915693
34.668000,0.35866848
34.677000,0.35817995
34.686000,0.35769134
34.695000,0.35720266
34.704000,0.35671390
34.713000,0.35622507
34.722000,0.35573615
34.731000,0.35524717
34.740000,0.35475811
34.749000,0.35426898
34.758000,0.35377977
34.767000,0.35329048
34.776000,0.35280113
34.785000,0.35231170
34.794000,0.35182220
34.803000,0.35133263
34.812000,0.35084298
34.821000,0.35035327
34.830000,0.34986348
34.839000,0.34937362
34.848000,0.34888369
34.857000,0.34839369
34.866000,0.34790363
34.875000,0.34741349
34.884000,0.34692328
34.893000,0.34643301
34.902000,0.34594266
34.911000,0.34545225
34.920000,0.34496177
34.929000,0.34447123
34.938000,0.34398062
34.947000,0.34348994
34.956000,0.34299919
34.965000,0.34250838
34.974000,0.34201751
34.983000,0.34152657
34.992000,0.34103556
35.001000,0.34054449
35.010000,0.34005336
35.019000,0.33956216
35.028000,0.33907090
35.037000,0.33857958
35.046000,0.33808820
35.055000,0.33759675
35.064000,0.33710524
35.073000,0.33661367
35.082000,0.33612204
35.091000,0.33563035
35.100000,0.33513860
35.109000,0.33464679
35.118000,0.33415492
35.127000,0.33366299
35.136000,0.33317100
35.145000,0.33267895
35.154000,0.33218685
35.163000,0.33169469
35.172000,0.33120247
35.181000,0.33071019
35.190000,0.33021786
35.199000,0.32972547
35.208000,0.32923303
35.217000,0.32874053
35.226000,0.32824798
35.235000,0.32775537
35.244000,0.32726271
35.253000,0.32676999
35.262000,0.32627722
35.271000,0.32578440
35.280000,0.32529152
35.289000,0.32479860
35.298000,0.32430562
35.307000,0.32381259
35.316000,0.32331951
35.325000,0.32282637
35.334000,0.32233319
35.343000,0.32183996
35.352000,0.32134667
35.361000,0.32085334
35.370000,0.32035996
35.379000,0.31986653
35.388000,0.31937306
35.397000,0.31887953
35.406000,0.31838596
35.415000,0.31789234
35.424000,0.31739867
35.433000,0.31690496
35.442000,0.31641120
35.451000,0.31591740
35.460000,0.31542355
35.469000,0.31492966
35.478000,0.31443572
35.487000,0.31394174
35.496000,0.31344772
35.505000,0.31295365
35.514000,0.31245954
35.523000,0.31196539
35.532000,0.31147120
35.541000,0.31097696
35.550000,0.31048269
35.559000,0.30998837
35.568000,0.30949401
35.577000,0.30899961
35.586000,0.30850518
35.595000,0.30801070
35.604000,0.30751618
35.613000,0.30702163
35.622000,0.30652704
35.631000,0.30603241
35.640000,0.30553774
35.649000,0.30504304
35.658000,0.30454830
35.667000,0.30405352
35.676000,0.30355871
35.685000,0.30306387
35.694000,0.30256898
35.703000,0.30207407
35.712000,0.30157912
35.721000,0.30108414
35.730000,0.30058912
35.739000,0.30009407
35.748000,0.29959899
35.757000,0.29910387
35.766000,0.29860873
35.775000,0.29811355
35.784000,0.29761834
35.793000,0.29712310
35.802000,0.29662783
35.811000,0.29613253
35.820000,0.29563720
35.829000,0.29514185
35.838000,0.29464646
35.847000,0.29415105
35.856000,0.29365561
35.865000,0.29316014
35.874000,0.29266464
35.883000,0.29216912
35.892000,0.29167357
35.901000,0.29117800
35.910000,0.29068240
35.919000,0.29018677
35.928000,0.28969113
35.937000,0.28919545
35.946000,0.28869976
35.955000,0.28820404
35.964000,0.28770829
35.973000,0.28721253
35.982000,0.28671674
35.991000,0.28622093
36.000000,0.28572510
36.009000,0.28522925
36.018000,0.28473338
36.027000,0.28423749
36.036000,0.28374158
36.045000,0.28324565
36.054000,0.28274970
36.063000,0.28225373
36.072000,0.28175774
36.081000,0.28126174
36.090000,0.28076572
36.099000,0.28026968
36.108000,0.27977363
36.117000,0.27927756
36.126000,0.27878147
36.135000,0.27828537
36.144000,0.27778926
36.153000,0.27729313
36.162000,0.27679698
36.171000,0.27630083
36.180000,0.27580466
36.189000,0.27530847
36.198000,0.27481228
36.207000,0.27431607
36.216000,0.27381985
36.225000,0.27332362
36.234000,0.27282738
36.243000,0.27233113
36.252000,0.27183487
36.261000,0.27133860
36.270000,0.27084232
36.279000,0.27034604
36.288000,0.26984974
36.297000,0.26935344
36.306000,0.26885713
36.315000,0.26836081
36.324000,0.26786449
36.333000,0.26736816
36.342000,0.26687182
36.351000,0.26637548
36.360000,0.26587913
36.369000,0.26538278
36.378000,0.26488643
36.387000,0.26439007
36.396000,0.26389371
36.405000,0.26339735
36.414000,0.26290098
36.423000,0.26240461
36.432000,0.26190825
36.441000,0.26141188
36.450000,0.26091550
36.459000,0.26041913
36.468000,0.25992276
36.477000,0.25942639
36.486000,0.25893002
36.495000,0.25843366
36.504000,0.25793729
36.513000,0.25744093
36.522000,0.25694457
36.531000,0.25644821
36.540000,0.25595186
36.549000,0.25545551
36.558000,0.25495916
36.567000,0.25446282
36.576000,0.25396648
36.585000,0.25347015
36.594000,0.25297383
36.603000,0.25247751
36.612000,0.25198120
36.621000,0.25148490
36.630000,0.25098861
36.639000,0.25049232
36.648000,0.24999604
36.657000,0.24949977
36.666000,0.24900352
36.675000,0.24850727
36.684000,0.24801103
36.693000,0.24751480
36.702000,0.24701858
36.711000,0.24652238
36.720000,0.24602619
36.729000,0.24553001
36.738000,0.24503384
36.747000,0.24453769
36.756000,0.24404155
36.765000,0.24354542
36.774000,0.24304931
36.783000,0.24255321
36.792000,0.24205713
36.801000,0.24156107
36.810000,0.24106502
36.819000,0.24056899
36.828000,0.24007298
36.837000,0.23957698
36.846000,0.23908100
36.855000,0.23858505
36.864000,0.23808911
36.873000,0.23759318
36.882000,0.23709728
36.891000,0.23660140
36.900000,0.23610554
36.909000,0.23560971
36.918000,0.23511389
36.927000,0.23461809
36.936000,0.23412232
36.945000,0.23362657
36.954000,0.23313085
36.963000,0.23263515
36.972000,0.23213947
36.981000,0.23164381
36.990000,0.23114819
36.999000,0.23065258
37.008000,0.23015701
37.017000,0.22966146
37.026000,0.22916593
37.035000,0.22867044
37.044000,0.22817497
37.053000,0.22767953
37.062000,0.22718412
37.071000,0.22668874
37.080000,0.22619339
37.089000,0.22569806
37.098000,0.22520277
37.107000,0.22470751
37.116000,0.22421228
37.125000,0.22371708
37.134000,0.22322192
37.143000,0.22272678
37.152000,0.22223168
37.161000,0.22173662
37.170000,0.22124158
37.179000,0.22074658
37.188000,0.22025162
37.197000,0.21975669
37.206000,0.21926180
37.215000,0.21876694
37.224000,0.21827212
37.233000,0.21777734
37.242000,0.21728259
37.251000,0.21678789
37.260000,0.21629322
37.269000,0.21579859
37.278000,0.21530400
37.287000,0.21480944
37.296000,0.21431493
37.305000,0.21382046
37.314000,0.21332603
37.323000,0.21283165
37.332000,0.21233730
37.341000,0.21184300
37.350000,0.21134873
37.359000,0.21085452
37.368000,0.21036034
37.377000,0.20986621
37.386000,0.20937213
37.395000,0.20887809
37.404000,0.20838410
37.413000,0.20789015
37.422000,0.20739625
37.431000,0.20690239
37.440000,0.20640858
37.449000,0.20591482
37.458000,0.20542111
37.467000,0.20492745
37.476000,0.20443384
37.485000,0.20394027
37.494000,0.20344676
37.503000,0.20295329
37.512000,0.20245988
37.521000,0.20196652
37.530000,0.20147321
37.539000,0.20097995
37.548000,0.20048675
37.557000,0.19999360
37.566000,0.19950050
37.575000,0.19900746
37.584000,0.19851447
37.593000,0.19802154
37.602000,0.19752866
37.611000,0.19703584
37.620000,0.19654307
37.629000,0.19605036
37.638000,0.19555771
37.647000,0.19506512
37.656000,0.19457258
37.665000,0.19408010
37.674000,0.19358769
37.683000,0.19309533
37.692000,0.19260303
37.701000,0.19211079
37.710000,0.19161862
37.719000,0.19112650
37.728000,0.19063445
37.737000,0.19014246
37.746000,0.18965053
37.755000,0.18915866
37.764000,0.18866686
37.773000,0.18817512
37.782000,0.18768345
37.791000,0.18719185
37.800000,0.18670030
37.809000,0.18620883
37.818000,0.18571742
37.827000,0.18522608
37.836000,0.18473480
37.845000,0.18424359
37.854000,0.18375246
37.863000,0.18326139
37.872000,0.18277038
37.881000,0.18227945
37.890000,0.18178859
37.899000,0.18129780
37.908000,0.18080708
37.917000,0.18031644
37.926000,0.17982586
37.935000,0.17933536
37.944000,0.17884493
37.953000,0.17835457
37.962000,0.17786429
37.971000,0.17737408
37.980000,0.17688394
37.989000,0.17639389
37.998000,0.17590390
38.007000,0.17541400
38.016000,0.17492417
38.025000,0.17443441
38.034000,0.17394474
38.043000,0.17345514
38.052000,0.17296562
38.061000,0.17247618
38.070000,0.17198682
38.079000,0.17149754
38.088000,0.17100834
38.097000,0.17051922
38.106000,0.17003018
38.115000,0.16954123
38.124000,0.16905235
38.133000,0.16856356
38.142000,0.16807486
38.151000,0.16758623
38.160000,0.16709769
38.169000,0.16660923
38.178000,0.16612086
38.187000,0.16563258
38.196000,0.16514438
38.205000,0.16465627
38.214000,0.16416824
38.223000,0.16368030
38.232000,0.16319245
38.241000,0.16270469
38.250000,0.16221702
38.259000,0.16172943
38.268000,0.16124194
38.277000,0.16075453
38.286000,0.16026722
38.295000,0.15978000
38.304000,0.15929287
38.313000,0.15880583
38.322000,0.15831888
38.331000,0.15783203
38.340000,0.15734527
38.349000,0.15685860
38.358000,0.15637203
38.367000,0.15588556
38.376000,0.15539918
38.385000,0.15491289
38.394000,0.15442670
38.403000,0.15394061
38.412000,0.15345462
38.421000,0.15296872
38.430000,0.15248292
38.439000,0.15199722
38.448000,0.15151162
38.457000,0.15102612
38.466000,0.15054072
38.475000,0.15005542
38.484000,0.14957022
38.493000,0.14908512
38.502000,0.14860012
38.511000,0.14811523
38.520000,0.14763044
38.529000,0.14714575
38.538000,0.14666117
38.547000,0.14617669
38.556000,0.14569232
38.565000,0.14520805
38.574000,0.14472389
38.583000,0.14423983
38.592000,0.14375588
38.601000,0.14327204
38.610000,0.14278831
38.619000,0.14230468
38.628000,0.14182116
38.637000,0.14133776
38.646000,0.14085446
38.655000,0.14037127
38.664000,0.13988819
38.673000,0.13940522
38.682000,0.13892237
38.691000,0.13843962
38.700000,0.13795699
38.709000,0.13747448
38.718000,0.13699207
38.727000,0.13650978
38.736000,0.13602761
38.745000,0.13554554
38.754000,0.13506360
38.763000,0.13458177
38.772000,0.13410006
38.781000,0.13361846
38.790000,0.13313698
38.799000,0.13265562
38.808000,0.13217437
38.817000,0.13169325
38.826000,0.13121224
38.835000,0.13073136
38.844000,0.13025059
38.853000,0.12976995
38.862000,0.12928942
38.871000,0.12880902
38.880000,0.12832874
38.889000,0.12784858
38.898000,0.12736855
38.907000,0.12688864
38.916000,0.12640885
38.925000,0.12592919
38.934000,0.12544965
38.943000,0.12497024
38.952000,0.12449096
38.961000,0.12401180
38.970000,0.12353276
38.979000,0.12305386
38.988000,0.12257508
38.997000,0.12209643
39.006000,0.12161791
39.015000,0.12113952
39.024000,0.12066126
39.033000,0.12018313
39.042000,0.11970513
39.051000,0.11922726
39.060000,0.11874952
39.069000,0.11827192
39.078000,0.11779445
39.087000,0.11731711
39.096000,0.11683990
39.105000,0.11636283
39.114000,0.11588590
39.123000,0.11540910
39.132000,0.11493243
39.141000,0.11445590
39.150000,0.11397951
39.159000,0.11350325
39.168000,0.11302713
39.177000,0.11255115
39.186000,0.11207531
39.195000,0.11159961
39.204000,0.11112405
39.213000,0.11064862
39.222000,0.11017334
39.231000,0.10969820
39.240000,0.10922320
39.249000,0.10874834
39.258000,0.10827362
39.267000,0.10779905
39.276000,0.10732462
39.285000,0.10685034
39.294000,0.10637619
39.303000,0.10590220
39.312000,0.10542835
39.321000,0.10495464
39.330000,0.10448108
39.339000,0.10400767
39.348000,0.10353441
39.357000,0.10306129
39.366000,0.10258832
39.375000,0.10211550
39.384000,0.10164283
39.393000,0.10117031
39.402000,0.10069794
39.411000,0.10022572
39.420000,0.09975365
39.429000,0.09928173
39.438000,0.09880996
39.447000,0.09833835
39.456000,0.09786689
39.465000,0.09739558
39.474000,0.09692443
39.483000,0.09645343
39.492000,0.09598259
39.501000,0.09551191
39.510000,0.09504138
39.519000,0.09457100
39.528000,0.09410078
39.537000,0.09363072
39.546000,0.09316082
39.555000,0.09269108
39.564000,0.09222150
39.573000,0.09175207
39.582000,0.09128281
39.591000,0.09081370
39.600000,0.09034476
39.609000,0.08987598
39.618000,0.08940736
39.627000,0.08893890
39.636000,0.08847061
39.645000,0.08800248
39.654000,0.08753451
39.663000,0.08706671
39.672000,0.08659907
39.681000,0.08613159
39.690000,0.08566429
39.699000,0.08519715
39.708000,0.08473017
39.717000,0.08426337
39.726000,0.08379673
39.735000,0.08333026
39.744000,0.08286396
39.753000,0.08239783
39.762000,0.08193186
39.771000,0.08146607
39.780000,0.08100045
39.789000,0.08053500
39.798000,0.08006972
39.807000,0.07960462
39.816000,0.07913968
39.825000,0.07867492
39.834000,0.07821034
39.843000,0.07774592
39.852000,0.07728169
39.861000,0.07681762
39.870000,0.07635374
39.879000,0.07589003
39.888000,0.07542649
39.897000,0.07496314
39.906000,0.07449996
39.915000,0.07403695
39.924000,0.07357413
39.933000,0.07311149
39.942000,0.07264903
39.951000,0.07218674
39.960000,0.07172464
39.969000,0.07126272
39.978000,0.07080098
39.987000,0.07033942
39.996000,0.06987804
40.005000,0.06941685
40.014000,0.06895584
40.023000,0.06849501
40.032000,0.06803437
40.041000,0.06757392
40.050000,0.06711365
40.059000,0.06665356
40.068000,0.06619366
40.077000,0.06573395
40.086000,0.06527443
40.095000,0.06481509
40.104000,0.06435595
40.113000,0.06389699
40.122000,0.06343822
40.131000,0.06297964
40.140000,0.06252125
40.149000,0.06206306
40.158000,0.06160505
40.167000,0.06114723
40.176000,0.06068961
40.185000,0.06023218
40.194000,0.05977495
40.203000,0.05931791
40.212000,0.05886106
40.221000,0.05840441
40.230000,0.05794795
40.239000,0.05749169
40.248000,0.05703562
40.257000,0.05657975
40.266000,0.05612408
40.275000,0.05566861
40.284000,0.05521334
40.293000,0.05475826
40.302000,0.05430338
40.311000,0.05384871
40.320000,0.05339423
40.329000,0.05293995
40.338000,0.05248588
40.347000,0.05203201
40.356000,0.05157833
40.365000,0.05112487
40.374000,0.05067160
40.383000,0.05021854
40.392000,0.04976568
40.401000,0.04931303
40.410000,0.04886058
40.419000,0.04840834
40.428000,0.04795631
40.437000,0.04750448
40.446000,0.04705286
40.455000,0.04660144
40.464000,0.04615024
40.473000,0.04569924
40.482000,0.04524845
40.491000,0.04479787
40.500000,0.04434751
40.509000,0.04389735
40.518000,0.04344740
40.527000,0.04299767
40.536000,0.04254814
40.545000,0.04209883
40.554000,0.04164974
40.563000,0.04120085
40.572000,0.04075218
40.581000,0.04030373
40.590000,0.03985549
40.599000,0.03940746
40.608000,0.03895965
40.617000,0.03851206
40.626000,0.03806469
40.635000,0.03761753
40.644000,0.03717059
40.653000,0.03672387
40.662000,0.03627737
40.671000,0.03583108
40.680000,0.03538502
40.689000,0.03493918
40.698000,0.03449356
40.707000,0.03404816
40.716000,0.03360298
40.725000,0.03315802
40.734000,0.03271329
40.743000,0.03226878
40.752000,0.03182450
40.761000,0.03138044
40.770000,0.03093660
40.779000,0.03049299
40.788000,0.03004960
40.797000,0.02960645
40.806000,0.02916351
40.815000,0.02872081
40.824000,0.02827833
40.833000,0.02783608
40.842000,0.02739406
40.851000,0.02695227
40.860000,0.02651071
40.869000,0.02606938
40.878000,0.02562828
40.887000,0.02518742
40.896000,0.02474678
40.905000,0.02430637
40.914000,0.02386620
40.923000,0.02342626
40.932000,0.02298656
40.941000,0.02254709
40.950000,0.02210785
40.959000,0.02166885
40.968000,0.02123009
40.977000,0.02079156
40.986000,0.02035327
40.995000,0.01991521
41.004000,0.01947739
41.013000,0.01903982
41.022000,0.01860247
41.031000,0.01816537
41.040000,0.01772851
41.049000,0.01729189
41.058000,0.01685551
41.067000,0.01641937
41.076000,0.01598347
41.085000,0.01554781
41.094000,0.01511240
41.103000,0.01467723
41.112000,0.01424230
41.121000,0.01380761
41.130000,0.01337318
41.139000,0.01293898
41.148000,0.01250503
41.157000,0.01207133
41.166000,0.01163787
41.175000,0.01120466
41.184000,0.01077170
41.193000,0.01033899
41.202000,0.00990652
41.211000,0.00947430
41.220000,0.00904234
41.229000,0.00861062
41.238000,0.00817915
41.247000,0.00774793
41.256000,0.00731697
41.265000,0.00688625
41.274000,0.00645579
41.283000,0.00602558
41.292000,0.00559563
41.301000,0.00516593
41.310000,0.00473648
41.319000,0.00430729
41.328000,0.00387835
41.337000,0.00344967
41.346000,0.00302124
41.355000,0.00259308
41.364000,0.00216516
41.373000,0.00173751
41.382000,0.00131011
41.391000,0.00088298
41.400000,0.00045610
41.409000,0.00002948
41.418000,0.00039688
41.427000,0.00082298
41.436000,0.00124881
41.445000,0.00167439
41.454000,0.00209970
41.463000,0.00252475
41.472000,0.00294954
41.481000,0.00337407
41.490000,0.00379833
41.499000,0.00422232
41.508000,0.00464605
41.517000,0.00506952
41.526000,0.00549272
41.535000,0.00591565
41.544000,0.00633832
41.553000,0.00676072
41.562000,0.00718285
41.571000,0.00760471
41.580000,0.00802631
41.589000,0.00844763
41.598000,0.00886869
41.607000,0.00928947
41.616000,0.00970999
41.625000,0.01013023
41.634000,0.01055020
41.643000,0.01096990
41.652000,0.01138933
41.661000,0.01180848
41.670000,0.01222736
41.679000,0.01264596
41.688000,0.01306429
41.697000,0.01348235
41.706000,0.01390013
41.715000,0.01431764
41.724000,0.01473486
41.733000,0.01515181
41.742000,0.01556849
41.751000,0.01598488
41.760000,0.01640100
41.769000,0.01681684
41.778000,0.01723240
41.787000,0.01764768
41.796000,0.01806267
41.805000,0.01847739
41.814000,0.01889183
41.823000,0.01930598
41.832000,0.01971985
41.841000,0.02013344
41.850000,0.02054675
41.859000,0.02095977
41.868000,0.02137251
41.877000,0.02178496
41.886000,0.02219713
41.895000,0.02260901
41.904000,0.02302061
41.913000,0.02343192
41.922000,0.02384294
41.931000,0.02425368
41.940000,0.02466413
41.949000,0.02507429
41.958000,0.02548416
41.967000,0.02589374
41.976000,0.02630303
41.985000,0.02671203
41.994000,0.02712074
42.003000,0.02752915
42.012000,0.02793728
42.021000,0.02834511
42.030000,0.02875266
42.039000,0.02915990
42.048000,0.02956686
42.057000,0.02997352
42.066000,0.03037988
42.075000,0.03078595
42.084000,0.03119173
42.093000,0.03159720
42.102000,0.03200239
42.111000,0.03240727
42.120000,0.03281186
42.129000,0.03321615
42.138000,0.03362014
42.147000,0.03402383
42.156000,0.03442722
42.165000,0.03483031
42.174000,0.03523310
42.183000,0.03563559
42.192000,0.03603778
42.201000,0.03643967
42.210000,0.03684126
42.219000,0.03724254
42.228000,0.03764352
42.237000,0.03804420
42.246000,0.03844457
42.255000,0.03884463
42.264000,0.03924440
42.273000,0.03964385
42.282000,0.04004300
42.291000,0.04044185
42.300000,0.04084038
42.309000,0.04123861
42.318000,0.04163653
42.327000,0.04203415
42.336000,0.04243145
42.345000,0.04282845
42.354000,0.04322513
42.363000,0.04362151
42.372000,0.04401757
42.381000,0.04441332
42.390000,0.04480877
42.399000,0.04520390
42.408000,0.04559871
42.417000,0.04599322
42.426000,0.04638741
42.435000,0.04678128
42.444000,0.04717484
42.453000,0.04756809
42.462000,0.04796102
42.471000,0.04835364
42.480000,0.04874594
42.489000,0.04913792
42.498000,0.04952958
42.507000,0.04992093
42.516000,0.05031196
42.525000,0.05070267
42.534000,0.05109306
42.543000,0.05148313
42.552000,0.05187289
42.561000,0.05226232
42.570000,0.05265143
42.579000,0.05304022
42.588000,0.05342868
42.597000,0.05381683
42.606000,0.05420465
42.615000,0.05459215
42.624000,0.05497932
42.633000,0.05536617
42.642000,0.05575270
42.651000,0.05613890
42.660000,0.05652478
42.669000,0.05691032
42.678000,0.05729555
42.687000,0.05768044
42.696000,0.05806501
42.705000,0.05844925
42.714000,0.05883316
42.723000,0.05921675
42.732000,0.05960000
42.741000,0.05998293
42.750000,0.06036552
42.759000,0.06074778
42.768000,0.06112972
42.777000,0.06151132
42.786000,0.06189259
42.795000,0.06227352
42.804000,0.06265413
42.813000,0.06303440
42.822000,0.06341433
42.831000,0.06379393
42.840000,0.06417320
42.849000,0.06455213
42.858000,0.06493073
42.867000,0.06530899
42.876000,0.06568691
42.885000,0.06606450
42.894000,0.06644175
42.903000,0.06681866
42.912000,0.06719523
42.921000,0.06757147
42.930000,0.06794736
42.939000,0.06832292
42.948000,0.06869813
42.957000,0.06907301
42.966000,0.06944754
42.975000,0.06982173
42.984000,0.07019558
42.993000,0.07056909
43.002000,0.07094225
43.011000,0.07131508
43.020000,0.07168755
43.029000,0.07205969
43.038000,0.07243147
43.047000,0.07280292
43.056000,0.07317402
43.065000,0.07354477
43.074000,0.07391517
43.083000,0.07428523
43.092000,0.07465494
43.101000,0.07502431
43.110000,0.07539332
43.119000,0.07576199
43.128000,0.07613030
43.137000,0.07649827
43.146000,0.07686589
43.155000,0.07723316
43.164000,0.07760007
43.173000,0.07796664
43.182000,0.07833285
43.191000,0.07869871
43.200000,0.07906422
43.209000,0.07942937
43.218000,0.07979417
43.227000,0.08015862
43.236000,0.08052271
43.245000,0.08088645
43.254000,0.08124983
43.263000,0.08161286
43.272000,0.08197553
43.281000,0.08233784
43.290000,0.08269980
43.299000,0.08306140
43.308000,0.08342264
43.317000,0.08378352
43.326000,0.08414405
43.335000,0.08450421
43.344000,0.08486402
43.353000,0.08522346
43.362000,0.08558254
43.371000,0.08594127
43.380000,0.08629963
43.389000,0.08665763
43.398000,0.08701526
43.407000,0.08737254
43.416000,0.08772945
43.425000,0.08808600
43.434000,0.08844218
43.443000,0.08879800
43.452000,0.08915345
43.461000,0.08950854
43.470000,0.08986326
43.479000,0.09021762
43.488000,0.09057161
43.497000,0.09092523
43.506000,0.09127848
43.515000,0.09163137
43.524000,0.09198389
43.533000,0.09233604
43.542000,0.09268782
43.551000,0.09303923
43.560000,0.09339027
43.569000,0.09374094
43.578000,0.09409124
43.587000,0.09444116
43.596000,0.09479072
43.605000,0.09513990
43.614000,0.09548871
43.623000,0.09583715
43.632000,0.09618521
43.641000,0.09653290
43.650000,0.09688022
43.659000,0.09722716
43.668000,0.09757372
43.677000,0.09791991
43.686000,0.09826572
43.695000,0.09861116
43.704000,0.09895622
43.713000,0.09930090
43.722000,0.09964521
43.731000,0.09998913
43.740000,0.10033268
43.749000,0.10067585
43.758000,0.10101864
43.767000,0.10136105
43.776000,0.10170307
43.785000,0.10204472
43.794000,0.10238599
43.803000,0.10272687
43.812000,0.10306738
43.821000,0.10340750
43.830000,0.10374723
43.839000,0.10408659
43.848000,0.10442556
43.857000,0.10476415
43.866000,0.10510235
43.875000,0.10544016
43.884000,0.10577760
43.893000,0.10611464
43.902000,0.10645130
43.911000,0.10678758
43.920000,0.10712346
43.929000,0.10745896
43.938000,0.10779407
43.947000,0.10812879
43.956000,0.10846313
43.965000,0.10879707
43.974000,0.10913063
43.983000,0.10946379
43.992000,0.10979657
44.001000,0.11012895
44.010000,0.11046094
44.019000,0.11079255
44.028000,0.11112376
44.037000,0.11145457
44.046000,0.11178500
44.055000,0.11211503
44.064000,0.11244467
44.073000,0.11277391
44.082000,0.11310276
44.091000,0.11343121
44.100000,0.11375927
44.109000,0.11408694
44.118000,0.11441420
44.127000,0.11474108
44.136000,0.11506755
44.145000,0.11539363
44.154000,0.11571931
44.163000,0.11604459
44.172000,0.11636947
44.181000,0.11669395
44.190000,0.11701804
44.199000,0.11734173
44.208000,0.11766501
44.217000,0.11798790
44.226000,0.11831038
44.235000,0.11863246
44.244000,0.11895414
44.253000,0.11927542
44.262000,0.11959630
44.271000,0.11991677
44.280000,0.12023684
44.289000,0.12055651
44.298000,0.12087577
44.307000,0.12119463
44.316000,0.12151308
44.325000,0.12183113
44.334000,0.12214877
44.343000,0.12246601
44.352000,0.12278284
44.361000,0.12309926
44.370000,0.12341528
44.379000,0.12373089
44.388000,0.12404609
44.397000,0.12436088
44.406000,0.12467527
44.415000,0.12498924
44.424000,0.12530281
44.433000,0.12561596
44.442000,0.12592871
44.451000,0.12624104
44.460000,0.12655296
44.469000,0.12686448
44.478000,0.12717558
44.487000,0.12748626
44.496000,0.12779654
44.505000,0.12810640
44.514000,0.12841585
44.523000,0.12872488
44.532000,0.12903350
44.541000,0.12934171
44.550000,0.12964950
44.559000,0.12995688
44.568000,0.13026384
44.577000,0.13057038
44.586000,0.13087651
44.595000,0.13118222
44.604000,0.13148751
44.613000,0.13179239
44.622000,0.13209685
44.631000,0.13240089
44.640000,0.13270451
44.649000,0.13300771
44.658000,0.13331049
44.667000,0.13361285
44.676000,0.13391480
44.685000,0.13421632
44.694000,0.13451742
44.703000,0.13481810
44.712000,0.13511835
44.721000,0.13541819
44.730000,0.13571760
44.739000,0.13601659
44.748000,0.13631516
44.757000,0.13661330
44.766000,0.13691102
44.775000,0.13720832
44.784000,0.13750519
44.793000,0.13780163
44.802000,0.13809765
44.811000,0.13839325
44.820000,0.13868841
44.829000,0.13898316
44.838000,0.13927747
44.847000,0.13957136
44.856000,0.13986482
44.865000,0.14015785
44.874000,0.14045045
44.883000,0.14074263
44.892000,0.14103437
44.901000,0.14132569
44.910000,0.14161657
44.919000,0.14190703
44.928000,0.14219705
44.937000,0.14248665
44.946000,0.14277581
44.955000,0.14306454
44.964000,0.14335284
44.973000,0.14364071
44.982000,0.14392814
44.991000,0.14421515
45.000000,0.14450171
45.009000,0.14478785
45.018000,0.14507355
45.027000,0.14535881
45.036000,0.14564364
45.045000,0.14592804
45.054000,0.14621200
45.063000,0.14649552
45.072000,0.14677861
45.081000,0.14706126
45.090000,0.14734348
45.099000,0.14762525
45.108000,0.14790659
45.117000,0.14818749
45.126000,0.14846796
45.135000,0.14874798
45.144000,0.14902757
45.153000,0.14930671
45.162000,0.14958542
45.171000,0.14986368
45.180000,0.15014151
45.189000,0.15041889
45.198000,0.15069584
45.207000,0.15097234
45.216000,0.15124840
45.225000,0.15152402
45.234000,0.15179919
45.243000,0.15207393
45.252000,0.15234821
45.261000,0.15262206
45.270000,0.15289546
45.279000,0.15316842
45.288000,0.15344093
45.297000,0.15371300
45.306000,0.15398463
45.315000,0.15425580
45.324000,0.15452653
45.333000,0.15479682
45.342000,0.15506666
45.351000,0.15533605
45.360000,0.15560500
45.369000,0.15587349
45.378000,0.15614154
45.387000,0.15640914
45.396000,0.15667630
45.405000,0.15694300
45.414000,0.15720925
45.423000,0.15747506
45.432000,0.15774041
45.441000,0.15800532
45.450000,0.15826977
45.459000,0.15853377
45.468000,0.15879733
45.477000,0.15906043
45.486000,0.15932307
45.495000,0.15958527
45.504000,0.15984701
45.513000,0.16010831
45.522000,0.16036914
45.531000,0.16062953
45.540000,0.16088946
45.549000,0.16114893
45.558000,0.16140796
45.567000,0.16166652
45.576000,0.16192463
45.585000,0.16218229
45.594000,0.16243949
45.603000,0.16269624
45.612000,0.16295252
45.621000,0.16320836
45.630000,0.16346373
45.639000,0.16371865
45.648000,0.16397311
45.657000,0.16422711
45.666000,0.16448065
45.675000,0.16473374
45.684000,0.16498636
45.693000,0.16523853
45.702000,0.16549024
45.711000,0.16574149
45.720000,0.16599227
45.729000,0.16624260
45.738000,0.16649247
45.747000,0.16674187
45.756000,0.16699081
45.765000,0.16723930
45.774000,0.16748732
45.783000,0.16773487
45.792000,0.16798197
45.801000,0.16822860
45.810000,0.16847477
45.819000,0.16872047
45.828000,0.16896572
45.837000,0.16921049
45.846000,0.16945481
45.855000,0.16969865
45.864000,0.16994204
45.873000,0.17018496
45.882000,0.17042741
45.891000,0.17066939
45.900000,0.17091091
45.909000,0.17115197
45.918000,0.17139255
45.927000,0.17163267
45.936000,0.17187233
45.945000,0.17211151
45.954000,0.17235023
45.963000,0.17258848
45.972000,0.17282626
45.981000,0.17306357
45.990000,0.17330041
45.999000,0.17353678
46.008000,0.17377268
46.017000,0.17400812
46.026000,0.17424308
46.035000,0.17447757
46.044000,0.17471159
46.053000,0.17494514
46.062000,0.17517822
46.071000,0.17541082
46.080000,0.17564296
46.089000,0.17587462
46.098000,0.17610581
46.107000,0.17633653
46.116000,0.17656677
46.125000,0.17679654
46.134000,0.17702584
46.143000,0.17725466
46.152000,0.17748300
46.161000,0.17771088
46.170000,0.17793828
46.179000,0.17816520
46.188000,0.17839165
46.197000,0.17861762
46.206000,0.17884312
46.215000,0.17906814
46.224000,0.17929268
46.233000,0.17951675
46.242000,0.17974034
46.251000,0.17996345
46.260000,0.18018608
46.269000,0.18040824
46.278000,0.18062992
46.287000,0.18085112
46.296000,0.18107184
46.305000,0.18129208
46.314000,0.18151185
46.323000,0.18173113
46.332000,0.18194993
46.341000,0.18216826
46.350000,0.18238610
46.359000,0.18260347
46.368000,0.18282035
46.377000,0.18303675
46.386000,0.18325267
46.395000,0.18346811
46.404000,0.18368307
46.413000,0.18389754
46.422000,0.18411153
46.431000,0.18432504
46.440000,0.18453807
46.449000,0.18475062
46.458000,0.18496268
46.467000,0.18517425
46.476000,0.18538535
46.485000,0.18559595
46.494000,0.18580608
46.503000,0.18601572
46.512000,0.18622487
46.521000,0.18643354
46.530000,0.18664173
46.539000,0.18684943
46.548000,0.18705664
46.557000,0.18726337
46.566000,0.18746961
46.575000,0.18767536
46.584000,0.18788063
46.593000,0.18808541
46.602000,0.18828970
46.611000,0.18849350
46.620000,0.18869682
46.629000,0.18889965
46.638000,0.18910199
46.647000,0.18930384
46.656000,0.18950520
46.665000,0.18970608
46.674000,0.18990646
46.683000,0.19010636
46.692000,0.19030576
46.701000,0.19050468
46.710000,0.19070310
46.719000,0.19090104
46.728000,0.19109848
46.737000,0.19129543
46.746000,0.19149190
46.755000,0.19168787
46.764000,0.19188334
46.773000,0.19207833
46.782000,0.19227283
46.791000,0.19246683
46.800000,0.19266034
46.809000,0.19285335
46.818000,0.19304588
46.827000,0.19323791
46.836000,0.19342945
46.845000,0.19362049
46.854000,0.19381104
46.863000,0.19400109
46.872000,0.19419065
46.881000,0.19437972
46.890000,0.19456829
46.899000,0.19475637
46.908000,0.19494395
46.917000,0.19513104
46.926000,0.19531763
46.935000,0.19550372
46.944000,0.19568932
46.953000,0.19587442
46.962000,0.19605903
46.971000,0.19624313
46.980000,0.19642675
46.989000,0.19660986
46.998000,0.19679248
47.007000,0.19697460
47.016000,0.19715622
47.025000,0.19733734
47.034000,0.19751797
47.043000,0.19769809
47.052000,0.19787772
47.061000,0.19805685
47.070000,0.19823548
47.079000,0.19841361
47.088000,0.19859124
47.097000,0.19876838
47.106000,0.19894501
47.115000,0.19912114
47.124000,0.19929677
47.133000,0.19947190
47.142000,0.19964653
47.151000,0.19982066
47.160000,0.19999429
47.169000,0.20016742
47.178000,0.20034004
47.187000,0.20051217
47.196000,0.20068379
47.205000,0.20085491
47.214000,0.20102553
47.223000,0.20119564
47.232000,0.20136526
47.241000,0.20153437
47.250000,0.20170297
47.259000,0.20187108
47.268000,0.20203868
47.277000,0.20220578
47.286000,0.20237237
47.295000,0.20253846
47.304000,0.20270404
47.313000,0.20286912
47.322000,0.20303370
47.331000,0.20319777
47.340000,0.20336134
47.349000,0.20352440
47.358000,0.20368696
47.367000,0.20384901
47.376000,0.20401055
47.385000,0.20417159
47.394000,0.20433213
47.403000,0.20449216
47.412000,0.20465168
47.421000,0.20481069
47.430000,0.20496920
47.439000,0.20512720
47.448000,0.20528470
47.457000,0.20544168
47.466000,0.20559816
47.475000,0.20575414
47.484000,0.20590960
47.493000,0.20606456
47.502000,0.20621901
47.511000,0.20637295
47.520000,0.20652638
47.529000,0.20667930
47.538000,0.20683172
47.547000,0.20698363
47.556000,0.20713502
47.565000,0.20728591
47.574000,0.20743629
47.583000,0.20758616
47.592000,0.20773552
47.601000,0.20788437
47.610000,0.20803271
47.619000,0.20818054
47.628000,0.20832786
47.637000,0.20847467
47.646000,0.20862097
47.655000,0.20876676
47.664000,0.20891204
47.673000,0.20905680
47.682000,0.20920106
47.691000,0.20934480
47.700000,0.20948803
47.709000,0.20963075
47.718000,0.20977296
47.727000,0.20991466
47.736000,0.21005585
47.745000,0.21019652
47.754000,0.21033668
47.763000,0.21047633
47.772000,0.21061546
47.781000,0.21075409
47.790000,0.21089219
47.799000,0.21102979
47.808000,0.21116687
47.817000,0.21130344
47.826000,0.21143950
47.835000,0.21157504
47.844000,0.21171007
47.853000,0.21184459
47.862000,0.21197859
47.871000,0.21211208
47.880000,0.21224505
47.889000,0.21237751
47.898000,0.21250945
47.907000,0.21264088
47.916000,0.21277180
47.925000,0.21290220
47.934000,0.21303208
47.943000,0.21316145
47.952000,0.21329030
47.961000,0.21341864
47.970000,0.21354647
47.979000,0.21367377
47.988000,0.21380056
47.997000,0.21392684
48.006000,0.21405260
48.015000,0.21417784
48.024000,0.21430257
48.033000,0.21442678
48.042000,0.21455047
48.051000,0.21467365
48.060000,0.21479631
48.069000,0.21491846
48.078000,0.21504008
48.087000,0.21516119
48.096000,0.21528179
48.105000,0.21540186
48.114000,0.21552142
48.123000,0.21564046
48.132000,0.21575898
48.141000,0.21587699
48.150000,0.21599448
48.159000,0.21611144
48.168000,0.21622790
48.177000,0.21634383
48.186000,0.21645924
48.195000,0.21657414
48.204000,0.21668852
48.213000,0.21680238
48.222000,0.21691572
48.231000,0.21702854
48.240000,0.21714084
48.249000,0.21725263
48.258000,0.21736389
48.267000,0.21747464
48.276000,0.21758486
48.285000,0.21769457
48.294000,0.21780376
48.303000,0.21791243
48.312000,0.21802057
48.321000,0.21812820
48.330000,0.21823531
48.339000,0.21834190
48.348000,0.21844797
48.357000,0.21855352
48.366000,0.21865855
48.375000,0.21876306
48.384000,0.21886705
48.393000,0.21897051
48.402000,0.21907346
48.411000,0.21917589
48.420000,0.21927779
48.429000,0.21937918
48.438000,0.21948005
48.447000,0.21958039
48.456000,0.21968021
48.465000,0.21977951
48.474000,0.21987830
48.483000,0.21997655
48.492000,0.22007429
48.501000,0.22017151
48.510000,0.22026821
48.519000,0.22036438
48.528000,0.22046003
48.537000,0.22055516
48.546000,0.22064977
48.555000,0.22074386
48.564000,0.22083743
48.573000,0.22093047
48.582000,0.22102299
48.591000,0.22111499
48.600000,0.22120647
48.609000,0.22129743
48.618000,0.22138786
48.627000,0.22147777
48.636000,0.22156716
48.645000,0.22165603
48.654000,0.22174437
48.663000,0.22183219
48.672000,0.22191949
48.681000,0.22200627
48.690000,0.22209253
48.699000,0.22217826
48.708000,0.22226347
48.717000,0.22234815
48.726000,0.22243232
48.735000,0.22251596
48.744000,0.22259907
48.753000,0.22268167
48.762000,0.22276374
48.771000,0.22284529
48.780000,0.22292631
48.789000,0.22300681
48.798000,0.22308679
48.807000,0.22316625
48.816000,0.22324518
48.825000,0.22332359
48.834000,0.22340148
48.843000,0.22347884
48.852000,0.22355568
48.861000,0.22363199
48.870000,0.22370779
48.879000,0.22378305
48.888000,0.22385780
48.897000,0.22393202
48.906000,0.22400572
48.915000,0.22407889
48.924000,0.22415154
48.933000,0.22422367
48.942000,0.22429527
48.951000,0.22436635
48.960000,0.22443691
48.969000,0.22450694
48.978000,0.22457645
48.987000,0.22464543
48.996000,0.22471389
49.005000,0.22478183
49.014000,0.22484924
49.023000,0.22491613
49.032000,0.22498249
49.041000,0.22504833
49.050000,0.22511365
49.059000,0.22517844
49.068000,0.22524271
49.077000,0.22530645
49.086000,0.22536967
49.095000,0.22543237
49.104000,0.22549454
49.113000,0.22555619
49.122000,0.22561731
49.131000,0.22567791
49.140000,0.22573799
49.149000,0.22579754
49.158000,0.22585657
49.167000,0.22591507
49.176000,0.22597305
49.185000,0.22603051
49.194000,0.22608744
49.203000,0.22614385
49.212000,0.22619973
49.221000,0.22625509
49.230000,0.22630992
49.239000,0.22636423
49.248000,0.22641802
49.257000,0.22647128
49.266000,0.22652402
49.275000,0.22657624
49.284000,0.22662793
49.293000,0.22667909
49.302000,0.22672973
49.311000,0.22677985
49.320000,0.22682945
49.329000,0.22687852
49.338000,0.22692706
49.347000,0.22697508
49.356000,0.22702258
49.365000,0.22706956
49.374000,0.22711601
49.383000,0.22716193
49.392000,0.22720734
49.401000,0.22725221
49.410000,0.22729657
49.419000,0.22734040
49.428000,0.22738371
49.437000,0.22742649
49.446000,0.22746875
49.455000,0.22751049
49.464000,0.22755170
49.473000,0.22759239
49.482000,0.22763255
49.491000,0.22767219
49.500000,0.22771131
49.509000,0.22774990
49.518000,0.22778797
49.527000,0.22782552
49.536000,0.22786255
49.545000,0.22789905
49.554000,0.22793502
49.563000,0.22797048
49.572000,0.22800541
49.581000,0.22803981
49.590000,0.22807370
49.599000,0.22810706
49.608000,0.22813990
49.617000,0.22817221
49.626000,0.22820400
49.635000,0.22823527
49.644000,0.22826602
49.653000,0.22829624
49.662000,0.22832594
49.671000,0.22835512
49.680000,0.22838377
49.689000,0.22841190
49.698000,0.22843951
49.707000,0.22846660
49.716000,0.22849316
49.725000,0.22851920
49.734000,0.22854472
49.743000,0.22856972
49.752000,0.22859419
49.761000,0.22861815
49.770000,0.22864158
49.779000,0.22866449
49.788000,0.22868687
49.797000,0.22870874
49.806000,0.22873008
49.815000,0.22875090
49.824000,0.22877120
49.833000,0.22879097
49.842000,0.22881023
49.851000,0.22882896
49.860000,0.22884717
49.869000,0.22886486
49.878000,0.22888203
49.887000,0.22889868
49.896000,0.22891481
49.905000,0.22893041
49.914000,0.22894550
49.923000,0.22896006
49.932000,0.22897410
49.941000,0.22898763
49.950000,0.22900063
49.959000,0.22901311
49.968000,0.22902507
49.977000,0.22903651
49.986000,0.22904742
49.995000,0.22905782
50.004000,0.22906770
50.013000,0.22907706
50.022000,0.22908590
50.031000,0.22909422
50.040000,0.22910201
50.049000,0.22910929
50.058000,0.22911605
50.067000,0.22912229
50.076000,0.22912801
50.085000,0.22913321
50.094000,0.22913789
50.103000,0.22914205
50.112000,0.22914570
50.121000,0.22914882
50.130000,0.22915142
50.139000,0.22915351
50.148000,0.22915508
50.157000,0.22915613
50.166000,0.22915666
50.175000,0.22915667
50.184000,0.22915616
50.193000,0.22915514
50.202000,0.22915359
50.211000,0.22915153
50.220000,0.22914895
50.229000,0.22914586
50.238000,0.22914224
50.247000,0.22913811
50.256000,0.22913346
50.265000,0.22912829
50.274000,0.22912261
50.283000,0.22911641
50.292000,0.22910969
50.301000,0.22910246
50.310000,0.22909471
50.319000,0.22908644
50.328000,0.22907765
50.337000,0.22906835
50.346000,0.22905854
50.355000,0.22904820
50.364000,0.22903735
50.373000,0.22902599
50.382000,0.22901411
50.391000,0.22900171
50.400000,0.22898880
50.409000,0.22897537
50.418000,0.22896143
50.427000,0.22894698
50.436000,0.22893200
50.445000,0.22891652
50.454000,0.22890052
50.463000,0.22888400
50.472000,0.22886697
50.481000,0.22884942
50.490000,0.22883137
50.499000,0.22881279
50.508000,0.22879371
50.517000,0.22877411
50.526000,0.22875399
50.535000,0.22873337
50.544000,0.22871223
50.553000,0.22869057
50.562000,0.22866841
50.571000,0.22864573
50.580000,0.22862254
50.589000,0.22859883
50.598000,0.22857462
50.607000,0.22854989
50.616000,0.22852465
50.625000,0.22849889
50.634000,0.22847263
50.643000,0.22844585
50.652000,0.22841857
50.661000,0.22839077
50.670000,0.22836246
50.679000,0.22833364
50.688000,0.22830431
50.697000,0.22827447
50.706000,0.22824411
50.715000,0.22821325
50.724000,0.22818188
50.733000,0.22815000
50.742000,0.22811760
50.751000,0.22808470
50.760000,0.22805129
50.769000,0.22801737
50.778000,0.22798294
50.787000,0.22794800
50.796000,0.22791256
50.805000,0.22787660
50.814000,0.22784014
50.823000,0.22780316
50.832000,0.22776568
50.841000,0.22772770
50.850000,0.22768920
50.859000,0.22765020
50.868000,0.22761069
50.877000,0.22757067
50.886000,0.22753014
50.895000,0.22748911
50.904000,0.22744758
50.913000,0.22740553
50.922000,0.22736298
50.931000,0.22731992
50.940000,0.22727636
50.949000,0.22723229
50.958000,0.22718772
50.967000,0.22714264
50.976000,0.22709706
50.985000,0.22705097
50.994000,0.22700438
51.003000,0.22695728
51.012000,0.22690968
51.021000,0.22686158
51.030000,0.22681297
51.039000,0.22676385
51.048000,0.22671424
51.057000,0.22666412
51.066000,0.22661349
51.075000,0.22656237
51.084000,0.22651074
51.093000,0.22645861
51.102000,0.22640598
51.111000,0.22635284
51.120000,0.22629921
51.129000,0.22624507
51.138000,0.22619043
51.147000,0.22613529
51.156000,0.22607965
51.165000,0.22602351
51.174000,0.22596687
51.183000,0.22590972
51.192000,0.22585208
51.201000,0.22579394
51.210000,0.22573530
51.219000,0.22567615
51.228000,0.22561651
51.237000,0.22555637
51.246000,0.22549574
51.255000,0.22543460
51.264000,0.22537296
51.273000,0.22531083
51.282000,0.22524820
51.291000,0.22518507
51.300000,0.22512145
51.309000,0.22505732
51.318000,0.22499270
51.327000,0.22492759
51.336000,0.22486198
51.345000,0.22479587
51.354000,0.22472926
51.363000,0.22466216
51.372000,0.22459457
51.381000,0.22452648
51.390000,0.22445789
51.399000,0.22438881
51.408000,0.22431923
51.417000,0.22424916
51.426000,0.22417860
51.435000,0.22410754
51.444000,0.22403599
51.453000,0.22396395
51.462000,0.22389141
51.471000,0.22381838
51.480000,0.22374486
51.489000,0.22367085
51.498000,0.22359634
51.507000,0.22352134
51.516000,0.22344585
51.525000,0.22336987
51.534000,0.22329340
51.543000,0.22321644
51.552000,0.22313899
51.561000,0.22306104
51.570000,0.22298261
51.579000,0.22290369
51.588000,0.22282428
51.597000,0.22274438
51.606000,0.22266399
51.615000,0.22258311
51.624000,0.22250174
51.633000,0.22241989
51.642000,0.22233754
51.651000,0.22225471
51.660000,0.22217140
51.669000,0.22208759
51.678000,0.22200330
51.687000,0.22191852
51.696000,0.22183326
51.705000,0.22174751
51.714000,0.22166128
51.723000,0.22157456
51.732000,0.22148735
51.741000,0.22139966
51.750000,0.22131149
51.759000,0.22122283
51.768000,0.22113369
51.777000,0.22104406
51.786000,0.22095395
51.795000,0.22086336
51.804000,0.22077228
51.813000,0.22068072
51.822000,0.22058868
51.831000,0.22049616
51.840000,0.22040316
51.849000,0.22030968
51.858000,0.22021571
51.867000,0.22012126
51.876000,0.22002634
51.885000,0.21993093
51.894000,0.21983504
51.903000,0.21973868
51.912000,0.21964183
51.921000,0.21954451
51.930000,0.21944670
51.939000,0.21934842
51.948000,0.21924966
51.957000,0.21915043
51.966000,0.21905071
51.975000,0.21895052
51.984000,0.21884985
51.993000,0.21874871
52.002000,0.21864709
52.011000,0.21854499
52.020000,0.21844242
52.029000,0.21833937
52.038000,0.21823585
52.047000,0.21813185
52.056000,0.21802738
52.065000,0.21792244
52.074000,0.21781702
52.083000,0.21771112
52.092000,0.21760476
52.101000,0.21749792
52.110000,0.21739061
52.119000,0.21728283
52.128000,0.21717458
52.137000,0.21706585
52.146000,0.21695665
52.155000,0.21684699
52.164000,0.21673685
52.173000,0.21662624
52.182000,0.21651517
52.191000,0.21640362
52.200000,0.21629160
52.209000,0.21617912
52.218000,0.21606617
52.227000,0.21595275
52.236000,0.21583886
52.245000,0.21572450
52.254000,0.21560968
52.263000,0.21549439
52.272000,0.21537863
52.281000,0.21526241
52.290000,0.21514572
52.299000,0.21502857
52.308000,0.21491095
52.317000,0.21479287
52.326000,0.21467432
52.335000,0.21455531
52.344000,0.21443584
52.353000,0.21431590
52.362000,0.21419550
52.371000,0.21407463
52.380000,0.21395331
52.389000,0.21383152
52.398000,0.21370927
52.407000,0.21358656
52.416000,0.21346339
52.425000,0.21333976
52.434000,0.21321567
52.443000,0.21309112
52.452000,0.21296611
52.461000,0.21284064
52.470000,0.21271471
52.479000,0.21258832
52.488000,0.21246148
52.497000,0.21233418
52.506000,0.21220642
52.515000,0.21207820
52.524000,0.21194953
52.533000,0.21182040
52.542000,0.21169082
52.551000,0.21156078
52.560000,0.21143028
52.569000,0.21129933
52.578000,0.21116793
52.587000,0.21103607
52.596000,0.21090376
52.605000,0.21077100
52.614000,0.21063778
52.623000,0.21050411
52.632000,0.21036999
52.641000,0.21023542
52.650000,0.21010040
52.659000,0.20996493
52.668000,0.20982900
52.677000,0.20969263
52.686000,0.20955580
52.695000,0.20941853
52.704000,0.20928081
52.713000,0.20914264
52.722000,0.20900402
52.731000,0.20886495
52.740000,0.20872544
52.749000,0.20858548
52.758000,0.20844507
52.767000,0.20830422
52.776000,0.20816292
52.785000,0.20802118
52.794000,0.20787899
52.803000,0.20773635
52.812000,0.20759327
52.821000,0.20744975
52.830000,0.20730579
52.839000,0.20716138
52.848000,0.20701653
52.857000,0.20687124
52.866000,0.20672550
52.875000,0.20657933
52.884000,0.20643271
52.893000,0.20628566
52.902000,0.20613816
52.911000,0.20599022
52.920000,0.20584185
52.929000,0.20569303
52.938000,0.20554378
52.947000,0.20539409
52.956000,0.20524396
52.965000,0.20509340
52.974000,0.20494239
52.983000,0.20479095
52.992000,0.20463908
53.001000,0.20448677
53.010000,0.20433402
53.019000,0.20418084
53.028000,0.20402723
53.037000,0.20387318
53.046000,0.20371870
53.055000,0.20356379
53.064000,0.20340844
53.073000,0.20325266
53.082000,0.20309645
53.091000,0.20293981
53.100000,0.20278274
53.109000,0.20262523
53.118000,0.20246730
53.127000,0.20230894
53.136000,0.20215014
53.145000,0.20199092
53.154000,0.20183128
53.163000,0.20167120
53.172000,0.20151070
53.181000,0.20134977
53.190000,0.20118841
53.199000,0.20102663
53.208000,0.20086442
53.217000,0.20070178
53.226000,0.20053873
53.235000,0.20037524
53.244000,0.20021134
53.253000,0.20004701
53.262000,0.19988226
53.271000,0.19971708
53.280000,0.19955148
53.289000,0.19938547
53.298000,0.19921903
53.307000,0.19905217
53.316000,0.19888489
53.325000,0.19871719
53.334000,0.19854907
53.343000,0.19838053
53.352000,0.19821157
53.361000,0.19804220
53.370000,0.19787240
53.379000,0.19770220
53.388000,0.19753157
53.397000,0.19736053
53.406000,0.19718907
53.415000,0.19701720
53.424000,0.19684491
53.433000,0.19667221
53.442000,0.19649910
53.451000,0.19632557
53.460000,0.19615163
53.469000,0.19597728
53.478000,0.19580251
53.487000,0.19562734
53.496000,0.19545175
53.505000,0.19527575
53.514000,0.19509934
53.523000,0.19492253
53.532000,0.19474530
53.541000,0.19456767
53.550000,0.19438962
53.559000,0.19421117
53.568000,0.19403232
53.577000,0.19385305
53.586000,0.19367338
53.595000,0.19349331
53.604000,0.19331283
53.613000,0.19313194
53.622000,0.19295065
53.631000,0.19276896
53.640000,0.19258686
53.649000,0.19240436
53.658000,0.19222146
53.667000,0.19203816
53.676000,0.19185445
53.685000,0.19167035
53.694000,0.19148584
53.703000,0.19130094
53.712000,0.19111563
53.721000,0.19092993
53.730000,0.19074383
53.739000,0.19055733
53.748000,0.19037043
53.757000,0.19018314
53.766000,0.18999545
53.775000,0.18980736
53.784000,0.18961888
53.793000,0.18943000
53.802000,0.18924073
53.811000,0.18905107
53.820000,0.18886101
53.829000,0.18867056
53.838000,0.18847972
53.847000,0.18828849
53.856000,0.18809686
53.865000,0.18790485
53.874000,0.18771244
53.883000,0.18751965
53.892000,0.18732646
53.901000,0.18713289
53.910000,0.18693893
53.919000,0.18674458
53.928000,0.18654984
53.937000,0.18635472
53.946000,0.18615921
53.955000,0.18596331
53.964000,0.18576703
53.973000,0.18557037
53.982000,0.18537332
53.991000,0.18517589
54.000000,0.18497808
54.009000,0.18477988
54.018000,0.18458130
54.027000,0.18438234
54.036000,0.18418300
54.045000,0.18398328
54.054000,0.18378318
54.063000,0.18358269
54.072000,0.18338184
54.081000,0.18318060
54.090000,0.18297898
54.099000,0.18277699
54.108000,0.18257462
54.117000,0.18237188
54.126000,0.18216876
54.135000,0.18196526
54.144000,0.18176139
54.153000,0.18155715
54.162000,0.18135253
54.171000,0.18114754
54.180000,0.18094218
54.189000,0.18073644
54.198000,0.18053034
54.207000,0.18032386
54.216000,0.18011702
54.225000,0.17990980
54.234000,0.17970221
54.243000,0.17949426
54.252000,0.17928594
54.261000,0.17907725
54.270000,0.17886820
54.279000,0.17865878
54.288000,0.17844899
54.297000,0.17823884
54.306000,0.17802832
54.315000,0.17781744
54.324000,0.17760619
54.333000,0.17739458
54.342000,0.17718261
54.351000,0.17697028
54.360000,0.17675759
54.369000,0.17654454
54.378000,0.17633112
54.387000,0.17611735
54.396000,0.17590322
54.405000,0.17568873
54.414000,0.17547388
54.423000,0.17525867
54.432000,0.17504311
54.441000,0.17482719
54.450000,0.17461091
54.459000,0.17439428
54.468000,0.17417730
54.477000,0.17395996
54.486000,0.17374227
54.495000,0.17352422
54.504000,0.17330583
54.513000,0.17308708
54.522000,0.17286798
54.531000,0.17264853
54.540000,0.17242873
54.549000,0.17220858
54.558000,0.17198808
54.567000,0.17176724
54.576000,0.17154604
54.585000,0.17132450
54.594000,0.17110261
54.603000,0.17088038
54.612000,0.17065780
54.621000,0.17043488
54.630000,0.17021161
54.639000,0.16998800
54.648000,0.16976405
54.657000,0.16953975
54.666000,0.16931511
54.675000,0.16909014
54.684000,0.16886482
54.693000,0.16863916
54.702000,0.16841316
54.711000,0.16818682
54.720000,0.16796014
54.729000,0.16773313
54.738000,0.16750578
54.747000,0.16727809
54.756000,0.16705007
54.765000,0.16682171
54.774000,0.16659302
54.783000,0.16636399
54.792000,0.16613463
54.801000,0.16590494
54.810000,0.16567491
54.819000,0.16544456
54.828000,0.16521387
54.837000,0.16498285
54.846000,0.16475150
54.855000,0.16451982
54.864000,0.16428782
54.873000,0.16405548
54.882000,0.16382282
54.891000,0.16358983
54.900000,0.16335652
54.909000,0.16312288
54.918000,0.16288891
54.927000,0.16265462
54.936000,0.16242001
54.945000,0.16218507
54.954000,0.16194981
54.963000,0.16171423
54.972000,0.16147833
54.981000,0.16124211
54.990000,0.16100556
54.999000,0.16076870
55.008000,0.16053152
55.017000,0.16029402
55.026000,0.16005620
55.035000,0.15981807
55.044000,0.15957962
55.053000,0.15934085
55.062000,0.15910177
55.071000,0.15886237
55.080000,0.15862266
55.089000,0.15838264
55.098000,0.15814231
55.107000,0.15790166
55.116000,0.15766070
55.125000,0.15741943
55.134000,0.15717785
55.143000,0.15693596
55.152000,0.15669376
55.161000,0.15645126
55.170000,0.15620844
55.179000,0.15596532
55.188000,0.15572189
55.197000,0.15547816
55.206000,0.15523412
55.215000,0.15498978
55.224000,0.15474514
55.233000,0.15450019
55.242000,0.15425493
55.251000,0.15400938
55.260000,0.15376353
55.269000,0.15351737
55.278000,0.15327092
55.287000,0.15302416
55.296000,0.15277711
55.305000,0.15252976
55.314000,0.15228211
55.323000,0.15203416
55.332000,0.15178592
55.341000,0.15153738
55.350000,0.15128855
55.359000,0.15103943
55.368000,0.15079001
55.377000,0.15054029
55.386000,0.15029029
55.395000,0.15003999
55.404000,0.14978941
55.413000,0.14953853
55.422000,0.14928736
55.431000,0.14903591
55.440000,0.14878416
55.449000,0.14853213
55.458000,0.14827981
55.467000,0.14802721
55.476000,0.14777432
55.485000,0.14752114
55.494000,0.14726768
55.503000,0.14701394
55.512000,0.14675992
55.521000,0.14650561
55.530000,0.14625102
55.539000,0.14599614
55.548000,0.14574099
55.557000,0.14548556
55.566000,0.14522985
55.575000,0.14497386
55.584000,0.14471759
55.593000,0.14446105
55.602000,0.14420423
55.611000,0.14394714
55.620000,0.14368976
55.629000,0.14343212
55.638000,0.14317420
55.647000,0.14291601
55.656000,0.14265754
55.665000,0.14239881
55.674000,0.14213980
55.683000,0.14188052
55.692000,0.14162098
55.701000,0.14136116
55.710000,0.14110108
55.719000,0.14084072
55.728000,0.14058010
55.737000,0.14031922
55.746000,0.14005807
55.755000,0.13979665
55.764000,0.13953497
55.773000,0.13927303
55.782000,0.13901082
55.791000,0.13874835
55.800000,0.13848562
55.809000,0.13822263
55.818000,0.13795938
55.827000,0.13769587
55.836000,0.13743210
55.845000,0.13716807
55.854000,0.13690379
55.863000,0.13663925
55.872000,0.13637445
55.881000,0.13610939
55.890000,0.13584409
55.899000,0.13557852
55.908000,0.13531271
55.917000,0.13504664
55.926000,0.13478032
55.935000,0.13451375
55.944000,0.13424693
55.953000,0.13397986
55.962000,0.13371254
55.971000,0.13344497
55.980000,0.13317715
55.989000,0.13290909
55.998000,0.13264078
56.007000,0.13237222
56.016000,0.13210342
56.025000,0.13183437
56.034000,0.13156508
56.043000,0.13129555
56.052000,0.13102578
56.061000,0.13075576
56.070000,0.13048551
56.079000,0.13021501
56.088000,0.12994428
56.097000,0.12967330
56.106000,0.12940209
56.115000,0.12913064
56.124000,0.12885895
56.133000,0.12858703
56.142000,0.12831488
56.151000,0.12804248
56.160000,0.12776986
56.169000,0.12749700
56.178000,0.12722391
56.187000,0.12695059
56.196000,0.12667704
56.205000,0.12640325
56.214000,0.12612924
56.223000,0.12585500
56.232000,0.12558053
56.241000,0.12530583
56.250000,0.12503091
56.259000,0.12475576
56.268000,0.12448039
56.277000,0.12420479
56.286000,0.12392896
56.295000,0.12365292
56.304000,0.12337665
56.313000,0.12310016
56.322000,0.12282345
56.331000,0.12254652
56.340000,0.12226937
56.349000,0.12199200
56.358000,0.12171441
56.367000,0.12143661
56.376000,0.12115859
56.385000,0.12088035
56.394000,0.12060190
56.403000,0.12032323
56.412000,0.12004435
56.421000,0.11976526
56.430000,0.11948596
56.439000,0.11920644
56.448000,0.11892671
56.457000,0.11864678
56.466000,0.11836663
56.475000,0.11808627
56.484000,0.11780571
56.493000,0.11752494
56.502000,0.11724396
56.511000,0.11696278
56.520000,0.11668139
56.529000,0.11639980
56.538000,0.11611801
56.547000,0.11583601
56.556000,0.11555381
56.565000,0.11527141
56.574000,0.11498881
56.583000,0.11470601
56.592000,0.11442301
56.601000,0.11413981
56.610000,0.11385641
56.619000,0.11357282
56.628000,0.11328903
56.637000,0.11300504
56.646000,0.11272086
56.655000,0.11243649
56.664000,0.11215192
56.673000,0.11186716
56.682000,0.11158221
56.691000,0.11129707
56.700000,0.11101174
56.709000,0.11072622
56.718000,0.11044051
56.727000,0.11015461
56.736000,0.10986852
56.745000,0.10958225
56.754000,0.10929580
56.763000,0.10900915
56.772000,0.10872233
56.781000,0.10843532
56.790000,0.10814812
56.799000,0.10786075
56.808000,0.10757319
56.817000,0.10728545
56.826000,0.10699754
56.835000,0.10670944
56.844000,0.10642117
56.853000,0.10613271
56.862000,0.10584408
56.871000,0.10555528
56.880000,0.10526630
56.889000,0.10497715
56.898000,0.10468782
56.907000,0.10439832
56.916000,0.10410864
56.925000,0.10381880
56.934000,0.10352878
56.943000,0.10323860
56.952000,0.10294824
56.961000,0.10265772
56.970000,0.10236702
56.979000,0.10207617
56.988000,0.10178514
56.997000,0.10149395
57.006000,0.10120260
57.015000,0.10091108
57.024000,0.10061940
57.033000,0.10032755
57.042000,0.10003554
57.051000,0.09974338
57.060000,0.09945105
57.069000,0.09915856
57.078000,0.09886592
57.087000,0.09857311
57.096000,0.09828015
57.105000,0.09798704
57.114000,0.09769376
57.123000,0.09740034
57.132000,0.09710676
57.141000,0.09681302
57.150000,0.09651913
57.159000,0.09622510
57.168000,0.09593091
57.177000,0.09563657
57.186000,0.09534208
57.195000,0.09504744
57.204000,0.09475265
57.213000,0.09445772
57.222000,0.09416264
57.231000,0.09386741
57.240000,0.09357204
57.249000,0.09327653
57.258000,0.09298087
57.267000,0.09268507
57.276000,0.09238913
57.285000,0.09209304
57.294000,0.09179682
57.303000,0.09150046
57.312000,0.09120395
57.321000,0.09090731
57.330000,0.09061054
57.339000,0.09031362
57.348000,0.09001658
57.357000,0.08971939
57.366000,0.08942207
57.375000,0.08912462
57.384000,0.08882704
57.393000,0.08852932
57.402000,0.08823148
57.411000,0.08793350
57.420000,0.08763540
57.429000,0.08733716
57.438000,0.08703880
57.447000,0.08674031
57.456000,0.08644169
57.465000,0.08614295
57.474000,0.08584409
57.483000,0.08554510
57.492000,0.08524598
57.501000,0.08494675
57.510000,0.08464739
57.519000,0.08434791
57.528000,0.08404832
57.537000,0.08374860
57.546000,0.08344876
57.555000,0.08314881
57.564000,0.08284874
57.573000,0.08254855
57.582000,0.08224825
57.591000,0.08194783
57.600000,0.08164730
57.609000,0.08134666
57.618000,0.08104590
57.627000,0.08074504
57.636000,0.08044406
57.645000,0.08014297
57.654000,0.07984177
57.663000,0.07954047
57.672000,0.07923906
57.681000,0.07893754
57.690000,0.07863591
57.699000,0.07833418
57.708000,0.07803235
57.717000,0.07773041
57.726000,0.07742837
57.735000,0.07712623
57.744000,0.07682398
57.753000,0.07652164
57.762000,0.07621919
57.771000,0.07591665
57.780000,0.07561401
57.789000,0.07531127
57.798000,0.07500843
57.807000,0.07470550
57.816000,0.07440248
57.825000,0.07409936
57.834000,0.07379615
57.843000,0.07349284
57.852000,0.07318944
57.861000,0.07288595
57.870000,0.07258238
57.879000,0.07227871
57.888000,0.07197495
57.897000,0.07167111
57.906000,0.07136718
57.915000,0.07106316
57.924000,0.07075906
57.933000,0.07045487
57.942000,0.07015060
57.951000,0.06984625
57.960000,0.06954181
57.969000,0.06923729
57.978000,0.06893270
57.987000,0.06862802
57.996000,0.06832326
58.005000,0.06801843
58.014000,0.06771352
58.023000,0.06740853
58.032000,0.06710346
58.041000,0.06679832
58.050000,0.06649311
58.059000,0.06618782
58.068000,0.06588246
58.077000,0.06557703
58.086000,0.06527153
58.095000,0.06496595
58.104000,0.06466031
58.113000,0.06435460
58.122000,0.06404882
58.131000,0.06374298
58.140000,0.06343706
58.149000,0.06313109
58.158000,0.06282504
58.167000,0.06251894
58.176000,0.06221277
58.185000,0.06190654
58.194000,0.06160025
58.203000,0.06129389
58.212000,0.06098748
58.221000,0.06068101
58.230000,0.06037448
58.239000,0.06006789
58.248000,0.05976125
58.257000,0.05945455
58.266000,0.05914779
58.275000,0.05884098
58.284000,0.05853412
58.293000,0.05822720
58.302000,0.05792024
58.311000,0.05761322
58.320000,0.05730615
58.329000,0.05699903
58.338000,0.05669187
58.347000,0.05638465
58.356000,0.05607739
58.365000,0.05577009
58.374000,0.05546274
58.383000,0.05515534
58.392000,0.05484790
58.401000,0.05454042
58.410000,0.05423289
58.419000,0.05392532
58.428000,0.05361772
58.437000,0.05331007
58.446000,0.05300238
58.455000,0.05269466
58.464000,0.05238690
58.473000,0.05207910
58.482000,0.05177127
58.491000,0.05146340
58.500000,0.05115550
58.509000,0.05084756
58.518000,0.05053960
58.527000,0.05023160
58.536000,0.04992357
58.545000,0.04961551
58.554000,0.04930742
58.563000,0.04899930
58.572000,0.04869116
58.581000,0.04838298
58.590000,0.04807479
58.599000,0.04776656
58.608000,0.04745832
58.617000,0.04715005
58.626000,0.04684175
58.635000,0.04653344
58.644000,0.04622510
58.653000,0.04591674
58.662000,0.04560837
58.671000,0.04529997
58.680000,0.04499156
58.689000,0.04468313
58.698000,0.04437468
58.707000,0.04406622
58.716000,0.04375775
58.725000,0.04344926
58.734000,0.04314075
58.743000,0.04283224
58.752000,0.04252371
58.761000,0.04221518
58.770000,0.04190663
58.779000,0.04159807
58.788000,0.04128951
58.797000,0.04098094
58.806000,0.04067236
58.815000,0.04036378
58.824000,0.04005519
58.833000,0.03974660
58.842000,0.03943800
58.851000,0.03912941
58.860000,0.03882081
58.869000,0.03851221
58.878000,0.03820361
58.887000,0.03789501
58.896000,0.03758641
58.905000,0.03727781
58.914000,0.03696922
58.923000,0.03666063
58.932000,0.03635205
58.941000,0.03604347
58.950000,0.03573490
58.959000,0.03542634
58.968000,0.03511778
58.977000,0.03480924
58.986000,0.03450070
58.995000,0.03419217
59.004000,0.03388366
59.013000,0.03357516
59.022000,0.03326667
59.031000,0.03295819
59.040000,0.03264973
59.049000,0.03234128
59.058000,0.03203285
59.067000,0.03172444
59.076000,0.03141605
59.085000,0.03110767
59.094000,0.03079932
59.103000,0.03049098
59.112000,0.03018266
59.121000,0.02987437
59.130000,0.02956610
59.139000,0.02925785
59.148000,0.02894963
59.157000,0.02864143
59.166000,0.02833326
59.175000,0.02802512
59.184000,0.02771700
59.193000,0.02740891
59.202000,0.02710085
59.211000,0.02679283
59.220000,0.02648483
59.229000,0.02617686
59.238000,0.02586893
59.247000,0.02556103
59.256000,0.02525316
59.265000,0.02494533
59.274000,0.02463753
59.283000,0.02432977
59.292000,0.02402205
59.301000,0.02371437
59.310000,0.02340672
59.319000,0.02309912
59.328000,0.02279155
59.337000,0.02248403
59.346000,0.02217655
59.355000,0.02186911
59.364000,0.02156172
59.373000,0.02125437
59.382000,0.02094707
59.391000,0.02063981
59.400000,0.02033260
59.409000,0.02002544
59.418000,0.01971832
59.427000,0.01941126
59.436000,0.01910425
59.445000,0.01879728
59.454000,0.01849037
59.463000,0.01818352
59.472000,0.01787671
59.481000,0.01756996
59.490000,0.01726327
59.499000,0.01695663
59.508000,0.01665005
59.517000,0.01634353
59.526000,0.01603706
59.535000,0.01573065
59.544000,0.01542431
59.553000,0.01511802
59.562000,0.01481180
59.571000,0.01450564
59.580000,0.01419954
59.589000,0.01389351
59.598000,0.01358754
59.607000,0.01328164
59.616000,0.01297580
59.625000,0.01267003
59.634000,0.01236433
59.643000,0.01205870
59.652000,0.01175314
59.661000,0.01144765
59.670000,0.01114223
59.679000,0.01083688
59.688000,0.01053161
59.697000,0.01022640
59.706000,0.00992128
59.715000,0.00961623
59.724000,0.00931125
59.733000,0.00900636
59.742000,0.00870154
59.751000,0.00839680
59.760000,0.00809214
59.769000,0.00778755
59.778000,0.00748305
59.787000,0.00717864
59.796000,0.00687430
59.805000,0.00657005
59.814000,0.00626588
59.823000,0.00596180
59.832000,0.00565780
59.841000,0.00535389
59.850000,0.00505007
59.859000,0.00474634
59.868000,0.00444270
59.877000,0.00413914
59.886000,0.00383568
59.895000,0.00353230
59.904000,0.00322903
59.913000,0.00292584
59.922000,0.00262275
59.931000,0.00231975
59.940000,0.00201685
59.949000,0.00171404
59.958000,0.00141133
59.967000,0.00110872
59.976000,0.00080621
59.985000,0.00050380
59.994000,0.00020149
60.003000,0.00010073
60.012000,0.00040283
60.021000,0.00070484
60.030000,0.00100674
60.039000,0.00130854
60.048000,0.00161023
60.057000,0.00191182
60.066000,0.00221330
60.075000,0.00251467
60.084000,0.00281593
60.093000,0.00311709
60.102000,0.00341813
60.111000,0.00371907
60.120000,0.00401989
60.129000,0.00432060
60.138000,0.00462120
60.147000,0.00492168
60.156000,0.00522205
60.165000,0.00552230
60.174000,0.00582243
60.183000,0.00612245
60.192000,0.00642235
60.201000,0.00672213
60.210000,0.00702180
60.219000,0.00732134
60.228000,0.00762076
60.237000,0.00792006
60.246000,0.00821923
60.255000,0.00851828
60.264000,0.00881721
60.273000,0.00911601
60.282000,0.00941469
60.291000,0.00971324
60.300000,0.01001166
60.309000,0.01030996
60.318000,0.01060812
60.327000,0.01090616
60.336000,0.01120406
60.345000,0.01150184
60.354000,0.01179948
60.363000,0.01209698
60.372000,0.01239436
60.381000,0.01269160
60.390000,0.01298870
60.399000,0.01328567
60.408000,0.01358250
60.417000,0.01387919
60.426000,0.01417575
60.435000,0.01447216
60.444000,0.01476843
60.453000,0.01506457
60.462000,0.01536056
60.471000,0.01565641
60.480000,0.01595211
60.489000,0.01624768
60.498000,0.01654309
60.507000,0.01683836
60.516000,0.01713349
60.525000,0.01742847
60.534000,0.01772330
60.543000,0.01801798
60.552000,0.01831251
60.561000,0.01860689
60.570000,0.01890112
60.579000,0.01919519
60.588000,0.01948912
60.597000,0.01978289
60.606000,0.02007651
60.615000,0.02036997
60.624000,0.02066327
60.633000,0.02095642
60.642000,0.02124941
60.651000,0.02154225
60.660000,0.02183492
60.669000,0.02212744
60.678000,0.02241979
60.687000,0.02271198
60.696000,0.02300402
60.705000,0.02329588
60.714000,0.02358759
60.723000,0.02387913
60.732000,0.02417050
60.741000,0.02446171
60.750000,0.02475275
60.759000,0.02504363
60.768000,0.02533433
60.777000,0.02562487
60.786000,0.02591523
60.795000,0.02620543
60.804000,0.02649546
60.813000,0.02678531
60.822000,0.02707499
60.831000,0.02736449
60.840000,0.02765382
60.849000,0.02794298
60.858000,0.02823196
60.867000,0.02852076
60.876000,0.02880939
60.885000,0.02909784
60.894000,0.02938610
60.903000,0.02967419
60.912000,0.02996210
60.921000,0.03024983
60.930000,0.03053737
60.939000,0.03082473
60.948000,0.03111191
60.957000,0.03139890
60.966000,0.03168571
60.975000,0.03197233
60.984000,0.03225876
60.993000,0.03254501
61.002000,0.03283107
61.011000,0.03311694
61.020000,0.03340262
61.029000,0.03368811
61.038000,0.03397341
61.047000,0.03425851
61.056000,0.03454342
61.065000,0.03482814
61.074000,0.03511267
61.083000,0.03539700
61.092000,0.03568113
61.101000,0.03596507
61.110000,0.03624881
61.119000,0.03653235
61.128000,0.03681569
61.137000,0.03709883
61.146000,0.03738177
61.155000,0.03766451
61.164000,0.03794705
61.173000,0.03822939
61.182000,0.03851152
61.191000,0.03879345
61.200000,0.03907517
61.209000,0.03935669
61.218000,0.03963800
61.227000,0.03991910
61.236000,0.04020000
61.245000,0.04048068
61.254000,0.04076116
61.263000,0.04104143
61.272000,0.04132148
61.281000,0.04160133
61.290000,0.04188096
61.299000,0.04216038
61.308000,0.04243958
61.317000,0.04271857
61.326000,0.04299735
61.335000,0.04327590
61.344000,0.04355425
61.353000,0.04383237
61.362000,0.04411027
61.371000,0.04438796
61.380000,0.04466542
61.389000,0.04494267
61.398000,0.04521969
61.407000,0.04549649
61.416000,0.04577307
61.425000,0.04604943
61.434000,0.04632556
61.443000,0.04660146
61.452000,0.04687714
61.461000,0.04715259
61.470000,0.04742782
61.479000,0.04770282
61.488000,0.04797758
61.497000,0.04825212
61.506000,0.04852643
61.515000,0.04880051
61.524000,0.04907435
61.533000,0.04934797
61.542000,0.04962135
61.551000,0.04989449
61.560000,0.05016740
61.569000,0.05044008
61.578000,0.05071252
61.587000,0.05098472
61.596000,0.05125669
61.605000,0.05152841
61.614000,0.05179990
61.623000,0.05207115
61.632000,0.05234216
61.641000,0.05261292
61.650000,0.05288345
61.659000,0.05315373
61.668000,0.05342377
61.677000,0.05369356
61.686000,0.05396311
61.695000,0.05423241
61.704000,0.05450147
61.713000,0.05477028
61.722000,0.05503884
61.731000,0.05530716
61.740000,0.05557522
61.749000,0.05584304
61.758000,0.05611060
61.767000,0.05637792
61.776000,0.05664498
61.785000,0.05691179
61.794000,0.05717834
61.803000,0.05744464
61.812000,0.05771069
61.821000,0.05797648
61.830000,0.05824201
61.839000,0.05850729
61.848000,0.05877231
61.857000,0.05903707
61.866000,0.05930157
61.875000,0.05956581
61.884000,0.05982979
61.893000,0.06009351
61.902000,0.06035697
61.911000,0.06062017
61.920000,0.06088310
61.929000,0.06114576
61.938000,0.06140817
61.947000,0.06167030
61.956000,0.06193218
61.965000,0.06219378
61.974000,0.06245512
61.983000,0.06271618
61.992000,0.06297698
62.001000,0.06323751
62.010000,0.06349777
62.019000,0.06375776
62.028000,0.06401748
62.037000,0.06427692
62.046000,0.06453609
62.055000,0.06479499
62.064000,0.06505361
62.073000,0.06531196
62.082000,0.06557003
62.091000,0.06582782
62.100000,0.06608534
62.109000,0.06634258
62.118000,0.06659954
62.127000,0.06685622
62.136000,0.06711262
62.145000,0.06736874
62.154000,0.06762458
62.163000,0.06788013
62.172000,0.06813541
62.181000,0.06839040
62.190000,0.06864510
62.199000,0.06889952
62.208000,0.06915366
62.217000,0.06940751
62.226000,0.06966107
62.235000,0.06991434
62.244000,0.07016733
62.253000,0.07042003
62.262000,0.07067243
62.271000,0.07092455
62.280000,0.07117638
62.289000,0.07142791
62.298000,0.07167915
62.307000,0.07193010
62.316000,0.07218076
62.325000,0.07243112
62.334000,0.07268118
62.343000,0.07293095
62.352000,0.07318043
62.361000,0.07342960
62.370000,0.07367848
62.379000,0.07392706
62.388000,0.07417535
62.397000,0.07442333
62.406000,0.07467101
62.415000,0.07491839
62.424000,0.07516547
62.433000,0.07541224
62.442000,0.07565872
62.451000,0.07590489
62.460000,0.07615075
62.469000,0.07639631
62.478000,0.07664157
62.487000,0.07688652
62.496000,0.07713116
62.505000,0.07737549
62.514000,0.07761952
62.523000,0.07786323
62.532000,0.07810664
62.541000,0.07834974
62.550000,0.07859252
62.559000,0.07883500
62.568000,0.07907716
62.577000,0.07931901
62.586000,0.07956054
62.595000,0.07980176
62.604000,0.08004267
62.613000,0.08028326
62.622000,0.08052354
62.631000,0.08076350
62.640000,0.08100314
62.649000,0.08124246
62.658000,0.08148146
62.667000,0.08172015
62.676000,0.08195851
62.685000,0.08219656
62.694000,0.08243428
62.703000,0.08267168
62.712000,0.08290876
62.721000,0.08314552
62.730000,0.08338195
62.739000,0.08361806
62.748000,0.08385384
62.757000,0.08408930
62.766000,0.08432443
62.775000,0.08455923
62.784000,0.08479371
62.793000,0.08502786
62.802000,0.08526168
62.811000,0.08549517
62.820000,0.08572833
62.829000,0.08596116
62.838000,0.08619366
62.847000,0.08642582
62.856000,0.08665766
62.865000,0.08688916
62.874000,0.08712032
62.883000,0.08735115
62.892000,0.08758165
62.901000,0.08781181
62.910000,0.08804164
62.919000,0.08827113
62.928000,0.08850028
62.937000,0.08872909
62.946000,0.08895757
62.955000,0.08918570
62.964000,0.08941350
62.973000,0.08964095
62.982000,0.08986806
62.991000,0.09009483
63.000000,0.09032126
63.009000,0.09054735
63.018000,0.09077309
63.027000,0.09099849
63.036000,0.09122354
63.045000,0.09144825
63.054000,0.09167262
63.063000,0.09189663
63.072000,0.09212030
63.081000,0.09234362
63.090000,0.09256659
63.099000,0.09278922
63.108000,0.09301149
63.117000,0.09323341
63.126000,0.09345499
63.135000,0.09367621
63.144000,0.09389708
63.153000,0.09411760
63.162000,0.09433776
63.171000,0.09455757
63.180000,0.09477703
63.189000,0.09499613
63.198000,0.09521487
63.207000,0.09543326
63.216000,0.09565129
63.225000,0.09586897
63.234000,0.09608629
63.243000,0.09630325
63.252000,0.09651985
63.261000,0.09673609
63.270000,0.09695197
63.279000,0.09716749
63.288000,0.09738265
63.297000,0.09759744
63.306000,0.09781188
63.315000,0.09802595
63.324000,0.09823966
63.333000,0.09845300
63.342000,0.09866598
63.351000,0.09887860
63.360000,0.09909084
63.369000,0.09930272
63.378000,0.09951424
63.387000,0.09972539
63.396000,0.09993616
63.405000,0.10014658
63.414000,0.10035662
63.423000,0.10056629
63.432000,0.10077559
63.441000,0.10098452
63.450000,0.10119308
63.459000,0.10140126
63.468000,0.10160908
63.477000,0.10181652
63.486000,0.10202358
63.495000,0.10223028
63.504000,0.10243659
63.513000,0.10264254
63.522000,0.10284810
63.531000,0.10305329
63.540000,0.10325811
63.549000,0.10346254
63.558000,0.10366660
63.567000,0.10387028
63.576000,0.10407358
63.585000,0.10427650
63.594000,0.10447904
63.603000,0.10468120
63.612000,0.10488297
63.621000,0.10508437
63.630000,0.10528538
63.639000,0.10548601
63.648000,0.10568626
63.657000,0.10588612
63.666000,0.10608560
63.675000,0.10628469
63.684000,0.10648340
63.693000,0.10668172
63.702000,0.10687966
63.711000,0.10707720
63.720000,0.10727436
63.729000,0.10747114
63.738000,0.10766752
63.747000,0.10786351
63.756000,0.10805912
63.765000,0.10825433
63.774000,0.10844915
63.783000,0.10864358
63.792000,0.10883762
63.801000,0.10903127
63.810000,0.10922452
63.819000,0.10941738
63.828000,0.10960985
63.837000,0.10980192
63.846000,0.10999360
63.855000,0.11018488
63.864000,0.11037577
63.873000,0.11056625
63.882000,0.11075635
63.891000,0.11094604
63.900000,0.11113534
63.909000,0.11132424
63.918000,0.11151273
63.927000,0.11170083
63.936000,0.11188853
63.945000,0.11207583
63.954000,0.11226273
63.963000,0.11244923
63.972000,0.11263532
63.981000,0.11282101
63.990000,0.11300630
63.999000,0.11319119
64.008000,0.11337567
64.017000,0.11355974
64.026000,0.11374342
64.035000,0.11392668
64.044000,0.11410954
64.053000,0.11429200
64.062000,0.11447405
64.071000,0.11465569
64.080000,0.11483692
64.089000,0.11501774
64.098000,0.11519816
64.107000,0.11537816
64.116000,0.11555776
64.125000,0.11573694
64.134000,0.11591572
64.143000,0.11609408
64.152000,0.11627203
64.161000,0.11644957
64.170000,0.11662670
64.179000,0.11680342
64.188000,0.11697972
64.197000,0.11715560
64.206000,0.11733108
64.215000,0.11750613
64.224000,0.11768078
64.233000,0.11785500
64.242000,0.11802881
64.251000,0.11820220
64.260000,0.11837518
64.269000,0.11854774
64.278000,0.11871988
64.287000,0.11889160
64.296000,0.11906290
64.305000,0.11923378
64.314000,0.11940425
64.323000,0.11957429
64.332000,0.11974391
64.341000,0.11991311
64.350000,0.12008189
64.359000,0.12025025
64.368000,0.12041818
64.377000,0.12058569
64.386000,0.12075278
64.395000,0.12091944
64.404000,0.12108568
64.413000,0.12125149
64.422000,0.12141688
64.431000,0.12158185
64.440000,0.12174638
64.449000,0.12191049
64.458000,0.12207418
64.467000,0.12223743
64.476000,0.12240026
64.485000,0.12256266
64.494000,0.12272463
64.503000,0.12288617
64.512000,0.12304728
64.521000,0.12320797
64.530000,0.12336822
64.539000,0.12352804
64.548000,0.12368743
64.557000,0.12384639
64.566000,0.12400491
64.575000,0.12416301
64.584000,0.12432067
64.593000,0.12447789
64.602000,0.12463469
64.611000,0.12479105
64.620000,0.12494697
64.629000,0.12510246
64.638000,0.12525752
64.647000,0.12541214
64.656000,0.12556632
64.665000,0.12572006
64.674000,0.12587337
64.683000,0.12602625
64.692000,0.12617868
64.701000,0.12633068
64.710000,0.12648223
64.719000,0.12663335
64.728000,0.12678403
64.737000,0.12693427
64.746000,0.12708407
64.755000,0.12723343
64.764000,0.12738234
64.773000,0.12753082
64.782000,0.12767885
64.791000,0.12782645
64.800000,0.12797360
64.809000,0.12812030
64.818000,0.12826657
64.827000,0.12841239
64.836000,0.12855776
64.845000,0.12870270
64.854000,0.12884718
64.863000,0.12899123
64.872000,0.12913482
64.881000,0.12927797
64.890000,0.12942068
64.899000,0.12956294
64.908000,0.12970475
64.917000,0.12984611
64.926000,0.12998703
64.935000,0.13012749
64.944000,0.13026751
64.953000,0.13040708
64.962000,0.13054621
64.971000,0.13068488
64.980000,0.13082310
64.989000,0.13096087
64.998000,0.13109819
65.007000,0.13123506
65.016000,0.13137148
65.025000,0.13150745
65.034000,0.13164297
65.043000,0.13177803
65.052000,0.13191264
65.061000,0.13204680
65.070000,0.13218050
65.079000,0.13231375
65.088000,0.13244655
65.097000,0.13257889
65.106000,0.13271078
65.115000,0.13284221
65.124000,0.13297319
65.133000,0.13310371
65.142000,0.13323377
65.151000,0.13336338
65.160000,0.13349253
65.169000,0.13362123
65.178000,0.13374946
65.187000,0.13387724
65.196000,0.13400456
65.205000,0.13413143
65.214000,0.13425783
65.223000,0.13438378
65.232000,0.13450926
65.241000,0.13463429
65.250000,0.13475886
65.259000,0.13488296
65.268000,0.13500661
65.277000,0.13512979
65.286000,0.13525251
65.295000,0.13537478
65.304000,0.13549658
65.313000,0.13561791
65.322000,0.13573879
65.331000,0.13585920
65.340000,0.13597915
65.349000,0.13609864
65.358000,0.13621766
65.367000,0.13633622
65.376000,0.13645431
65.385000,0.13657194
65.394000,0.13668910
65.403000,0.13680580
65.412000,0.13692204
65.421000,0.13703781
65.430000,0.13715311
65.439000,0.13726794
65.448000,0.13738231
65.457000,0.13749621
65.466000,0.13760965
65.475000,0.13772262
65.484000,0.13783512
65.493000,0.13794715
65.502000,0.13805871
65.511000,0.13816980
65.520000,0.13828043
65.529000,0.13839059
65.538000,0.13850027
65.547000,0.13860949
65.556000,0.13871824
65.565000,0.13882652
65.574000,0.13893432
65.583000,0.13904166
65.592000,0.13914852
65.601000,0.13925492
65.610000,0.13936084
65.619000,0.13946629
65.628000,0.13957127
65.637000,0.13967577
65.646000,0.13977980
65.655000,0.13988336
65.664000,0.13998645
65.673000,0.14008906
65.682000,0.14019120
65.691000,0.14029287
65.700000,0.14039406
65.709000,0.14049478
65.718000,0.14059502
65.727000,0.14069479
65.736000,0.14079408
65.745000,0.14089290
65.754000,0.14099124
65.763000,0.14108911
65.772000,0.14118650
65.781000,0.14128341
65.790000,0.14137985
65.799000,0.14147581
65.808000,0.14157129
65.817000,0.14166630
65.826000,0.14176082
65.835000,0.14185487
65.844000,0.14194845
65.853000,0.14204154
65.862000,0.14213416
65.871000,0.14222630
65.880000,0.14231795
65.889000,0.14240913
65.898000,0.14249983
65.907000,0.14259005
65.916000,0.14267980
65.925000,0.14276906
65.934000,0.14285784
65.943000,0.14294614
65.952000,0.14303396
65.961000,0.14312130
65.970000,0.14320816
65.979000,0.14329453
65.988000,0.14338043
65.997000,0.14346585
66.006000,0.14355078
66.015000,0.14363523
66.024000,0.14371920
66.033000,0.14380268
66.042000,0.14388569
66.051000,0.14396821
66.060000,0.14405025
66.069000,0.14413180
66.078000,0.14421287
66.087000,0.14429346
66.096000,0.14437356
66.105000,0.14445318
66.114000,0.14453232
66.123000,0.14461097
66.132000,0.14468914
66.141000,0.14476682
66.150000,0.14484402
66.159000,0.14492073
66.168000,0.14499696
66.177000,0.14507270
66.186000,0.14514796
66.195000,0.14522273
66.204000,0.14529702
66.213000,0.14537082
66.222000,0.14544413
66.231000,0.14551696
66.240000,0.14558930
66.249000,0.14566115
66.258000,0.14573252
66.267000,0.14580340
66.276000,0.14587379
66.285000,0.14594370
66.294000,0.14601312
66.303000,0.14608205
66.312000,0.14615049
66.321000,0.14621844
66.330000,0.14628591
66.339000,0.14635289
66.348000,0.14641938
66.357000,0.14648538
66.366000,0.14655090
66.375000,0.14661592
66.384000,0.14668046
66.393000,0.14674450
66.402000,0.14680806
66.411000,0.14687113
66.420000,0.14693371
66.429000,0.14699580
66.438000,0.14705740
66.447000,0.14711851
66.456000,0.14717912
66.465000,0.14723925
66.474000,0.14729889
66.483000,0.14735804
66.492000,0.14741670
66.501000,0.14747487
66.510000,0.14753254
66.519000,0.14758973
66.528000,0.14764643
66.537000,0.14770263
66.546000,0.14775834
66.555000,0.14781357
66.564000,0.14786830
66.573000,0.14792253
66.582000,0.14797628
66.591000,0.14802954
66.600000,0.14808230
66.609000,0.14813457
66.618000,0.14818635
66.627000,0.14823764
66.636000,0.14828843
66.645000,0.14833874
66.654000,0.14838855
66.663000,0.14843787
66.672000,0.14848669
66.681000,0.14853502
66.690000,0.14858286
66.699000,0.14863021
66.708000,0.14867706
66.717000,0.14872343
66.726000,0.14876929
66.735000,0.14881467
66.744000,0.14885955
66.753000,0.14890394
66.762000,0.14894783
66.771000,0.14899123
66.780000,0.14903414
66.789000,0.14907655
66.798000,0.14911847
66.807000,0.14915990
66.816000,0.14920083
66.825000,0.14924127
66.834000,0.14928121
66.843000,0.14932066
66.852000,0.14935962
66.861000,0.14939808
66.870000,0.14943605
66.879000,0.14947352
66.888000,0.14951050
66.897000,0.14954699
66.906000,0.14958298
66.915000,0.14961847
66.924000,0.14965347
66.933000,0.14968798
66.942000,0.14972199
66.951000,0.14975551
66.960000,0.14978853
66.969000,0.14982105
66.978000,0.14985309
66.987000,0.14988462
66.996000,0.14991567
67.005000,0.14994621
67.014000,0.14997627
67.023000,0.15000582
67.032000,0.15003488
67.041000,0.15006345
67.050000,0.15009152
67.059000,0.15011910
67.068000,0.15014618
67.077000,0.15017277
67.086000,0.15019886
67.095000,0.15022445
67.104000,0.15024955
67.113000,0.15027416
67.122000,0.15029827
67.131000,0.15032188
67.140000,0.15034500
67.149000,0.15036763
67.158000,0.15038975
67.167000,0.15041139
67.176000,0.15043253
67.185000,0.15045317
67.194000,0.15047331
67.203000,0.15049296
67.212000,0.15051212
67.221000,0.15053078
67.230000,0.15054895
67.239000,0.15056662
67.248000,0.15058379
67.257000,0.15060047
67.266000,0.15061665
67.275000,0.15063234
67.284000,0.15064753
67.293000,0.15066223
67.302000,0.15067643
67.311000,0.15069014
67.320000,0.15070335
67.329000,0.15071606
67.338000,0.15072828
67.347000,0.15074001
67.356000,0.15075124
67.365000,0.15076197
67.374000,0.15077221
67.383000,0.15078196
67.392000,0.15079121
67.401000,0.15079996
67.410000,0.15080822
67.419000,0.15081598
67.428000,0.15082325
67.437000,0.15083003
67.446000,0.15083630
67.455000,0.15084209
67.464000,0.15084738
67.473000,0.15085217
67.482000,0.15085647
67.491000,0.15086027
67.500000,0.15086358
67.509000,0.15086640
67.518000,0.15086872
67.527000,0.15087055
67.536000,0.15087188
67.545000,0.15087272
67.554000,0.15087306
67.563000,0.15087291
67.572000,0.15087226
67.581000,0.15087112
67.590000,0.15086949
67.599000,0.15086736
67.608000,0.15086474
67.617000,0.15086162
67.626000,0.15085801
67.635000,0.15085391
67.644000,0.15084931
67.653000,0.15084422
67.662000,0.15083863
67.671000,0.15083255
67.680000,0.15082598
67.689000,0.15081892
67.698000,0.15081136
67.707000,0.15080330
67.716000,0.15079476
67.725000,0.15078572
67.734000,0.15077619
67.743000,0.15076617
67.752000,0.15075565
67.761000,0.15074464
67.770000,0.15073314
67.779000,0.15072114
67.788000,0.15070866
67.797000,0.15069568
67.806000,0.15068221
67.815000,0.15066824
67.824000,0.15065379
67.833000,0.15063884
67.842000,0.15062340
67.851000,0.15060747
67.860000,0.15059105
67.869000,0.15057413
67.878000,0.15055673
67.887000,0.15053883
67.896000,0.15052044
67.905000,0.15050156
67.914000,0.15048219
67.923000,0.15046233
67.932000,0.15044198
67.941000,0.15042114
67.950000,0.15039980
67.959000,0.15037798
67.968000,0.15035567
67.977000,0.15033286
67.986000,0.15030957
67.995000,0.15028579
68.004000,0.15026152
68.013000,0.15023675
68.022000,0.15021150
68.031000,0.15018576
68.040000,0.15015953
68.049000,0.15013281
68.058000,0.15010560
68.067000,0.15007791
68.076000,0.15004972
68.085000,0.15002105
68.094000,0.14999189
68.103000,0.14996224
68.112000,0.14993210
68.121000,0.14990147
68.130000,0.14987036
68.139000,0.14983876
68.148000,0.14980667
68.157000,0.14977410
68.166000,0.14974103
68.175000,0.14970748
68.184000,0.14967345
68.193000,0.14963892
68.202000,0.14960391
68.211000,0.14956842
68.220000,0.14953244
68.229000,0.14949597
68.238000,0.14945902
68.247000,0.14942158
68.256000,0.14938365
68.265000,0.14934525
68.274000,0.14930635
68.283000,0.14926697
68.292000,0.14922711
68.301000,0.14918676
68.310000,0.14914593
68.319000,0.14910461
68.328000,0.14906281
68.337000,0.14902052
68.346000,0.14897776
68.355000,0.14893451
68.364000,0.14889077
68.373000,0.14884655
68.382000,0.14880185
68.391000,0.14875667
68.400000,0.14871100
68.409000,0.14866486
68.418000,0.14861823
68.427000,0.14857112
68.436000,0.14852352
68.445000,0.14847545
68.454000,0.14842689
68.463000,0.14837786
68.472000,0.14832834
68.481000,0.14827834
68.490000,0.14822786
68.499000,0.14817691
68.508000,0.14812547
68.517000,0.14807355
68.526000,0.14802115
68.535000,0.14796828
68.544000,0.14791492
68.553000,0.14786109
68.562000,0.14780677
68.571000,0.14775198
68.580000,0.14769671
68.589000,0.14764097
68.598000,0.14758474
68.607000,0.14752804
68.616000,0.14747086
68.625000,0.14741321
68.634000,0.14735507
68.643000,0.14729646
68.652000,0.14723738
68.661000,0.14717782
68.670000,0.14711778
68.679000,0.14705727
68.688000,0.14699628
68.697000,0.14693481
68.706000,0.14687288
68.715000,0.14681046
68.724000,0.14674758
68.733000,0.14668422
68.742000,0.14662038
68.751000,0.14655607
68.760000,0.14649129
68.769000,0.14642604
68.778000,0.14636031
68.787000,0.14629411
68.796000,0.14622744
68.805000,0.14616030
68.814000,0.14609268
68.823000,0.14602460
68.832000,0.14595604
68.841000,0.14588701
68.850000,0.14581751
68.859000,0.14574754
68.868000,0.14567711
68.877000,0.14560620
68.886000,0.14553482
68.895000,0.14546297
68.904000,0.14539065
68.913000,0.14531787
68.922000,0.14524462
68.931000,0.14517090
68.940000,0.14509671
68.949000,0.14502205
68.958000,0.14494693
68.967000,0.14487134
68.976000,0.14479528
68.985000,0.14471876
68.994000,0.14464177
69.003000,0.14456431
69.012000,0.14448639
69.021000,0.14440801
69.030000,0.14432916
69.039000,0.14424984
69.048000,0.14417006
69.057000,0.14408982
69.066000,0.14400911
69.075000,0.14392794
69.084000,0.14384631
69.093000,0.14376422
69.102000,0.14368166
69.111000,0.14359864
69.120000,0.14351516
69.129000,0.14343122
69.138000,0.14334681
69.147000,0.14326195
69.156000,0.14317662
69.165000,0.14309084
69.174000,0.14300459
69.183000,0.14291789
69.192000,0.14283073
69.201000,0.14274311
69.210000,0.14265503
69.219000,0.14256649
69.228000,0.14247749
69.237000,0.14238804
69.246000,0.14229813
69.255000,0.14220776
69.264000,0.14211694
69.273000,0.14202566
69.282000,0.14193392
69.291000,0.14184173
69.300000,0.14174909
69.309000,0.14165599
69.318000,0.14156243
69.327000,0.14146842
69.336000,0.14137396
69.345000,0.14127905
69.354000,0.14118368
69.363000,0.14108786
69.372000,0.14099158
69.381000,0.14089486
69.390000,0.14079768
69.399000,0.14070006
69.408000,0.14060198
69.417000,0.14050345
69.426000,0.14040447
69.435000,0.14030504
69.444000,0.14020517
69.453000,0.14010484
69.462000,0.14000406
69.471000,0.13990284
69.480000,0.13980117
69.489000,0.13969905
69.498000,0.13959649
69.507000,0.13949348
69.516000,0.13939002
69.525000,0.13928611
69.534000,0.13918176
69.543000,0.13907697
69.552000,0.13897173
69.561000,0.13886605
69.570000,0.13875992
69.579000,0.13865335
69.588000,0.13854633
69.597000,0.13843888
69.606000,0.13833098
69.615000,0.13822264
69.624000,0.13811385
69.633000,0.13800463
69.642000,0.13789496
69.651000,0.13778486
69.660000,0.13767431
69.669000,0.13756333
69.678000,0.13745191
69.687000,0.13734004
69.696000,0.13722774
69.705000,0.13711500
69.714000,0.13700183
69.723000,0.13688821
69.732000,0.13677416
69.741000,0.13665968
69.750000,0.13654475
69.759000,0.13642940
69.768000,0.13631360
69.777000,0.13619738
69.786000,0.13608072
69.795000,0.13596362
69.804000,0.13584609
69.813000,0.13572813
69.822000,0.13560974
69.831000,0.13549091
69.840000,0.13537165
69.849000,0.13525196
69.858000,0.13513185
69.867000,0.13501130
69.876000,0.13489032
69.885000,0.13476891
69.894000,0.13464707
69.903000,0.13452480
69.912000,0.13440211
69.921000,0.13427899
69.930000,0.13415544
69.939000,0.13403146
69.948000,0.13390706
69.957000,0.13378223
69.966000,0.13365698
69.975000,0.13353130
69.984000,0.13340520
69.993000,0.13327867
70.002000,0.13315172
70.011000,0.13302435
70.020000,0.13289655
70.029000,0.13276833
70.038000,0.13263969
70.047000,0.13251063
70.056000,0.13238115
70.065000,0.13225124
70.074000,0.13212092
70.083000,0.13199018
70.092000,0.13185902
70.101000,0.13172744
70.110000,0.13159544
70.119000,0.13146303
70.128000,0.13133019
70.137000,0.13119695
70.146000,0.13106328
70.155000,0.13092920
70.164000,0.13079471
70.173000,0.13065980
70.182000,0.13052447
70.191000,0.13038873
70.200000,0.13025258
70.209000,0.13011602
70.218000,0.12997904
70.227000,0.12984166
70.236000,0.12970386
70.245000,0.12956565
70.254000,0.12942703
70.263000,0.12928800
70.272000,0.12914856
70.281000,0.12900871
70.290000,0.12886846
70.299000,0.12872779
70.308000,0.12858672
70.317000,0.12844525
70.326000,0.12830336
70.335000,0.12816107
70.344000,0.12801838
70.353000,0.12787528
70.362000,0.12773177
70.371000,0.12758787
70.380000,0.12744356
70.389000,0.12729884
70.398000,0.12715373
70.407000,0.12700821
70.416000,0.12686229
70.425000,0.12671598
70.434000,0.12656926
70.443000,0.12642214
70.452000,0.12627462
70.461000,0.12612671
70.470000,0.12597839
70.479000,0.12582968
70.488000,0.12568057
70.497000,0.12553107
70.506000,0.12538117
70.515000,0.12523087
70.524000,0.12508018
70.533000,0.12492910
70.542000,0.12477762
70.551000,0.12462575
70.560000,0.12447348
70.569000,0.12432083
70.578000,0.12416778
70.587000,0.12401434
70.596000,0.12386051
70.605000,0.12370629
70.614000,0.12355168
70.623000,0.12339669
70.632000,0.12324130
70.641000,0.12308553
70.650000,0.12292937
70.659000,0.12277282
70.668000,0.12261589
70.677000,0.12245857
70.686000,0.12230086
70.695000,0.12214278
70.704000,0.12198430
70.713000,0.12182545
70.722000,0.12166621
70.731000,0.12150659
70.740000,0.12134659
70.749000,0.12118621
70.758000,0.12102544
70.767000,0.12086430
70.776000,0.12070278
70.785000,0.12054088
70.794000,0.12037860
70.803000,0.12021594
70.812000,0.12005290
70.821000,0.11988949
70.830000,0.11972571
70.839000,0.11956155
70.848000,0.11939701
70.857000,0.11923210
70.866000,0.11906681
70.875000,0.11890116
70.884000,0.11873513
70.893000,0.11856873
70.902000,0.11840195
70.911000,0.11823481
70.920000,0.11806730
70.929000,0.11789941
70.938000,0.11773116
70.947000,0.11756254
70.956000,0.11739355
70.965000,0.11722420
70.974000,0.11705448
70.983000,0.11688439
70.992000,0.11671394
71.001000,0.11654312
71.010000,0.11637194
71.019000,0.11620040
71.028000,0.11602849
71.037000,0.11585622
71.046000,0.11568359
71.055000,0.11551059
71.064000,0.11533724
71.073000,0.11516353
71.082000,0.11498946
71.091000,0.11481503
71.100000,0.11464024
71.109000,0.11446509
71.118000,0.11428959
71.127000,0.11411373
71.136000,0.11393751
71.145000,0.11376094
71.154000,0.11358402
71.163000,0.11340674
71.172000,0.11322911
71.181000,0.11305113
71.190000,0.11287279
71.199000,0.11269411
71.208000,0.11251507
71.217000,0.11233568
71.226000,0.11215595
71.235000,0.11197586
71.244000,0.11179543
71.253000,0.11161465
71.262000,0.11143352
71.271000,0.11125205
71.280000,0.11107023
71.289000,0.11088806
71.298000,0.11070556
71.307000,0.11052270
71.316000,0.11033951
71.325000,0.11015597
71.334000,0.10997209
71.343000,0.10978787
71.352000,0.10960331
71.361000,0.10941841
71.370000,0.10923317
71.379000,0.10904760
71.388000,0.10886168
71.397000,0.10867543
71.406000,0.10848884
71.415000,0.10830192
71.424000,0.10811466
71.433000,0.10792706
71.442000,0.10773913
71.451000,0.10755087
71.460000,0.10736228
71.469000,0.10717335
71.478000,0.10698409
71.487000,0.10679451
71.496000,0.10660459
71.505000,0.10641434
71.514000,0.10622377
71.523000,0.10603286
71.532000,0.10584163
71.541000,0.10565007
71.550000,0.10545819
71.559000,0.10526598
71.568000,0.10507345
71.577000,0.10488059
71.586000,0.10468741
71.595000,0.10449391
71.604000,0.10430008
71.613000,0.10410594
71.622000,0.10391147
71.631000,0.10371668
71.640000,0.10352158
71.649000,0.10332615
71.658000,0.10313041
71.667000,0.10293435
71.676000,0.10273798
71.685000,0.10254129
71.694000,0.10234428
71.703000,0.10214696
71.712000,0.10194932
71.721000,0.10175138
71.730000,0.10155312
71.739000,0.10135454
71.748000,0.10115566
71.757000,0.10095647
71.766000,0.10075697
71.775000,0.10055716
71.784000,0.10035704
71.793000,0.10015661
71.802000,0.09995588
71.811000,0.09975484
71.820000,0.09955349
71.829000,0.09935184
71.838000,0.09914989
71.847000,0.09894763
71.856000,0.09874507
71.865000,0.09854221
71.874000,0.09833905
71.883000,0.09813559
71.892000,0.09793183
71.901000,0.09772776
71.910000,0.09752340
71.919000,0.09731875
71.928000,0.09711379
71.937000,0.09690854
71.946000,0.09670300
71.955000,0.09649716
71.964000,0.09629102
71.973000,0.09608459
71.982000,0.09587787
71.991000,0.09567086
72.000000,0.09546356
72.009000,0.09525596
72.018000,0.09504808
72.027000,0.09483991
72.036000,0.09463145
72.045000,0.09442270
72.054000,0.09421367
72.063000,0.09400434
72.072000,0.09379474
72.081000,0.09358485
72.090000,0.09337467
72.099000,0.09316421
72.108000,0.09295347
72.117000,0.09274245
72.126000,0.09253115
72.135000,0.09231956
72.144000,0.09210770
72.153000,0.09189556
72.162000,0.09168314
72.171000,0.09147044
72.180000,0.09125747
72.189000,0.09104422
72.198000,0.09083070
72.207000,0.09061690
72.216000,0.09040283
72.225000,0.09018848
72.234000,0.08997387
72.243000,0.08975898
72.252000,0.08954382
72.261000,0.08932839
72.270000,0.08911269
72.279000,0.08889673
72.288000,0.08868049
72.297000,0.08846399
72.306000,0.08824723
72.315000,0.08803019
72.324000,0.08781290
72.333000,0.08759534
72.342000,0.08737752
72.351000,0.08715943
72.360000,0.08694108
72.369000,0.08672247
72.378000,0.08650361
72.387000,0.08628448
72.396000,0.08606509
72.405000,0.08584545
72.414000,0.08562555
72.423000,0.08540539
72.432000,0.08518498
72.441000,0.08496432
72.450000,0.08474340
72.459000,0.08452222
72.468000,0.08430080
72.477000,0.08407912
72.486000,0.08385719
72.495000,0.08363501
72.504000,0.08341258
72.513000,0.08318991
72.522000,0.08296698
72.531000,0.08274381
72.540000,0.08252039
72.549000,0.08229673
72.558000,0.08207282
72.567000,0.08184867
72.576000,0.08162428
72.585000,0.08139964
72.594000,0.08117476
72.603000,0.08094964
72.612000,0.08072428
72.621000,0.08049869
72.630000,0.08027285
72.639000,0.08004677
72.648000,0.07982046
72.657000,0.07959392
72.666000,0.07936713
72.675000,0.07914012
72.684000,0.07891287
72.693000,0.07868538
72.702000,0.07845767
72.711000,0.07822972
72.720000,0.07800154
72.729000,0.07777313
72.738000,0.07754450
72.747000,0.07731563
72.756000,0.07708654
72.765000,0.07685722
72.774000,0.07662768
72.783000,0.07639791
72.792000,0.07616792
72.801000,0.07593770
72.810000,0.07570726
72.819000,0.07547660
72.828000,0.07524572
72.837000,0.07501462
72.846000,0.07478329
72.855000,0.07455175
72.864000,0.07432000
72.873000,0.07408802
72.882000,0.07385583
72.891000,0.07362342
72.900000,0.07339080
72.909000,0.07315797
72.918000,0.07292492
72.927000,0.07269166
72.936000,0.07245819
72.945000,0.07222451
72.954000,0.07199061
72.963000,0.07175651
72.972000,0.07152221
72.981000,0.07128769
72.990000,0.07105297
72.999000,0.07081804
73.008000,0.07058291
73.017000,0.07034757
73.026000,0.07011203
73.035000,0.06987629
73.044000,0.06964034
73.053000,0.06940420
73.062000,0.06916785
73.071000,0.06893131
73.080000,0.06869457
73.089000,0.06845763
73.098000,0.06822049
73.107000,0.06798316
73.116000,0.06774563
73.125000,0.06750791
73.134000,0.06727000
73.143000,0.06703189
73.152000,0.06679359
73.161000,0.06655510
73.170000,0.06631642
73.179000,0.06607755
73.188000,0.06583850
73.197000,0.06559925
73.206000,0.06535982
73.215000,0.06512020
73.224000,0.06488040
73.233000,0.06464041
73.242000,0.06440024
73.251000,0.06415989
73.260000,0.06391936
73.269000,0.06367864
73.278000,0.06343774
73.287000,0.06319667
73.296000,0.06295542
73.305000,0.06271399
73.314000,0.06247238
73.323000,0.06223059
73.332000,0.06198864
73.341000,0.06174650
73.350000,0.06150420
73.359000,0.06126172
73.368000,0.06101907
73.377000,0.06077625
73.386000,0.06053325
73.395000,0.06029009
73.404000,0.06004677
73.413000,0.05980327
73.422000,0.05955961
73.431000,0.05931578
73.440000,0.05907178
73.449000,0.05882763
73.458000,0.05858330
73.467000,0.05833882
73.476000,0.05809418
73.485000,0.05784937
73.494000,0.05760440
73.503000,0.05735928
73.512000,0.05711400
73.521000,0.05686855
73.530000,0.05662296
73.539000,0.05637721
73.548000,0.05613130
73.557000,0.05588524
73.566000,0.05563902
73.575000,0.05539266
73.584000,0.05514614
73.593000,0.05489947
73.602000,0.05465265
73.611000,0.05440568
73.620000,0.05415857
73.629000,0.05391131
73.638000,0.05366390
73.647000,0.05341635
73.656000,0.05316865
73.665000,0.05292081
73.674000,0.05267282
73.683000,0.05242469
73.692000,0.05217643
73.701000,0.05192802
73.710000,0.05167947
73.719000,0.05143079
73.728000,0.05118196
73.737000,0.05093300
73.746000,0.05068391
73.755000,0.05043468
73.764000,0.05018531
73.773000,0.04993581
73.782000,0.04968618
73.791000,0.04943642
73.800000,0.04918652
73.809000,0.04893650
73.818000,0.04868635
73.827000,0.04843607
73.836000,0.04818566
73.845000,0.04793513
73.854000,0.04768447
73.863000,0.04743368
73.872000,0.04718277
73.881000,0.04693174
73.890000,0.04668059
73.899000,0.04642932
73.908000,0.04617792
73.917000,0.04592641
73.926000,0.04567478
73.935000,0.04542303
73.944000,0.04517116
73.953000,0.04491918
73.962000,0.04466708
73.971000,0.04441486
73.980000,0.04416254
73.989000,0.04391010
73.998000,0.04365755
74.007000,0.04340489
74.016000,0.04315212
74.025000,0.04289924
74.034000,0.04264625
74.043000,0.04239316
74.052000,0.04213996
74.061000,0.04188665
74.070000,0.04163324
74.079000,0.04137973
74.088000,0.04112611
74.097000,0.04087239
74.106000,0.04061857
74.115000,0.04036465
74.124000,0.04011063
74.133000,0.03985651
74.142000,0.03960230
74.151000,0.03934798
74.160000,0.03909358
74.169000,0.03883907
74.178000,0.03858447
74.187000,0.03832978
74.196000,0.03807500
74.205000,0.03782013
74.214000,0.03756516
74.223000,0.03731011
74.232000,0.03705497
74.241000,0.03679974
74.250000,0.03654442
74.259000,0.03628902
74.268000,0.03603353
74.277000,0.03577795
74.286000,0.03552230
74.295000,0.03526656
74.304000,0.03501074
74.313000,0.03475484
74.322000,0.03449886
74.331000,0.03424280
74.340000,0.03398666
74.349000,0.03373044
74.358000,0.03347415
74.367000,0.03321778
74.376000,0.03296134
74.385000,0.03270483
74.394000,0.03244824
74.403000,0.03219158
74.412000,0.03193485
74.421000,0.03167805
74.430000,0.03142118
74.439000,0.03116424
74.448000,0.03090723
74.457000,0.03065016
74.466000,0.03039302
74.475000,0.03013582
74.484000,0.02987856
74.493000,0.02962123
74.502000,0.02936383
74.511000,0.02910638
74.520000,0.02884887
74.529000,0.02859130
74.538000,0.02833367
74.547000,0.02807598
74.556000,0.02781823
74.565000,0.02756043
74.574000,0.02730257
74.583000,0.02704466
74.592000,0.02678670
74.601000,0.02652869
74.610000,0.02627062
74.619000,0.02601250
74.628000,0.02575434
74.637000,0.02549612
74.646000,0.02523786
74.655000,0.02497955
74.664000,0.02472119
74.673000,0.02446279
74.682000,0.02420435
74.691000,0.02394586
74.700000,0.02368733
74.709000,0.02342876
74.718000,0.02317014
74.727000,0.02291149
74.736000,0.02265280
74.745000,0.02239407
74.754000,0.02213530
74.763000,0.02187650
74.772000,0.02161766
74.781000,0.02135879
74.790000,0.02109989
74.799000,0.02084095
74.808000,0.02058198
74.817000,0.02032298
74.826000,0.02006395
74.835000,0.01980489
74.844000,0.01954580
74.853000,0.01928669
74.862000,0.01902755
74.871000,0.01876838
74.880000,0.01850919
74.889000,0.01824998
74.898000,0.01799074
74.907000,0.01773148
74.916000,0.01747221
74.925000,0.01721291
74.934000,0.01695359
74.943000,0.01669425
74.952000,0.01643490
74.961000,0.01617553
74.970000,0.01591615
74.979000,0.01565675
74.988000,0.01539733
74.997000,0.01513791
75.006000,0.01487847
75.015000,0.01461902
75.024000,0.01435956
75.033000,0.01410010
75.042000,0.01384062
75.051000,0.01358114
75.060000,0.01332165
75.069000,0.01306215
75.078000,0.01280265
75.087000,0.01254315
75.096000,0.01228364
75.105000,0.01202413
75.114000,0.01176462
75.123000,0.01150511
75.132000,0.01124560
75.141000,0.01098610
75.150000,0.01072659
75.159000,0.01046709
75.168000,0.01020759
75.177000,0.00994810
75.186000,0.00968862
75.195000,0.00942914
75.204000,0.00916967
75.213000,0.00891021
75.222000,0.00865075
75.231000,0.00839131
75.240000,0.00813188
75.249000,0.00787247
75.258000,0.00761306
75.267000,0.00735367
75.276000,0.00709430
75.285000,0.00683494
75.294000,0.00657560
75.303000,0.00631628
75.312000,0.00605697
75.321000,0.00579769
75.330000,0.00553842
75.339000,0.00527918
75.348000,0.00501996
75.357000,0.00476076
75.366000,0.00450159
75.375000,0.00424244
75.384000,0.00398332
75.393000,0.00372422
75.402000,0.00346516
75.411000,0.00320612
75.420000,0.00294711
75.429000,0.00268813
75.438000,0.00242918
75.447000,0.00217027
75.456000,0.00191139
75.465000,0.00165254
75.474000,0.00139372
75.483000,0.00113495
75.492000,0.00087621
75.501000,0.00061750
75.510000,0.00035884
75.519000,0.00010022
75.528000,0.00015837
75.537000,0.00041691
75.546000,0.00067541
75.555000,0.00093387
75.564000,0.00119229
75.573000,0.00145065
75.582000,0.00170898
75.591000,0.00196725
75.600000,0.00222548
75.609000,0.00248366
75.618000,0.00274180
75.627000,0.00299988
75.636000,0.00325791
75.645000,0.00351589
75.654000,0.00377381
75.663000,0.00403168
75.672000,0.00428950
75.681000,0.00454726
75.690000,0.00480497
75.699000,0.00506261
75.708000,0.00532020
75.717000,0.00557773
75.726000,0.00583520
75.735000,0.00609261
75.744000,0.00634996
75.753000,0.00660724
75.762000,0.00686446
75.771000,0.00712162
75.780000,0.00737871
75.789000,0.00763574
75.798000,0.00789269
75.807000,0.00814958
75.816000,0.00840640
75.825000,0.00866315
75.834000,0.00891983
75.843000,0.00917644
75.852000,0.00943298
75.861000,0.00968944
75.870000,0.00994583
75.879000,0.01020214
75.888000,0.01045837
75.897000,0.01071453
75.906000,0.01097062
75.915000,0.01122662
75.924000,0.01148254
75.933000,0.01173838
75.942000,0.01199414
75.951000,0.01224982
75.960000,0.01250542
75.969000,0.01276093
75.978000,0.01301635
75.987000,0.01327169
75.996000,0.01352695
76.005000,0.01378211
76.014000,0.01403719
76.023000,0.01429218
76.032000,0.01454708
76.041000,0.01480188
76.050000,0.01505660
76.059000,0.01531122
76.068000,0.01556575
76.077000,0.01582018
76.086000,0.01607451
76.095000,0.01632876
76.104000,0.01658290
76.113000,0.01683694
76.122000,0.01709089
76.131000,0.01734473
76.140000,0.01759848
76.149000,0.01785212
76.158000,0.01810566
76.167000,0.01835910
76.176000,0.01861243
76.185000,0.01886566
76.194000,0.01911878
76.203000,0.01937179
76.212000,0.01962469
76.221000,0.01987749
76.230000,0.02013018
76.239000,0.02038275
76.248000,0.02063522
76.257000,0.02088757
76.266000,0.02113981
76.275000,0.02139193
76.284000,0.02164394
76.293000,0.02189584
76.302000,0.02214762
76.311000,0.02239928
76.320000,0.02265082
76.329000,0.02290224
76.338000,0.02315354
76.347000,0.02340472
76.356000,0.02365578
76.365000,0.02390671
76.374000,0.02415753
76.383000,0.02440821
76.392000,0.02465877
76.401000,0.02490921
76.410000,0.02515952
76.419000,0.02540970
76.428000,0.02565975
76.437000,0.02590967
76.446000,0.02615946
76.455000,0.02640912
76.464000,0.02665865
76.473000,0.02690804
76.482000,0.02715730
76.491000,0.02740642
76.500000,0.02765541
76.509000,0.02790426
76.518000,0.02815297
76.527000,0.02840155
76.536000,0.02864998
76.545000,0.02889828
76.554000,0.02914643
76.563000,0.02939445
76.572000,0.02964232
76.581000,0.02989004
76.590000,0.03013762
76.599000,0.03038506
76.608000,0.03063235
76.617000,0.03087949
76.626000,0.03112649
76.635000,0.03137333
76.644000,0.03162003
76.653000,0.03186657
76.662000,0.03211297
76.671000,0.03235921
76.680000,0.03260530
76.689000,0.03285123
76.698000,0.03309701
76.707000,0.03334263
76.716000,0.03358810
76.725000,0.03383341
76.734000,0.03407856
76.743000,0.03432356
76.752000,0.03456839
76.761000,0.03481306
76.770000,0.03505757
76.779000,0.03530192
76.788000,0.03554610
76.797000,0.03579012
76.806000,0.03603398
76.815000,0.03627767
76.824000,0.03652119
76.833000,0.03676454
76.842000,0.03700773
76.851000,0.03725075
76.860000,0.03749359
76.869000,0.03773627
76.878000,0.03797877
76.887000,0.03822110
76.896000,0.03846326
76.905000,0.03870525
76.914000,0.03894705
76.923000,0.03918869
76.932000,0.03943014
76.941000,0.03967142
76.950000,0.03991252
76.959000,0.04015344
76.968000,0.04039418
76.977000,0.04063473
76.986000,0.04087511
76.995000,0.04111530
77.004000,0.04135531
77.013000,0.04159514
77.022000,0.04183478
77.031000,0.04207423
77.040000,0.04231350
77.049000,0.04255258
77.058000,0.04279147
77.067000,0.04303017
77.076000,0.04326868
77.085000,0.04350700
77.094000,0.04374513
77.103000,0.04398307
77.112000,0.04422081
77.121000,0.04445835
77.130000,0.04469571
77.139000,0.04493286
77.148000,0.04516982
77.157000,0.04540658
77.166000,0.04564315
77.175000,0.04587951
77.184000,0.04611567
77.193000,0.04635163
77.202000,0.04658740
77.211000,0.04682295
77.220000,0.04705831
77.229000,0.04729346
77.238000,0.04752840
77.247000,0.04776314
77.256000,0.04799767
77.265000,0.04823200
77.274000,0.04846612
77.283000,0.04870002
77.292000,0.04893372
77.301000,0.04916721
77.310000,0.04940048
77.319000,0.04963354
77.328000,0.04986639
77.337000,0.05009903
77.346000,0.05033145
77.355000,0.05056365
77.364000,0.05079564
77.373000,0.05102741
77.382000,0.05125896
77.391000,0.05149030
77.400000,0.05172141
77.409000,0.05195231
77.418000,0.05218298
77.427000,0.05241343
77.436000,0.05264366
77.445000,0.05287366
77.454000,0.05310344
77.463000,0.05333299
77.472000,0.05356232
77.481000,0.05379142
77.490000,0.05402029
77.499000,0.05424894
77.508000,0.05447735
77.517000,0.05470554
77.526000,0.05493349
77.535000,0.05516121
77.544000,0.05538870
77.553000,0.05561596
77.562000,0.05584298
77.571000,0.05606977
77.580000,0.05629632
77.589000,0.05652264
77.598000,0.05674872
77.607000,0.05697456
77.616000,0.05720016
77.625000,0.05742552
77.634000,0.05765064
77.643000,0.05787552
77.652000,0.05810016
77.661000,0.05832456
77.670000,0.05854871
77.679000,0.05877262
77.688000,0.05899628
77.697000,0.05921970
77.706000,0.05944287
77.715000,0.05966579
77.724000,0.05988847
77.733000,0.06011089
77.742000,0.06033307
77.751000,0.06055499
77.760000,0.06077667
77.769000,0.06099809
77.778000,0.06121926
77.787000,0.06144018
77.796000,0.06166084
77.805000,0.06188125
77.814000,0.06210140
77.823000,0.06232129
77.832000,0.06254093
77.841000,0.06276030
77.850000,0.06297942
77.859000,0.06319828
77.868000,0.06341688
77.877000,0.06363522
77.886000,0.06385330
77.895000,0.06407111
77.904000,0.06428866
77.913000,0.06450595
77.922000,0.06472297
77.931000,0.06493972
77.940000,0.06515621
77.949000,0.06537243
77.958000,0.06558838
77.967000,0.06580407
77.976000,0.06601948
77.985000,0.06623463
77.994000,0.06644950
78.003000,0.06666410
78.012000,0.06687843
78.021000,0.06709249
78.030000,0.06730627
78.039000,0.06751978
78.048000,0.06773301
78.057000,0.06794596
78.066000,0.06815864
78.075000,0.06837104
78.084000,0.06858316
78.093000,0.06879500
78.102000,0.06900657
78.111000,0.06921785
78.120000,0.06942885
78.129000,0.06963957
78.138000,0.06985000
78.147000,0.07006016
78.156000,0.07027002
78.165000,0.07047960
78.174000,0.07068890
78.183000,0.07089791
78.192000,0.07110663
78.201000,0.07131507
78.210000,0.07152321
78.219000,0.07173107
78.228000,0.07193864
78.237000,0.07214591
78.246000,0.07235290
78.255000,0.07255959
78.264000,0.07276599
78.273000,0.07297209
78.282000,0.07317790
78.291000,0.07338342
78.300000,0.07358864
78.309000,0.07379356
78.318000,0.07399818
78.327000,0.07420251
78.336000,0.07440654
78.345000,0.07461027
78.354000,0.07481369
78.363000,0.07501682
78.372000,0.07521965
78.381000,0.07542217
78.390000,0.07562439
78.399000,0.07582631
78.408000,0.07602792
78.417000,0.07622923
78.426000,0.07643023
78.435000,0.07663092
78.444000,0.07683131
78.453000,0.07703139
78.462000,0.07723116
78.471000,0.07743062
78.480000,0.07762978
78.489000,0.07782862
78.498000,0.07802715
78.507000,0.07822536
78.516000,0.07842327
78.525000,0.07862086
78.534000,0.07881814
78.543000,0.07901510
78.552000,0.07921174
78.561000,0.07940808
78.570000,0.07960409
78.579000,0.07979978
78.588000,0.07999516
78.597000,0.08019022
78.606000,0.08038496
78.615000,0.08057938
78.624000,0.08077348
78.633000,0.08096725
78.642000,0.08116071
78.651000,0.08135384
78.660000,0.08154664
78.669000,0.08173913
78.678000,0.08193128
78.687000,0.08212312
78.696000,0.08231462
78.705000,0.08250580
78.714000,0.08269665
78.723000,0.08288717
78.732000,0.08307737
78.741000,0.08326723
78.750000,0.08345676
78.759000,0.08364597
78.768000,0.08383484
78.777000,0.08402338
78.786000,0.08421158
78.795000,0.08439945
78.804000,0.08458699
78.813000,0.08477419
78.822000,0.08496106
78.831000,0.08514759
78.840000,0.08533379
78.849000,0.08551964
78.858000,0.08570516
78.867000,0.08589034
78.876000,0.08607518
78.885000,0.08625968
78.894000,0.08644384
78.903000,0.08662766
78.912000,0.08681113
78.921000,0.08699427
78.930000,0.08717706
78.939000,0.08735950
78.948000,0.08754160
78.957000,0.08772336
78.966000,0.08790477
78.975000,0.08808583
78.984000,0.08826655
78.993000,0.08844692
79.002000,0.08862694
79.011000,0.08880661
79.020000,0.08898593
79.029000,0.08916491
79.038000,0.08934353
79.047000,0.08952180
79.056000,0.08969971
79.065000,0.08987728
79.074000,0.09005449
79.083000,0.09023135
79.092000,0.09040785
79.101000,0.09058400
79.110000,0.09075979
79.119000,0.09093522
79.128000,0.09111030
79.137000,0.09128502
79.146000,0.09145939
79.155000,0.09163339
79.164000,0.09180703
79.173000,0.09198032
79.182000,0.09215324
79.191000,0.09232580
79.200000,0.09249800
79.209000,0.09266984
79.218000,0.09284132
79.227000,0.09301243
79.236000,0.09318318
79.245000,0.09335356
79.254000,0.09352358
79.263000,0.09369323
79.272000,0.09386251
79.281000,0.09403143
79.290000,0.09419998
79.299000,0.09436816
79.308000,0.09453597
79.317000,0.09470341
79.326000,0.09487049
79.335000,0.09503719
79.344000,0.09520352
79.353000,0.09536948
79.362000,0.09553506
79.371000,0.09570028
79.380000,0.09586512
79.389000,0.09602958
79.398000,0.09619367
79.407000,0.09635739
79.416000,0.09652073
79.425000,0.09668369
79.434000,0.09684628
79.443000,0.09700849
79.452000,0.09717032
79.461000,0.09733177
79.470000,0.09749284
79.479000,0.09765354
79.488000,0.09781385
79.497000,0.09797378
79.506000,0.09813333
79.515000,0.09829250
79.524000,0.09845128
79.533000,0.09860969
79.542000,0.09876771
79.551000,0.09892534
79.560000,0.09908259
79.569000,0.09923945
79.578000,0.09939593
79.587000,0.09955203
79.596000,0.09970773
79.605000,0.09986305
79.614000,0.10001798
79.623000,0.10017252
79.632000,0.10032667
79.641000,0.10048044
79.650000,0.10063381
79.659000,0.10078679
79.668000,0.10093938
79.677000,0.10109158
79.686000,0.10124339
79.695000,0.10139480
79.704000,0.10154582
79.713000,0.10169645
79.722000,0.10184668
79.731000,0.10199652
79.740000,0.10214596
79.749000,0.10229501
79.758000,0.10244366
79.767000,0.10259191
79.776000,0.10273976
79.785000,0.10288722
79.794000,0.10303428
79.803000,0.10318094
79.812000,0.10332720
79.821000,0.10347306
79.830000,0.10361852
79.839000,0.10376358
79.848000,0.10390824
79.857000,0.10405249
79.866000,0.10419634
79.875000,0.10433979
79.884000,0.10448284
79.893000,0.10462548
79.902000,0.10476772
79.911000,0.10490955
79.920000,0.10505098
79.929000,0.10519200
79.938000,0.10533261
79.947000,0.10547282
79.956000,0.10561262
79.965000,0.10575201
79.974000,0.10589100
79.983000,0.10602957
79.992000,0.10616774
80.001000,0.10630549
80.010000,0.10644284
80.019000,0.10657977
80.028000,0.10671629
80.037000,0.10685241
80.046000,0.10698810
80.055000,0.10712339
80.064000,0.10725826
80.073000,0.10739272
80.082000,0.10752677
80.091000,0.10766040
80.100000,0.10779362
80.109000,0.10792642
80.118000,0.10805880
80.127000,0.10819077
80.136000,0.10832232
80.145000,0.10845346
80.154000,0.10858417
80.163000,0.10871447
80.172000,0.10884435
80.181000,0.10897381
80.190000,0.10910285
80.199000,0.10923147
80.208000,0.10935967
80.217000,0.10948745
80.226000,0.10961481
80.235000,0.10974175
80.244000,0.10986826
80.253000,0.10999435
80.262000,0.11012002
80.271000,0.11024527
80.280000,0.11037009
80.289000,0.11049449
80.298000,0.11061846
80.307000,0.11074200
80.316000,0.11086513
80.325000,0.11098782
80.334000,0.11111009
80.343000,0.11123193
80.352000,0.11135334
80.361000,0.11147433
80.370000,0.11159489
80.379000,0.11171502
80.388000,0.11183472
80.397000,0.11195399
80.406000,0.11207283
80.415000,0.11219124
80.424000,0.11230923
80.433000,0.11242678
80.442000,0.11254389
80.451000,0.11266058
80.460000,0.11277683
80.469000,0.11289266
80.478000,0.11300804
80.487000,0.11312300
80.496000,0.11323752
80.505000,0.11335161
80.514000,0.11346526
80.523000,0.11357848
80.532000,0.11369126
80.541000,0.11380360
80.550000,0.11391551
80.559000,0.11402699
80.568000,0.11413802
80.577000,0.11424862
80.586000,0.11435878
80.595000,0.11446851
80.604000,0.11457779
80.613000,0.11468664
80.622000,0.11479504
80.631000,0.11490301
80.640000,0.11501054
80.649000,0.11511763
80.658000,0.11522427
80.667000,0.11533048
80.676000,0.11543624
80.685000,0.11554156
80.694000,0.11564644
80.703000,0.11575088
80.712000,0.11585487
80.721000,0.11595843
80.730000,0.11606153
80.739000,0.11616420
80.748000,0.11626642
80.757000,0.11636819
80.766000,0.11646952
80.775000,0.11657041
80.784000,0.11667084
80.793000,0.11677084
80.802000,0.11687038
80.811000,0.11696948
80.820000,0.11706814
80.829000,0.11716634
80.838000,0.11726410
80.847000,0.11736141
80.856000,0.11745827
80.865000,0.11755468
80.874000,0.11765065
80.883000,0.11774616
80.892000,0.11784123
80.901000,0.11793584
80.910000,0.11803001
80.919000,0.11812372
80.928000,0.11821698
80.937000,0.11830979
80.946000,0.11840215
80.955000,0.11849406
80.964000,0.11858552
80.973000,0.11867652
80.982000,0.11876707
80.991000,0.11885717
81.000000,0.11894681
81.009000,0.11903600
81.018000,0.11912474
81.027000,0.11921302
81.036000,0.11930085
81.045000,0.11938822
81.054000,0.11947514
81.063000,0.11956160
81.072000,0.11964760
81.081000,0.11973315
81.090000,0.11981824
81.099000,0.11990288
81.108000,0.11998706
81.117000,0.12007078
81.126000,0.12015405
81.135000,0.12023685
81.144000,0.12031920
81.153000,0.12040109
81.162000,0.12048252
81.171000,0.12056349
81.180000,0.12064401
81.189000,0.12072406
81.198000,0.12080365
81.207000,0.12088279
81.216000,0.12096146
81.225000,0.12103967
81.234000,0.12111742
81.243000,0.12119471
81.252000,0.12127154
81.261000,0.12134791
81.270000,0.12142382
81.279000,0.12149926
81.288000,0.12157424
81.297000,0.12164876
81.306000,0.12172282
81.315000,0.12179641
81.324000,0.12186954
81.333000,0.12194220
81.342000,0.12201441
81.351000,0.12208614
81.360000,0.12215742
81.369000,0.12222823
81.378000,0.12229857
81.387000,0.12236845
81.396000,0.12243786
81.405000,0.12250681
81.414000,0.12257529
81.423000,0.12264331
81.432000,0.12271086
81.441000,0.12277794
81.450000,0.12284456
81.459000,0.12291071
81.468000,0.12297639
81.477000,0.12304161
81.486000,0.12310635
81.495000,0.12317064
81.504000,0.12323445
81.513000,0.12329779
81.522000,0.12336067
81.531000,0.12342307
81.540000,0.12348501
81.549000,0.12354648
81.558000,0.12360748
81.567000,0.12366801
81.576000,0.12372807
81.585000,0.12378766
81.594000,0.12384679
81.603000,0.12390544
81.612000,0.12396362
81.621000,0.12402133
81.630000,0.12407857
81.639000,0.12413533
81.648000,0.12419163
81.657000,0.12424746
81.666000,0.12430281
81.675000,0.12435769
81.684000,0.12441210
81.693000,0.12446604
81.702000,0.12451951
81.711000,0.12457250
81.720000,0.12462502
81.729000,0.12467707
81.738000,0.12472865
81.747000,0.12477975
81.756000,0.12483038
81.765000,0.12488053
81.774000,0.12493022
81.783000,0.12497942
81.792000,0.12502816
81.801000,0.12507642
81.810000,0.12512420
81.819000,0.12517152
81.828000,0.12521835
81.837000,0.12526472
81.846000,0.12531060
81.855000,0.12535602
81.864000,0.12540095
81.873000,0.12544542
81.882000,0.12548940
81.891000,0.12553291
81.900000,0.12557595
81.909000,0.12561851
81.918000,0.12566059
81.927000,0.12570220
81.936000,0.12574333
81.945000,0.12578399
81.954000,0.12582417
81.963000,0.12586387
81.972000,0.12590309
81.981000,0.12594184
81.990000,0.12598011
81.999000,0.12601791
82.008000,0.12605522
82.017000,0.12609206
82.026000,0.12612843
82.035000,0.12616431
82.044000,0.12619972
82.053000,0.12623465
82.062000,0.12626910
82.071000,0.12630307
82.080000,0.12633657
82.089000,0.12636958
82.098000,0.12640212
82.107000,0.12643418
82.116000,0.12646576
82.125000,0.12649687
82.134000,0.12652749
82.143000,0.12655764
82.152000,0.12658730
82.161000,0.12661649
82.170000,0.12664520
82.179000,0.12667343
82.188000,0.12670118
82.197000,0.12672845
82.206000,0.12675524
82.215000,0.12678156
82.224000,0.12680739
82.233000,0.12683274
82.242000,0.12685762
82.251000,0.12688201
82.260000,0.12690592
82.269000,0.12692936
82.278000,0.12695231
82.287000,0.12697479
82.296000,0.12699678
82.305000,0.12701829
82.314000,0.12703933
82.323000,0.12705988
82.332000,0.12707995
82.341000,0.12709955
82.350000,0.12711866
82.359000,0.12713729
82.368000,0.12715544
82.377000,0.12717311
82.386000,0.12719030
82.395000,0.12720701
82.404000,0.12722324
82.413000,0.12723899
82.422000,0.12725425
82.431000,0.12726904
82.440000,0.12728334
82.449000,0.12729717
82.458000,0.12731051
82.467000,0.12732337
82.476000,0.12733576
82.485000,0.12734766
82.494000,0.12735908
82.503000,0.12737001
82.512000,0.12738047
82.521000,0.12739045
82.530000,0.12739994
82.539000,0.12740896
82.548000,0.12741749
82.557000,0.12742554
82.566000,0.12743311
82.575000,0.12744020
82.584000,0.12744681
82.593000,0.12745294
82.602000,0.12745858
82.611000,0.12746375
82.620000,0.12746843
82.629000,0.12747263
82.638000,0.12747636
82.647000,0.12747960
82.656000,0.12748235
82.665000,0.12748463
82.674000,0.12748643
82.683000,0.12748774
82.692000,0.12748858
82.701000,0.12748893
82.710000,0.12748880
82.719000,0.12748819
82.728000,0.12748710
82.737000,0.12748553
82.746000,0.12748348
82.755000,0.12748095
82.764000,0.12747793
82.773000,0.12747444
82.782000,0.12747046
82.791000,0.12746600
82.800000,0.12746107
82.809000,0.12745565
82.818000,0.12744975
82.827000,0.12744337
82.836000,0.12743651
82.845000,0.12742917
82.854000,0.12742134
82.863000,0.12741304
82.872000,0.12740426
82.881000,0.12739500
82.890000,0.12738525
82.899000,0.12737503
82.908000,0.12736432
82.917000,0.12735314
82.926000,0.12734147
82.935000,0.12732933
82.944000,0.12731670
82.953000,0.12730360
82.962000,0.12729002
82.971000,0.12727595
82.980000,0.12726141
82.989000,0.12724638
82.998000,0.12723088
83.007000,0.12721490
83.016000,0.12719843
83.025000,0.12718149
83.034000,0.12716407
83.043000,0.12714617
83.052000,0.12712779
83.061000,0.12710893
83.070000,0.12708959
83.079000,0.12706978
83.088000,0.12704948
83.097000,0.12702871
83.106000,0.12700745
83.115000,0.12698572
83.124000,0.12696351
83.133000,0.12694082
83.142000,0.12691766
83.151000,0.12689401
83.160000,0.12686989
83.169000,0.12684529
83.178000,0.12682021
83.187000,0.12679466
83.196000,0.12676862
83.205000,0.12674211
83.214000,0.12671512
83.223000,0.12668766
83.232000,0.12665972
83.241000,0.12663130
83.250000,0.12660240
83.259000,0.12657303
83.268000,0.12654318
83.277000,0.12651285
83.286000,0.12648205
83.295000,0.12645077
83.304000,0.12641902
83.313000,0.12638678
83.322000,0.12635408
83.331000,0.12632090
83.340000,0.12628724
83.349000,0.12625310
83.358000,0.12621850
83.367000,0.12618341
83.376000,0.12614785
83.385000,0.12611182
83.394000,0.12607531
83.403000,0.12603833
83.412000,0.12600087
83.421000,0.12596294
83.430000,0.12592453
83.439000,0.12588565
83.448000,0.12584630
83.457000,0.12580647
83.466000,0.12576617
83.475000,0.12572540
83.484000,0.12568415
83.493000,0.12564243
83.502000,0.12560024
83.511000,0.12555758
83.520000,0.12551444
83.529000,0.12547083
83.538000,0.12542675
83.547000,0.12538219
83.556000,0.12533717
83.565000,0.12529167
83.574000,0.12524570
83.583000,0.12519927
83.592000,0.12515236
83.601000,0.12510497
83.610000,0.12505712
83.619000,0.12500880
83.628000,0.12496001
83.637000,0.12491075
83.646000,0.12486101
83.655000,0.12481081
83.664000,0.12476014
83.673000,0.12470900
83.682000,0.12465739
83.691000,0.12460531
83.700000,0.12455277
83.709000,0.12449975
83.718000,0.12444627
83.727000,0.12439232
83.736000,0.12433790
83.745000,0.12428301
83.754000,0.12422766
83.763000,0.12417184
83.772000,0.12411555
83.781000,0.12405880
83.790000,0.12400158
83.799000,0.12394389
83.808000,0.12388574
83.817000,0.12382712
83.826000,0.12376804
83.835000,0.12370849
83.844000,0.12364847
83.853000,0.12358799
83.862000,0.12352705
83.871000,0.12346564
83.880000,0.12340377
83.889000,0.12334143
83.898000,0.12327863
83.907000,0.12321537
83.916000,0.12315165
83.925000,0.12308746
83.934000,0.12302281
83.943000,0.12295769
83.952000,0.12289212
83.961000,0.12282608
83.970000,0.12275958
83.979000,0.12269262
83.988000,0.12262520
83.997000,0.12255732
84.006000,0.12248897
84.015000,0.12242017
84.024000,0.12235091
84.033000,0.12228118
84.042000,0.12221100
84.051000,0.12214036
84.060000,0.12206926
84.069000,0.12199770
84.078000,0.12192569
84.087000,0.12185321
84.096000,0.12178028
84.105000,0.12170689
84.114000,0.12163304
84.123000,0.12155874
84.132000,0.12148397
84.141000,0.12140876
84.150000,0.12133308
84.159000,0.12125696
84.168000,0.12118037
84.177000,0.12110333
84.186000,0.12102584
84.195000,0.12094789
84.204000,0.12086948
84.213000,0.12079063
84.222000,0.12071132
84.231000,0.12063155
84.240000,0.12055133
84.249000,0.12047066
84.258000,0.12038954
84.267000,0.12030797
84.276000,0.12022594
84.285000,0.12014346
84.294000,0.12006053
84.303000,0.11997716
84.312000,0.11989333
84.321000,0.11980904
84.330000,0.11972431
84.339000,0.11963914
84.348000,0.11955351
84.357000,0.11946743
84.366000,0.11938090
84.375000,0.11929393
84.384000,0.11920651
84.393000,0.11911864
84.402000,0.11903032
84.411000,0.11894156
84.420000,0.11885234
84.429000,0.11876269
84.438000,0.11867259
84.447000,0.11858204
84.456000,0.11849105
84.465000,0.11839961
84.474000,0.11830773
84.483000,0.11821540
84.492000,0.11812263
84.501000,0.11802942
84.510000,0.11793576
84.519000,0.11784166
84.528000,0.11774712
84.537000,0.11765214
84.546000,0.11755671
84.555000,0.11746085
84.564000,0.11736454
84.573000,0.11726779
84.582000,0.11717061
84.591000,0.11707298
84.600000,0.11697491
84.609000,0.11687641
84.618000,0.11677747
84.627000,0.11667808
84.636000,0.11657826
84.645000,0.11647801
84.654000,0.11637731
84.663000,0.11627618
84.672000,0.11617462
84.681000,0.11607261
84.690000,0.11597017
84.699000,0.11586730
84.708000,0.11576399
84.717000,0.11566025
84.726000,0.11555607
84.735000,0.11545146
84.744000,0.11534642
84.753000,0.11524094
84.762000,0.11513504
84.771000,0.11502870
84.780000,0.11492192
84.789000,0.11481472
84.798000,0.11470709
84.807000,0.11459902
84.816000,0.11449053
84.825000,0.11438161
84.834000,0.11427226
84.843000,0.11416248
84.852000,0.11405227
84.861000,0.11394163
84.870000,0.11383057
84.879000,0.11371908
84.888000,0.11360716
84.897000,0.11349481
84.906000,0.11338205
84.915000,0.11326885
84.924000,0.11315523
84.933000,0.11304119
84.942000,0.11292672
84.951000,0.11281183
84.960000,0.11269652
84.969000,0.11258078
84.978000,0.11246462
84.987000,0.11234804
84.996000,0.11223104
85.005000,0.11211361
85.014000,0.11199577
85.023000,0.11187751
85.032000,0.11175883
85.041000,0.11163972
85.050000,0.11152020
85.059000,0.11140026
85.068000,0.11127991
85.077000,0.11115913
85.086000,0.11103794
85.095000,0.11091634
85.104000,0.11079432
85.113000,0.11067188
85.122000,0.11054903
85.131000,0.11042576
85.140000,0.11030208
85.149000,0.11017798
85.158000,0.11005347
85.167000,0.10992855
85.176000,0.10980322
85.185000,0.10967748
85.194000,0.10955132
85.203000,0.10942476
85.212000,0.10929778
85.221000,0.10917039
85.230000,0.10904260
85.239000,0.10891440
85.248000,0.10878578
85.257000,0.10865676
85.266000,0.10852734
85.275000,0.10839750
85.284000,0.10826726
85.293000,0.10813662
85.302000,0.10800557
85.311000,0.10787411
85.320000,0.10774225
85.329000,0.10760999
85.338000,0.10747732
85.347000,0.10734425
85.356000,0.10721077
85.365000,0.10707690
85.374000,0.10694262
85.383000,0.10680795
85.392000,0.10667287
85.401000,0.10653739
85.410000,0.10640152
85.419000,0.10626524
85.428000,0.10612857
85.437000,0.10599150
85.446000,0.10585403
85.455000,0.10571617
85.464000,0.10557791
85.473000,0.10543925
85.482000,0.10530020
85.491000,0.10516075
85.500000,0.10502091
85.509000,0.10488068
85.518000,0.10474005
85.527000,0.10459903
85.536000,0.10445762
85.545000,0.10431582
85.554000,0.10417363
85.563000,0.10403104
85.572000,0.10388807
85.581000,0.10374471
85.590000,0.10360096
85.599000,0.10345682
85.608000,0.10331229
85.617000,0.10316738
85.626000,0.10302208
85.635000,0.10287639
85.644000,0.10273032
85.653000,0.10258386
85.662000,0.10243702
85.671000,0.10228979
85.680000,0.10214219
85.689000,0.10199420
85.698000,0.10184582
85.707000,0.10169707
85.716000,0.10154793
85.725000,0.10139842
85.734000,0.10124852
85.743000,0.10109825
85.752000,0.10094759
85.761000,0.10079656
85.770000,0.10064515
85.779000,0.10049337
85.788000,0.10034120
85.797000,0.10018866
85.806000,0.10003575
85.815000,0.09988246
85.824000,0.09972880
85.833000,0.09957476
85.842000,0.09942035
85.851000,0.09926557
85.860000,0.09911042
85.869000,0.09895489
85.878000,0.09879900
85.887000,0.09864273
85.896000,0.09848610
85.905000,0.09832910
85.914000,0.09817172
85.923000,0.09801398
85.932000,0.09785588
85.941000,0.09769740
85.950000,0.09753857
85.959000,0.09737936
85.968000,0.09721979
85.977000,0.09705986
85.986000,0.09689956
85.995000,0.09673890
86.004000,0.09657788
86.013000,0.09641650
86.022000,0.09625475
86.031000,0.09609265
86.040000,0.09593018
86.049000,0.09576736
86.058000,0.09560418
86.067000,0.09544064
86.076000,0.09527674
86.085000,0.09511248
86.094000,0.09494787
86.103000,0.09478291
86.112000,0.09461759
86.121000,0.09445191
86.130000,0.09428588
86.139000,0.09411950
86.148000,0.09395276
86.157000,0.09378568
86.166000,0.09361824
86.175000,0.09345045
86.184000,0.09328231
86.193000,0.09311383
86.202000,0.09294499
86.211000,0.09277581
86.220000,0.09260627
86.229000,0.09243640
86.238000,0.09226617
86.247000,0.09209560
86.256000,0.09192469
86.265000,0.09175343
86.274000,0.09158183
86.283000,0.09140988
86.292000,0.09123759
86.301000,0.09106497
86.310000,0.09089200
86.319000,0.09071869
86.328000,0.09054504
86.337000,0.09037105
86.346000,0.09019672
86.355000,0.09002206
86.364000,0.08984705
86.373000,0.08967172
86.382000,0.08949604
86.391000,0.08932003
86.400000,0.08914369
86.409000,0.08896702
86.418000,0.08879001
86.427000,0.08861266
86.436000,0.08843499
86.445000,0.08825698
86.454000,0.08807865
86.463000,0.08789998
86.472000,0.08772099
86.481000,0.08754167
86.490000,0.08736202
86.499000,0.08718204
86.508000,0.08700174
86.517000,0.08682111
86.526000,0.08664015
86.535000,0.08645888
86.544000,0.08627727
86.553000,0.08609535
86.562000,0.08591310
86.571000,0.08573053
86.580000,0.08554764
86.589000,0.08536443
86.598000,0.08518091
86.607000,0.08499706
86.616000,0.08481289
86.625000,0.08462841
86.634000,0.08444361
86.643000,0.08425849
86.652000,0.08407306
86.661000,0.08388731
86.670000,0.08370125
86.679000,0.08351488
86.688000,0.08332819
86.697000,0.08314120
86.706000,0.08295389
86.715000,0.08276627
86.724000,0.08257834
86.733000,0.08239010
86.742000,0.08220155
86.751000,0.08201270
86.760000,0.08182354
86.769000,0.08163407
86.778000,0.08144430
86.787000,0.08125422
86.796000,0.08106384
86.805000,0.08087315
86.814000,0.08068216
86.823000,0.08049087
86.832000,0.08029928
86.841000,0.08010739
86.850000,0.07991520
86.859000,0.07972271
86.868000,0.07952992
86.877000,0.07933683
86.886000,0.07914345
86.895000,0.07894977
86.904000,0.07875580
86.913000,0.07856153
86.922000,0.07836696
86.931000,0.07817211
86.940000,0.07797696
86.949000,0.07778152
86.958000,0.07758579
86.967000,0.07738976
86.976000,0.07719345
86.985000,0.07699685
86.994000,0.07679996
87.003000,0.07660279
87.012000,0.07640532
87.021000,0.07620757
87.030000,0.07600954
87.039000,0.07581122
87.048000,0.07561262
87.057000,0.07541374
87.066000,0.07521457
87.075000,0.07501512
87.084000,0.07481539
87.093000,0.07461538
87.102000,0.07441509
87.111000,0.07421453
87.120000,0.07401368
87.129000,0.07381256
87.138000,0.07361116
87.147000,0.07340949
87.156000,0.07320754
87.165000,0.07300532
87.174000,0.07280283
87.183000,0.07260006
87.192000,0.07239702
87.201000,0.07219371
87.210000,0.07199014
87.219000,0.07178629
87.228000,0.07158217
87.237000,0.07137778
87.246000,0.07117313
87.255000,0.07096821
87.264000,0.07076303
87.273000,0.07055758
87.282000,0.07035187
87.291000,0.07014589
87.300000,0.06993966
87.309000,0.06973316
87.318000,0.06952639
87.327000,0.06931937
87.336000,0.06911209
87.345000,0.06890456
87.354000,0.06869676
87.363000,0.06848871
87.372000,0.06828040
87.381000,0.06807183
87.390000,0.06786301
87.399000,0.06765394
87.408000,0.06744461
87.417000,0.06723503
87.426000,0.06702520
87.435000,0.06681512
87.444000,0.06660479
87.453000,0.06639421
87.462000,0.06618338
87.471000,0.06597231
87.480000,0.06576098
87.489000,0.06554941
87.498000,0.06533760
87.507000,0.06512554
87.516000,0.06491324
87.525000,0.06470069
87.534000,0.06448791
87.543000,0.06427488
87.552000,0.06406161
87.561000,0.06384810
87.570000,0.06363436
87.579000,0.06342037
87.588000,0.06320615
87.597000,0.06299169
87.606000,0.06277700
87.615000,0.06256207
87.624000,0.06234690
87.633000,0.06213151
87.642000,0.06191588
87.651000,0.06170002
87.660000,0.06148393
87.669000,0.06126761
87.678000,0.06105106
87.687000,0.06083428
87.696000,0.06061727
87.705000,0.06040004
87.714000,0.06018258
87.723000,0.05996490
87.732000,0.05974699
87.741000,0.05952886
87.750000,0.05931050
87.759000,0.05909193
87.768000,0.05887313
87.777000,0.05865411
87.786000,0.05843487
87.795000,0.05821542
87.804000,0.05799575
87.813000,0.05777586
87.822000,0.05755575
87.831000,0.05733543
87.840000,0.05711489
87.849000,0.05689415
87.858000,0.05667318
87.867000,0.05645201
87.876000,0.05623062
87.885000,0.05600903
87.894000,0.05578722
87.903000,0.05556521
87.912000,0.05534299
87.921000,0.05512056
87.930000,0.05489793
87.939000,0.05467509
87.948000,0.05445204
87.957000,0.05422880
87.966000,0.05400534
87.975000,0.05378169
87.984000,0.05355784
87.993000,0.05333378
88.002000,0.05310953
88.011000,0.05288508
88.020000,0.05266043
88.029000,0.05243558
88.038000,0.05221054
88.047000,0.05198530
88.056000,0.05175987
88.065000,0.05153424
88.074000,0.05130842
88.083000,0.05108241
88.092000,0.05085621
88.101000,0.05062982
88.110000,0.05040324
88.119000,0.05017647
88.128000,0.04994951
88.137000,0.04972237
88.146000,0.04949504
88.155000,0.04926752
88.164000,0.04903982
88.173000,0.04881194
88.182000,0.04858387
88.191000,0.04835563
88.200000,0.04812720
88.209000,0.04789859
88.218000,0.04766980
88.227000,0.04744084
88.236000,0.04721170
88.245000,0.04698238
88.254000,0.04675288
88.263000,0.04652321
88.272000,0.04629337
88.281000,0.04606335
88.290000,0.04583316
88.299000,0.04560280
88.308000,0.04537227
88.317000,0.04514157
88.326000,0.04491070
88.335000,0.04467966
88.344000,0.04444846
88.353000,0.04421709
88.362000,0.04398555
88.371000,0.04375385
88.380000,0.04352199
88.389000,0.04328996
88.398000,0.04305777
88.407000,0.04282542
88.416000,0.04259291
88.425000,0.04236024
88.434000,0.04212742
88.443000,0.04189443
88.452000,0.04166129
88.461000,0.04142799
88.470000,0.04119454
88.479000,0.04096093
88.488000,0.04072717
88.497000,0.04049326
88.506000,0.04025920
88.515000,0.04002499
88.524000,0.03979062
88.533000,0.03955611
88.542000,0.03932145
88.551000,0.03908664
88.560000,0.03885169
88.569000,0.03861659
88.578000,0.03838135
88.587000,0.03814596
88.596000,0.03791043
88.605000,0.03767476
88.614000,0.03743895
88.623000,0.03720300
88.632000,0.03696691
88.641000,0.03673068
88.650000,0.03649431
88.659000,0.03625781
88.668000,0.03602117
88.677000,0.03578440
88.686000,0.03554749
88.695000,0.03531045
88.704000,0.03507328
88.713000,0.03483598
88.722000,0.03459854
88.731000,0.03436098
88.740000,0.03412329
88.749000,0.03388547
88.758000,0.03364753
88.767000,0.03340946
88.776000,0.03317126
88.785000,0.03293294
88.794000,0.03269450
88.803000,0.03245593
88.812000,0.03221724
88.821000,0.03197844
88.830000,0.03173951
88.839000,0.03150047
88.848000,0.03126130
88.857000,0.03102202
88.866000,0.03078263
88.875000,0.03054312
88.884000,0.03030349
88.893000,0.03006375
88.902000,0.02982390
88.911000,0.02958394
88.920000,0.02934386
88.929000,0.02910368
88.938000,0.02886339
88.947000,0.02862299
88.956000,0.02838248
88.965000,0.02814187
88.974000,0.02790115
88.983000,0.02766033
88.992000,0.02741941
89.001000,0.02717838
89.010000,0.02693725
89.019000,0.02669602
89.028000,0.02645469
89.037000,0.02621326
89.046000,0.02597173
89.055000,0.02573011
89.064000,0.02548839
89.073000,0.02524657
89.082000,0.02500466
89.091000,0.02476266
89.100000,0.02452056
89.109000,0.02427837
89.118000,0.02403609
89.127000,0.02379372
89.136000,0.02355127
89.145000,0.02330872
89.154000,0.02306609
89.163000,0.02282337
89.172000,0.02258057
89.181000,0.02233768
89.190000,0.02209470
89.199000,0.02185165
89.208000,0.02160851
89.217000,0.02136530
89.226000,0.02112200
89.235000,0.02087862
89.244000,0.02063517
89.253000,0.02039164
89.262000,0.02014803
89.271000,0.01990435
89.280000,0.01966059
89.289000,0.01941676
89.298000,0.01917286
89.307000,0.01892888
89.316000,0.01868483
89.325000,0.01844072
89.334000,0.01819653
89.343000,0.01795228
89.352000,0.01770796
89.361000,0.01746358
89.370000,0.01721912
89.379000,0.01697461
89.388000,0.01673003
89.397000,0.01648539
89.406000,0.01624068
89.415000,0.01599592
89.424000,0.01575110
89.433000,0.01550621
89.442000,0.01526127
89.451000,0.01501628
89.460000,0.01477122
89.469000,0.01452611
89.478000,0.01428095
89.487000,0.01403573
89.496000,0.01379046
89.505000,0.01354514
89.514000,0.01329977
89.523000,0.01305435
89.532000,0.01280888
89.541000,0.01256336
89.550000,0.01231780
89.559000,0.01207219
89.568000,0.01182653
89.577000,0.01158083
89.586000,0.01133509
89.595000,0.01108930
89.604000,0.01084347
89.613000,0.01059761
89.622000,0.01035170
89.631000,0.01010575
89.640000,0.00985977
89.649000,0.00961375
89.658000,0.00936769
89.667000,0.00912160
89.676000,0.00887547
89.685000,0.00862931
89.694000,0.00838312
89.703000,0.00813690
89.712000,0.00789065
89.721000,0.00764436
89.730000,0.00739805
89.739000,0.00715171
89.748000,0.00690535
89.757000,0.00665896
89.766000,0.00641254
89.775000,0.00616610
89.784000,0.00591964
89.793000,0.00567315
89.802000,0.00542665
89.811000,0.00518012
89.820000,0.00493357
89.829000,0.00468701
89.838000,0.00444043
89.847000,0.00419383
89.856000,0.00394721
89.865000,0.00370058
89.874000,0.00345394
89.883000,0.00320728
89.892000,0.00296062
89.901000,0.00271394
89.910000,0.00246725
89.919000,0.00222055
89.928000,0.00197384
89.937000,0.00172713
89.946000,0.00148041
89.955000,0.00123368
89.964000,0.00098695
89.973000,0.00074022
89.982000,0.00049348
89.991000,0.00024674
90.000000,0.00000000
