theta_deg,F1,FC_E,FC_H,F_E,F_H
0.00000,1.000000,1.000000,1.000000,1.000000,1.000000
0.00573,1.000000,1.000000,1.000000,1.000000,1.000000
0.01146,1.000000,0.999999,1.000000,0.999999,0.999999
0.01719,1.000000,0.999998,0.999999,0.999998,0.999999
0.02292,1.000000,0.999997,0.999998,0.999996,0.999998
0.02865,1.000000,0.999995,0.999997,0.999994,0.999997
0.03438,1.000000,0.999992,0.999996,0.999992,0.999995
0.04011,1.000000,0.999989,0.999994,0.999989,0.999994
0.04584,1.000000,0.999986,0.999992,0.999986,0.999992
0.05157,1.000000,0.999982,0.999990,0.999982,0.999990
0.05730,1.000000,0.999978,0.999988,0.999978,0.999987
0.06303,1.000000,0.999974,0.999985,0.999973,0.999985
0.06875,1.000000,0.999969,0.999982,0.999968,0.999982
0.07448,1.000000,0.999963,0.999979,0.999963,0.999979
0.08021,1.000000,0.999957,0.999976,0.999957,0.999975
0.08594,0.999999,0.999951,0.999972,0.999950,0.999972
0.09167,0.999999,0.999944,0.999968,0.999944,0.999968
0.09740,0.999999,0.999937,0.999964,0.999936,0.999964
0.10313,0.999999,0.999930,0.999960,0.999929,0.999959
0.10886,0.999999,0.999921,0.999955,0.999921,0.999954
0.11459,0.999999,0.999913,0.999951,0.999912,0.999950
0.12032,0.999999,0.999904,0.999945,0.999903,0.999944
0.12605,0.999999,0.999895,0.999940,0.999894,0.999939
0.13178,0.999999,0.999885,0.999935,0.999884,0.999933
0.13751,0.999999,0.999875,0.999929,0.999873,0.999927
0.14324,0.999998,0.999864,0.999923,0.999862,0.999921
0.14897,0.999998,0.999853,0.999916,0.999851,0.999915
0.15470,0.999998,0.999841,0.999910,0.999840,0.999908
0.16043,0.999998,0.999829,0.999903,0.999828,0.999901
0.16616,0.999998,0.999817,0.999896,0.999815,0.999894
0.17189,0.999998,0.999804,0.999889,0.999802,0.999887
0.17762,0.999998,0.999791,0.999881,0.999789,0.999879
0.18335,0.999997,0.999777,0.999873,0.999775,0.999871
0.18908,0.999997,0.999763,0.999865,0.999760,0.999863
0.19481,0.999997,0.999749,0.999857,0.999746,0.999854
0.20054,0.999997,0.999734,0.999849,0.999731,0.999846
0.20626,0.999997,0.999718,0.999840,0.999715,0.999837
0.21199,0.999997,0.999702,0.999831,0.999699,0.999827
0.21772,0.999996,0.999686,0.999822,0.999682,0.999818
0.22345,0.999996,0.999669,0.999812,0.999665,0.999808
0.22918,0.999996,0.999652,0.999802,0.999648,0.999798
0.23491,0.999996,0.999634,0.999792,0.999630,0.999788
0.24064,0.999996,0.999616,0.999782,0.999612,0.999778
0.24637,0.999995,0.999598,0.999771,0.999593,0.999767
0.25210,0.999995,0.999579,0.999761,0.999574,0.999756
0.25783,0.999995,0.999560,0.999750,0.999555,0.999745
0.26356,0.999995,0.999540,0.999738,0.999535,0.999733
0.26929,0.999994,0.999520,0.999727,0.999514,0.999721
0.27502,0.999994,0.999499,0.999715,0.999493,0.999709
0.28075,0.999994,0.999478,0.999703,0.999472,0.999697
0.28648,0.999994,0.999456,0.999691,0.999450,0.999685
0.29221,0.999993,0.999434,0.999679,0.999428,0.999672
0.29794,0.999993,0.999412,0.999666,0.999405,0.999659
0.30367,0.999993,0.999389,0.999653,0.999382,0.999646
0.30940,0.999993,0.999366,0.999640,0.999359,0.999632
0.31513,0.999992,0.999342,0.999626,0.999335,0.999619
0.32086,0.999992,0.999318,0.999612,0.999310,0.999605
0.32659,0.999992,0.999293,0.999598,0.999285,0.999590
0.33232,0.999992,0.999268,0.999584,0.999260,0.999576
0.33805,0.999991,0.999243,0.999570,0.999234,0.999561
0.34377,0.999991,0.999217,0.999555,0.999208,0.999546
0.34950,0.999991,0.999191,0.999540,0.999182,0.999531
0.35523,0.999990,0.999164,0.999525,0.999155,0.999515
0.36096,0.999990,0.999137,0.999509,0.999127,0.999500
0.36669,0.999990,0.999109,0.999494,0.999099,0.999484
0.37242,0.999989,0.999081,0.999478,0.999071,0.999467
0.37815,0.999989,0.999053,0.999462,0.999042,0.999451
0.38388,0.999989,0.999024,0.999445,0.999013,0.999434
0.38961,0.999988,0.998995,0.999429,0.998983,0.999417
0.39534,0.999988,0.998965,0.999412,0.998953,0.999400
0.40107,0.999988,0.998935,0.999394,0.998922,0.999382
0.40680,0.999987,0.998904,0.999377,0.998891,0.999364
0.41253,0.999987,0.998873,0.999359,0.998860,0.999346
0.41826,0.999987,0.998841,0.999341,0.998828,0.999328
0.42399,0.999986,0.998809,0.999323,0.998796,0.999310
0.42972,0.999986,0.998777,0.999305,0.998763,0.999291
0.43545,0.999986,0.998744,0.999286,0.998730,0.999272
0.44118,0.999985,0.998711,0.999267,0.998696,0.999253
0.44691,0.999985,0.998677,0.999248,0.998662,0.999233
0.45264,0.999984,0.998643,0.999229,0.998628,0.999213
0.45837,0.999984,0.998609,0.999209,0.998593,0.999193
0.46410,0.999984,0.998574,0.999189,0.998557,0.999173
0.46983,0.999983,0.998538,0.999169,0.998521,0.999152
0.47555,0.999983,0.998502,0.999149,0.998485,0.999132
0.48128,0.999982,0.998466,0.999128,0.998448,0.999110
0.48701,0.999982,0.998429,0.999107,0.998411,0.999089
0.49274,0.999982,0.998392,0.999086,0.998374,0.999068
0.49847,0.999981,0.998355,0.999065,0.998336,0.999046
0.50420,0.999981,0.998316,0.999043,0.998297,0.999024
0.50993,0.999980,0.998278,0.999021,0.998258,0.999001
0.51566,0.999980,0.998239,0.998999,0.998219,0.998979
0.52139,0.999979,0.998200,0.998977,0.998179,0.998956
0.52712,0.999979,0.998160,0.998954,0.998139,0.998933
0.53285,0.999978,0.998120,0.998931,0.998098,0.998910
0.53858,0.999978,0.998079,0.998908,0.998057,0.998886
0.54431,0.999977,0.998038,0.998885,0.998016,0.998862
0.55004,0.999977,0.997997,0.998861,0.997974,0.998838
0.55577,0.999976,0.997955,0.998837,0.997931,0.998814
0.56150,0.999976,0.997912,0.998813,0.997888,0.998789
0.56723,0.999975,0.997870,0.998789,0.997845,0.998765
0.57296,0.999975,0.997826,0.998764,0.997801,0.998740
0.57869,0.999974,0.997783,0.998740,0.997757,0.998714
0.58442,0.999974,0.997739,0.998715,0.997713,0.998689
0.59015,0.999973,0.997694,0.998689,0.997668,0.998663
0.59588,0.999973,0.997649,0.998664,0.997622,0.998637
0.60161,0.999972,0.997604,0.998638,0.997576,0.998610
0.60734,0.999972,0.997558,0.998612,0.997530,0.998584
0.61306,0.999971,0.997512,0.998586,0.997483,0.998557
0.61879,0.999971,0.997465,0.998559,0.997436,0.998530
0.62452,0.999970,0.997418,0.998532,0.997388,0.998503
0.63025,0.999970,0.997370,0.998505,0.997340,0.998475
0.63598,0.999969,0.997322,0.998478,0.997292,0.998447
0.64171,0.999969,0.997274,0.998450,0.997243,0.998419
0.64744,0.999968,0.997225,0.998423,0.997193,0.998391
0.65317,0.999968,0.997176,0.998395,0.997143,0.998362
0.65890,0.999967,0.997126,0.998366,0.997093,0.998333
0.66463,0.999966,0.997076,0.998338,0.997042,0.998304
0.67036,0.999966,0.997025,0.998309,0.996991,0.998275
0.67609,0.999965,0.996974,0.998280,0.996940,0.998245
0.68182,0.999965,0.996923,0.998251,0.996888,0.998215
0.68755,0.999964,0.996871,0.998221,0.996835,0.998185
0.69328,0.999963,0.996819,0.998192,0.996782,0.998155
0.69901,0.999963,0.996766,0.998162,0.996729,0.998124
0.70474,0.999962,0.996713,0.998131,0.996675,0.998094
0.71047,0.999962,0.996659,0.998101,0.996621,0.998062
0.71620,0.999961,0.996605,0.998070,0.996566,0.998031
0.72193,0.999960,0.996551,0.998039,0.996511,0.997999
0.72766,0.999960,0.996496,0.998008,0.996455,0.997968
0.73339,0.999959,0.996440,0.997976,0.996399,0.997936
0.73912,0.999958,0.996385,0.997945,0.996343,0.997903
0.74485,0.999958,0.996328,0.997913,0.996286,0.997871
0.75057,0.999957,0.996272,0.997880,0.996229,0.997838
0.75630,0.999956,0.996215,0.997848,0.996171,0.997805
0.76203,0.999956,0.996157,0.997815,0.996113,0.997771
0.76776,0.999955,0.996099,0.997782,0.996054,0.997738
0.77349,0.999954,0.996041,0.997749,0.995995,0.997704
0.77922,0.999954,0.995982,0.997716,0.995936,0.997670
0.78495,0.999953,0.995923,0.997682,0.995876,0.997635
0.79068,0.999952,0.995863,0.997648,0.995816,0.997601
0.79641,0.999952,0.995803,0.997614,0.995755,0.997566
0.80214,0.999951,0.995742,0.997580,0.995694,0.997531
0.80787,0.999950,0.995682,0.997545,0.995632,0.997495
0.81360,0.999950,0.995620,0.997510,0.995570,0.997460
0.81933,0.999949,0.995558,0.997475,0.995507,0.997424
0.82506,0.999948,0.995496,0.997439,0.995444,0.997388
0.83079,0.999947,0.995433,0.997404,0.995381,0.997351
0.83652,0.999947,0.995370,0.997368,0.995317,0.997315
0.84225,0.999946,0.995307,0.997332,0.995253,0.997278
0.84798,0.999945,0.995243,0.997295,0.995188,0.997241
0.85371,0.999944,0.995178,0.997259,0.995123,0.997203
0.85944,0.999944,0.995114,0.997222,0.995058,0.997166
0.86517,0.999943,0.995048,0.997185,0.994992,0.997128
0.87090,0.999942,0.994983,0.997147,0.994925,0.997090
0.87663,0.999941,0.994916,0.997110,0.994858,0.997051
0.88236,0.999941,0.994850,0.997072,0.994791,0.997013
0.88808,0.999940,0.994783,0.997034,0.994723,0.996974
0.89381,0.999939,0.994715,0.996995,0.994655,0.996935
0.89954,0.999938,0.994648,0.996957,0.994586,0.996895
0.90527,0.999938,0.994579,0.996918,0.994517,0.996856
0.91100,0.999937,0.994511,0.996879,0.994448,0.996816
0.91673,0.999936,0.994441,0.996840,0.994378,0.996776
0.92246,0.999935,0.994372,0.996800,0.994307,0.996735
0.92819,0.999934,0.994302,0.996760,0.994237,0.996695
0.93392,0.999934,0.994231,0.996720,0.994165,0.996654
0.93965,0.999933,0.994161,0.996680,0.994094,0.996613
0.94538,0.999932,0.994089,0.996639,0.994022,0.996571
0.95111,0.999931,0.994018,0.996598,0.993949,0.996530
0.95684,0.999930,0.993945,0.996557,0.993876,0.996488
0.96257,0.999929,0.993873,0.996516,0.993803,0.996446
0.96830,0.999929,0.993800,0.996474,0.993729,0.996403
0.97403,0.999928,0.993726,0.996433,0.993655,0.996361
0.97976,0.999927,0.993652,0.996391,0.993580,0.996318
0.98549,0.999926,0.993578,0.996348,0.993505,0.996275
0.99122,0.999925,0.993503,0.996306,0.993429,0.996231
0.99695,0.999924,0.993428,0.996263,0.993353,0.996188
1.00268,0.999923,0.993353,0.996220,0.993277,0.996144
1.00841,0.999923,0.993277,0.996177,0.993200,0.996100
1.01414,0.999922,0.993200,0.996133,0.993122,0.996055
1.01986,0.999921,0.993123,0.996090,0.993045,0.996011
1.02559,0.999920,0.993046,0.996046,0.992966,0.995966
1.03132,0.999919,0.992968,0.996001,0.992888,0.995921
1.03705,0.999918,0.992890,0.995957,0.992809,0.995875
1.04278,0.999917,0.992811,0.995912,0.992729,0.995830
1.04851,0.999916,0.992732,0.995867,0.992649,0.995784
1.05424,0.999915,0.992653,0.995822,0.992569,0.995738
1.05997,0.999914,0.992573,0.995776,0.992488,0.995691
1.06570,0.999914,0.992493,0.995731,0.992407,0.995645
1.07143,0.999913,0.992412,0.995685,0.992325,0.995598
1.07716,0.999912,0.992331,0.995639,0.992243,0.995551
1.08289,0.999911,0.992249,0.995592,0.992161,0.995503
1.08862,0.999910,0.992167,0.995545,0.992078,0.995456
1.09435,0.999909,0.992085,0.995499,0.991994,0.995408
1.10008,0.999908,0.992002,0.995451,0.991910,0.995360
1.10581,0.999907,0.991919,0.995404,0.991826,0.995311
1.11154,0.999906,0.991835,0.995356,0.991742,0.995263
1.11727,0.999905,0.991751,0.995308,0.991656,0.995214
1.12300,0.999904,0.991666,0.995260,0.991571,0.995165
1.12873,0.999903,0.991581,0.995212,0.991485,0.995115
1.13446,0.999902,0.991496,0.995163,0.991398,0.995066
1.14019,0.999901,0.991410,0.995114,0.991312,0.995016
1.14592,0.999900,0.991323,0.995065,0.991224,0.994966
1.15165,0.999899,0.991237,0.995016,0.991137,0.994915
1.15737,0.999898,0.991149,0.994966,0.991048,0.994865
1.16310,0.999897,0.991062,0.994916,0.990960,0.994814
1.16883,0.999896,0.990974,0.994866,0.990871,0.994763
1.17456,0.999895,0.990885,0.994816,0.990781,0.994711
1.18029,0.999894,0.990796,0.994765,0.990691,0.994660
1.18602,0.999893,0.990707,0.994714,0.990601,0.994608
1.19175,0.999892,0.990617,0.994663,0.990510,0.994556
1.19748,0.999891,0.990527,0.994612,0.990419,0.994503
1.20321,0.999890,0.990437,0.994560,0.990327,0.994451
1.20894,0.999889,0.990346,0.994509,0.990235,0.994398
1.21467,0.999888,0.990254,0.994457,0.990143,0.994345
1.22040,0.999887,0.990162,0.994404,0.990050,0.994291
1.22613,0.999886,0.990070,0.994352,0.989957,0.994238
1.23186,0.999884,0.989977,0.994299,0.989863,0.994184
1.23759,0.999883,0.989884,0.994246,0.989769,0.994130
1.24332,0.999882,0.989791,0.994193,0.989674,0.994076
1.24905,0.999881,0.989697,0.994139,0.989579,0.994021
1.25478,0.999880,0.989602,0.994085,0.989484,0.993966
1.26051,0.999879,0.989507,0.994031,0.989388,0.993911
1.26624,0.999878,0.989412,0.993977,0.989291,0.993856
1.27197,0.999877,0.989316,0.993923,0.989194,0.993800
1.27770,0.999876,0.989220,0.993868,0.989097,0.993744
1.28343,0.999875,0.989124,0.993813,0.989000,0.993688
1.28916,0.999873,0.989027,0.993758,0.988901,0.993632
1.29488,0.999872,0.988929,0.993702,0.988803,0.993575
1.30061,0.999871,0.988831,0.993646,0.988704,0.993518
1.30634,0.999870,0.988733,0.993590,0.988605,0.993461
1.31207,0.999869,0.988634,0.993534,0.988505,0.993404
1.31780,0.999868,0.988535,0.993478,0.988405,0.993346
1.32353,0.999867,0.988436,0.993421,0.988304,0.993289
1.32926,0.999865,0.988336,0.993364,0.988203,0.993230
1.33499,0.999864,0.988235,0.993307,0.988101,0.993172
1.34072,0.999863,0.988135,0.993250,0.987999,0.993114
1.34645,0.999862,0.988033,0.993192,0.987897,0.993055
1.35218,0.999861,0.987932,0.993134,0.987794,0.992996
1.35791,0.999860,0.987830,0.993076,0.987691,0.992936
1.36364,0.999858,0.987727,0.993017,0.987587,0.992877
1.36937,0.999857,0.987624,0.992959,0.987483,0.992817
1.37510,0.999856,0.987521,0.992900,0.987379,0.992757
1.38083,0.999855,0.987417,0.992841,0.987274,0.992697
1.38656,0.999854,0.987313,0.992781,0.987168,0.992636
1.39229,0.999852,0.987208,0.992722,0.987062,0.992575
1.39802,0.999851,0.987103,0.992662,0.986956,0.992514
1.40375,0.999850,0.986997,0.992602,0.986849,0.992453
1.40948,0.999849,0.986892,0.992542,0.986742,0.992391
1.41521,0.999847,0.986785,0.992481,0.986635,0.992330
1.42094,0.999846,0.986678,0.992420,0.986527,0.992268
1.42666,0.999845,0.986571,0.992359,0.986418,0.992205
1.43239,0.999844,0.986464,0.992298,0.986310,0.992143
1.43812,0.999843,0.986356,0.992236,0.986200,0.992080
1.44385,0.999841,0.986247,0.992174,0.986091,0.992017
1.44958,0.999840,0.986138,0.992112,0.985980,0.991954
1.45531,0.999839,0.986029,0.992050,0.985870,0.991890
1.46104,0.999837,0.985919,0.991988,0.985759,0.991826
1.46677,0.999836,0.985809,0.991925,0.985648,0.991762
1.47250,0.999835,0.985698,0.991862,0.985536,0.991698
1.47823,0.999834,0.985587,0.991799,0.985423,0.991634
1.48396,0.999832,0.985476,0.991735,0.985311,0.991569
1.48969,0.999831,0.985364,0.991671,0.985198,0.991504
1.49542,0.999830,0.985252,0.991607,0.985084,0.991438
1.50115,0.999828,0.985139,0.991543,0.984970,0.991373
1.50688,0.999827,0.985026,0.991479,0.984856,0.991307
1.51261,0.999826,0.984913,0.991414,0.984741,0.991241
1.51834,0.999824,0.984799,0.991349,0.984626,0.991175
1.52407,0.999823,0.984684,0.991284,0.984510,0.991108
1.52980,0.999822,0.984569,0.991218,0.984394,0.991042
1.53553,0.999820,0.984454,0.991153,0.984277,0.990975
1.54126,0.999819,0.984339,0.991087,0.984160,0.990908
1.54699,0.999818,0.984222,0.991021,0.984043,0.990840
1.55272,0.999816,0.984106,0.990954,0.983925,0.990772
1.55845,0.999815,0.983989,0.990888,0.983807,0.990704
1.56417,0.999814,0.983872,0.990821,0.983688,0.990636
1.56990,0.999812,0.983754,0.990754,0.983569,0.990568
1.57563,0.999811,0.983636,0.990686,0.983450,0.990499
1.58136,0.999810,0.983517,0.990619,0.983330,0.990430
1.58709,0.999808,0.983398,0.990551,0.983209,0.990361
1.59282,0.999807,0.983279,0.990483,0.983089,0.990291
1.59855,0.999805,0.983159,0.990414,0.982967,0.990222
1.60428,0.999804,0.983039,0.990346,0.982846,0.990152
1.61001,0.999803,0.982918,0.990277,0.982724,0.990081
1.61574,0.999801,0.982797,0.990208,0.982601,0.990011
1.62147,0.999800,0.982675,0.990139,0.982478,0.989940
1.62720,0.999798,0.982553,0.990069,0.982355,0.989869
1.63293,0.999797,0.982431,0.989999,0.982231,0.989798
1.63866,0.999796,0.982308,0.989929,0.982107,0.989727
1.64439,0.999794,0.982185,0.989859,0.981982,0.989655
1.65012,0.999793,0.982061,0.989788,0.981857,0.989583
1.65585,0.999791,0.981937,0.989718,0.981732,0.989511
1.66158,0.999790,0.981812,0.989647,0.981606,0.989439
1.66731,0.999788,0.981688,0.989575,0.981480,0.989366
1.67304,0.999787,0.981562,0.989504,0.981353,0.989293
1.67877,0.999785,0.981436,0.989432,0.981226,0.989220
1.68450,0.999784,0.981310,0.989360,0.981098,0.989147
1.69023,0.999782,0.981184,0.989288,0.980970,0.989073
1.69596,0.999781,0.981057,0.989216,0.980842,0.988999
1.70168,0.999779,0.980929,0.989143,0.980713,0.988925
1.70741,0.999778,0.980801,0.989070,0.980584,0.988851
1.71314,0.999777,0.980673,0.988997,0.980454,0.988776
1.71887,0.999775,0.980544,0.988924,0.980324,0.988701
1.72460,0.999774,0.980415,0.988850,0.980193,0.988626
1.73033,0.999772,0.980286,0.988776,0.980062,0.988551
1.73606,0.999770,0.980156,0.988702,0.979931,0.988475
1.74179,0.999769,0.980025,0.988628,0.979799,0.988399
1.74752,0.999767,0.979895,0.988553,0.979667,0.988323
1.75325,0.999766,0.979763,0.988478,0.979534,0.988247
1.75898,0.999764,0.979632,0.988403,0.979401,0.988170
1.76471,0.999763,0.979500,0.988328,0.979267,0.988093
1.77044,0.999761,0.979367,0.988252,0.979134,0.988016
1.77617,0.999760,0.979234,0.988176,0.978999,0.987939
1.78190,0.999758,0.979101,0.988100,0.978864,0.987861
1.78763,0.999757,0.978967,0.988024,0.978729,0.987784
1.79336,0.999755,0.978833,0.987947,0.978594,0.987705
1.79909,0.999754,0.978699,0.987871,0.978457,0.987627
1.80482,0.999752,0.978564,0.987794,0.978321,0.987549
1.81055,0.999750,0.978428,0.987716,0.978184,0.987470
1.81628,0.999749,0.978293,0.987639,0.978047,0.987391
1.82201,0.999747,0.978156,0.987561,0.977909,0.987312
1.82774,0.999746,0.978020,0.987483,0.977771,0.987232
1.83346,0.999744,0.977883,0.987405,0.977632,0.987152
1.83919,0.999742,0.977745,0.987327,0.977493,0.987072
1.84492,0.999741,0.977607,0.987248,0.977354,0.986992
1.85065,0.999739,0.977469,0.987169,0.977214,0.986912
1.85638,0.999738,0.977330,0.987090,0.977074,0.986831
1.86211,0.999736,0.977191,0.987010,0.976933,0.986750
1.86784,0.999734,0.977052,0.986931,0.976792,0.986669
1.87357,0.999733,0.976912,0.986851,0.976650,0.986587
1.87930,0.999731,0.976771,0.986771,0.976509,0.986505
1.88503,0.999729,0.976630,0.986690,0.976366,0.986423
1.89076,0.999728,0.976489,0.986610,0.976223,0.986341
1.89649,0.999726,0.976348,0.986529,0.976080,0.986259
1.90222,0.999724,0.976205,0.986448,0.975937,0.986176
1.90795,0.999723,0.976063,0.986367,0.975792,0.986093
1.91368,0.999721,0.975920,0.986285,0.975648,0.986010
1.91941,0.999719,0.975777,0.986203,0.975503,0.985926
1.92514,0.999718,0.975633,0.986121,0.975358,0.985843
1.93087,0.999716,0.975489,0.986039,0.975212,0.985759
1.93660,0.999714,0.975344,0.985956,0.975066,0.985675
1.94233,0.999713,0.975200,0.985874,0.974919,0.985590
1.94806,0.999711,0.975054,0.985791,0.974772,0.985506
1.95379,0.999709,0.974908,0.985707,0.974625,0.985421
1.95952,0.999708,0.974762,0.985624,0.974477,0.985336
1.96525,0.999706,0.974616,0.985540,0.974329,0.985250
1.97097,0.999704,0.974469,0.985456,0.974180,0.985165
1.97670,0.999702,0.974321,0.985372,0.974031,0.985079
1.98243,0.999701,0.974173,0.985288,0.973882,0.984993
1.98816,0.999699,0.974025,0.985203,0.973732,0.984906
1.99389,0.999697,0.973876,0.985118,0.973581,0.984820
1.99962,0.999696,0.973727,0.985033,0.973431,0.984733
2.00535,0.999694,0.973578,0.984947,0.973280,0.984646
2.01108,0.999692,0.973428,0.984862,0.973128,0.984559
2.01681,0.999690,0.973277,0.984776,0.972976,0.984471
2.02254,0.999689,0.973127,0.984690,0.972824,0.984383
2.02827,0.999687,0.972976,0.984604,0.972671,0.984295
2.03400,0.999685,0.972824,0.984517,0.972517,0.984207
2.03973,0.999683,0.972672,0.984430,0.972364,0.984118
2.04546,0.999681,0.972520,0.984343,0.972210,0.984029
2.05119,0.999680,0.972367,0.984256,0.972055,0.983940
2.05692,0.999678,0.972213,0.984168,0.971900,0.983851
2.06265,0.999676,0.972060,0.984081,0.971745,0.983762
2.06838,0.999674,0.971906,0.983992,0.971589,0.983672
2.07411,0.999672,0.971751,0.983904,0.971433,0.983582
2.07984,0.999671,0.971596,0.983816,0.971276,0.983492
2.08557,0.999669,0.971441,0.983727,0.971119,0.983401
2.09130,0.999667,0.971285,0.983638,0.970962,0.983311
2.09703,0.999665,0.971129,0.983549,0.970804,0.983220
2.10276,0.999663,0.970973,0.983459,0.970646,0.983128
2.10848,0.999661,0.970816,0.983370,0.970487,0.983037
2.11421,0.999660,0.970659,0.983280,0.970328,0.982945
2.11994,0.999658,0.970501,0.983190,0.970169,0.982853
2.12567,0.999656,0.970343,0.983099,0.970009,0.982761
2.13140,0.999654,0.970184,0.983009,0.969848,0.982669
2.13713,0.999652,0.970025,0.982918,0.969688,0.982576
2.14286,0.999650,0.969866,0.982827,0.969527,0.982483
2.14859,0.999648,0.969706,0.982735,0.969365,0.982390
2.15432,0.999647,0.969546,0.982644,0.969203,0.982297
2.16005,0.999645,0.969385,0.982552,0.969041,0.982203
2.16578,0.999643,0.969224,0.982460,0.968878,0.982109
2.17151,0.999641,0.969063,0.982368,0.968715,0.982015
2.17724,0.999639,0.968901,0.982275,0.968551,0.981921
2.18297,0.999637,0.968738,0.982183,0.968387,0.981826
2.18870,0.999635,0.968576,0.982090,0.968222,0.981731
2.19443,0.999633,0.968413,0.981996,0.968058,0.981636
2.20016,0.999631,0.968249,0.981903,0.967892,0.981541
2.20589,0.999629,0.968085,0.981809,0.967727,0.981445
2.21162,0.999628,0.967921,0.981715,0.967561,0.981350
2.21735,0.999626,0.967756,0.981621,0.967394,0.981254
2.22308,0.999624,0.967591,0.981527,0.967227,0.981157
2.22881,0.999622,0.967426,0.981432,0.967060,0.981061
2.23454,0.999620,0.967260,0.981337,0.966892,0.980964
2.24026,0.999618,0.967093,0.981242,0.966724,0.980867
2.24599,0.999616,0.966927,0.981147,0.966555,0.980770
2.25172,0.999614,0.966759,0.981051,0.966386,0.980672
2.25745,0.999612,0.966592,0.980955,0.966217,0.980575
2.26318,0.999610,0.966424,0.980859,0.966047,0.980477
2.26891,0.999608,0.966255,0.980763,0.965877,0.980378
2.27464,0.999606,0.966087,0.980666,0.965706,0.980280
2.28037,0.999604,0.965917,0.980569,0.965535,0.980181
2.28610,0.999602,0.965748,0.980472,0.965364,0.980082
2.29183,0.999600,0.965578,0.980375,0.965192,0.979983
2.29756,0.999598,0.965407,0.980278,0.965019,0.979884
2.30329,0.999596,0.965237,0.980180,0.964847,0.979784
2.30902,0.999594,0.965065,0.980082,0.964674,0.979684
2.31475,0.999592,0.964894,0.979984,0.964500,0.979584
2.32048,0.999590,0.964722,0.979885,0.964326,0.979484
2.32621,0.999588,0.964549,0.979787,0.964152,0.979383
2.33194,0.999586,0.964376,0.979688,0.963977,0.979282
2.33767,0.999584,0.964203,0.979589,0.963802,0.979181
2.34340,0.999582,0.964029,0.979489,0.963626,0.979080
2.34913,0.999580,0.963855,0.979390,0.963450,0.978978
2.35486,0.999578,0.963681,0.979290,0.963274,0.978876
2.36059,0.999576,0.963506,0.979190,0.963097,0.978774
2.36632,0.999574,0.963331,0.979090,0.962920,0.978672
2.37205,0.999572,0.963155,0.978989,0.962742,0.978570
2.37777,0.999569,0.962979,0.978888,0.962564,0.978467
2.38350,0.999567,0.962802,0.978787,0.962386,0.978364
2.38923,0.999565,0.962625,0.978686,0.962207,0.978261
2.39496,0.999563,0.962448,0.978585,0.962028,0.978157
2.40069,0.999561,0.962270,0.978483,0.961848,0.978053
2.40642,0.999559,0.962092,0.978381,0.961668,0.977949
2.41215,0.999557,0.961914,0.978279,0.961487,0.977845
2.41788,0.999555,0.961735,0.978176,0.961307,0.977741
2.42361,0.999553,0.961555,0.978074,0.961125,0.977636
2.42934,0.999551,0.961376,0.977971,0.960944,0.977531
2.43507,0.999549,0.961195,0.977868,0.960762,0.977426
2.44080,0.999546,0.961015,0.977764,0.960579,0.977321
2.44653,0.999544,0.960834,0.977661,0.960396,0.977215
2.45226,0.999542,0.960653,0.977557,0.960213,0.977109
2.45799,0.999540,0.960471,0.977453,0.960029,0.977003
2.46372,0.999538,0.960289,0.977348,0.959845,0.976897
2.46945,0.999536,0.960106,0.977244,0.959660,0.976790
2.47518,0.999534,0.959923,0.977139,0.959475,0.976683
2.48091,0.999531,0.959740,0.977034,0.959290,0.976576
2.48664,0.999529,0.959556,0.976929,0.959104,0.976469
2.49237,0.999527,0.959372,0.976823,0.958918,0.976361
2.49810,0.999525,0.959187,0.976718,0.958732,0.976254
2.50383,0.999523,0.959002,0.976612,0.958545,0.976146
2.50956,0.999520,0.958817,0.976506,0.958357,0.976037
2.51528,0.999518,0.958631,0.976399,0.958169,0.975929
2.52101,0.999516,0.958445,0.976293,0.957981,0.975820
2.52674,0.999514,0.958258,0.976186,0.957793,0.975711
2.53247,0.999512,0.958071,0.976079,0.957604,0.975602
2.53820,0.999509,0.957884,0.975971,0.957414,0.975493
2.54393,0.999507,0.957696,0.975864,0.957224,0.975383
2.54966,0.999505,0.957508,0.975756,0.957034,0.975273
2.55539,0.999503,0.957319,0.975648,0.956843,0.975163
2.56112,0.999501,0.957130,0.975540,0.956652,0.975052
2.56685,0.999498,0.956941,0.975431,0.956461,0.974942
2.57258,0.999496,0.956751,0.975322,0.956269,0.974831
2.57831,0.999494,0.956561,0.975214,0.956077,0.974720
2.58404,0.999492,0.956371,0.975104,0.955884,0.974609
2.58977,0.999489,0.956180,0.974995,0.955691,0.974497
2.59550,0.999487,0.955988,0.974885,0.955498,0.974385
2.60123,0.999485,0.955796,0.974775,0.955304,0.974273
2.60696,0.999483,0.955604,0.974665,0.955110,0.974161
2.61269,0.999480,0.955412,0.974555,0.954915,0.974048
2.61842,0.999478,0.955219,0.974444,0.954720,0.973936
2.62415,0.999476,0.955025,0.974333,0.954525,0.973823
2.62988,0.999473,0.954832,0.974222,0.954329,0.973709
2.63561,0.999471,0.954637,0.974111,0.954132,0.973596
2.64134,0.999469,0.954443,0.974000,0.953936,0.973482
2.64707,0.999466,0.954248,0.973888,0.953739,0.973368
2.65279,0.999464,0.954052,0.973776,0.953541,0.973254
2.65852,0.999462,0.953857,0.973664,0.953343,0.973140
2.66425,0.999460,0.953661,0.973551,0.953145,0.973025
2.66998,0.999457,0.953464,0.973438,0.952946,0.972910
2.67571,0.999455,0.953267,0.973326,0.952747,0.972795
2.68144,0.999453,0.953070,0.973212,0.952548,0.972680
2.68717,0.999450,0.952872,0.973099,0.952348,0.972564
2.69290,0.999448,0.952674,0.972985,0.952148,0.972448
2.69863,0.999446,0.952475,0.972872,0.951947,0.972332
2.70436,0.999443,0.952276,0.972757,0.951746,0.972216
2.71009,0.999441,0.952077,0.972643,0.951545,0.972099
2.71582,0.999438,0.951877,0.972529,0.951343,0.971982
2.72155,0.999436,0.951677,0.972414,0.951140,0.971865
2.72728,0.999434,0.951477,0.972299,0.950938,0.971748
2.73301,0.999431,0.951276,0.972184,0.950735,0.971631
2.73874,0.999429,0.951074,0.972068,0.950531,0.971513
2.74447,0.999427,0.950873,0.971952,0.950327,0.971395
2.75020,0.999424,0.950671,0.971837,0.950123,0.971277
2.75593,0.999422,0.950468,0.971720,0.949919,0.971158
2.76166,0.999419,0.950265,0.971604,0.949713,0.971040
2.76739,0.999417,0.950062,0.971487,0.949508,0.970921
2.77312,0.999414,0.949858,0.971371,0.949302,0.970802
2.77885,0.999412,0.949654,0.971253,0.949096,0.970682
2.78457,0.999410,0.949450,0.971136,0.948889,0.970563
2.79030,0.999407,0.949245,0.971019,0.948682,0.970443
2.79603,0.999405,0.949040,0.970901,0.948475,0.970323
2.80176,0.999402,0.948834,0.970783,0.948267,0.970203
2.80749,0.999400,0.948628,0.970665,0.948059,0.970082
2.81322,0.999397,0.948422,0.970546,0.947850,0.969961
2.81895,0.999395,0.948215,0.970428,0.947641,0.969840
2.82468,0.999393,0.948008,0.970309,0.947432,0.969719
2.83041,0.999390,0.947800,0.970189,0.947222,0.969598
2.83614,0.999388,0.947592,0.970070,0.947012,0.969476
2.84187,0.999385,0.947384,0.969950,0.946801,0.969354
2.84760,0.999383,0.947175,0.969831,0.946590,0.969232
2.85333,0.999380,0.946966,0.969711,0.946379,0.969109
2.85906,0.999378,0.946756,0.969590,0.946167,0.968987
2.86479,0.999375,0.946546,0.969470,0.945955,0.968864
2.87052,0.999373,0.946336,0.969349,0.945742,0.968741
2.87625,0.999370,0.946125,0.969228,0.945529,0.968617
2.88198,0.999368,0.945914,0.969107,0.945316,0.968494
2.88771,0.999365,0.945702,0.968985,0.945102,0.968370
2.89344,0.999363,0.945490,0.968864,0.944888,0.968246
2.89917,0.999360,0.945278,0.968742,0.944673,0.968122
2.90490,0.999358,0.945065,0.968620,0.944458,0.967997
2.91063,0.999355,0.944852,0.968497,0.944243,0.967873
2.91636,0.999352,0.944639,0.968375,0.944027,0.967748
2.92208,0.999350,0.944425,0.968252,0.943811,0.967622
2.92781,0.999347,0.944211,0.968129,0.943595,0.967497
2.93354,0.999345,0.943996,0.968005,0.943378,0.967371
2.93927,0.999342,0.943781,0.967882,0.943160,0.967245
2.94500,0.999340,0.943566,0.967758,0.942943,0.967119
2.95073,0.999337,0.943350,0.967634,0.942725,0.966993
2.95646,0.999335,0.943134,0.967510,0.942506,0.966866
2.96219,0.999332,0.942917,0.967386,0.942287,0.966739
2.96792,0.999329,0.942700,0.967261,0.942068,0.966612
2.97365,0.999327,0.942483,0.967136,0.941848,0.966485
2.97938,0.999324,0.942265,0.967011,0.941628,0.966357
2.98511,0.999322,0.942047,0.966886,0.941408,0.966230
2.99084,0.999319,0.941828,0.966760,0.941187,0.966102
2.99657,0.999316,0.941609,0.966634,0.940966,0.965974
3.00230,0.999314,0.941390,0.966508,0.940744,0.965845
3.00803,0.999311,0.941170,0.966382,0.940522,0.965716
3.01376,0.999308,0.940950,0.966256,0.940300,0.965587
3.01949,0.999306,0.940730,0.966129,0.940077,0.965458
3.02522,0.999303,0.940509,0.966002,0.939854,0.965329
3.03095,0.999301,0.940288,0.965875,0.939630,0.965199
3.03668,0.999298,0.940066,0.965747,0.939406,0.965069
3.04241,0.999295,0.939844,0.965620,0.939182,0.964939
3.04814,0.999293,0.939622,0.965492,0.938957,0.964809
3.05387,0.999290,0.939399,0.965364,0.938732,0.964678
3.05959,0.999287,0.939176,0.965236,0.938507,0.964548
3.06532,0.999285,0.938952,0.965107,0.938281,0.964417
3.07105,0.999282,0.938728,0.964978,0.938054,0.964285
3.07678,0.999279,0.938504,0.964849,0.937828,0.964154
3.08251,0.999277,0.938279,0.964720,0.937601,0.964022
3.08824,0.999274,0.938054,0.964591,0.937373,0.963890
3.09397,0.999271,0.937829,0.964461,0.937145,0.963758
3.09970,0.999268,0.937603,0.964331,0.936917,0.963626
3.10543,0.999266,0.937377,0.964201,0.936688,0.963493
3.11116,0.999263,0.937150,0.964071,0.936459,0.963360
3.11689,0.999260,0.936923,0.963940,0.936230,0.963227
3.12262,0.999258,0.936696,0.963809,0.936000,0.963094
3.12835,0.999255,0.936468,0.963678,0.935770,0.962960
3.13408,0.999252,0.936240,0.963547,0.935540,0.962827
3.13981,0.999249,0.936011,0.963416,0.935309,0.962693
3.14554,0.999247,0.935782,0.963284,0.935077,0.962558
3.15127,0.999244,0.935553,0.963152,0.934846,0.962424
3.15700,0.999241,0.935323,0.963020,0.934614,0.962289
3.16273,0.999238,0.935093,0.962888,0.934381,0.962154
3.16846,0.999236,0.934863,0.962755,0.934148,0.962019
3.17419,0.999233,0.934632,0.962622,0.933915,0.961884
3.17992,0.999230,0.934401,0.962489,0.933681,0.961748
3.18565,0.999227,0.934169,0.962356,0.933447,0.961612
3.19137,0.999225,0.933937,0.962222,0.933213,0.961476
3.19710,0.999222,0.933705,0.962089,0.932978,0.961340
3.20283,0.999219,0.933472,0.961955,0.932743,0.961203
3.20856,0.999216,0.933239,0.961821,0.932508,0.961067
3.21429,0.999213,0.933005,0.961686,0.932272,0.960930
3.22002,0.999211,0.932772,0.961552,0.932035,0.960792
3.22575,0.999208,0.932537,0.961417,0.931799,0.960655
3.23148,0.999205,0.932303,0.961282,0.931561,0.960517
3.23721,0.999202,0.932068,0.961146,0.931324,0.960379
3.24294,0.999199,0.931832,0.961011,0.931086,0.960241
3.24867,0.999196,0.931597,0.960875,0.930848,0.960103
3.25440,0.999194,0.931360,0.960739,0.930609,0.959964
3.26013,0.999191,0.931124,0.960603,0.930370,0.959826
3.26586,0.999188,0.930887,0.960466,0.930131,0.959687
3.27159,0.999185,0.930650,0.960330,0.929891,0.959547
3.27732,0.999182,0.930412,0.960193,0.929651,0.959408
3.28305,0.999179,0.930174,0.960056,0.929411,0.959268
3.28878,0.999177,0.929935,0.959919,0.929170,0.959128
3.29451,0.999174,0.929697,0.959781,0.928928,0.958988
3.30024,0.999171,0.929457,0.959643,0.928687,0.958847
3.30597,0.999168,0.929218,0.959505,0.928445,0.958707
3.31170,0.999165,0.928978,0.959367,0.928202,0.958566
3.31743,0.999162,0.928738,0.959229,0.927959,0.958425
3.32316,0.999159,0.928497,0.959090,0.927716,0.958284
3.32888,0.999156,0.928256,0.958951,0.927473,0.958142
3.33461,0.999153,0.928014,0.958812,0.927229,0.958000
3.34034,0.999151,0.927773,0.958673,0.926985,0.957858
3.34607,0.999148,0.927530,0.958533,0.926740,0.957716
3.35180,0.999145,0.927288,0.958393,0.926495,0.957574
3.35753,0.999142,0.927045,0.958253,0.926249,0.957431
3.36326,0.999139,0.926802,0.958113,0.926003,0.957288
3.36899,0.999136,0.926558,0.957973,0.925757,0.957145
3.37472,0.999133,0.926314,0.957832,0.925511,0.957001
3.38045,0.999130,0.926069,0.957691,0.925264,0.956858
3.38618,0.999127,0.925825,0.957550,0.925016,0.956714
3.39191,0.999124,0.925579,0.957409,0.924769,0.956570
3.39764,0.999121,0.925334,0.957267,0.924521,0.956426
3.40337,0.999118,0.925088,0.957125,0.924272,0.956281
3.40910,0.999115,0.924842,0.956983,0.924023,0.956136
3.41483,0.999112,0.924595,0.956841,0.923774,0.955992
3.42056,0.999109,0.924348,0.956699,0.923524,0.955846
3.42629,0.999106,0.924100,0.956556,0.923274,0.955701
3.43202,0.999103,0.923852,0.956413,0.923024,0.955555
3.43775,0.999100,0.923604,0.956270,0.922773,0.955409
3.44348,0.999097,0.923356,0.956127,0.922522,0.955263
3.44921,0.999094,0.923107,0.955983,0.922271,0.955117
3.45494,0.999091,0.922858,0.955839,0.922019,0.954971
3.46067,0.999088,0.922608,0.955695,0.921767,0.954824
3.46639,0.999085,0.922358,0.955551,0.921514,0.954677
3.47212,0.999082,0.922107,0.955406,0.921261,0.954530
3.47785,0.999079,0.921857,0.955262,0.921008,0.954382
3.48358,0.999076,0.921605,0.955117,0.920754,0.954235
3.48931,0.999073,0.921354,0.954972,0.920500,0.954087
3.49504,0.999070,0.921102,0.954826,0.920245,0.953939
3.50077,0.999067,0.920850,0.954681,0.919991,0.953790
3.50650,0.999064,0.920597,0.954535,0.919735,0.953642
3.51223,0.999061,0.920344,0.954389,0.919480,0.953493
3.51796,0.999058,0.920091,0.954243,0.919224,0.953344
3.52369,0.999055,0.919837,0.954097,0.918967,0.953195
3.52942,0.999052,0.919583,0.953950,0.918711,0.953045
3.53515,0.999049,0.919328,0.953803,0.918454,0.952896
3.54088,0.999045,0.919073,0.953656,0.918196,0.952746
3.54661,0.999042,0.918818,0.953509,0.917938,0.952595
3.55234,0.999039,0.918563,0.953361,0.917680,0.952445
3.55807,0.999036,0.918307,0.953213,0.917422,0.952295
3.56380,0.999033,0.918050,0.953065,0.917163,0.952144
3.56953,0.999030,0.917794,0.952917,0.916903,0.951993
3.57526,0.999027,0.917537,0.952769,0.916644,0.951841
3.58099,0.999024,0.917279,0.952620,0.916384,0.951690
3.58672,0.999021,0.917021,0.952471,0.916123,0.951538
3.59245,0.999017,0.916763,0.952322,0.915862,0.951386
3.59817,0.999014,0.916505,0.952173,0.915601,0.951234
3.60390,0.999011,0.916246,0.952023,0.915340,0.951082
3.60963,0.999008,0.915986,0.951874,0.915078,0.950929
3.61536,0.999005,0.915727,0.951724,0.914816,0.950777
3.62109,0.999002,0.915467,0.951573,0.914553,0.950623
3.62682,0.998999,0.915206,0.951423,0.914290,0.950470
3.63255,0.998995,0.914946,0.951272,0.914026,0.950317
3.63828,0.998992,0.914684,0.951122,0.913763,0.950163
3.64401,0.998989,0.914423,0.950970,0.913499,0.950009
3.64974,0.998986,0.914161,0.950819,0.913234,0.949855
3.65547,0.998983,0.913899,0.950668,0.912969,0.949701
3.66120,0.998980,0.913636,0.950516,0.912704,0.949546
3.66693,0.998976,0.913373,0.950364,0.912439,0.949391
3.67266,0.998973,0.913110,0.950212,0.912173,0.949236
3.67839,0.998970,0.912847,0.950060,0.911906,0.949081
3.68412,0.998967,0.912583,0.949907,0.911640,0.948925
3.68985,0.998964,0.912318,0.949754,0.911373,0.948770
3.69558,0.998960,0.912053,0.949601,0.911105,0.948614
3.70131,0.998957,0.911788,0.949448,0.910837,0.948458
3.70704,0.998954,0.911523,0.949294,0.910569,0.948301
3.71277,0.998951,0.911257,0.949141,0.910301,0.948145
3.71850,0.998947,0.910991,0.948987,0.910032,0.947988
3.72423,0.998944,0.910724,0.948833,0.909763,0.947831
3.72996,0.998941,0.910457,0.948678,0.909493,0.947674
3.73568,0.998938,0.910190,0.948524,0.909223,0.947516
3.74141,0.998934,0.909922,0.948369,0.908953,0.947358
3.74714,0.998931,0.909654,0.948214,0.908682,0.947201
3.75287,0.998928,0.909386,0.948059,0.908411,0.947042
3.75860,0.998925,0.909117,0.947904,0.908139,0.946884
3.76433,0.998921,0.908848,0.947748,0.907868,0.946726
3.77006,0.998918,0.908579,0.947592,0.907596,0.946567
3.77579,0.998915,0.908309,0.947436,0.907323,0.946408
3.78152,0.998911,0.908039,0.947280,0.907050,0.946248
3.78725,0.998908,0.907768,0.947123,0.906777,0.946089
3.79298,0.998905,0.907497,0.946966,0.906503,0.945929
3.79871,0.998901,0.907226,0.946810,0.906229,0.945769
3.80444,0.998898,0.906954,0.946652,0.905955,0.945609
3.81017,0.998895,0.906682,0.946495,0.905680,0.945449
3.81590,0.998892,0.906410,0.946337,0.905405,0.945288
3.82163,0.998888,0.906137,0.946180,0.905130,0.945128
3.82736,0.998885,0.905864,0.946022,0.904854,0.944967
3.83309,0.998882,0.905591,0.945863,0.904578,0.944805
3.83882,0.998878,0.905317,0.945705,0.904301,0.944644
3.84455,0.998875,0.905043,0.945546,0.904025,0.944482
3.85028,0.998871,0.904768,0.945387,0.903747,0.944320
3.85601,0.998868,0.904494,0.945228,0.903470,0.944158
3.86174,0.998865,0.904218,0.945069,0.903192,0.943996
3.86747,0.998861,0.903943,0.944909,0.902914,0.943834
3.87319,0.998858,0.903667,0.944750,0.902635,0.943671
3.87892,0.998855,0.903391,0.944590,0.902356,0.943508
3.88465,0.998851,0.903114,0.944430,0.902077,0.943345
3.89038,0.998848,0.902837,0.944269,0.901797,0.943181
3.89611,0.998844,0.902560,0.944109,0.901517,0.943018
3.90184,0.998841,0.902282,0.943948,0.901236,0.942854
3.90757,0.998838,0.902004,0.943787,0.900956,0.942690
3.91330,0.998834,0.901726,0.943625,0.900674,0.942525
3.91903,0.998831,0.901447,0.943464,0.900393,0.942361
3.92476,0.998827,0.901168,0.943302,0.900111,0.942196
3.93049,0.998824,0.900888,0.943140,0.899829,0.942031
3.93622,0.998821,0.900608,0.942978,0.899546,0.941866
3.94195,0.998817,0.900328,0.942816,0.899263,0.941701
3.94768,0.998814,0.900048,0.942653,0.898980,0.941535
3.95341,0.998810,0.899767,0.942491,0.898696,0.941369
3.95914,0.998807,0.899486,0.942328,0.898412,0.941203
3.96487,0.998803,0.899204,0.942165,0.898128,0.941037
3.97060,0.998800,0.898922,0.942001,0.897843,0.940871
3.97633,0.998796,0.898640,0.941838,0.897558,0.940704
3.98206,0.998793,0.898357,0.941674,0.897273,0.940537
3.98779,0.998789,0.898074,0.941510,0.896987,0.940370
3.99352,0.998786,0.897791,0.941345,0.896701,0.940203
3.99925,0.998782,0.897507,0.941181,0.896414,0.940035
4.00497,0.998779,0.897223,0.941016,0.896128,0.939867
4.01070,0.998776,0.896939,0.940851,0.895840,0.939699
4.01643,0.998772,0.896654,0.940686,0.895553,0.939531
4.02216,0.998768,0.896369,0.940521,0.895265,0.939363
4.02789,0.998765,0.896083,0.940355,0.894977,0.939194
4.03362,0.998761,0.895798,0.940190,0.894688,0.939025
4.03935,0.998758,0.895511,0.940024,0.894399,0.938856
4.04508,0.998754,0.895225,0.939858,0.894110,0.938687
4.05081,0.998751,0.894938,0.939691,0.893820,0.938517
4.05654,0.998747,0.894651,0.939525,0.893530,0.938348
4.06227,0.998744,0.894363,0.939358,0.893240,0.938178
4.06800,0.998740,0.894075,0.939191,0.892949,0.938008
4.07373,0.998737,0.893787,0.939024,0.892658,0.937837
4.07946,0.998733,0.893498,0.938856,0.892367,0.937667
4.08519,0.998730,0.893210,0.938689,0.892075,0.937496
4.09092,0.998726,0.892920,0.938521,0.891783,0.937325
4.09665,0.998722,0.892631,0.938353,0.891490,0.937154
4.10238,0.998719,0.892341,0.938184,0.891197,0.936982
4.10811,0.998715,0.892050,0.938016,0.890904,0.936811
4.11384,0.998712,0.891760,0.937847,0.890611,0.936639
4.11957,0.998708,0.891469,0.937678,0.890317,0.936467
4.12530,0.998705,0.891177,0.937509,0.890023,0.936295
4.13103,0.998701,0.890885,0.937340,0.889728,0.936122
4.13676,0.998697,0.890593,0.937170,0.889433,0.935949
4.14248,0.998694,0.890301,0.937000,0.889138,0.935776
4.14821,0.998690,0.890008,0.936830,0.888842,0.935603
4.15394,0.998687,0.889715,0.936660,0.888546,0.935430
4.15967,0.998683,0.889422,0.936490,0.888250,0.935256
4.16540,0.998679,0.889128,0.936319,0.887953,0.935083
4.17113,0.998676,0.888834,0.936148,0.887656,0.934909
4.17686,0.998672,0.888539,0.935977,0.887359,0.934734
4.18259,0.998668,0.888244,0.935806,0.887061,0.934560
4.18832,0.998665,0.887949,0.935635,0.886763,0.934385
4.19405,0.998661,0.887654,0.935463,0.886465,0.934210
4.19978,0.998657,0.887358,0.935291,0.886166,0.934035
4.20551,0.998654,0.887061,0.935119,0.885867,0.933860
4.21124,0.998650,0.886765,0.934947,0.885568,0.933685
4.21697,0.998646,0.886468,0.934774,0.885268,0.933509
4.22270,0.998643,0.886171,0.934602,0.884968,0.933333
4.22843,0.998639,0.885873,0.934429,0.884668,0.933157
4.23416,0.998635,0.885575,0.934256,0.884367,0.932981
4.23989,0.998632,0.885277,0.934082,0.884066,0.932804
4.24562,0.998628,0.884978,0.933909,0.883764,0.932627
4.25135,0.998624,0.884679,0.933735,0.883462,0.932450
4.25708,0.998621,0.884380,0.933561,0.883160,0.932273
4.26281,0.998617,0.884081,0.933387,0.882858,0.932096
4.26854,0.998613,0.883781,0.933212,0.882555,0.931918
4.27427,0.998609,0.883480,0.933038,0.882252,0.931740
4.27999,0.998606,0.883180,0.932863,0.881948,0.931562
4.28572,0.998602,0.882879,0.932688,0.881644,0.931384
4.29145,0.998598,0.882577,0.932513,0.881340,0.931205
4.29718,0.998594,0.882276,0.932337,0.881035,0.931027
4.30291,0.998591,0.881974,0.932162,0.880731,0.930848
4.30864,0.998587,0.881671,0.931986,0.880425,0.930669
4.31437,0.998583,0.881369,0.931810,0.880120,0.930490
4.32010,0.998579,0.881065,0.931634,0.879814,0.930310
4.32583,0.998576,0.880762,0.931457,0.879508,0.930130
4.33156,0.998572,0.880458,0.931280,0.879201,0.929950
4.33729,0.998568,0.880154,0.931103,0.878894,0.929770
4.34302,0.998564,0.879850,0.930926,0.878587,0.929590
4.34875,0.998560,0.879545,0.930749,0.878279,0.929409
4.35448,0.998557,0.879240,0.930572,0.877971,0.929228
4.36021,0.998553,0.878935,0.930394,0.877663,0.929047
4.36594,0.998549,0.878629,0.930216,0.877354,0.928866
4.37167,0.998545,0.878323,0.930038,0.877045,0.928685
4.37740,0.998541,0.878017,0.929859,0.876736,0.928503
4.38313,0.998538,0.877710,0.929681,0.876426,0.928321
4.38886,0.998534,0.877403,0.929502,0.876116,0.928139
4.39459,0.998530,0.877095,0.929323,0.875806,0.927957
4.40032,0.998526,0.876788,0.929144,0.875495,0.927775
4.40605,0.998522,0.876480,0.928965,0.875184,0.927592
4.41178,0.998518,0.876171,0.928785,0.874873,0.927409
4.41750,0.998515,0.875862,0.928605,0.874561,0.927226
4.42323,0.998511,0.875553,0.928425,0.874249,0.927043
4.42896,0.998507,0.875244,0.928245,0.873937,0.926859
4.43469,0.998503,0.874934,0.928065,0.873624,0.926676
4.44042,0.998499,0.874624,0.927884,0.873311,0.926492
4.44615,0.998495,0.874314,0.927703,0.872998,0.926307
4.45188,0.998491,0.874003,0.927522,0.872684,0.926123
4.45761,0.998488,0.873692,0.927341,0.872370,0.925939
4.46334,0.998484,0.873380,0.927160,0.872056,0.925754
4.46907,0.998480,0.873069,0.926978,0.871741,0.925569
4.47480,0.998476,0.872757,0.926796,0.871426,0.925384
4.48053,0.998472,0.872444,0.926614,0.871111,0.925198
4.48626,0.998468,0.872131,0.926432,0.870795,0.925013
4.49199,0.998464,0.871818,0.926249,0.870479,0.924827
4.49772,0.998460,0.871505,0.926067,0.870163,0.924641
4.50345,0.998456,0.871191,0.925884,0.869846,0.924455
4.50918,0.998452,0.870877,0.925701,0.869529,0.924268
4.51491,0.998448,0.870563,0.925518,0.869212,0.924082
4.52064,0.998445,0.870248,0.925334,0.868894,0.923895
4.52637,0.998441,0.869933,0.925150,0.868576,0.923708
4.53210,0.998437,0.869618,0.924967,0.868258,0.923521
4.53783,0.998433,0.869302,0.924782,0.867939,0.923333
4.54356,0.998429,0.868986,0.924598,0.867620,0.923145
4.54928,0.998425,0.868670,0.924414,0.867301,0.922958
4.55501,0.998421,0.868353,0.924229,0.866981,0.922769
4.56074,0.998417,0.868036,0.924044,0.866662,0.922581
4.56647,0.998413,0.867718,0.923859,0.866341,0.922393
4.57220,0.998409,0.867401,0.923674,0.866021,0.922204
4.57793,0.998405,0.867083,0.923488,0.865700,0.922015
4.58366,0.998401,0.866764,0.923302,0.865378,0.921826
4.58939,0.998397,0.866446,0.923117,0.865057,0.921637
4.59512,0.998393,0.866127,0.922930,0.864735,0.921447
4.60085,0.998389,0.865807,0.922744,0.864412,0.921257
4.60658,0.998385,0.865488,0.922558,0.864090,0.921067
4.61231,0.998381,0.865168,0.922371,0.863767,0.920877
4.61804,0.998377,0.864848,0.922184,0.863444,0.920687
4.62377,0.998373,0.864527,0.921997,0.863120,0.920496
4.62950,0.998369,0.864206,0.921809,0.862796,0.920306
4.63523,0.998365,0.863885,0.921622,0.862472,0.920115
4.64096,0.998361,0.863563,0.921434,0.862147,0.919924
4.64669,0.998357,0.863241,0.921246,0.861823,0.919732
4.65242,0.998353,0.862919,0.921058,0.861497,0.919541
4.65815,0.998348,0.862596,0.920870,0.861172,0.919349
4.66388,0.998344,0.862273,0.920681,0.860846,0.919157
4.66961,0.998340,0.861950,0.920492,0.860520,0.918965
4.67534,0.998336,0.861627,0.920303,0.860193,0.918772
4.68107,0.998332,0.861303,0.920114,0.859866,0.918580
4.68679,0.998328,0.860979,0.919925,0.859539,0.918387
4.69252,0.998324,0.860654,0.919735,0.859212,0.918194
4.69825,0.998320,0.860329,0.919546,0.858884,0.918001
4.70398,0.998316,0.860004,0.919356,0.858556,0.917807
4.70971,0.998312,0.859679,0.919165,0.858227,0.917614
4.71544,0.998308,0.859353,0.918975,0.857899,0.917420
4.72117,0.998304,0.859027,0.918784,0.857570,0.917226
4.72690,0.998299,0.858700,0.918594,0.857240,0.917032
4.73263,0.998295,0.858374,0.918403,0.856910,0.916837
4.73836,0.998291,0.858047,0.918212,0.856580,0.916643
4.74409,0.998287,0.857719,0.918020,0.856250,0.916448
4.74982,0.998283,0.857391,0.917829,0.855919,0.916253
4.75555,0.998279,0.857063,0.917637,0.855588,0.916057
4.76128,0.998275,0.856735,0.917445,0.855257,0.915862
4.76701,0.998270,0.856406,0.917253,0.854925,0.915666
4.77274,0.998266,0.856077,0.917060,0.854593,0.915470
4.77847,0.998262,0.855748,0.916868,0.854261,0.915274
4.78420,0.998258,0.855419,0.916675,0.853928,0.915078
4.78993,0.998254,0.855089,0.916482,0.853595,0.914882
4.79566,0.998250,0.854758,0.916289,0.853262,0.914685
4.80139,0.998245,0.854428,0.916096,0.852929,0.914488
4.80712,0.998241,0.854097,0.915902,0.852595,0.914291
4.81285,0.998237,0.853766,0.915708,0.852260,0.914094
4.81858,0.998233,0.853434,0.915514,0.851926,0.913896
4.82430,0.998229,0.853102,0.915320,0.851591,0.913699
4.83003,0.998224,0.852770,0.915126,0.851256,0.913501
4.83576,0.998220,0.852438,0.914931,0.850920,0.913303
4.84149,0.998216,0.852105,0.914736,0.850585,0.913105
4.84722,0.998212,0.851772,0.914541,0.850249,0.912906
4.85295,0.998208,0.851438,0.914346,0.849912,0.912707
4.85868,0.998203,0.851105,0.914151,0.849575,0.912509
4.86441,0.998199,0.850771,0.913955,0.849238,0.912309
4.87014,0.998195,0.850436,0.913760,0.848901,0.912110
4.87587,0.998191,0.850102,0.913564,0.848563,0.911911
4.88160,0.998186,0.849767,0.913368,0.848225,0.911711
4.88733,0.998182,0.849431,0.913171,0.847887,0.911511
4.89306,0.998178,0.849096,0.912975,0.847548,0.911311
4.89879,0.998174,0.848760,0.912778,0.847209,0.911111
4.90452,0.998169,0.848423,0.912581,0.846870,0.910910
4.91025,0.998165,0.848087,0.912384,0.846531,0.910710
4.91598,0.998161,0.847750,0.912187,0.846191,0.910509
4.92171,0.998156,0.847413,0.911989,0.845851,0.910308
4.92744,0.998152,0.847075,0.911791,0.845510,0.910106
4.93317,0.998148,0.846738,0.911593,0.845169,0.909905
4.93890,0.998144,0.846399,0.911395,0.844828,0.909703
4.94463,0.998139,0.846061,0.911197,0.844487,0.909501
4.95036,0.998135,0.845722,0.910998,0.844145,0.909299
4.95608,0.998131,0.845383,0.910800,0.843803,0.909097
4.96181,0.998126,0.845044,0.910601,0.843461,0.908895
4.96754,0.998122,0.844704,0.910402,0.843118,0.908692
4.97327,0.998118,0.844364,0.910202,0.842775,0.908489
4.97900,0.998113,0.844024,0.910003,0.842432,0.908286
4.98473,0.998109,0.843683,0.909803,0.842088,0.908083
4.99046,0.998105,0.843342,0.909603,0.841744,0.907879
4.99619,0.998100,0.843001,0.909403,0.841400,0.907676
5.00192,0.998096,0.842660,0.909203,0.841055,0.907472
5.00765,0.998092,0.842318,0.909003,0.840710,0.907268
5.01338,0.998087,0.841976,0.908802,0.840365,0.907064
5.01911,0.998083,0.841633,0.908601,0.840020,0.906859
5.02484,0.998078,0.841291,0.908400,0.839674,0.906655
5.03057,0.998074,0.840948,0.908199,0.839328,0.906450
5.03630,0.998070,0.840604,0.907997,0.838982,0.906245
5.04203,0.998065,0.840261,0.907796,0.838635,0.906039
5.04776,0.998061,0.839917,0.907594,0.838288,0.905834
5.05349,0.998056,0.839572,0.907392,0.837941,0.905628
5.05922,0.998052,0.839228,0.907190,0.837593,0.905423
5.06495,0.998048,0.838883,0.906987,0.837245,0.905217
5.07068,0.998043,0.838538,0.906785,0.836897,0.905010
5.07641,0.998039,0.838192,0.906582,0.836548,0.904804
5.08214,0.998034,0.837846,0.906379,0.836200,0.904597
5.08787,0.998030,0.837500,0.906176,0.835850,0.904390
5.09359,0.998025,0.837154,0.905972,0.835501,0.904183
5.09932,0.998021,0.836807,0.905769,0.835151,0.903976
5.10505,0.998017,0.836460,0.905565,0.834801,0.903769
5.11078,0.998012,0.836113,0.905361,0.834451,0.903561
5.11651,0.998008,0.835765,0.905157,0.834100,0.903354
5.12224,0.998003,0.835417,0.904953,0.833749,0.903146
5.12797,0.997999,0.835069,0.904748,0.833398,0.902937
5.13370,0.997994,0.834721,0.904543,0.833046,0.902729
5.13943,0.997990,0.834372,0.904338,0.832695,0.902520
5.14516,0.997985,0.834023,0.904133,0.832342,0.902312
5.15089,0.997981,0.833673,0.903928,0.831990,0.902103
5.15662,0.997976,0.833324,0.903722,0.831637,0.901894
5.16235,0.997972,0.832974,0.903517,0.831284,0.901684
5.16808,0.997967,0.832623,0.903311,0.830931,0.901475
5.17381,0.997963,0.832273,0.903105,0.830577,0.901265
5.17954,0.997958,0.831922,0.902898,0.830223,0.901055
5.18527,0.997954,0.831570,0.902692,0.829869,0.900845
5.19100,0.997949,0.831219,0.902485,0.829514,0.900635
5.19673,0.997945,0.830867,0.902279,0.829159,0.900424
5.20246,0.997940,0.830515,0.902072,0.828804,0.900213
5.20819,0.997936,0.830163,0.901864,0.828449,0.900003
5.21392,0.997931,0.829810,0.901657,0.828093,0.899791
5.21965,0.997927,0.829457,0.901449,0.827737,0.899580
5.22538,0.997922,0.829104,0.901241,0.827381,0.899369
5.23110,0.997918,0.828750,0.901033,0.827024,0.899157
5.23683,0.997913,0.828396,0.900825,0.826667,0.898945
5.24256,0.997908,0.828042,0.900617,0.826310,0.898733
5.24829,0.997904,0.827687,0.900408,0.825952,0.898521
5.25402,0.997899,0.827333,0.900200,0.825595,0.898309
5.25975,0.997895,0.826977,0.899991,0.825236,0.898096
5.26548,0.997890,0.826622,0.899782,0.824878,0.897883
5.27121,0.997885,0.826266,0.899572,0.824519,0.897670
5.27694,0.997881,0.825910,0.899363,0.824160,0.897457
5.28267,0.997876,0.825554,0.899153,0.823801,0.897243
5.28840,0.997872,0.825198,0.898943,0.823441,0.897030
5.29413,0.997867,0.824841,0.898733,0.823081,0.896816
5.29986,0.997862,0.824484,0.898523,0.822721,0.896602
5.30559,0.997858,0.824126,0.898312,0.822361,0.896388
5.31132,0.997853,0.823768,0.898102,0.822000,0.896174
5.31705,0.997849,0.823410,0.897891,0.821639,0.895959
5.32278,0.997844,0.823052,0.897680,0.821278,0.895744
5.32851,0.997839,0.822694,0.897469,0.820916,0.895529
5.33424,0.997835,0.822335,0.897257,0.820554,0.895314
5.33997,0.997830,0.821975,0.897046,0.820192,0.895099
5.34570,0.997825,0.821616,0.896834,0.819829,0.894883
5.35143,0.997821,0.821256,0.896622,0.819466,0.894668
5.35716,0.997816,0.820896,0.896410,0.819103,0.894452
5.36288,0.997811,0.820536,0.896197,0.818740,0.894236
5.36861,0.997807,0.820175,0.895985,0.818376,0.894020
5.37434,0.997802,0.819814,0.895772,0.818012,0.893803
5.38007,0.997797,0.819453,0.895559,0.817648,0.893587
5.38580,0.997793,0.819091,0.895346,0.817283,0.893370
5.39153,0.997788,0.818730,0.895133,0.816919,0.893153
5.39726,0.997783,0.818368,0.894919,0.816553,0.892935
5.40299,0.997779,0.818005,0.894706,0.816188,0.892718
5.40872,0.997774,0.817643,0.894492,0.815822,0.892500
5.41445,0.997769,0.817280,0.894278,0.815456,0.892283
5.42018,0.997764,0.816916,0.894064,0.815090,0.892065
5.42591,0.997760,0.816553,0.893849,0.814723,0.891847
5.43164,0.997755,0.816189,0.893635,0.814357,0.891628
5.43737,0.997750,0.815825,0.893420,0.813989,0.891410
5.44310,0.997745,0.815460,0.893205,0.813622,0.891191
5.44883,0.997741,0.815096,0.892990,0.813254,0.890972
5.45456,0.997736,0.814731,0.892774,0.812886,0.890753
5.46029,0.997731,0.814366,0.892559,0.812518,0.890534
5.46602,0.997726,0.814000,0.892343,0.812149,0.890314
5.47175,0.997722,0.813634,0.892127,0.811781,0.890095
5.47748,0.997717,0.813268,0.891911,0.811411,0.889875
5.48321,0.997712,0.812902,0.891695,0.811042,0.889655
5.48894,0.997707,0.812535,0.891478,0.810672,0.889435
5.49467,0.997703,0.812168,0.891262,0.810302,0.889214
5.50039,0.997698,0.811801,0.891045,0.809932,0.888994
5.50612,0.997693,0.811433,0.890828,0.809561,0.888773
5.51185,0.997688,0.811066,0.890611,0.809191,0.888552
5.51758,0.997683,0.810698,0.890393,0.808819,0.888331
5.52331,0.997679,0.810329,0.890176,0.808448,0.888109
5.52904,0.997674,0.809960,0.889958,0.808076,0.887888
5.53477,0.997669,0.809592,0.889740,0.807704,0.887666
5.54050,0.997664,0.809222,0.889522,0.807332,0.887444
5.54623,0.997659,0.808853,0.889304,0.806960,0.887222
5.55196,0.997654,0.808483,0.889085,0.806587,0.887000
5.55769,0.997650,0.808113,0.888867,0.806214,0.886777
5.56342,0.997645,0.807743,0.888648,0.805840,0.886555
5.56915,0.997640,0.807372,0.888429,0.805467,0.886332
5.57488,0.997635,0.807001,0.888209,0.805093,0.886109
5.58061,0.997630,0.806630,0.887990,0.804718,0.885886
5.58634,0.997625,0.806259,0.887770,0.804344,0.885662
5.59207,0.997620,0.805887,0.887551,0.803969,0.885439
5.59780,0.997616,0.805515,0.887331,0.803594,0.885215
5.60353,0.997611,0.805143,0.887111,0.803219,0.884991
5.60926,0.997606,0.804770,0.886890,0.802843,0.884767
5.61499,0.997601,0.804397,0.886670,0.802467,0.884543
5.62072,0.997596,0.804024,0.886449,0.802091,0.884318
5.62645,0.997591,0.803651,0.886228,0.801715,0.884093
5.63218,0.997586,0.803277,0.886007,0.801338,0.883869
5.63790,0.997581,0.802903,0.885786,0.800961,0.883643
5.64363,0.997576,0.802529,0.885565,0.800584,0.883418
5.64936,0.997571,0.802154,0.885343,0.800206,0.883193
5.65509,0.997567,0.801779,0.885121,0.799828,0.882967
5.66082,0.997562,0.801404,0.884899,0.799450,0.882741
5.66655,0.997557,0.801029,0.884677,0.799072,0.882516
5.67228,0.997552,0.800653,0.884455,0.798693,0.882289
5.67801,0.997547,0.800278,0.884232,0.798314,0.882063
5.68374,0.997542,0.799901,0.884010,0.797935,0.881837
5.68947,0.997537,0.799525,0.883787,0.797556,0.881610
5.69520,0.997532,0.799148,0.883564,0.797176,0.881383
5.70093,0.997527,0.798771,0.883340,0.796796,0.881156
5.70666,0.997522,0.798394,0.883117,0.796416,0.880929
5.71239,0.997517,0.798017,0.882893,0.796035,0.880701
5.71812,0.997512,0.797639,0.882670,0.795654,0.880474
5.72385,0.997507,0.797261,0.882446,0.795273,0.880246
5.72958,0.997502,0.796882,0.882222,0.794892,0.880018
5.73531,0.997497,0.796504,0.881997,0.794510,0.879790
5.74104,0.997492,0.796125,0.881773,0.794128,0.879561
5.74677,0.997487,0.795746,0.881548,0.793746,0.879333
5.75250,0.997482,0.795366,0.881323,0.793364,0.879104
5.75823,0.997477,0.794987,0.881098,0.792981,0.878875
5.76396,0.997472,0.794607,0.880873,0.792598,0.878646
5.76968,0.997467,0.794226,0.880648,0.792215,0.878417
5.77541,0.997462,0.793846,0.880422,0.791831,0.878188
5.78114,0.997457,0.793465,0.880196,0.791447,0.877958
5.78687,0.997452,0.793084,0.879970,0.791063,0.877728
5.79260,0.997447,0.792703,0.879744,0.790679,0.877498
5.79833,0.997442,0.792321,0.879518,0.790294,0.877268
5.80406,0.997437,0.791939,0.879292,0.789910,0.877038
5.80979,0.997432,0.791557,0.879065,0.789524,0.876807
5.81552,0.997427,0.791175,0.878838,0.789139,0.876576
5.82125,0.997422,0.790792,0.878611,0.788753,0.876346
5.82698,0.997417,0.790409,0.878384,0.788367,0.876115
5.83271,0.997411,0.790026,0.878157,0.787981,0.875883
5.83844,0.997406,0.789643,0.877929,0.787595,0.875652
5.84417,0.997401,0.789259,0.877701,0.787208,0.875420
5.84990,0.997396,0.788875,0.877473,0.786821,0.875189
5.85563,0.997391,0.788491,0.877245,0.786434,0.874957
5.86136,0.997386,0.788106,0.877017,0.786046,0.874725
5.86709,0.997381,0.787722,0.876789,0.785658,0.874492
5.87282,0.997376,0.787337,0.876560,0.785270,0.874260
5.87855,0.997371,0.786951,0.876331,0.784882,0.874027
5.88428,0.997365,0.786566,0.876102,0.784494,0.873794
5.89001,0.997360,0.786180,0.875873,0.784105,0.873561
5.89574,0.997355,0.785794,0.875644,0.783716,0.873328
5.90147,0.997350,0.785407,0.875414,0.783326,0.873095
5.90719,0.997345,0.785021,0.875185,0.782937,0.872861
5.91292,0.997340,0.784634,0.874955,0.782547,0.872627
5.91865,0.997335,0.784247,0.874725,0.782157,0.872393
5.92438,0.997329,0.783859,0.874495,0.781766,0.872159
5.93011,0.997324,0.783472,0.874264,0.781375,0.871925
5.93584,0.997319,0.783084,0.874034,0.780985,0.871691
5.94157,0.997314,0.782696,0.873803,0.780593,0.871456
5.94730,0.997309,0.782307,0.873572,0.780202,0.871221
5.95303,0.997304,0.781919,0.873341,0.779810,0.870986
5.95876,0.997298,0.781530,0.873110,0.779418,0.870751
5.96449,0.997293,0.781140,0.872879,0.779026,0.870516
5.97022,0.997288,0.780751,0.872647,0.778634,0.870280
5.97595,0.997283,0.780361,0.872415,0.778241,0.870045
5.98168,0.997278,0.779971,0.872183,0.777848,0.869809
5.98741,0.997272,0.779581,0.871951,0.777455,0.869573
5.99314,0.997267,0.779190,0.871719,0.777061,0.869337
5.99887,0.997262,0.778800,0.871486,0.776667,0.869100
6.00460,0.997257,0.778409,0.871254,0.776273,0.868864
6.01033,0.997252,0.778017,0.871021,0.775879,0.868627
6.01606,0.997246,0.777626,0.870788,0.775484,0.868390
6.02179,0.997241,0.777234,0.870555,0.775090,0.868153
6.02752,0.997236,0.776842,0.870321,0.774695,0.867916
6.03325,0.997231,0.776450,0.870088,0.774299,0.867678
6.03898,0.997225,0.776057,0.869854,0.773904,0.867441
6.04470,0.997220,0.775664,0.869620,0.773508,0.867203
6.05043,0.997215,0.775271,0.869386,0.773112,0.866965
6.05616,0.997209,0.774878,0.869152,0.772716,0.866727
6.06189,0.997204,0.774484,0.868918,0.772319,0.866489
6.06762,0.997199,0.774091,0.868683,0.771922,0.866250
6.07335,0.997194,0.773696,0.868449,0.771525,0.866011
6.07908,0.997188,0.773302,0.868214,0.771128,0.865773
6.08481,0.997183,0.772907,0.867979,0.770730,0.865534
6.09054,0.997178,0.772513,0.867743,0.770332,0.865294
6.09627,0.997172,0.772118,0.867508,0.769934,0.865055
6.10200,0.997167,0.771722,0.867272,0.769536,0.864816
6.10773,0.997162,0.771327,0.867037,0.769137,0.864576
6.11346,0.997156,0.770931,0.866801,0.768739,0.864336
6.11919,0.997151,0.770535,0.866565,0.768340,0.864096
6.12492,0.997146,0.770138,0.866328,0.767940,0.863856
6.13065,0.997140,0.769742,0.866092,0.767541,0.863615
6.13638,0.997135,0.769345,0.865855,0.767141,0.863375
6.14211,0.997130,0.768948,0.865619,0.766741,0.863134
6.14784,0.997124,0.768550,0.865382,0.766340,0.862893
6.15357,0.997119,0.768153,0.865144,0.765940,0.862652
6.15930,0.997114,0.767755,0.864907,0.765539,0.862411
6.16503,0.997108,0.767357,0.864670,0.765138,0.862169
6.17076,0.997103,0.766958,0.864432,0.764737,0.861928
6.17649,0.997098,0.766560,0.864194,0.764335,0.861686
6.18221,0.997092,0.766161,0.863956,0.763933,0.861444
6.18794,0.997087,0.765762,0.863718,0.763531,0.861202
6.19367,0.997081,0.765363,0.863480,0.763129,0.860960
6.19940,0.997076,0.764963,0.863241,0.762726,0.860717
6.20513,0.997071,0.764563,0.863003,0.762324,0.860475
6.21086,0.997065,0.764163,0.862764,0.761920,0.860232
6.21659,0.997060,0.763763,0.862525,0.761517,0.859989
6.22232,0.997054,0.763362,0.862286,0.761114,0.859746
6.22805,0.997049,0.762961,0.862046,0.760710,0.859503
6.23378,0.997044,0.762560,0.861807,0.760306,0.859259
6.23951,0.997038,0.762159,0.861567,0.759902,0.859015
6.24524,0.997033,0.761757,0.861327,0.759497,0.858772
6.25097,0.997027,0.761356,0.861087,0.759092,0.858528
6.25670,0.997022,0.760954,0.860847,0.758687,0.858283
6.26243,0.997016,0.760551,0.860607,0.758282,0.858039
6.26816,0.997011,0.760149,0.860366,0.757877,0.857795
6.27389,0.997005,0.759746,0.860126,0.757471,0.857550
6.27962,0.997000,0.759343,0.859885,0.757065,0.857305
6.28535,0.996994,0.758940,0.859644,0.756659,0.857060
6.29108,0.996989,0.758536,0.859403,0.756252,0.856815
6.29681,0.996984,0.758133,0.859161,0.755846,0.856570
6.30254,0.996978,0.757729,0.858920,0.755439,0.856324
6.30827,0.996973,0.757324,0.858678,0.755032,0.856079
6.31399,0.996967,0.756920,0.858436,0.754624,0.855833
6.31972,0.996962,0.756515,0.858194,0.754217,0.855587
6.32545,0.996956,0.756110,0.857952,0.753809,0.855341
6.33118,0.996951,0.755705,0.857710,0.753401,0.855094
6.33691,0.996945,0.755300,0.857467,0.752992,0.854848
6.34264,0.996940,0.754894,0.857225,0.752584,0.854601
6.34837,0.996934,0.754488,0.856982,0.752175,0.854354
6.35410,0.996928,0.754082,0.856739,0.751766,0.854107
6.35983,0.996923,0.753676,0.856496,0.751357,0.853860
6.36556,0.996917,0.753269,0.856252,0.750947,0.853613
6.37129,0.996912,0.752862,0.856009,0.750537,0.853365
6.37702,0.996906,0.752455,0.855765,0.750127,0.853117
6.38275,0.996901,0.752048,0.855521,0.749717,0.852870
6.38848,0.996895,0.751640,0.855277,0.749307,0.852622
6.39421,0.996890,0.751233,0.855033,0.748896,0.852373
6.39994,0.996884,0.750825,0.854789,0.748485,0.852125
6.40567,0.996878,0.750416,0.854544,0.748074,0.851877
6.41140,0.996873,0.750008,0.854299,0.747662,0.851628
6.41713,0.996867,0.749599,0.854055,0.747251,0.851379
6.42286,0.996862,0.749190,0.853810,0.746839,0.851130
6.42859,0.996856,0.748781,0.853564,0.746427,0.850881
6.43432,0.996850,0.748371,0.853319,0.746014,0.850632
6.44005,0.996845,0.747962,0.853074,0.745602,0.850382
6.44578,0.996839,0.747552,0.852828,0.745189,0.850132
6.45150,0.996834,0.747142,0.852582,0.744776,0.849883
6.45723,0.996828,0.746731,0.852336,0.744363,0.849633
6.46296,0.996822,0.746321,0.852090,0.743949,0.849382
6.46869,0.996817,0.745910,0.851844,0.743536,0.849132
6.47442,0.996811,0.745499,0.851597,0.743122,0.848882
6.48015,0.996806,0.745088,0.851351,0.742707,0.848631
6.48588,0.996800,0.744676,0.851104,0.742293,0.848380
6.49161,0.996794,0.744264,0.850857,0.741878,0.848129
6.49734,0.996789,0.743852,0.850610,0.741464,0.847878
6.50307,0.996783,0.743440,0.850362,0.741048,0.847627
6.50880,0.996777,0.743028,0.850115,0.740633,0.847375
6.51453,0.996772,0.742615,0.849867,0.740218,0.847124
6.52026,0.996766,0.742202,0.849620,0.739802,0.846872
6.52599,0.996760,0.741789,0.849372,0.739386,0.846620
6.53172,0.996755,0.741376,0.849123,0.738970,0.846368
6.53745,0.996749,0.740962,0.848875,0.738553,0.846115
6.54318,0.996743,0.740548,0.848627,0.738136,0.845863
6.54891,0.996737,0.740134,0.848378,0.737720,0.845610
6.55464,0.996732,0.739720,0.848129,0.737302,0.845358
6.56037,0.996726,0.739306,0.847881,0.736885,0.845105
6.56610,0.996720,0.738891,0.847631,0.736467,0.844852
6.57183,0.996715,0.738476,0.847382,0.736050,0.844598
6.57756,0.996709,0.738061,0.847133,0.735632,0.844345
6.58329,0.996703,0.737645,0.846883,0.735213,0.844091
6.58901,0.996697,0.737230,0.846634,0.734795,0.843838
6.59474,0.996692,0.736814,0.846384,0.734376,0.843584
6.60047,0.996686,0.736398,0.846134,0.733957,0.843330
6.60620,0.996680,0.735981,0.845883,0.733538,0.843075
6.61193,0.996674,0.735565,0.845633,0.733119,0.842821
6.61766,0.996669,0.735148,0.845383,0.732699,0.842566
6.62339,0.996663,0.734731,0.845132,0.732279,0.842312
6.62912,0.996657,0.734314,0.844881,0.731859,0.842057
6.63485,0.996651,0.733897,0.844630,0.731439,0.841802
6.64058,0.996646,0.733479,0.844379,0.731019,0.841547
6.64631,0.996640,0.733061,0.844128,0.730598,0.841291
6.65204,0.996634,0.732643,0.843876,0.730177,0.841036
6.65777,0.996628,0.732225,0.843625,0.729756,0.840780
6.66350,0.996622,0.731806,0.843373,0.729334,0.840524
6.66923,0.996617,0.731387,0.843121,0.728913,0.840268
6.67496,0.996611,0.730969,0.842869,0.728491,0.840012
6.68069,0.996605,0.730549,0.842616,0.728069,0.839756
6.68642,0.996599,0.730130,0.842364,0.727647,0.839499
6.69215,0.996593,0.729710,0.842111,0.727224,0.839243
6.69788,0.996587,0.729290,0.841859,0.726802,0.838986
6.70361,0.996582,0.728870,0.841606,0.726379,0.838729
6.70934,0.996576,0.728450,0.841353,0.725956,0.838472
6.71507,0.996570,0.728030,0.841100,0.725532,0.838215
6.72079,0.996564,0.727609,0.840846,0.725109,0.837957
6.72652,0.996558,0.727188,0.840593,0.724685,0.837700
6.73225,0.996552,0.726767,0.840339,0.724261,0.837442
6.73798,0.996547,0.726345,0.840085,0.723837,0.837184
6.74371,0.996541,0.725924,0.839831,0.723413,0.836926
6.74944,0.996535,0.725502,0.839577,0.722988,0.836668
6.75517,0.996529,0.725080,0.839323,0.722563,0.836409
6.76090,0.996523,0.724658,0.839068,0.722138,0.836151
6.76663,0.996517,0.724235,0.838814,0.721713,0.835892
6.77236,0.996511,0.723813,0.838559,0.721288,0.835633
6.77809,0.996505,0.723390,0.838304,0.720862,0.835374
6.78382,0.996499,0.722967,0.838049,0.720436,0.835115
6.78955,0.996494,0.722544,0.837793,0.720010,0.834856
6.79528,0.996488,0.722120,0.837538,0.719584,0.834596
6.80101,0.996482,0.721696,0.837282,0.719157,0.834337
6.80674,0.996476,0.721272,0.837027,0.718730,0.834077
6.81247,0.996470,0.720848,0.836771,0.718304,0.833817
6.81820,0.996464,0.720424,0.836515,0.717876,0.833557
6.82393,0.996458,0.719999,0.836259,0.717449,0.833297
6.82966,0.996452,0.719574,0.836002,0.717021,0.833036
6.83539,0.996446,0.719149,0.835746,0.716594,0.832776
6.84112,0.996440,0.718724,0.835489,0.716166,0.832515
6.84685,0.996434,0.718299,0.835232,0.715738,0.832254
6.85258,0.996428,0.717873,0.834975,0.715309,0.831993
6.85830,0.996422,0.717447,0.834718,0.714881,0.831732
6.86403,0.996416,0.717021,0.834461,0.714452,0.831471
6.86976,0.996410,0.716595,0.834204,0.714023,0.831209
6.87549,0.996404,0.716169,0.833946,0.713593,0.830947
6.88122,0.996398,0.715742,0.833688,0.713164,0.830686
6.88695,0.996392,0.715315,0.833430,0.712734,0.830424
6.89268,0.996386,0.714888,0.833172,0.712305,0.830162
6.89841,0.996380,0.714461,0.832914,0.711875,0.829899
6.90414,0.996374,0.714033,0.832656,0.711444,0.829637
6.90987,0.996368,0.713605,0.832397,0.711014,0.829374
6.91560,0.996362,0.713178,0.832139,0.710583,0.829112
6.92133,0.996356,0.712749,0.831880,0.710152,0.828849
6.92706,0.996350,0.712321,0.831621,0.709721,0.828586
6.93279,0.996344,0.711893,0.831362,0.709290,0.828323
6.93852,0.996338,0.711464,0.831103,0.708859,0.828059
6.94425,0.996332,0.711035,0.830843,0.708427,0.827796
6.94998,0.996326,0.710606,0.830584,0.707995,0.827532
6.95571,0.996320,0.710176,0.830324,0.707563,0.827268
6.96144,0.996314,0.709747,0.830064,0.707131,0.827005
6.96717,0.996308,0.709317,0.829804,0.706698,0.826740
6.97290,0.996302,0.708887,0.829544,0.706265,0.826476
6.97863,0.996296,0.708457,0.829284,0.705833,0.826212
6.98436,0.996290,0.708026,0.829023,0.705399,0.825947
6.99009,0.996284,0.707596,0.828763,0.704966,0.825683
6.99581,0.996278,0.707165,0.828502,0.704533,0.825418
7.00154,0.996271,0.706734,0.828241,0.704099,0.825153
7.00727,0.996265,0.706303,0.827980,0.703665,0.824888
7.01300,0.996259,0.705872,0.827719,0.703231,0.824622
7.01873,0.996253,0.705440,0.827457,0.702797,0.824357
7.02446,0.996247,0.705008,0.827196,0.702362,0.824091
7.03019,0.996241,0.704576,0.826934,0.701928,0.823826
7.03592,0.996235,0.704144,0.826672,0.701493,0.823560
7.04165,0.996229,0.703712,0.826410,0.701058,0.823294
7.04738,0.996223,0.703279,0.826148,0.700622,0.823027
7.05311,0.996216,0.702846,0.825886,0.700187,0.822761
7.05884,0.996210,0.702413,0.825623,0.699751,0.822495
7.06457,0.996204,0.701980,0.825361,0.699316,0.822228
7.07030,0.996198,0.701547,0.825098,0.698879,0.821961
7.07603,0.996192,0.701113,0.824835,0.698443,0.821694
7.08176,0.996186,0.700679,0.824572,0.698007,0.821427
7.08749,0.996179,0.700245,0.824309,0.697570,0.821160
7.09322,0.996173,0.699811,0.824046,0.697133,0.820892
7.09895,0.996167,0.699377,0.823782,0.696696,0.820625
7.10468,0.996161,0.698942,0.823519,0.696259,0.820357
7.11041,0.996155,0.698508,0.823255,0.695822,0.820089
7.11614,0.996149,0.698073,0.822991,0.695384,0.819821
7.12187,0.996142,0.697638,0.822727,0.694946,0.819553
7.12759,0.996136,0.697202,0.822463,0.694508,0.819285
7.13332,0.996130,0.696767,0.822199,0.694070,0.819017
7.13905,0.996124,0.696331,0.821934,0.693632,0.818748
7.14478,0.996118,0.695895,0.821669,0.693193,0.818479
7.15051,0.996111,0.695459,0.821405,0.692755,0.818210
7.15624,0.996105,0.695023,0.821140,0.692316,0.817941
7.16197,0.996099,0.694586,0.820875,0.691876,0.817672
7.16770,0.996093,0.694150,0.820609,0.691437,0.817403
7.17343,0.996086,0.693713,0.820344,0.690998,0.817133
7.17916,0.996080,0.693276,0.820078,0.690558,0.816864
7.18489,0.996074,0.692838,0.819813,0.690118,0.816594
7.19062,0.996068,0.692401,0.819547,0.689678,0.816324
7.19635,0.996061,0.691963,0.819281,0.689238,0.816054
7.20208,0.996055,0.691525,0.819015,0.688797,0.815784
7.20781,0.996049,0.691087,0.818749,0.688357,0.815514
7.21354,0.996043,0.690649,0.818482,0.687916,0.815243
7.21927,0.996036,0.690211,0.818216,0.687475,0.814973
7.22500,0.996030,0.689772,0.817949,0.687034,0.814702
7.23073,0.996024,0.689333,0.817682,0.686592,0.814431
7.23646,0.996017,0.688894,0.817415,0.686151,0.814160
7.24219,0.996011,0.688455,0.817148,0.685709,0.813889
7.24792,0.996005,0.688016,0.816881,0.685267,0.813617
7.25365,0.995998,0.687576,0.816613,0.684825,0.813346
7.25938,0.995992,0.687137,0.816346,0.684383,0.813074
7.26510,0.995986,0.686697,0.816078,0.683940,0.812802
7.27083,0.995979,0.686257,0.815810,0.683498,0.812530
7.27656,0.995973,0.685816,0.815542,0.683055,0.812258
7.28229,0.995967,0.685376,0.815274,0.682612,0.811986
7.28802,0.995960,0.684935,0.815006,0.682169,0.811714
7.29375,0.995954,0.684495,0.814738,0.681725,0.811441
7.29948,0.995948,0.684054,0.814469,0.681282,0.811169
7.30521,0.995941,0.683612,0.814200,0.680838,0.810896
7.31094,0.995935,0.683171,0.813932,0.680394,0.810623
7.31667,0.995929,0.682729,0.813663,0.679950,0.810350
7.32240,0.995922,0.682288,0.813393,0.679506,0.810077
7.32813,0.995916,0.681846,0.813124,0.679061,0.809803
7.33386,0.995910,0.681404,0.812855,0.678616,0.809530
7.33959,0.995903,0.680961,0.812585,0.678172,0.809256
7.34532,0.995897,0.680519,0.812315,0.677727,0.808982
7.35105,0.995890,0.680076,0.812046,0.677281,0.808708
7.35678,0.995884,0.679633,0.811776,0.676836,0.808434
7.36251,0.995878,0.679190,0.811506,0.676391,0.808160
7.36824,0.995871,0.678747,0.811235,0.675945,0.807886
7.37397,0.995865,0.678304,0.810965,0.675499,0.807611
7.37970,0.995858,0.677860,0.810694,0.675053,0.807337
7.38543,0.995852,0.677417,0.810424,0.674607,0.807062
7.39116,0.995846,0.676973,0.810153,0.674160,0.806787
7.39689,0.995839,0.676529,0.809882,0.673714,0.806512
7.40261,0.995833,0.676084,0.809611,0.673267,0.806237
7.40834,0.995826,0.675640,0.809339,0.672820,0.805961
7.41407,0.995820,0.675195,0.809068,0.672373,0.805686
7.41980,0.995813,0.674750,0.808797,0.671925,0.805410
7.42553,0.995807,0.674305,0.808525,0.671478,0.805135
7.43126,0.995800,0.673860,0.808253,0.671030,0.804859
7.43699,0.995794,0.673415,0.807981,0.670583,0.804583
7.44272,0.995787,0.672969,0.807709,0.670135,0.804307
7.44845,0.995781,0.672524,0.807437,0.669686,0.804030
7.45418,0.995774,0.672078,0.807164,0.669238,0.803754
7.45991,0.995768,0.671632,0.806892,0.668790,0.803477
7.46564,0.995761,0.671186,0.806619,0.668341,0.803200
7.47137,0.995755,0.670739,0.806347,0.667892,0.802924
7.47710,0.995748,0.670293,0.806074,0.667443,0.802647
7.48283,0.995742,0.669846,0.805801,0.666994,0.802369
7.48856,0.995735,0.669399,0.805527,0.666544,0.802092
7.49429,0.995729,0.668952,0.805254,0.666095,0.801815
7.50002,0.995722,0.668505,0.804981,0.665645,0.801537
7.50575,0.995716,0.668057,0.804707,0.665195,0.801259
7.51148,0.995709,0.667610,0.804433,0.664745,0.800982
7.51721,0.995703,0.667162,0.804159,0.664295,0.800704
7.52294,0.995696,0.666714,0.803885,0.663845,0.800426
7.52867,0.995690,0.666266,0.803611,0.663394,0.800147
7.53440,0.995683,0.665818,0.803337,0.662944,0.799869
7.54012,0.995677,0.665369,0.803062,0.662493,0.799590
7.54585,0.995670,0.664921,0.802788,0.662042,0.799312
7.55158,0.995663,0.664472,0.802513,0.661590,0.799033
7.55731,0.995657,0.664023,0.802238,0.661139,0.798754
7.56304,0.995650,0.663574,0.801963,0.660688,0.798475
7.56877,0.995644,0.663125,0.801688,0.660236,0.798196
7.57450,0.995637,0.662675,0.801413,0.659784,0.797916
7.58023,0.995631,0.662225,0.801137,0.659332,0.797637
7.58596,0.995624,0.661776,0.800862,0.658880,0.797357
7.59169,0.995617,0.661326,0.800586,0.658427,0.797078
7.59742,0.995611,0.660876,0.800310,0.657975,0.796798
7.60315,0.995604,0.660425,0.800035,0.657522,0.796518
7.60888,0.995598,0.659975,0.799758,0.657069,0.796238
7.61461,0.995591,0.659524,0.799482,0.656616,0.795957
7.62034,0.995584,0.659073,0.799206,0.656163,0.795677
7.62607,0.995578,0.658622,0.798929,0.655710,0.795396
7.63180,0.995571,0.658171,0.798653,0.655256,0.795116
7.63753,0.995564,0.657720,0.798376,0.654803,0.794835
7.64326,0.995558,0.657269,0.798099,0.654349,0.794554
7.64899,0.995551,0.656817,0.797822,0.653895,0.794273
7.65472,0.995544,0.656365,0.797545,0.653441,0.793991
7.66045,0.995538,0.655913,0.797268,0.652986,0.793710
7.66618,0.995531,0.655461,0.796990,0.652532,0.793429
7.67190,0.995524,0.655009,0.796713,0.652077,0.793147
7.67763,0.995518,0.654557,0.796435,0.651623,0.792865
7.68336,0.995511,0.654104,0.796157,0.651168,0.792583
7.68909,0.995504,0.653651,0.795879,0.650713,0.792301
7.69482,0.995498,0.653198,0.795601,0.650257,0.792019
7.70055,0.995491,0.652745,0.795323,0.649802,0.791737
7.70628,0.995484,0.652292,0.795045,0.649346,0.791454
7.71201,0.995478,0.651839,0.794766,0.648891,0.791172
7.71774,0.995471,0.651385,0.794488,0.648435,0.790889
7.72347,0.995464,0.650931,0.794209,0.647979,0.790606
7.72920,0.995457,0.650478,0.793930,0.647523,0.790323
7.73493,0.995451,0.650023,0.793651,0.647066,0.790040
7.74066,0.995444,0.649569,0.793372,0.646610,0.789757
7.74639,0.995437,0.649115,0.793092,0.646153,0.789474
7.75212,0.995430,0.648660,0.792813,0.645696,0.789190
7.75785,0.995424,0.648206,0.792534,0.645239,0.788907
7.76358,0.995417,0.647751,0.792254,0.644782,0.788623
7.76931,0.995410,0.647296,0.791974,0.644325,0.788339
7.77504,0.995403,0.646841,0.791694,0.643868,0.788055
7.78077,0.995397,0.646386,0.791414,0.643410,0.787771
7.78650,0.995390,0.645930,0.791134,0.642952,0.787487
7.79223,0.995383,0.645475,0.790854,0.642495,0.787202
7.79796,0.995376,0.645019,0.790573,0.642037,0.786918
7.80369,0.995370,0.644563,0.790293,0.641578,0.786633
7.80941,0.995363,0.644107,0.790012,0.641120,0.786348
7.81514,0.995356,0.643651,0.789731,0.640662,0.786063
7.82087,0.995349,0.643194,0.789450,0.640203,0.785778
7.82660,0.995342,0.642738,0.789169,0.639744,0.785493
7.83233,0.995336,0.642281,0.788888,0.639285,0.785208
7.83806,0.995329,0.641824,0.788606,0.638826,0.784923
7.84379,0.995322,0.641367,0.788325,0.638367,0.784637
7.84952,0.995315,0.640910,0.788043,0.637908,0.784351
7.85525,0.995308,0.640453,0.787761,0.637448,0.784065
7.86098,0.995301,0.639996,0.787480,0.636989,0.783780
7.86671,0.995295,0.639538,0.787198,0.636529,0.783493
7.87244,0.995288,0.639080,0.786915,0.636069,0.783207
7.87817,0.995281,0.638622,0.786633,0.635609,0.782921
7.88390,0.995274,0.638164,0.786351,0.635148,0.782634
7.88963,0.995267,0.637706,0.786068,0.634688,0.782348
7.89536,0.995260,0.637248,0.785786,0.634228,0.782061
7.90109,0.995253,0.636789,0.785503,0.633767,0.781774
7.90682,0.995247,0.636331,0.785220,0.633306,0.781487
7.91255,0.995240,0.635872,0.784937,0.632845,0.781200
7.91828,0.995233,0.635413,0.784654,0.632384,0.780913
7.92401,0.995226,0.634954,0.784370,0.631923,0.780626
7.92974,0.995219,0.634495,0.784087,0.631461,0.780338
7.93547,0.995212,0.634036,0.783803,0.631000,0.780051
7.94120,0.995205,0.633576,0.783520,0.630538,0.779763
7.94692,0.995198,0.633116,0.783236,0.630076,0.779475
7.95265,0.995191,0.632657,0.782952,0.629614,0.779187
7.95838,0.995184,0.632197,0.782668,0.629152,0.778899
7.96411,0.995178,0.631737,0.782384,0.628690,0.778611
7.96984,0.995171,0.631276,0.782100,0.628228,0.778323
7.97557,0.995164,0.630816,0.781815,0.627765,0.778034
7.98130,0.995157,0.630355,0.781531,0.627302,0.777745
7.98703,0.995150,0.629895,0.781246,0.626840,0.777457
7.99276,0.995143,0.629434,0.780961,0.626377,0.777168
7.99849,0.995136,0.628973,0.780676,0.625914,0.776879
8.00422,0.995129,0.628512,0.780391,0.625450,0.776590
8.00995,0.995122,0.628051,0.780106,0.624987,0.776301
8.01568,0.995115,0.627589,0.779821,0.624524,0.776011
8.02141,0.995108,0.627128,0.779535,0.624060,0.775722
8.02714,0.995101,0.626666,0.779250,0.623596,0.775432
8.03287,0.995094,0.626204,0.778964,0.623132,0.775143
8.03860,0.995087,0.625742,0.778678,0.622668,0.774853
8.04433,0.995080,0.625280,0.778392,0.622204,0.774563
8.05006,0.995073,0.624818,0.778106,0.621740,0.774273
8.05579,0.995066,0.624356,0.777820,0.621275,0.773982
8.06152,0.995059,0.623893,0.777534,0.620811,0.773692
8.06725,0.995052,0.623431,0.777247,0.620346,0.773402
8.07298,0.995045,0.622968,0.776961,0.619881,0.773111
8.07870,0.995038,0.622505,0.776674,0.619416,0.772820
8.08443,0.995031,0.622042,0.776387,0.618951,0.772530
8.09016,0.995024,0.621579,0.776101,0.618486,0.772239
8.09589,0.995017,0.621116,0.775814,0.618020,0.771948
8.10162,0.995010,0.620652,0.775526,0.617555,0.771656
8.10735,0.995003,0.620189,0.775239,0.617089,0.771365
8.11308,0.994996,0.619725,0.774952,0.616624,0.771074
8.11881,0.994989,0.619261,0.774664,0.616158,0.770782
8.12454,0.994982,0.618797,0.774377,0.615692,0.770490
8.13027,0.994975,0.618333,0.774089,0.615225,0.770199
8.13600,0.994967,0.617869,0.773801,0.614759,0.769907
8.14173,0.994960,0.617404,0.773513,0.614293,0.769615
8.14746,0.994953,0.616940,0.773225,0.613826,0.769323
8.15319,0.994946,0.616475,0.772937,0.613359,0.769030
8.15892,0.994939,0.616010,0.772648,0.612893,0.768738
8.16465,0.994932,0.615545,0.772360,0.612426,0.768445
8.17038,0.994925,0.615080,0.772071,0.611959,0.768153
8.17611,0.994918,0.614615,0.771782,0.611491,0.767860
8.18184,0.994911,0.614150,0.771494,0.611024,0.767567
8.18757,0.994904,0.613684,0.771205,0.610557,0.767274
8.19330,0.994896,0.613219,0.770915,0.610089,0.766981
8.19903,0.994889,0.612753,0.770626,0.609621,0.766688
8.20476,0.994882,0.612287,0.770337,0.609154,0.766394
8.21049,0.994875,0.611821,0.770047,0.608686,0.766101
8.21621,0.994868,0.611355,0.769758,0.608217,0.765807
8.22194,0.994861,0.610889,0.769468,0.607749,0.765514
8.22767,0.994854,0.610422,0.769178,0.607281,0.765220
8.23340,0.994846,0.609956,0.768888,0.606812,0.764926
8.23913,0.994839,0.609489,0.768598,0.606344,0.764632
8.24486,0.994832,0.609023,0.768308,0.605875,0.764338
8.25059,0.994825,0.608556,0.768018,0.605406,0.764043
8.25632,0.994818,0.608089,0.767728,0.604937,0.763749
8.26205,0.994811,0.607622,0.767437,0.604468,0.763455
8.26778,0.994803,0.607154,0.767146,0.603999,0.763160
8.27351,0.994796,0.606687,0.766856,0.603530,0.762865
8.27924,0.994789,0.606219,0.766565,0.603060,0.762570
8.28497,0.994782,0.605752,0.766274,0.602591,0.762275
8.29070,0.994775,0.605284,0.765983,0.602121,0.761980
8.29643,0.994767,0.604816,0.765692,0.601651,0.761685
8.30216,0.994760,0.604348,0.765400,0.601181,0.761390
8.30789,0.994753,0.603880,0.765109,0.600711,0.761094
8.31362,0.994746,0.603412,0.764817,0.600241,0.760799
8.31935,0.994738,0.602943,0.764525,0.599771,0.760503
8.32508,0.994731,0.602475,0.764234,0.599301,0.760207
8.33081,0.994724,0.602006,0.763942,0.598830,0.759911
8.33654,0.994717,0.601537,0.763650,0.598359,0.759615
8.34227,0.994710,0.601069,0.763358,0.597889,0.759319
8.34800,0.994702,0.600600,0.763065,0.597418,0.759023
8.35372,0.994695,0.600131,0.762773,0.596947,0.758726
8.35945,0.994688,0.599661,0.762480,0.596476,0.758430
8.36518,0.994680,0.599192,0.762188,0.596005,0.758133
8.37091,0.994673,0.598722,0.761895,0.595533,0.757837
8.37664,0.994666,0.598253,0.761602,0.595062,0.757540
8.38237,0.994659,0.597783,0.761309,0.594590,0.757243
8.38810,0.994651,0.597313,0.761016,0.594119,0.756946
8.39383,0.994644,0.596843,0.760723,0.593647,0.756649
8.39956,0.994637,0.596373,0.760430,0.593175,0.756351
8.40529,0.994629,0.595903,0.760136,0.592703,0.756054
8.41102,0.994622,0.595433,0.759843,0.592231,0.755756
8.41675,0.994615,0.594962,0.759549,0.591758,0.755459
8.42248,0.994607,0.594492,0.759255,0.591286,0.755161
8.42821,0.994600,0.594021,0.758961,0.590814,0.754863
8.43394,0.994593,0.593550,0.758667,0.590341,0.754565
8.43967,0.994585,0.593080,0.758373,0.589868,0.754267
8.44540,0.994578,0.592609,0.758079,0.589396,0.753969
8.45113,0.994571,0.592137,0.757785,0.588923,0.753671
8.45686,0.994563,0.591666,0.757490,0.588450,0.753372
8.46259,0.994556,0.591195,0.757196,0.587976,0.753074
8.46832,0.994549,0.590723,0.756901,0.587503,0.752775
8.47405,0.994541,0.590252,0.756606,0.587030,0.752476
8.47978,0.994534,0.589780,0.756311,0.586556,0.752177
8.48550,0.994527,0.589308,0.756016,0.586083,0.751878
8.49123,0.994519,0.588836,0.755721,0.585609,0.751579
8.49696,0.994512,0.588364,0.755426,0.585135,0.751280
8.50269,0.994504,0.587892,0.755131,0.584662,0.750981
8.50842,0.994497,0.587420,0.754835,0.584188,0.750681
8.51415,0.994490,0.586948,0.754540,0.583713,0.750382
8.51988,0.994482,0.586475,0.754244,0.583239,0.750082
8.52561,0.994475,0.586003,0.753948,0.582765,0.749783
8.53134,0.994467,0.585530,0.753652,0.582290,0.749483
8.53707,0.994460,0.585057,0.753356,0.581816,0.749183
8.54280,0.994453,0.584584,0.753060,0.581341,0.748883
8.54853,0.994445,0.584111,0.752764,0.580867,0.748583
8.55426,0.994438,0.583638,0.752468,0.580392,0.748282
8.55999,0.994430,0.583165,0.752171,0.579917,0.747982
8.56572,0.994423,0.582692,0.751875,0.579442,0.747681
8.57145,0.994415,0.582218,0.751578,0.578967,0.747381
8.57718,0.994408,0.581745,0.751281,0.578491,0.747080
8.58291,0.994400,0.581271,0.750984,0.578016,0.746779
8.58864,0.994393,0.580797,0.750687,0.577541,0.746478
8.59437,0.994386,0.580323,0.750390,0.577065,0.746177
8.60010,0.994378,0.579849,0.750093,0.576589,0.745876
8.60583,0.994371,0.579375,0.749796,0.576114,0.745575
8.61156,0.994363,0.578901,0.749498,0.575638,0.745273
8.61729,0.994356,0.578427,0.749201,0.575162,0.744972
8.62301,0.994348,0.577952,0.748903,0.574686,0.744670
8.62874,0.994341,0.577478,0.748605,0.574210,0.744369
8.63447,0.994333,0.577003,0.748307,0.573733,0.744067
8.64020,0.994326,0.576528,0.748009,0.573257,0.743765
8.64593,0.994318,0.576054,0.747711,0.572780,0.743463
8.65166,0.994311,0.575579,0.747413,0.572304,0.743161
8.65739,0.994303,0.575104,0.747115,0.571827,0.742859
8.66312,0.994296,0.574628,0.746817,0.571350,0.742556
8.66885,0.994288,0.574153,0.746518,0.570874,0.742254
8.67458,0.994280,0.573678,0.746219,0.570397,0.741951
8.68031,0.994273,0.573202,0.745921,0.569920,0.741649
8.68604,0.994265,0.572727,0.745622,0.569443,0.741346
8.69177,0.994258,0.572251,0.745323,0.568965,0.741043
8.69750,0.994250,0.571776,0.745024,0.568488,0.740740
8.70323,0.994243,0.571300,0.744725,0.568011,0.740437
8.70896,0.994235,0.570824,0.744425,0.567533,0.740134
8.71469,0.994228,0.570348,0.744126,0.567055,0.739831
8.72042,0.994220,0.569872,0.743827,0.566578,0.739527
8.72615,0.994212,0.569395,0.743527,0.566100,0.739224
8.73188,0.994205,0.568919,0.743227,0.565622,0.738920
8.73761,0.994197,0.568443,0.742928,0.565144,0.738616
8.74334,0.994190,0.567966,0.742628,0.564666,0.738313
8.74907,0.994182,0.567489,0.742328,0.564188,0.738009
8.75480,0.994174,0.567013,0.742028,0.563710,0.737705
8.76052,0.994167,0.566536,0.741727,0.563231,0.737401
8.76625,0.994159,0.566059,0.741427,0.562753,0.737096
8.77198,0.994152,0.565582,0.741127,0.562274,0.736792
8.77771,0.994144,0.565105,0.740826,0.561796,0.736488
8.78344,0.994136,0.564628,0.740525,0.561317,0.736183
8.78917,0.994129,0.564150,0.740225,0.560838,0.735879
8.79490,0.994121,0.563673,0.739924,0.560359,0.735574
8.80063,0.994113,0.563196,0.739623,0.559880,0.735269
8.80636,0.994106,0.562718,0.739322,0.559401,0.734964
8.81209,0.994098,0.562240,0.739021,0.558922,0.734659
8.81782,0.994090,0.561762,0.738720,0.558443,0.734354
8.82355,0.994083,0.561285,0.738418,0.557963,0.734049
8.82928,0.994075,0.560807,0.738117,0.557484,0.733743
8.83501,0.994067,0.560329,0.737815,0.557004,0.733438
8.84074,0.994060,0.559851,0.737514,0.556525,0.733132
8.84647,0.994052,0.559372,0.737212,0.556045,0.732827
8.85220,0.994044,0.558894,0.736910,0.555565,0.732521
8.85793,0.994037,0.558416,0.736608,0.555086,0.732215
8.86366,0.994029,0.557937,0.736306,0.554606,0.731909
8.86939,0.994021,0.557459,0.736004,0.554126,0.731603
8.87512,0.994013,0.556980,0.735701,0.553645,0.731297
8.88085,0.994006,0.556501,0.735399,0.553165,0.730991
8.88658,0.993998,0.556022,0.735097,0.552685,0.730685
8.89230,0.993990,0.555543,0.734794,0.552205,0.730378
8.89803,0.993983,0.555064,0.734491,0.551724,0.730072
8.90376,0.993975,0.554585,0.734189,0.551244,0.729765
8.90949,0.993967,0.554106,0.733886,0.550763,0.729458
8.91522,0.993959,0.553627,0.733583,0.550282,0.729151
8.92095,0.993952,0.553147,0.733280,0.549802,0.728845
8.92668,0.993944,0.552668,0.732977,0.549321,0.728538
8.93241,0.993936,0.552188,0.732673,0.548840,0.728230
8.93814,0.993928,0.551709,0.732370,0.548359,0.727923
8.94387,0.993921,0.551229,0.732066,0.547878,0.727616
8.94960,0.993913,0.550749,0.731763,0.547397,0.727308
8.95533,0.993905,0.550269,0.731459,0.546915,0.727001
8.96106,0.993897,0.549789,0.731155,0.546434,0.726693
8.96679,0.993889,0.549309,0.730852,0.545953,0.726386
8.97252,0.993882,0.548829,0.730548,0.545471,0.726078
8.97825,0.993874,0.548349,0.730243,0.544990,0.725770
8.98398,0.993866,0.547869,0.729939,0.544508,0.725462
8.98971,0.993858,0.547388,0.729635,0.544026,0.725154
8.99544,0.993850,0.546908,0.729331,0.543545,0.724846
9.00117,0.993843,0.546427,0.729026,0.543063,0.724537
9.00690,0.993835,0.545947,0.728722,0.542581,0.724229
9.01263,0.993827,0.545466,0.728417,0.542099,0.723920
9.01836,0.993819,0.544985,0.728112,0.541617,0.723612
9.02409,0.993811,0.544504,0.727807,0.541134,0.723303
9.02981,0.993803,0.544023,0.727502,0.540652,0.722994
9.03554,0.993796,0.543542,0.727197,0.540170,0.722686
9.04127,0.993788,0.543061,0.726892,0.539687,0.722377
9.04700,0.993780,0.542580,0.726587,0.539205,0.722068
9.05273,0.993772,0.542099,0.726282,0.538722,0.721758
9.05846,0.993764,0.541617,0.725976,0.538240,0.721449
9.06419,0.993756,0.541136,0.725671,0.537757,0.721140
9.06992,0.993748,0.540654,0.725365,0.537274,0.720830
9.07565,0.993740,0.540173,0.725059,0.536792,0.720521
9.08138,0.993733,0.539691,0.724754,0.536309,0.720211
9.08711,0.993725,0.539209,0.724448,0.535826,0.719901
9.09284,0.993717,0.538728,0.724142,0.535343,0.719592
9.09857,0.993709,0.538246,0.723835,0.534860,0.719282
9.10430,0.993701,0.537764,0.723529,0.534376,0.718972
9.11003,0.993693,0.537282,0.723223,0.533893,0.718662
9.11576,0.993685,0.536800,0.722917,0.533410,0.718351
9.12149,0.993677,0.536318,0.722610,0.532926,0.718041
9.12722,0.993669,0.535835,0.722304,0.532443,0.717731
9.13295,0.993661,0.535353,0.721997,0.531960,0.717420
9.13868,0.993653,0.534871,0.721690,0.531476,0.717110
9.14441,0.993645,0.534388,0.721383,0.530992,0.716799
9.15014,0.993638,0.533906,0.721076,0.530509,0.716488
9.15587,0.993630,0.533423,0.720769,0.530025,0.716178
9.16160,0.993622,0.532940,0.720462,0.529541,0.715867
9.16732,0.993614,0.532457,0.720155,0.529057,0.715556
9.17305,0.993606,0.531975,0.719847,0.528573,0.715245
9.17878,0.993598,0.531492,0.719540,0.528089,0.714933
9.18451,0.993590,0.531009,0.719233,0.527605,0.714622
9.19024,0.993582,0.530526,0.718925,0.527121,0.714311
9.19597,0.993574,0.530043,0.718617,0.526636,0.713999
9.20170,0.993566,0.529559,0.718309,0.526152,0.713688
9.20743,0.993558,0.529076,0.718002,0.525668,0.713376
9.21316,0.993550,0.528593,0.717694,0.525183,0.713064
9.21889,0.993542,0.528109,0.717385,0.524699,0.712752
9.22462,0.993534,0.527626,0.717077,0.524214,0.712440
9.23035,0.993526,0.527142,0.716769,0.523730,0.712128
9.23608,0.993518,0.526659,0.716461,0.523245,0.711816
9.24181,0.993510,0.526175,0.716152,0.522760,0.711504
9.24754,0.993502,0.525691,0.715844,0.522275,0.711192
9.25327,0.993494,0.525208,0.715535,0.521790,0.710880
9.25900,0.993486,0.524724,0.715226,0.521306,0.710567
9.26473,0.993478,0.524240,0.714918,0.520821,0.710255
9.27046,0.993469,0.523756,0.714609,0.520336,0.709942
9.27619,0.993461,0.523272,0.714300,0.519850,0.709629
9.28192,0.993453,0.522788,0.713991,0.519365,0.709316
9.28765,0.993445,0.522304,0.713681,0.518880,0.709003
9.29338,0.993437,0.521819,0.713372,0.518395,0.708690
9.29911,0.993429,0.521335,0.713063,0.517909,0.708377
9.30483,0.993421,0.520851,0.712753,0.517424,0.708064
9.31056,0.993413,0.520366,0.712444,0.516939,0.707751
9.31629,0.993405,0.519882,0.712134,0.516453,0.707438
9.32202,0.993397,0.519397,0.711825,0.515967,0.707124
9.32775,0.993389,0.518913,0.711515,0.515482,0.706811
9.33348,0.993381,0.518428,0.711205,0.514996,0.706497
9.33921,0.993372,0.517943,0.710895,0.514510,0.706183
9.34494,0.993364,0.517458,0.710585,0.514025,0.705870
9.35067,0.993356,0.516973,0.710275,0.513539,0.705556
9.35640,0.993348,0.516489,0.709964,0.513053,0.705242
9.36213,0.993340,0.516004,0.709654,0.512567,0.704928
9.36786,0.993332,0.515518,0.709344,0.512081,0.704614
9.37359,0.993324,0.515033,0.709033,0.511595,0.704299
9.37932,0.993316,0.514548,0.708723,0.511109,0.703985
9.38505,0.993307,0.514063,0.708412,0.510623,0.703671
9.39078,0.993299,0.513578,0.708101,0.510136,0.703356
9.39651,0.993291,0.513092,0.707790,0.509650,0.703042
9.40224,0.993283,0.512607,0.707479,0.509164,0.702727
9.40797,0.993275,0.512122,0.707168,0.508677,0.702412
9.41370,0.993267,0.511636,0.706857,0.508191,0.702098
9.41943,0.993258,0.511150,0.706546,0.507705,0.701783
9.42516,0.993250,0.510665,0.706235,0.507218,0.701468
9.43089,0.993242,0.510179,0.705923,0.506731,0.701153
9.43661,0.993234,0.509693,0.705612,0.506245,0.700838
9.44234,0.993226,0.509208,0.705300,0.505758,0.700522
9.44807,0.993217,0.508722,0.704989,0.505271,0.700207
9.45380,0.993209,0.508236,0.704677,0.504785,0.699892
9.45953,0.993201,0.507750,0.704365,0.504298,0.699576
9.46526,0.993193,0.507264,0.704053,0.503811,0.699261
9.47099,0.993185,0.506778,0.703741,0.503324,0.698945
9.47672,0.993176,0.506292,0.703429,0.502837,0.698629
9.48245,0.993168,0.505806,0.703117,0.502350,0.698313
9.48818,0.993160,0.505320,0.702805,0.501863,0.697998
9.49391,0.993152,0.504833,0.702493,0.501376,0.697682
9.49964,0.993143,0.504347,0.702180,0.500889,0.697366
9.50537,0.993135,0.503861,0.701868,0.500402,0.697049
9.51110,0.993127,0.503374,0.701555,0.499914,0.696733
9.51683,0.993119,0.502888,0.701242,0.499427,0.696417
9.52256,0.993110,0.502401,0.700930,0.498940,0.696101
9.52829,0.993102,0.501915,0.700617,0.498452,0.695784
9.53402,0.993094,0.501428,0.700304,0.497965,0.695468
9.53975,0.993085,0.500941,0.699991,0.497478,0.695151
9.54548,0.993077,0.500455,0.699678,0.496990,0.694834
9.55121,0.993069,0.499968,0.699365,0.496503,0.694517
9.55694,0.993061,0.499481,0.699052,0.496015,0.694201
9.56267,0.993052,0.498994,0.698738,0.495527,0.693884
9.56840,0.993044,0.498507,0.698425,0.495040,0.693567
9.57412,0.993036,0.498020,0.698111,0.494552,0.693249
9.57985,0.993027,0.497533,0.697798,0.494064,0.692932
9.58558,0.993019,0.497046,0.697484,0.493577,0.692615
9.59131,0.993011,0.496559,0.697170,0.493089,0.692298
9.59704,0.993002,0.496072,0.696857,0.492601,0.691980
9.60277,0.992994,0.495585,0.696543,0.492113,0.691663
9.60850,0.992986,0.495098,0.696229,0.491625,0.691345
9.61423,0.992977,0.494611,0.695915,0.491137,0.691028
9.61996,0.992969,0.494123,0.695601,0.490649,0.690710
9.62569,0.992961,0.493636,0.695286,0.490161,0.690392
9.63142,0.992952,0.493149,0.694972,0.489673,0.690074
9.63715,0.992944,0.492661,0.694658,0.489185,0.689756
9.64288,0.992935,0.492174,0.694343,0.488697,0.689438
9.64861,0.992927,0.491686,0.694029,0.488208,0.689120
9.65434,0.992919,0.491199,0.693714,0.487720,0.688802
9.66007,0.992910,0.490711,0.693399,0.487232,0.688483
9.66580,0.992902,0.490223,0.693085,0.486744,0.688165
9.67153,0.992894,0.489736,0.692770,0.486255,0.687847
9.67726,0.992885,0.489248,0.692455,0.485767,0.687528
9.68299,0.992877,0.488760,0.692140,0.485279,0.687210
9.68872,0.992868,0.488272,0.691825,0.484790,0.686891
9.69445,0.992860,0.487784,0.691510,0.484302,0.686572
9.70018,0.992851,0.487297,0.691194,0.483813,0.686253
9.70591,0.992843,0.486809,0.690879,0.483325,0.685934
9.71163,0.992835,0.486321,0.690564,0.482836,0.685615
9.71736,0.992826,0.485833,0.690248,0.482347,0.685296
9.72309,0.992818,0.485345,0.689933,0.481859,0.684977
9.72882,0.992809,0.484857,0.689617,0.481370,0.684658
9.73455,0.992801,0.484368,0.689301,0.480881,0.684339
9.74028,0.992792,0.483880,0.688985,0.480393,0.684019
9.74601,0.992784,0.483392,0.688669,0.479904,0.683700
9.75174,0.992775,0.482904,0.688354,0.479415,0.683380
9.75747,0.992767,0.482416,0.688037,0.478926,0.683061
9.76320,0.992759,0.481927,0.687721,0.478437,0.682741
9.76893,0.992750,0.481439,0.687405,0.477949,0.682422
9.77466,0.992742,0.480951,0.687089,0.477460,0.682102
9.78039,0.992733,0.480462,0.686773,0.476971,0.681782
9.78612,0.992725,0.479974,0.686456,0.476482,0.681462
9.79185,0.992716,0.479485,0.686140,0.475993,0.681142
9.79758,0.992708,0.478997,0.685823,0.475504,0.680822
9.80331,0.992699,0.478508,0.685506,0.475015,0.680502
9.80904,0.992691,0.478020,0.685190,0.474526,0.680181
9.81477,0.992682,0.477531,0.684873,0.474037,0.679861
9.82050,0.992673,0.477043,0.684556,0.473548,0.679541
9.82623,0.992665,0.476554,0.684239,0.473058,0.679220
9.83196,0.992656,0.476065,0.683922,0.472569,0.678900
9.83769,0.992648,0.475577,0.683605,0.472080,0.678579
9.84341,0.992639,0.475088,0.683288,0.471591,0.678258
9.84914,0.992631,0.474599,0.682971,0.471102,0.677938
9.85487,0.992622,0.474110,0.682653,0.470612,0.677617
9.86060,0.992614,0.473621,0.682336,0.470123,0.677296
9.86633,0.992605,0.473133,0.682018,0.469634,0.676975
9.87206,0.992597,0.472644,0.681701,0.469144,0.676654
9.87779,0.992588,0.472155,0.681383,0.468655,0.676333
9.88352,0.992579,0.471666,0.681066,0.468166,0.676012
9.88925,0.992571,0.471177,0.680748,0.467676,0.675690
9.89498,0.992562,0.470688,0.680430,0.467187,0.675369
9.90071,0.992554,0.470199,0.680112,0.466697,0.675048
9.90644,0.992545,0.469710,0.679794,0.466208,0.674726
9.91217,0.992536,0.469221,0.679476,0.465719,0.674405
9.91790,0.992528,0.468732,0.679158,0.465229,0.674083
9.92363,0.992519,0.468242,0.678840,0.464740,0.673761
9.92936,0.992511,0.467753,0.678521,0.464250,0.673440
9.93509,0.992502,0.467264,0.678203,0.463760,0.673118
9.94082,0.992493,0.466775,0.677885,0.463271,0.672796
9.94655,0.992485,0.466286,0.677566,0.462781,0.672474
9.95228,0.992476,0.465796,0.677248,0.462292,0.672152
9.95801,0.992467,0.465307,0.676929,0.461802,0.671830
9.96374,0.992459,0.464818,0.676610,0.461312,0.671508
9.96947,0.992450,0.464328,0.676291,0.460823,0.671186
9.97520,0.992441,0.463839,0.675973,0.460333,0.670863
9.98092,0.992433,0.463350,0.675654,0.459843,0.670541
9.98665,0.992424,0.462860,0.675335,0.459354,0.670218
9.99238,0.992415,0.462371,0.675016,0.458864,0.669896
9.99811,0.992407,0.461881,0.674697,0.458374,0.669573
10.00384,0.992398,0.461392,0.674377,0.457885,0.669251
10.00957,0.992389,0.460903,0.674058,0.457395,0.668928
10.01530,0.992381,0.460413,0.673739,0.456905,0.668605
10.02103,0.992372,0.459923,0.673419,0.456415,0.668282
10.02676,0.992363,0.459434,0.673100,0.455925,0.667960
10.03249,0.992355,0.458944,0.672780,0.455436,0.667637
10.03822,0.992346,0.458455,0.672461,0.454946,0.667314
10.04395,0.992337,0.457965,0.672141,0.454456,0.666990
10.04968,0.992328,0.457476,0.671821,0.453966,0.666667
10.05541,0.992320,0.456986,0.671501,0.453476,0.666344
10.06114,0.992311,0.456496,0.671181,0.452986,0.666021
10.06687,0.992302,0.456007,0.670861,0.452496,0.665697
10.07260,0.992293,0.455517,0.670541,0.452007,0.665374
10.07833,0.992285,0.455027,0.670221,0.451517,0.665050
10.08406,0.992276,0.454538,0.669901,0.451027,0.664727
10.08979,0.992267,0.454048,0.669581,0.450537,0.664403
10.09552,0.992258,0.453558,0.669261,0.450047,0.664080
10.10125,0.992250,0.453068,0.668940,0.449557,0.663756
10.10698,0.992241,0.452579,0.668620,0.449067,0.663432
10.11271,0.992232,0.452089,0.668299,0.448577,0.663108
10.11843,0.992223,0.451599,0.667979,0.448087,0.662784
10.12416,0.992215,0.451109,0.667658,0.447597,0.662460
10.12989,0.992206,0.450619,0.667337,0.447107,0.662136
10.13562,0.992197,0.450130,0.667017,0.446617,0.661812
10.14135,0.992188,0.449640,0.666696,0.446127,0.661488
10.14708,0.992179,0.449150,0.666375,0.445637,0.661163
10.15281,0.992171,0.448660,0.666054,0.445147,0.660839
10.15854,0.992162,0.448170,0.665733,0.444657,0.660515
10.16427,0.992153,0.447680,0.665412,0.444167,0.660190
10.17000,0.992144,0.447190,0.665091,0.443677,0.659866
10.17573,0.992135,0.446700,0.664769,0.443187,0.659541
10.18146,0.992126,0.446210,0.664448,0.442697,0.659216
10.18719,0.992118,0.445720,0.664127,0.442207,0.658892
10.19292,0.992109,0.445231,0.663805,0.441717,0.658567
10.19865,0.992100,0.444741,0.663484,0.441227,0.658242
10.20438,0.992091,0.444251,0.663162,0.440737,0.657917
10.21011,0.992082,0.443761,0.662840,0.440247,0.657592
10.21584,0.992073,0.443271,0.662519,0.439757,0.657267
10.22157,0.992064,0.442781,0.662197,0.439267,0.656942
10.22730,0.992056,0.442291,0.661875,0.438777,0.656617
10.23303,0.992047,0.441801,0.661553,0.438287,0.656292
10.23876,0.992038,0.441311,0.661231,0.437797,0.655967
10.24449,0.992029,0.440821,0.660909,0.437307,0.655641
10.25021,0.992020,0.440331,0.660587,0.436817,0.655316
10.25594,0.992011,0.439841,0.660265,0.436327,0.654990
10.26167,0.992002,0.439351,0.659943,0.435837,0.654665
10.26740,0.991993,0.438860,0.659621,0.435347,0.654339
10.27313,0.991984,0.438370,0.659298,0.434857,0.654014
10.27886,0.991975,0.437880,0.658976,0.434367,0.653688
10.28459,0.991967,0.437390,0.658653,0.433877,0.653362
10.29032,0.991958,0.436900,0.658331,0.433387,0.653036
10.29605,0.991949,0.436410,0.658008,0.432897,0.652711
10.30178,0.991940,0.435920,0.657686,0.432407,0.652385
10.30751,0.991931,0.435430,0.657363,0.431917,0.652059
10.31324,0.991922,0.434940,0.657040,0.431427,0.651733
10.31897,0.991913,0.434450,0.656717,0.430937,0.651406
10.32470,0.991904,0.433960,0.656395,0.430447,0.651080
10.33043,0.991895,0.433470,0.656072,0.429957,0.650754
10.33616,0.991886,0.432980,0.655749,0.429467,0.650428
10.34189,0.991877,0.432490,0.655425,0.428977,0.650101
10.34762,0.991868,0.432000,0.655102,0.428487,0.649775
10.35335,0.991859,0.431510,0.654779,0.427997,0.649449
10.35908,0.991850,0.431019,0.654456,0.427507,0.649122
10.36481,0.991841,0.430529,0.654133,0.427017,0.648796
10.37054,0.991832,0.430039,0.653809,0.426527,0.648469
10.37627,0.991823,0.429549,0.653486,0.426037,0.648142
10.38200,0.991814,0.429059,0.653162,0.425547,0.647816
10.38772,0.991805,0.428569,0.652839,0.425057,0.647489
10.39345,0.991796,0.428079,0.652515,0.424567,0.647162
10.39918,0.991787,0.427589,0.652191,0.424077,0.646835
10.40491,0.991778,0.427099,0.651868,0.423587,0.646508
10.41064,0.991769,0.426609,0.651544,0.423097,0.646181
10.41637,0.991760,0.426119,0.651220,0.422608,0.645854
10.42210,0.991751,0.425629,0.650896,0.422118,0.645527
10.42783,0.991742,0.425139,0.650572,0.421628,0.645200
10.43356,0.991733,0.424649,0.650248,0.421138,0.644872
10.43929,0.991724,0.424159,0.649924,0.420648,0.644545
10.44502,0.991715,0.423669,0.649600,0.420158,0.644218
10.45075,0.991706,0.423179,0.649276,0.419669,0.643890
10.45648,0.991697,0.422689,0.648951,0.419179,0.643563
10.46221,0.991687,0.422199,0.648627,0.418689,0.643235
10.46794,0.991678,0.421709,0.648303,0.418199,0.642908
10.47367,0.991669,0.421219,0.647978,0.417710,0.642580
10.47940,0.991660,0.420729,0.647654,0.417220,0.642252
10.48513,0.991651,0.420239,0.647329,0.416730,0.641925
10.49086,0.991642,0.419749,0.647005,0.416240,0.641597
10.49659,0.991633,0.419259,0.646680,0.415751,0.641269
10.50232,0.991624,0.418769,0.646355,0.415261,0.640941
10.50805,0.991615,0.418279,0.646030,0.414771,0.640613
10.51378,0.991606,0.417789,0.645706,0.414282,0.640285
10.51951,0.991596,0.417299,0.645381,0.413792,0.639957
10.52523,0.991587,0.416809,0.645056,0.413303,0.639629
10.53096,0.991578,0.416319,0.644731,0.412813,0.639301
10.53669,0.991569,0.415829,0.644406,0.412323,0.638973
10.54242,0.991560,0.415339,0.644081,0.411834,0.638645
10.54815,0.991551,0.414850,0.643756,0.411344,0.638316
10.55388,0.991542,0.414360,0.643430,0.410855,0.637988
10.55961,0.991532,0.413870,0.643105,0.410365,0.637659
10.56534,0.991523,0.413380,0.642780,0.409876,0.637331
10.57107,0.991514,0.412890,0.642454,0.409386,0.637002
10.57680,0.991505,0.412400,0.642129,0.408897,0.636674
10.58253,0.991496,0.411911,0.641803,0.408408,0.636345
10.58826,0.991487,0.411421,0.641478,0.407918,0.636017
10.59399,0.991477,0.410931,0.641152,0.407429,0.635688
10.59972,0.991468,0.410441,0.640827,0.406940,0.635359
10.60545,0.991459,0.409952,0.640501,0.406450,0.635030
10.61118,0.991450,0.409462,0.640175,0.405961,0.634701
10.61691,0.991441,0.408972,0.639849,0.405472,0.634372
10.62264,0.991431,0.408483,0.639523,0.404982,0.634044
10.62837,0.991422,0.407993,0.639197,0.404493,0.633714
10.63410,0.991413,0.407503,0.638872,0.404004,0.633385
10.63983,0.991404,0.407014,0.638545,0.403515,0.633056
10.64556,0.991394,0.406524,0.638219,0.403026,0.632727
10.65129,0.991385,0.406034,0.637893,0.402536,0.632398
10.65701,0.991376,0.405545,0.637567,0.402047,0.632069
10.66274,0.991367,0.405055,0.637241,0.401558,0.631739
10.66847,0.991357,0.404566,0.636915,0.401069,0.631410
10.67420,0.991348,0.404076,0.636588,0.400580,0.631081
10.67993,0.991339,0.403587,0.636262,0.400091,0.630751
10.68566,0.991330,0.403097,0.635935,0.399602,0.630422
10.69139,0.991320,0.402608,0.635609,0.399113,0.630092
10.69712,0.991311,0.402118,0.635282,0.398624,0.629762
10.70285,0.991302,0.401629,0.634956,0.398135,0.629433
10.70858,0.991292,0.401139,0.634629,0.397647,0.629103
10.71431,0.991283,0.400650,0.634302,0.397158,0.628773
10.72004,0.991274,0.400161,0.633976,0.396669,0.628444
10.72577,0.991265,0.399671,0.633649,0.396180,0.628114
10.73150,0.991255,0.399182,0.633322,0.395691,0.627784
10.73723,0.991246,0.398693,0.632995,0.395203,0.627454
10.74296,0.991237,0.398203,0.632668,0.394714,0.627124
10.74869,0.991227,0.397714,0.632341,0.394225,0.626794
10.75442,0.991218,0.397225,0.632014,0.393737,0.626464
10.76015,0.991209,0.396736,0.631687,0.393248,0.626134
10.76588,0.991199,0.396247,0.631360,0.392759,0.625803
10.77161,0.991190,0.395757,0.631033,0.392271,0.625473
10.77734,0.991181,0.395268,0.630705,0.391782,0.625143
10.78307,0.991171,0.394779,0.630378,0.391294,0.624813
10.78880,0.991162,0.394290,0.630051,0.390805,0.624482
10.79452,0.991153,0.393801,0.629723,0.390317,0.624152
10.80025,0.991143,0.393312,0.629396,0.389829,0.623822
10.80598,0.991134,0.392823,0.629068,0.389340,0.623491
10.81171,0.991124,0.392334,0.628741,0.388852,0.623161
10.81744,0.991115,0.391845,0.628413,0.388364,0.622830
10.82317,0.991106,0.391356,0.628086,0.387875,0.622499
10.82890,0.991096,0.390867,0.627758,0.387387,0.622169
10.83463,0.991087,0.390379,0.627430,0.386899,0.621838
10.84036,0.991078,0.389890,0.627103,0.386411,0.621507
10.84609,0.991068,0.389401,0.626775,0.385923,0.621176
10.85182,0.991059,0.388912,0.626447,0.385435,0.620846
10.85755,0.991049,0.388423,0.626119,0.384947,0.620515
10.86328,0.991040,0.387935,0.625791,0.384459,0.620184
10.86901,0.991030,0.387446,0.625463,0.383971,0.619853
10.87474,0.991021,0.386957,0.625135,0.383483,0.619522
10.88047,0.991012,0.386469,0.624807,0.382995,0.619191
10.88620,0.991002,0.385980,0.624479,0.382507,0.618860
10.89193,0.990993,0.385492,0.624150,0.382019,0.618529
10.89766,0.990983,0.385003,0.623822,0.381532,0.618197
10.90339,0.990974,0.384515,0.623494,0.381044,0.617866
10.90912,0.990964,0.384026,0.623166,0.380556,0.617535
10.91485,0.990955,0.383538,0.622837,0.380069,0.617204
10.92058,0.990945,0.383049,0.622509,0.379581,0.616872
10.92631,0.990936,0.382561,0.622180,0.379093,0.616541
10.93203,0.990926,0.382073,0.621852,0.378606,0.616209
10.93776,0.990917,0.381584,0.621523,0.378118,0.615878
10.94349,0.990907,0.381096,0.621195,0.377631,0.615546
10.94922,0.990898,0.380608,0.620866,0.377144,0.615215
10.95495,0.990888,0.380120,0.620537,0.376656,0.614883
10.96068,0.990879,0.379632,0.620209,0.376169,0.614552
10.96641,0.990869,0.379143,0.619880,0.375682,0.614220
10.97214,0.990860,0.378655,0.619551,0.375194,0.613888
10.97787,0.990850,0.378167,0.619222,0.374707,0.613557
10.98360,0.990841,0.377679,0.618893,0.374220,0.613225
10.98933,0.990831,0.377191,0.618564,0.373733,0.612893
10.99506,0.990822,0.376703,0.618235,0.373246,0.612561
11.00079,0.990812,0.376216,0.617906,0.372759,0.612229
11.00652,0.990803,0.375728,0.617577,0.372272,0.611897
11.01225,0.990793,0.375240,0.617248,0.371785,0.611565
11.01798,0.990784,0.374752,0.616919,0.371298,0.611233
11.02371,0.990774,0.374264,0.616590,0.370812,0.610901
11.02944,0.990765,0.373777,0.616261,0.370325,0.610569
11.03517,0.990755,0.373289,0.615931,0.369838,0.610237
11.04090,0.990745,0.372801,0.615602,0.369351,0.609905
11.04663,0.990736,0.372314,0.615273,0.368865,0.609573
11.05236,0.990726,0.371826,0.614943,0.368378,0.609240
11.05809,0.990717,0.371339,0.614614,0.367892,0.608908
11.06382,0.990707,0.370851,0.614284,0.367405,0.608576
11.06954,0.990697,0.370364,0.613955,0.366919,0.608243
11.07527,0.990688,0.369877,0.613625,0.366432,0.607911
11.08100,0.990678,0.369389,0.613296,0.365946,0.607579
11.08673,0.990669,0.368902,0.612966,0.365460,0.607246
11.09246,0.990659,0.368415,0.612636,0.364973,0.606914
11.09819,0.990649,0.367928,0.612307,0.364487,0.606581
11.10392,0.990640,0.367440,0.611977,0.364001,0.606248
11.10965,0.990630,0.366953,0.611647,0.363515,0.605916
11.11538,0.990620,0.366466,0.611317,0.363029,0.605583
11.12111,0.990611,0.365979,0.610987,0.362543,0.605251
11.12684,0.990601,0.365492,0.610657,0.362057,0.604918
11.13257,0.990592,0.365005,0.610327,0.361571,0.604585
11.13830,0.990582,0.364519,0.609997,0.361085,0.604252
11.14403,0.990572,0.364032,0.609667,0.360600,0.603919
11.14976,0.990563,0.363545,0.609337,0.360114,0.603587
11.15549,0.990553,0.363058,0.609007,0.359628,0.603254
11.16122,0.990543,0.362572,0.608677,0.359143,0.602921
11.16695,0.990534,0.362085,0.608347,0.358657,0.602588
11.17268,0.990524,0.361598,0.608016,0.358172,0.602255
11.17841,0.990514,0.361112,0.607686,0.357686,0.601922
11.18414,0.990504,0.360625,0.607356,0.357201,0.601589
11.18987,0.990495,0.360139,0.607025,0.356716,0.601256
11.19560,0.990485,0.359652,0.606695,0.356230,0.600922
11.20132,0.990475,0.359166,0.606365,0.355745,0.600589
11.20705,0.990466,0.358680,0.606034,0.355260,0.600256
11.21278,0.990456,0.358193,0.605704,0.354775,0.599923
11.21851,0.990446,0.357707,0.605373,0.354290,0.599590
11.22424,0.990436,0.357221,0.605043,0.353805,0.599256
11.22997,0.990427,0.356735,0.604712,0.353320,0.598923
11.23570,0.990417,0.356249,0.604381,0.352835,0.598590
11.24143,0.990407,0.355763,0.604051,0.352350,0.598256
11.24716,0.990397,0.355277,0.603720,0.351865,0.597923
11.25289,0.990388,0.354791,0.603389,0.351381,0.597589
11.25862,0.990378,0.354305,0.603058,0.350896,0.597256
11.26435,0.990368,0.353819,0.602728,0.350412,0.596922
11.27008,0.990358,0.353334,0.602397,0.349927,0.596589
11.27581,0.990349,0.352848,0.602066,0.349443,0.596255
11.28154,0.990339,0.352362,0.601735,0.348958,0.595921
11.28727,0.990329,0.351877,0.601404,0.348474,0.595588
11.29300,0.990319,0.351391,0.601073,0.347990,0.595254
11.29873,0.990310,0.350906,0.600742,0.347505,0.594920
11.30446,0.990300,0.350420,0.600411,0.347021,0.594587
11.31019,0.990290,0.349935,0.600080,0.346537,0.594253
11.31592,0.990280,0.349450,0.599749,0.346053,0.593919
11.32165,0.990270,0.348965,0.599417,0.345569,0.593585
11.32738,0.990260,0.348479,0.599086,0.345085,0.593251
11.33311,0.990251,0.347994,0.598755,0.344602,0.592918
11.33883,0.990241,0.347509,0.598424,0.344118,0.592584
11.34456,0.990231,0.347024,0.598092,0.343634,0.592250
11.35029,0.990221,0.346539,0.597761,0.343151,0.591916
11.35602,0.990211,0.346054,0.597430,0.342667,0.591582
11.36175,0.990201,0.345570,0.597098,0.342183,0.591248
11.36748,0.990192,0.345085,0.596767,0.341700,0.590914
11.37321,0.990182,0.344600,0.596435,0.341217,0.590579
11.37894,0.990172,0.344115,0.596104,0.340733,0.590245
11.38467,0.990162,0.343631,0.595772,0.340250,0.589911
11.39040,0.990152,0.343146,0.595441,0.339767,0.589577
11.39613,0.990142,0.342662,0.595109,0.339284,0.589243
11.40186,0.990132,0.342177,0.594778,0.338801,0.588909
11.40759,0.990122,0.341693,0.594446,0.338318,0.588574
11.41332,0.990113,0.341209,0.594114,0.337835,0.588240
11.41905,0.990103,0.340724,0.593783,0.337352,0.587906
11.42478,0.990093,0.340240,0.593451,0.336869,0.587571
11.43051,0.990083,0.339756,0.593119,0.336387,0.587237
11.43624,0.990073,0.339272,0.592787,0.335904,0.586903
11.44197,0.990063,0.338788,0.592455,0.335422,0.586568
11.44770,0.990053,0.338304,0.592123,0.334939,0.586234
11.45343,0.990043,0.337820,0.591792,0.334457,0.585899
11.45916,0.990033,0.337337,0.591460,0.333974,0.585565
11.46489,0.990023,0.336853,0.591128,0.333492,0.585230
11.47062,0.990013,0.336369,0.590796,0.333010,0.584896
11.47634,0.990003,0.335886,0.590464,0.332528,0.584561
11.48207,0.989994,0.335402,0.590132,0.332046,0.584226
11.48780,0.989984,0.334919,0.589799,0.331564,0.583892
11.49353,0.989974,0.334435,0.589467,0.331082,0.583557
11.49926,0.989964,0.333952,0.589135,0.330600,0.583222
11.50499,0.989954,0.333469,0.588803,0.330118,0.582888
11.51072,0.989944,0.332985,0.588471,0.329637,0.582553
11.51645,0.989934,0.332502,0.588139,0.329155,0.582218
11.52218,0.989924,0.332019,0.587806,0.328674,0.581883
11.52791,0.989914,0.331536,0.587474,0.328192,0.581549
11.53364,0.989904,0.331053,0.587142,0.327711,0.581214
11.53937,0.989894,0.330570,0.586809,0.327230,0.580879
11.54510,0.989884,0.330088,0.586477,0.326748,0.580544
11.55083,0.989874,0.329605,0.586145,0.326267,0.580209
11.55656,0.989864,0.329122,0.585812,0.325786,0.579874
11.56229,0.989854,0.328640,0.585480,0.325305,0.579539
11.56802,0.989844,0.328157,0.585147,0.324824,0.579204
11.57375,0.989834,0.327675,0.584815,0.324343,0.578869
11.57948,0.989824,0.327192,0.584482,0.323863,0.578534
11.58521,0.989814,0.326710,0.584150,0.323382,0.578199
11.59094,0.989804,0.326228,0.583817,0.322901,0.577864
11.59667,0.989793,0.325746,0.583484,0.322421,0.577529
11.60240,0.989783,0.325263,0.583152,0.321940,0.577194
11.60812,0.989773,0.324781,0.582819,0.321460,0.576859
11.61385,0.989763,0.324299,0.582486,0.320980,0.576524
11.61958,0.989753,0.323818,0.582154,0.320499,0.576189
11.62531,0.989743,0.323336,0.581821,0.320019,0.575853
11.63104,0.989733,0.322854,0.581488,0.319539,0.575518
11.63677,0.989723,0.322372,0.581155,0.319059,0.575183
11.64250,0.989713,0.321891,0.580823,0.318579,0.574848
11.64823,0.989703,0.321409,0.580490,0.318100,0.574512
11.65396,0.989693,0.320928,0.580157,0.317620,0.574177
11.65969,0.989683,0.320447,0.579824,0.317140,0.573842
11.66542,0.989673,0.319965,0.579491,0.316661,0.573506
11.67115,0.989662,0.319484,0.579158,0.316181,0.573171
11.67688,0.989652,0.319003,0.578825,0.315702,0.572836
11.68261,0.989642,0.318522,0.578492,0.315223,0.572500
11.68834,0.989632,0.318041,0.578159,0.314743,0.572165
11.69407,0.989622,0.317560,0.577826,0.314264,0.571829
11.69980,0.989612,0.317079,0.577493,0.313785,0.571494
11.70553,0.989602,0.316598,0.577160,0.313306,0.571158
11.71126,0.989591,0.316118,0.576827,0.312827,0.570823
11.71699,0.989581,0.315637,0.576494,0.312349,0.570487
11.72272,0.989571,0.315157,0.576161,0.311870,0.570152
11.72845,0.989561,0.314676,0.575827,0.311391,0.569816
11.73418,0.989551,0.314196,0.575494,0.310913,0.569481
11.73991,0.989541,0.313716,0.575161,0.310434,0.569145
11.74563,0.989530,0.313235,0.574828,0.309956,0.568810
11.75136,0.989520,0.312755,0.574495,0.309478,0.568474
11.75709,0.989510,0.312275,0.574161,0.308999,0.568138
11.76282,0.989500,0.311795,0.573828,0.308521,0.567803
11.76855,0.989490,0.311315,0.573495,0.308043,0.567467
11.77428,0.989480,0.310836,0.573161,0.307565,0.567131
11.78001,0.989469,0.310356,0.572828,0.307088,0.566796
11.78574,0.989459,0.309876,0.572494,0.306610,0.566460
11.79147,0.989449,0.309397,0.572161,0.306132,0.566124
11.79720,0.989439,0.308917,0.571828,0.305655,0.565788
11.80293,0.989428,0.308438,0.571494,0.305177,0.565453
11.80866,0.989418,0.307959,0.571161,0.304700,0.565117
11.81439,0.989408,0.307479,0.570827,0.304223,0.564781
11.82012,0.989398,0.307000,0.570494,0.303745,0.564445
11.82585,0.989388,0.306521,0.570160,0.303268,0.564109
11.83158,0.989377,0.306042,0.569827,0.302791,0.563773
11.83731,0.989367,0.305563,0.569493,0.302314,0.563438
11.84304,0.989357,0.305085,0.569159,0.301837,0.563102
11.84877,0.989346,0.304606,0.568826,0.301361,0.562766
11.85450,0.989336,0.304127,0.568492,0.300884,0.562430
11.86023,0.989326,0.303649,0.568158,0.300408,0.562094
11.86596,0.989316,0.303170,0.567825,0.299931,0.561758
11.87169,0.989305,0.302692,0.567491,0.299455,0.561422
11.87742,0.989295,0.302214,0.567157,0.298978,0.561086
11.88314,0.989285,0.301735,0.566824,0.298502,0.560750
11.88887,0.989275,0.301257,0.566490,0.298026,0.560414
11.89460,0.989264,0.300779,0.566156,0.297550,0.560078
11.90033,0.989254,0.300301,0.565822,0.297074,0.559742
11.90606,0.989244,0.299824,0.565488,0.296599,0.559406
11.91179,0.989233,0.299346,0.565155,0.296123,0.559070
11.91752,0.989223,0.298868,0.564821,0.295647,0.558734
11.92325,0.989213,0.298391,0.564487,0.295172,0.558398
11.92898,0.989202,0.297913,0.564153,0.294696,0.558062
11.93471,0.989192,0.297436,0.563819,0.294221,0.557725
11.94044,0.989182,0.296958,0.563485,0.293746,0.557389
11.94617,0.989171,0.296481,0.563151,0.293271,0.557053
11.95190,0.989161,0.296004,0.562817,0.292796,0.556717
11.95763,0.989151,0.295527,0.562483,0.292321,0.556381
11.96336,0.989140,0.295050,0.562149,0.291846,0.556045
11.96909,0.989130,0.294573,0.561815,0.291371,0.555708
11.97482,0.989119,0.294096,0.561481,0.290897,0.555372
11.98055,0.989109,0.293620,0.561147,0.290422,0.555036
11.98628,0.989099,0.293143,0.560813,0.289948,0.554700
11.99201,0.989088,0.292667,0.560479,0.289473,0.554364
11.99774,0.989078,0.292190,0.560145,0.288999,0.554027
12.00347,0.989068,0.291714,0.559811,0.288525,0.553691
12.00920,0.989057,0.291238,0.559477,0.288051,0.553355
12.01492,0.989047,0.290762,0.559143,0.287577,0.553018
12.02065,0.989036,0.290286,0.558809,0.287103,0.552682
12.02638,0.989026,0.289810,0.558475,0.286629,0.552346
12.03211,0.989015,0.289334,0.558140,0.286156,0.552010
12.03784,0.989005,0.288858,0.557806,0.285682,0.551673
12.04357,0.988995,0.288383,0.557472,0.285209,0.551337
12.04930,0.988984,0.287907,0.557138,0.284736,0.551001
12.05503,0.988974,0.287432,0.556804,0.284262,0.550664
12.06076,0.988963,0.286956,0.556469,0.283789,0.550328
12.06649,0.988953,0.286481,0.556135,0.283316,0.549991
12.07222,0.988942,0.286006,0.555801,0.282844,0.549655
12.07795,0.988932,0.285531,0.555467,0.282371,0.549319
12.08368,0.988921,0.285056,0.555132,0.281898,0.548982
12.08941,0.988911,0.284581,0.554798,0.281425,0.548646
12.09514,0.988901,0.284106,0.554464,0.280953,0.548309
12.10087,0.988890,0.283632,0.554129,0.280481,0.547973
12.10660,0.988880,0.283157,0.553795,0.280008,0.547637
12.11233,0.988869,0.282683,0.553461,0.279536,0.547300
12.11806,0.988859,0.282208,0.553126,0.279064,0.546964
12.12379,0.988848,0.281734,0.552792,0.278592,0.546627
12.12952,0.988838,0.281260,0.552458,0.278120,0.546291
12.13525,0.988827,0.280786,0.552123,0.277649,0.545954
12.14098,0.988817,0.280312,0.551789,0.277177,0.545618
12.14671,0.988806,0.279838,0.551454,0.276706,0.545281
12.15243,0.988795,0.279364,0.551120,0.276234,0.544945
12.15816,0.988785,0.278891,0.550785,0.275763,0.544608
12.16389,0.988774,0.278417,0.550451,0.275292,0.544272
12.16962,0.988764,0.277944,0.550117,0.274821,0.543935
12.17535,0.988753,0.277470,0.549782,0.274350,0.543599
12.18108,0.988743,0.276997,0.549448,0.273879,0.543262
12.18681,0.988732,0.276524,0.549113,0.273408,0.542926
12.19254,0.988722,0.276051,0.548779,0.272938,0.542589
12.19827,0.988711,0.275578,0.548444,0.272467,0.542253
12.20400,0.988701,0.275105,0.548109,0.271997,0.541916
12.20973,0.988690,0.274633,0.547775,0.271526,0.541580
12.21546,0.988679,0.274160,0.547440,0.271056,0.541243
12.22119,0.988669,0.273687,0.547106,0.270586,0.540906
12.22692,0.988658,0.273215,0.546771,0.270116,0.540570
12.23265,0.988648,0.272743,0.546437,0.269646,0.540233
12.23838,0.988637,0.272271,0.546102,0.269177,0.539897
12.24411,0.988626,0.271798,0.545767,0.268707,0.539560
12.24984,0.988616,0.271326,0.545433,0.268238,0.539224
12.25557,0.988605,0.270855,0.545098,0.267768,0.538887
12.26130,0.988595,0.270383,0.544764,0.267299,0.538550
12.26703,0.988584,0.269911,0.544429,0.266830,0.538214
12.27276,0.988573,0.269440,0.544094,0.266361,0.537877
12.27849,0.988563,0.268968,0.543760,0.265892,0.537541
12.28422,0.988552,0.268497,0.543425,0.265423,0.537204
12.28994,0.988541,0.268026,0.543090,0.264954,0.536867
12.29567,0.988531,0.267555,0.542756,0.264486,0.536531
12.30140,0.988520,0.267084,0.542421,0.264017,0.536194
12.30713,0.988510,0.266613,0.542086,0.263549,0.535858
12.31286,0.988499,0.266142,0.541752,0.263081,0.535521
12.31859,0.988488,0.265671,0.541417,0.262613,0.535184
12.32432,0.988478,0.265201,0.541082,0.262145,0.534848
12.33005,0.988467,0.264730,0.540748,0.261677,0.534511
12.33578,0.988456,0.264260,0.540413,0.261209,0.534174
12.34151,0.988445,0.263790,0.540078,0.260742,0.533838
12.34724,0.988435,0.263319,0.539743,0.260274,0.533501
12.35297,0.988424,0.262849,0.539409,0.259807,0.533164
12.35870,0.988413,0.262380,0.539074,0.259339,0.532828
12.36443,0.988403,0.261910,0.538739,0.258872,0.532491
12.37016,0.988392,0.261440,0.538404,0.258405,0.532155
12.37589,0.988381,0.260970,0.538070,0.257938,0.531818
12.38162,0.988371,0.260501,0.537735,0.257472,0.531481
12.38735,0.988360,0.260032,0.537400,0.257005,0.531145
12.39308,0.988349,0.259562,0.537065,0.256538,0.530808
12.39881,0.988338,0.259093,0.536730,0.256072,0.530471
12.40454,0.988328,0.258624,0.536396,0.255606,0.530135
12.41027,0.988317,0.258156,0.536061,0.255139,0.529798
12.41600,0.988306,0.257687,0.535726,0.254673,0.529461
12.42172,0.988295,0.257218,0.535391,0.254207,0.529125
12.42745,0.988285,0.256750,0.535056,0.253742,0.528788
12.43318,0.988274,0.256281,0.534722,0.253276,0.528451
12.43891,0.988263,0.255813,0.534387,0.252810,0.528115
12.44464,0.988252,0.255345,0.534052,0.252345,0.527778
12.45037,0.988242,0.254877,0.533717,0.251880,0.527442
12.45610,0.988231,0.254409,0.533382,0.251414,0.527105
12.46183,0.988220,0.253941,0.533048,0.250949,0.526768
12.46756,0.988209,0.253473,0.532713,0.250484,0.526432
12.47329,0.988198,0.253006,0.532378,0.250020,0.526095
12.47902,0.988188,0.252538,0.532043,0.249555,0.525758
12.48475,0.988177,0.252071,0.531708,0.249090,0.525422
12.49048,0.988166,0.251603,0.531373,0.248626,0.525085
12.49621,0.988155,0.251136,0.531039,0.248162,0.524748
12.50194,0.988144,0.250669,0.530704,0.247697,0.524412
12.50767,0.988134,0.250202,0.530369,0.247233,0.524075
12.51340,0.988123,0.249736,0.530034,0.246769,0.523739
12.51913,0.988112,0.249269,0.529699,0.246306,0.523402
12.52486,0.988101,0.248803,0.529364,0.245842,0.523065
12.53059,0.988090,0.248336,0.529029,0.245378,0.522729
12.53632,0.988079,0.247870,0.528695,0.244915,0.522392
12.54205,0.988068,0.247404,0.528360,0.244452,0.522056
12.54778,0.988058,0.246938,0.528025,0.243989,0.521719
12.55351,0.988047,0.246472,0.527690,0.243526,0.521382
12.55923,0.988036,0.246006,0.527355,0.243063,0.521046
12.56496,0.988025,0.245540,0.527020,0.242600,0.520709
12.57069,0.988014,0.245075,0.526685,0.242137,0.520373
12.57642,0.988003,0.244609,0.526351,0.241675,0.520036
12.58215,0.987992,0.244144,0.526016,0.241212,0.519700
12.58788,0.987981,0.243679,0.525681,0.240750,0.519363
12.59361,0.987971,0.243214,0.525346,0.240288,0.519026
12.59934,0.987960,0.242749,0.525011,0.239826,0.518690
12.60507,0.987949,0.242284,0.524676,0.239364,0.518353
12.61080,0.987938,0.241819,0.524341,0.238902,0.518017
12.61653,0.987927,0.241355,0.524007,0.238441,0.517680
12.62226,0.987916,0.240890,0.523672,0.237979,0.517344
12.62799,0.987905,0.240426,0.523337,0.237518,0.517007
12.63372,0.987894,0.239962,0.523002,0.237057,0.516671
12.63945,0.987883,0.239498,0.522667,0.236596,0.516334
12.64518,0.987872,0.239034,0.522332,0.236135,0.515998
12.65091,0.987861,0.238570,0.521997,0.235674,0.515661
12.65664,0.987850,0.238106,0.521663,0.235214,0.515325
12.66237,0.987839,0.237643,0.521328,0.234753,0.514988
12.66810,0.987828,0.237180,0.520993,0.234293,0.514652
12.67383,0.987817,0.236716,0.520658,0.233832,0.514315
12.67956,0.987806,0.236253,0.520323,0.233372,0.513979
12.68529,0.987795,0.235790,0.519988,0.232912,0.513642
12.69102,0.987785,0.235327,0.519654,0.232453,0.513306
12.69674,0.987774,0.234864,0.519319,0.231993,0.512969
12.70247,0.987763,0.234402,0.518984,0.231533,0.512633
12.70820,0.987752,0.233939,0.518649,0.231074,0.512296
12.71393,0.987741,0.233477,0.518314,0.230615,0.511960
12.71966,0.987730,0.233015,0.517979,0.230155,0.511624
12.72539,0.987719,0.232552,0.517645,0.229696,0.511287
12.73112,0.987707,0.232090,0.517310,0.229238,0.510951
12.73685,0.987696,0.231629,0.516975,0.228779,0.510614
12.74258,0.987685,0.231167,0.516640,0.228320,0.510278
12.74831,0.987674,0.230705,0.516305,0.227862,0.509942
12.75404,0.987663,0.230244,0.515971,0.227403,0.509605
12.75977,0.987652,0.229783,0.515636,0.226945,0.509269
12.76550,0.987641,0.229321,0.515301,0.226487,0.508933
12.77123,0.987630,0.228860,0.514966,0.226029,0.508596
12.77696,0.987619,0.228399,0.514632,0.225572,0.508260
12.78269,0.987608,0.227939,0.514297,0.225114,0.507924
12.78842,0.987597,0.227478,0.513962,0.224656,0.507587
12.79415,0.987586,0.227017,0.513627,0.224199,0.507251
12.79988,0.987575,0.226557,0.513292,0.223742,0.506915
12.80561,0.987564,0.226097,0.512958,0.223285,0.506578
12.81134,0.987553,0.225637,0.512623,0.222828,0.506242
12.81707,0.987542,0.225177,0.512288,0.222371,0.505906
12.82280,0.987531,0.224717,0.511954,0.221915,0.505570
12.82853,0.987519,0.224257,0.511619,0.221458,0.505234
12.83425,0.987508,0.223797,0.511284,0.221002,0.504897
12.83998,0.987497,0.223338,0.510949,0.220546,0.504561
12.84571,0.987486,0.222879,0.510615,0.220090,0.504225
12.85144,0.987475,0.222419,0.510280,0.219634,0.503889
12.85717,0.987464,0.221960,0.509945,0.219178,0.503553
12.86290,0.987453,0.221502,0.509611,0.218722,0.503216
12.86863,0.987442,0.221043,0.509276,0.218267,0.502880
12.87436,0.987430,0.220584,0.508941,0.217812,0.502544
12.88009,0.987419,0.220126,0.508607,0.217356,0.502208
12.88582,0.987408,0.219667,0.508272,0.216901,0.501872
12.89155,0.987397,0.219209,0.507937,0.216446,0.501536
12.89728,0.987386,0.218751,0.507603,0.215992,0.501200
12.90301,0.987375,0.218293,0.507268,0.215537,0.500864
12.90874,0.987364,0.217835,0.506933,0.215083,0.500528
12.91447,0.987352,0.217378,0.506599,0.214628,0.500192
12.92020,0.987341,0.216920,0.506264,0.214174,0.499856
12.92593,0.987330,0.216463,0.505930,0.213720,0.499519
12.93166,0.987319,0.216006,0.505595,0.213266,0.499183
12.93739,0.987308,0.215548,0.505260,0.212813,0.498848
12.94312,0.987296,0.215091,0.504926,0.212359,0.498512
12.94885,0.987285,0.214635,0.504591,0.211906,0.498176
12.95458,0.987274,0.214178,0.504257,0.211452,0.497840
12.96031,0.987263,0.213721,0.503922,0.210999,0.497504
12.96603,0.987252,0.213265,0.503588,0.210546,0.497168
12.97176,0.987240,0.212809,0.503253,0.210094,0.496832
12.97749,0.987229,0.212353,0.502919,0.209641,0.496496
12.98322,0.987218,0.211897,0.502584,0.209188,0.496160
12.98895,0.987207,0.211441,0.502250,0.208736,0.495824
12.99468,0.987195,0.210985,0.501915,0.208284,0.495488
13.00041,0.987184,0.210530,0.501581,0.207832,0.495153
13.00614,0.987173,0.210074,0.501246,0.207380,0.494817
13.01187,0.987162,0.209619,0.500912,0.206928,0.494481
13.01760,0.987150,0.209164,0.500577,0.206476,0.494145
13.02333,0.987139,0.208709,0.500243,0.206025,0.493809
13.02906,0.987128,0.208254,0.499909,0.205574,0.493474
13.03479,0.987117,0.207800,0.499574,0.205123,0.493138
13.04052,0.987105,0.207345,0.499240,0.204672,0.492802
13.04625,0.987094,0.206891,0.498905,0.204221,0.492467
13.05198,0.987083,0.206437,0.498571,0.203770,0.492131
13.05771,0.987072,0.205983,0.498237,0.203320,0.491795
13.06344,0.987060,0.205529,0.497902,0.202869,0.491460
13.06917,0.987049,0.205075,0.497568,0.202419,0.491124
13.07490,0.987038,0.204621,0.497234,0.201969,0.490788
13.08063,0.987026,0.204168,0.496899,0.201519,0.490453
13.08636,0.987015,0.203714,0.496565,0.201069,0.490117
13.09209,0.987004,0.203261,0.496231,0.200620,0.489782
13.09782,0.986992,0.202808,0.495897,0.200170,0.489446
13.10354,0.986981,0.202355,0.495562,0.199721,0.489111
13.10927,0.986970,0.201903,0.495228,0.199272,0.488775
13.11500,0.986958,0.201450,0.494894,0.198823,0.488440
13.12073,0.986947,0.200998,0.494560,0.198374,0.488104
13.12646,0.986936,0.200545,0.494226,0.197925,0.487769
13.13219,0.986924,0.200093,0.493891,0.197477,0.487433
13.13792,0.986913,0.199641,0.493557,0.197028,0.487098
13.14365,0.986902,0.199189,0.493223,0.196580,0.486763
13.14938,0.986890,0.198738,0.492889,0.196132,0.486427
13.15511,0.986879,0.198286,0.492555,0.195684,0.486092
13.16084,0.986867,0.197835,0.492221,0.195237,0.485757
13.16657,0.986856,0.197384,0.491887,0.194789,0.485421
13.17230,0.986845,0.196932,0.491553,0.194342,0.485086
13.17803,0.986833,0.196482,0.491218,0.193894,0.484751
13.18376,0.986822,0.196031,0.490884,0.193447,0.484415
13.18949,0.986810,0.195580,0.490550,0.193000,0.484080
13.19522,0.986799,0.195130,0.490216,0.192554,0.483745
13.20095,0.986788,0.194679,0.489882,0.192107,0.483410
13.20668,0.986776,0.194229,0.489548,0.191661,0.483075
13.21241,0.986765,0.193779,0.489214,0.191214,0.482740
13.21814,0.986753,0.193329,0.488880,0.190768,0.482404
13.22387,0.986742,0.192880,0.488547,0.190322,0.482069
13.22960,0.986730,0.192430,0.488213,0.189877,0.481734
13.23533,0.986719,0.191981,0.487879,0.189431,0.481399
13.24105,0.986708,0.191531,0.487545,0.188986,0.481064
13.24678,0.986696,0.191082,0.487211,0.188540,0.480729
13.25251,0.986685,0.190633,0.486877,0.188095,0.480394
13.25824,0.986673,0.190185,0.486543,0.187650,0.480059
13.26397,0.986662,0.189736,0.486210,0.187205,0.479724
13.26970,0.986650,0.189288,0.485876,0.186761,0.479389
13.27543,0.986639,0.188839,0.485542,0.186316,0.479054
13.28116,0.986627,0.188391,0.485208,0.185872,0.478720
13.28689,0.986616,0.187943,0.484874,0.185428,0.478385
13.29262,0.986604,0.187495,0.484541,0.184984,0.478050
13.29835,0.986593,0.187048,0.484207,0.184540,0.477715
13.30408,0.986581,0.186600,0.483873,0.184096,0.477380
13.30981,0.986570,0.186153,0.483540,0.183653,0.477046
13.31554,0.986558,0.185706,0.483206,0.183209,0.476711
13.32127,0.986547,0.185259,0.482872,0.182766,0.476376
13.32700,0.986535,0.184812,0.482539,0.182323,0.476041
13.33273,0.986524,0.184365,0.482205,0.181880,0.475707
13.33846,0.986512,0.183918,0.481872,0.181438,0.475372
13.34419,0.986501,0.183472,0.481538,0.180995,0.475038
13.34992,0.986489,0.183026,0.481204,0.180553,0.474703
13.35565,0.986477,0.182580,0.480871,0.180111,0.474368
13.36138,0.986466,0.182134,0.480537,0.179669,0.474034
13.36711,0.986454,0.181688,0.480204,0.179227,0.473699
13.37283,0.986443,0.181243,0.479871,0.178785,0.473365
13.37856,0.986431,0.180797,0.479537,0.178344,0.473030
13.38429,0.986420,0.180352,0.479204,0.177903,0.472696
13.39002,0.986408,0.179907,0.478870,0.177461,0.472362
13.39575,0.986397,0.179462,0.478537,0.177020,0.472027
13.40148,0.986385,0.179017,0.478204,0.176580,0.471693
13.40721,0.986373,0.178572,0.477870,0.176139,0.471358
13.41294,0.986362,0.178128,0.477537,0.175699,0.471024
13.41867,0.986350,0.177684,0.477204,0.175258,0.470690
13.42440,0.986339,0.177240,0.476870,0.174818,0.470356
13.43013,0.986327,0.176796,0.476537,0.174378,0.470021
13.43586,0.986315,0.176352,0.476204,0.173938,0.469687
13.44159,0.986304,0.175908,0.475871,0.173499,0.469353
13.44732,0.986292,0.175465,0.475537,0.173059,0.469019
13.45305,0.986280,0.175021,0.475204,0.172620,0.468685
13.45878,0.986269,0.174578,0.474871,0.172181,0.468351
13.46451,0.986257,0.174135,0.474538,0.171742,0.468017
13.47024,0.986246,0.173692,0.474205,0.171303,0.467683
13.47597,0.986234,0.173250,0.473872,0.170865,0.467349
13.48170,0.986222,0.172807,0.473539,0.170426,0.467015
13.48743,0.986211,0.172365,0.473206,0.169988,0.466681
13.49316,0.986199,0.171923,0.472873,0.169550,0.466347
13.49889,0.986187,0.171481,0.472540,0.169112,0.466013
13.50462,0.986176,0.171039,0.472207,0.168675,0.465679
13.51034,0.986164,0.170597,0.471874,0.168237,0.465345
13.51607,0.986152,0.170156,0.471541,0.167800,0.465011
13.52180,0.986141,0.169715,0.471208,0.167362,0.464677
13.52753,0.986129,0.169273,0.470875,0.166925,0.464344
13.53326,0.986117,0.168833,0.470542,0.166489,0.464010
13.53899,0.986105,0.168392,0.470210,0.166052,0.463676
13.54472,0.986094,0.167951,0.469877,0.165615,0.463343
13.55045,0.986082,0.167511,0.469544,0.165179,0.463009
13.55618,0.986070,0.167070,0.469211,0.164743,0.462675
13.56191,0.986059,0.166630,0.468879,0.164307,0.462342
13.56764,0.986047,0.166190,0.468546,0.163871,0.462008
13.57337,0.986035,0.165750,0.468213,0.163436,0.461675
13.57910,0.986023,0.165311,0.467881,0.163000,0.461341
13.58483,0.986012,0.164871,0.467548,0.162565,0.461008
13.59056,0.986000,0.164432,0.467215,0.162130,0.460674
13.59629,0.985988,0.163993,0.466883,0.161695,0.460341
13.60202,0.985976,0.163554,0.466550,0.161260,0.460008
13.60775,0.985965,0.163115,0.466218,0.160826,0.459674
13.61348,0.985953,0.162677,0.465885,0.160392,0.459341
13.61921,0.985941,0.162238,0.465553,0.159957,0.459008
13.62494,0.985929,0.161800,0.465220,0.159523,0.458675
13.63067,0.985918,0.161362,0.464888,0.159090,0.458341
13.63640,0.985906,0.160924,0.464556,0.158656,0.458008
13.64213,0.985894,0.160486,0.464223,0.158223,0.457675
13.64785,0.985882,0.160049,0.463891,0.157789,0.457342
13.65358,0.985870,0.159611,0.463559,0.157356,0.457009
13.65931,0.985859,0.159174,0.463226,0.156923,0.456676
13.66504,0.985847,0.158737,0.462894,0.156491,0.456343
13.67077,0.985835,0.158300,0.462562,0.156058,0.456010
13.67650,0.985823,0.157864,0.462230,0.155626,0.455677
13.68223,0.985811,0.157427,0.461898,0.155194,0.455344
13.68796,0.985799,0.156991,0.461566,0.154762,0.455011
13.69369,0.985788,0.156555,0.461233,0.154330,0.454678
13.69942,0.985776,0.156119,0.460901,0.153898,0.454345
13.70515,0.985764,0.155683,0.460569,0.153467,0.454013
13.71088,0.985752,0.155247,0.460237,0.153035,0.453680
13.71661,0.985740,0.154812,0.459905,0.152604,0.453347
13.72234,0.985728,0.154377,0.459573,0.152173,0.453014
13.72807,0.985716,0.153942,0.459241,0.151743,0.452682
13.73380,0.985705,0.153507,0.458909,0.151312,0.452349
13.73953,0.985693,0.153072,0.458578,0.150882,0.452017
13.74526,0.985681,0.152637,0.458246,0.150452,0.451684
13.75099,0.985669,0.152203,0.457914,0.150022,0.451352
13.75672,0.985657,0.151769,0.457582,0.149592,0.451019
13.76245,0.985645,0.151335,0.457250,0.149162,0.450687
13.76818,0.985633,0.150901,0.456919,0.148733,0.450354
13.77391,0.985621,0.150467,0.456587,0.148304,0.450022
13.77963,0.985610,0.150034,0.456255,0.147875,0.449690
13.78536,0.985598,0.149600,0.455924,0.147446,0.449357
13.79109,0.985586,0.149167,0.455592,0.147017,0.449025
13.79682,0.985574,0.148734,0.455260,0.146589,0.448693
13.80255,0.985562,0.148301,0.454929,0.146160,0.448361
13.80828,0.985550,0.147869,0.454597,0.145732,0.448028
13.81401,0.985538,0.147436,0.454266,0.145304,0.447696
13.81974,0.985526,0.147004,0.453934,0.144877,0.447364
13.82547,0.985514,0.146572,0.453603,0.144449,0.447032
13.83120,0.985502,0.146140,0.453272,0.144022,0.446700
13.83693,0.985490,0.145709,0.452940,0.143594,0.446368
13.84266,0.985478,0.145277,0.452609,0.143167,0.446036
13.84839,0.985466,0.144846,0.452278,0.142741,0.445704
13.85412,0.985454,0.144415,0.451946,0.142314,0.445373
13.85985,0.985442,0.143984,0.451615,0.141888,0.445041
13.86558,0.985430,0.143553,0.451284,0.141461,0.444709
13.87131,0.985418,0.143122,0.450953,0.141035,0.444377
13.87704,0.985406,0.142692,0.450622,0.140610,0.444045
13.88277,0.985394,0.142262,0.450291,0.140184,0.443714
13.88850,0.985382,0.141832,0.449959,0.139758,0.443382
13.89423,0.985370,0.141402,0.449628,0.139333,0.443051
13.89996,0.985358,0.140972,0.449297,0.138908,0.442719
13.90569,0.985346,0.140543,0.448966,0.138483,0.442387
13.91142,0.985334,0.140113,0.448636,0.138058,0.442056
13.91714,0.985322,0.139684,0.448305,0.137634,0.441725
13.92287,0.985310,0.139255,0.447974,0.137210,0.441393
13.92860,0.985298,0.138827,0.447643,0.136786,0.441062
13.93433,0.985286,0.138398,0.447312,0.136362,0.440730
13.94006,0.985274,0.137970,0.446981,0.135938,0.440399
13.94579,0.985262,0.137541,0.446651,0.135514,0.440068
13.95152,0.985250,0.137113,0.446320,0.135091,0.439737
13.95725,0.985238,0.136686,0.445989,0.134668,0.439406
13.96298,0.985226,0.136258,0.445659,0.134245,0.439074
13.96871,0.985214,0.135831,0.445328,0.133822,0.438743
13.97444,0.985202,0.135403,0.444997,0.133400,0.438412
13.98017,0.985190,0.134976,0.444667,0.132977,0.438081
13.98590,0.985178,0.134549,0.444336,0.132555,0.437750
13.99163,0.985166,0.134123,0.444006,0.132133,0.437419
13.99736,0.985153,0.133696,0.443676,0.131711,0.437088
14.00309,0.985141,0.133270,0.443345,0.131290,0.436758
14.00882,0.985129,0.132844,0.443015,0.130868,0.436427
14.01455,0.985117,0.132418,0.442684,0.130447,0.436096
14.02028,0.985105,0.131992,0.442354,0.130026,0.435765
14.02601,0.985093,0.131566,0.442024,0.129605,0.435435
14.03174,0.985081,0.131141,0.441694,0.129185,0.435104
14.03747,0.985069,0.130716,0.441364,0.128764,0.434773
14.04320,0.985057,0.130291,0.441033,0.128344,0.434443
14.04893,0.985044,0.129866,0.440703,0.127924,0.434112
14.05465,0.985032,0.129441,0.440373,0.127504,0.433782
14.06038,0.985020,0.129017,0.440043,0.127084,0.433451
14.06611,0.985008,0.128593,0.439713,0.126665,0.433121
14.07184,0.984996,0.128169,0.439383,0.126246,0.432791
14.07757,0.984984,0.127745,0.439053,0.125827,0.432460
14.08330,0.984971,0.127321,0.438723,0.125408,0.432130
14.08903,0.984959,0.126898,0.438394,0.124989,0.431800
14.09476,0.984947,0.126475,0.438064,0.124571,0.431470
14.10049,0.984935,0.126051,0.437734,0.124152,0.431140
14.10622,0.984923,0.125629,0.437404,0.123734,0.430810
14.11195,0.984911,0.125206,0.437075,0.123317,0.430479
14.11768,0.984898,0.124783,0.436745,0.122899,0.430149
14.12341,0.984886,0.124361,0.436415,0.122482,0.429820
14.12914,0.984874,0.123939,0.436086,0.122064,0.429490
14.13487,0.984862,0.123517,0.435756,0.121647,0.429160
14.14060,0.984850,0.123095,0.435427,0.121230,0.428830
14.14633,0.984837,0.122674,0.435097,0.120814,0.428500
14.15206,0.984825,0.122252,0.434768,0.120397,0.428170
14.15779,0.984813,0.121831,0.434439,0.119981,0.427841
14.16352,0.984801,0.121410,0.434109,0.119565,0.427511
14.16925,0.984788,0.120990,0.433780,0.119149,0.427181
14.17498,0.984776,0.120569,0.433451,0.118734,0.426852
14.18071,0.984764,0.120149,0.433121,0.118318,0.426522
14.18644,0.984752,0.119729,0.432792,0.117903,0.426193
14.19216,0.984739,0.119309,0.432463,0.117488,0.425863
14.19789,0.984727,0.118889,0.432134,0.117073,0.425534
14.20362,0.984715,0.118469,0.431805,0.116658,0.425205
14.20935,0.984703,0.118050,0.431476,0.116244,0.424875
14.21508,0.984690,0.117631,0.431147,0.115830,0.424546
14.22081,0.984678,0.117212,0.430818,0.115416,0.424217
14.22654,0.984666,0.116793,0.430489,0.115002,0.423888
14.23227,0.984654,0.116374,0.430160,0.114588,0.423559
14.23800,0.984641,0.115956,0.429831,0.114175,0.423230
14.24373,0.984629,0.115538,0.429503,0.113762,0.422901
14.24946,0.984617,0.115120,0.429174,0.113349,0.422572
14.25519,0.984604,0.114702,0.428845,0.112936,0.422243
14.26092,0.984592,0.114284,0.428517,0.112523,0.421914
14.26665,0.984580,0.113867,0.428188,0.112111,0.421585
14.27238,0.984567,0.113450,0.427859,0.111699,0.421256
14.27811,0.984555,0.113033,0.427531,0.111287,0.420928
14.28384,0.984543,0.112616,0.427202,0.110875,0.420599
14.28957,0.984530,0.112199,0.426874,0.110464,0.420270
14.29530,0.984518,0.111783,0.426545,0.110052,0.419942
14.30103,0.984506,0.111367,0.426217,0.109641,0.419613
14.30676,0.984493,0.110951,0.425889,0.109230,0.419285
14.31249,0.984481,0.110535,0.425560,0.108820,0.418956
14.31822,0.984469,0.110119,0.425232,0.108409,0.418628
14.32394,0.984456,0.109704,0.424904,0.107999,0.418299
14.32967,0.984444,0.109289,0.424576,0.107589,0.417971
14.33540,0.984431,0.108874,0.424248,0.107179,0.417643
14.34113,0.984419,0.108459,0.423920,0.106769,0.417315
14.34686,0.984407,0.108044,0.423592,0.106360,0.416987
14.35259,0.984394,0.107630,0.423264,0.105950,0.416658
14.35832,0.984382,0.107216,0.422936,0.105541,0.416330
14.36405,0.984370,0.106802,0.422608,0.105132,0.416002
14.36978,0.984357,0.106388,0.422280,0.104724,0.415674
14.37551,0.984345,0.105974,0.421952,0.104315,0.415347
14.38124,0.984332,0.105561,0.421625,0.103907,0.415019
14.38697,0.984320,0.105148,0.421297,0.103499,0.414691
14.39270,0.984307,0.104735,0.420969,0.103091,0.414363
14.39843,0.984295,0.104322,0.420642,0.102684,0.414035
14.40416,0.984283,0.103910,0.420314,0.102276,0.413708
14.40989,0.984270,0.103497,0.419986,0.101869,0.413380
14.41562,0.984258,0.103085,0.419659,0.101462,0.413053
14.42135,0.984245,0.102673,0.419332,0.101056,0.412725
14.42708,0.984233,0.102262,0.419004,0.100649,0.412398
14.43281,0.984220,0.101850,0.418677,0.100243,0.412070
14.43854,0.984208,0.101439,0.418349,0.099837,0.411743
14.44427,0.984195,0.101028,0.418022,0.099431,0.411416
14.45000,0.984183,0.100617,0.417695,0.099025,0.411088
14.45573,0.984170,0.100206,0.417368,0.098620,0.410761
14.46145,0.984158,0.099795,0.417041,0.098214,0.410434
14.46718,0.984145,0.099385,0.416714,0.097809,0.410107
14.47291,0.984133,0.098975,0.416387,0.097405,0.409780
14.47864,0.984120,0.098565,0.416060,0.097000,0.409453
14.48437,0.984108,0.098155,0.415733,0.096596,0.409126
14.49010,0.984095,0.097746,0.415406,0.096191,0.408799
14.49583,0.984083,0.097337,0.415079,0.095787,0.408472
14.50156,0.984070,0.096928,0.414752,0.095384,0.408145
14.50729,0.984058,0.096519,0.414425,0.094980,0.407819
14.51302,0.984045,0.096110,0.414099,0.094577,0.407492
14.51875,0.984033,0.095702,0.413772,0.094174,0.407165
14.52448,0.984020,0.095294,0.413445,0.093771,0.406839
14.53021,0.984008,0.094886,0.413119,0.093368,0.406512
14.53594,0.983995,0.094478,0.412792,0.092966,0.406186
14.54167,0.983983,0.094070,0.412466,0.092563,0.405859
14.54740,0.983970,0.093663,0.412140,0.092161,0.405533
14.55313,0.983958,0.093256,0.411813,0.091760,0.405207
14.55886,0.983945,0.092849,0.411487,0.091358,0.404880
14.56459,0.983932,0.092442,0.411161,0.090957,0.404554
14.57032,0.983920,0.092035,0.410834,0.090556,0.404228
14.57605,0.983907,0.091629,0.410508,0.090155,0.403902
14.58178,0.983895,0.091223,0.410182,0.089754,0.403576
14.58751,0.983882,0.090817,0.409856,0.089353,0.403250
14.59324,0.983869,0.090411,0.409530,0.088953,0.402924
14.59896,0.983857,0.090006,0.409204,0.088553,0.402598
14.60469,0.983844,0.089601,0.408878,0.088153,0.402272
14.61042,0.983832,0.089196,0.408552,0.087753,0.401947
14.61615,0.983819,0.088791,0.408226,0.087354,0.401621
14.62188,0.983806,0.088386,0.407901,0.086955,0.401295
14.62761,0.983794,0.087982,0.407575,0.086556,0.400970
14.63334,0.983781,0.087578,0.407249,0.086157,0.400644
14.63907,0.983769,0.087174,0.406924,0.085759,0.400319
14.64480,0.983756,0.086770,0.406598,0.085360,0.399993
14.65053,0.983743,0.086366,0.406272,0.084962,0.399668
14.65626,0.983731,0.085963,0.405947,0.084564,0.399342
14.66199,0.983718,0.085560,0.405622,0.084167,0.399017
14.66772,0.983705,0.085157,0.405296,0.083769,0.398692
14.67345,0.983693,0.084754,0.404971,0.083372,0.398367
14.67918,0.983680,0.084352,0.404646,0.082975,0.398042
14.68491,0.983667,0.083949,0.404320,0.082578,0.397717
14.69064,0.983655,0.083547,0.403995,0.082182,0.397392
14.69637,0.983642,0.083145,0.403670,0.081785,0.397067
14.70210,0.983629,0.082744,0.403345,0.081389,0.396742
14.70783,0.983617,0.082342,0.403020,0.080993,0.396417
14.71356,0.983604,0.081941,0.402695,0.080598,0.396092
14.71929,0.983591,0.081540,0.402370,0.080202,0.395768
14.72502,0.983578,0.081139,0.402045,0.079807,0.395443
14.73074,0.983566,0.080739,0.401720,0.079412,0.395118
14.73647,0.983553,0.080339,0.401396,0.079017,0.394794
14.74220,0.983540,0.079938,0.401071,0.078623,0.394469
14.74793,0.983528,0.079538,0.400746,0.078228,0.394145
14.75366,0.983515,0.079139,0.400422,0.077834,0.393821
14.75939,0.983502,0.078739,0.400097,0.077440,0.393496
14.76512,0.983489,0.078340,0.399773,0.077047,0.393172
14.77085,0.983477,0.077941,0.399448,0.076653,0.392848
14.77658,0.983464,0.077542,0.399124,0.076260,0.392524
14.78231,0.983451,0.077144,0.398799,0.075867,0.392200
14.78804,0.983438,0.076745,0.398475,0.075474,0.391876
14.79377,0.983426,0.076347,0.398151,0.075082,0.391552
14.79950,0.983413,0.075949,0.397827,0.074689,0.391228
14.80523,0.983400,0.075551,0.397503,0.074297,0.390904
14.81096,0.983387,0.075154,0.397179,0.073905,0.390580
14.81669,0.983374,0.074757,0.396855,0.073514,0.390257
14.82242,0.983362,0.074360,0.396531,0.073122,0.389933
14.82815,0.983349,0.073963,0.396207,0.072731,0.389609
14.83388,0.983336,0.073566,0.395883,0.072340,0.389286
14.83961,0.983323,0.073170,0.395559,0.071949,0.388962
14.84534,0.983310,0.072774,0.395235,0.071559,0.388639
14.85107,0.983298,0.072378,0.394912,0.071169,0.388316
14.85680,0.983285,0.071982,0.394588,0.070779,0.387992
14.86253,0.983272,0.071586,0.394264,0.070389,0.387669
14.86825,0.983259,0.071191,0.393941,0.069999,0.387346
14.87398,0.983246,0.070796,0.393617,0.069610,0.387023
14.87971,0.983234,0.070401,0.393294,0.069221,0.386700
14.88544,0.983221,0.070006,0.392971,0.068832,0.386377
14.89117,0.983208,0.069612,0.392647,0.068443,0.386054
14.89690,0.983195,0.069218,0.392324,0.068055,0.385731
14.90263,0.983182,0.068824,0.392001,0.067666,0.385408
14.90836,0.983169,0.068430,0.391678,0.067278,0.385086
14.91409,0.983156,0.068037,0.391355,0.066891,0.384763
14.91982,0.983144,0.067643,0.391032,0.066503,0.384440
14.92555,0.983131,0.067250,0.390709,0.066116,0.384118
14.93128,0.983118,0.066857,0.390386,0.065729,0.383795
14.93701,0.983105,0.066465,0.390063,0.065342,0.383473
14.94274,0.983092,0.066072,0.389740,0.064955,0.383150
14.94847,0.983079,0.065680,0.389417,0.064569,0.382828
14.95420,0.983066,0.065288,0.389095,0.064183,0.382506
14.95993,0.983053,0.064896,0.388772,0.063797,0.382184
14.96566,0.983040,0.064505,0.388450,0.063411,0.381862
14.97139,0.983027,0.064114,0.388127,0.063025,0.381540
14.97712,0.983015,0.063723,0.387805,0.062640,0.381218
14.98285,0.983002,0.063332,0.387482,0.062255,0.380896
14.98858,0.982989,0.062941,0.387160,0.061870,0.380574
14.99431,0.982976,0.062551,0.386838,0.061486,0.380252
15.00004,0.982963,0.062161,0.386515,0.061102,0.379930
15.00576,0.982950,0.061771,0.386193,0.060717,0.379609
15.01149,0.982937,0.061381,0.385871,0.060334,0.379287
15.01722,0.982924,0.060991,0.385549,0.059950,0.378965
15.02295,0.982911,0.060602,0.385227,0.059567,0.378644
15.02868,0.982898,0.060213,0.384905,0.059183,0.378322
15.03441,0.982885,0.059824,0.384583,0.058801,0.378001
15.04014,0.982872,0.059436,0.384261,0.058418,0.377680
15.04587,0.982859,0.059047,0.383940,0.058035,0.377359
15.05160,0.982846,0.058659,0.383618,0.057653,0.377037
15.05733,0.982833,0.058271,0.383296,0.057271,0.376716
15.06306,0.982820,0.057884,0.382975,0.056889,0.376395
15.06879,0.982807,0.057496,0.382653,0.056508,0.376074
15.07452,0.982794,0.057109,0.382332,0.056127,0.375753
15.08025,0.982781,0.056722,0.382010,0.055745,0.375433
15.08598,0.982768,0.056335,0.381689,0.055365,0.375112
15.09171,0.982755,0.055949,0.381368,0.054984,0.374791
15.09744,0.982742,0.055563,0.381047,0.054604,0.374471
15.10317,0.982729,0.055177,0.380725,0.054224,0.374150
15.10890,0.982716,0.054791,0.380404,0.053844,0.373829
15.11463,0.982703,0.054405,0.380083,0.053464,0.373509
15.12036,0.982690,0.054020,0.379762,0.053085,0.373189
15.12609,0.982677,0.053635,0.379441,0.052705,0.372868
15.13182,0.982664,0.053250,0.379121,0.052327,0.372548
15.13754,0.982651,0.052865,0.378800,0.051948,0.372228
15.14327,0.982638,0.052481,0.378479,0.051569,0.371908
15.14900,0.982625,0.052096,0.378158,0.051191,0.371588
15.15473,0.982612,0.051712,0.377838,0.050813,0.371268
15.16046,0.982599,0.051329,0.377517,0.050435,0.370948
15.16619,0.982586,0.050945,0.377197,0.050058,0.370628
15.17192,0.982572,0.050562,0.376876,0.049681,0.370308
15.17765,0.982559,0.050179,0.376556,0.049304,0.369989
15.18338,0.982546,0.049796,0.376236,0.048927,0.369669
15.18911,0.982533,0.049413,0.375915,0.048550,0.369349
15.19484,0.982520,0.049031,0.375595,0.048174,0.369030
15.20057,0.982507,0.048649,0.375275,0.047798,0.368710
15.20630,0.982494,0.048267,0.374955,0.047422,0.368391
15.21203,0.982481,0.047885,0.374635,0.047046,0.368072
15.21776,0.982468,0.047504,0.374315,0.046671,0.367752
15.22349,0.982454,0.047122,0.373995,0.046296,0.367433
15.22922,0.982441,0.046742,0.373675,0.045921,0.367114
15.23495,0.982428,0.046361,0.373356,0.045546,0.366795
15.24068,0.982415,0.045980,0.373036,0.045172,0.366476
15.24641,0.982402,0.045600,0.372716,0.044798,0.366157
15.25214,0.982389,0.045220,0.372397,0.044424,0.365838
15.25787,0.982376,0.044840,0.372077,0.044050,0.365520
15.26360,0.982362,0.044461,0.371758,0.043676,0.365201
15.26933,0.982349,0.044081,0.371439,0.043303,0.364882
15.27505,0.982336,0.043702,0.371119,0.042930,0.364564
15.28078,0.982323,0.043323,0.370800,0.042557,0.364245
15.28651,0.982310,0.042945,0.370481,0.042185,0.363927
15.29224,0.982297,0.042566,0.370162,0.041813,0.363609
15.29797,0.982283,0.042188,0.369843,0.041441,0.363290
15.30370,0.982270,0.041810,0.369524,0.041069,0.362972
15.30943,0.982257,0.041432,0.369205,0.040697,0.362654
15.31516,0.982244,0.041055,0.368886,0.040326,0.362336
15.32089,0.982231,0.040678,0.368567,0.039955,0.362018
15.32662,0.982217,0.040301,0.368249,0.039584,0.361700
15.33235,0.982204,0.039924,0.367930,0.039214,0.361382
15.33808,0.982191,0.039548,0.367611,0.038843,0.361064
15.34381,0.982178,0.039171,0.367293,0.038473,0.360747
15.34954,0.982164,0.038795,0.366974,0.038103,0.360429
15.35527,0.982151,0.038419,0.366656,0.037734,0.360112
15.36100,0.982138,0.038044,0.366338,0.037364,0.359794
15.36673,0.982125,0.037669,0.366019,0.036995,0.359477
15.37246,0.982111,0.037293,0.365701,0.036626,0.359159
15.37819,0.982098,0.036919,0.365383,0.036258,0.358842
15.38392,0.982085,0.036544,0.365065,0.035889,0.358525
15.38965,0.982072,0.036170,0.364747,0.035521,0.358208
15.39538,0.982058,0.035795,0.364429,0.035153,0.357891
15.40111,0.982045,0.035422,0.364111,0.034786,0.357574
15.40684,0.982032,0.035048,0.363793,0.034418,0.357257
15.41256,0.982019,0.034675,0.363476,0.034051,0.356940
15.41829,0.982005,0.034301,0.363158,0.033684,0.356623
15.42402,0.981992,0.033928,0.362840,0.033317,0.356306
15.42975,0.981979,0.033556,0.362523,0.032951,0.355990
15.43548,0.981965,0.033183,0.362205,0.032585,0.355673
15.44121,0.981952,0.032811,0.361888,0.032219,0.355357
15.44694,0.981939,0.032439,0.361571,0.031853,0.355040
15.45267,0.981925,0.032067,0.361253,0.031488,0.354724
15.45840,0.981912,0.031696,0.360936,0.031122,0.354408
15.46413,0.981899,0.031325,0.360619,0.030758,0.354091
15.46986,0.981885,0.030954,0.360302,0.030393,0.353775
15.47559,0.981872,0.030583,0.359985,0.030028,0.353459
15.48132,0.981859,0.030212,0.359668,0.029664,0.353143
15.48705,0.981845,0.029842,0.359351,0.029300,0.352827
15.49278,0.981832,0.029472,0.359034,0.028936,0.352512
15.49851,0.981819,0.029102,0.358718,0.028573,0.352196
15.50424,0.981805,0.028732,0.358401,0.028210,0.351880
15.50997,0.981792,0.028363,0.358085,0.027847,0.351565
15.51570,0.981779,0.027994,0.357768,0.027484,0.351249
15.52143,0.981765,0.027625,0.357452,0.027121,0.350934
15.52716,0.981752,0.027257,0.357135,0.026759,0.350618
15.53289,0.981738,0.026888,0.356819,0.026397,0.350303
15.53862,0.981725,0.026520,0.356503,0.026035,0.349988
15.54434,0.981712,0.026152,0.356187,0.025674,0.349672
15.55007,0.981698,0.025785,0.355870,0.025313,0.349357
15.55580,0.981685,0.025417,0.355554,0.024952,0.349042
15.56153,0.981671,0.025050,0.355238,0.024591,0.348727
15.56726,0.981658,0.024683,0.354923,0.024230,0.348413
15.57299,0.981645,0.024316,0.354607,0.023870,0.348098
15.57872,0.981631,0.023950,0.354291,0.023510,0.347783
15.58445,0.981618,0.023584,0.353975,0.023150,0.347468
15.59018,0.981604,0.023218,0.353660,0.022791,0.347154
15.59591,0.981591,0.022852,0.353344,0.022432,0.346839
15.60164,0.981577,0.022487,0.353029,0.022073,0.346525
15.60737,0.981564,0.022122,0.352713,0.021714,0.346211
15.61310,0.981551,0.021757,0.352398,0.021355,0.345896
15.61883,0.981537,0.021392,0.352083,0.020997,0.345582
15.62456,0.981524,0.021028,0.351768,0.020639,0.345268
15.63029,0.981510,0.020663,0.351452,0.020281,0.344954
15.63602,0.981497,0.020299,0.351137,0.019924,0.344640
15.64175,0.981483,0.019936,0.350822,0.019566,0.344326
15.64748,0.981470,0.019572,0.350508,0.019209,0.344013
15.65321,0.981456,0.019209,0.350193,0.018853,0.343699
15.65894,0.981443,0.018846,0.349878,0.018496,0.343385
15.66467,0.981429,0.018483,0.349563,0.018140,0.343072
15.67040,0.981416,0.018121,0.349249,0.017784,0.342758
15.67613,0.981402,0.017758,0.348934,0.017428,0.342445
15.68185,0.981389,0.017396,0.348620,0.017073,0.342131
15.68758,0.981375,0.017035,0.348305,0.016717,0.341818
15.69331,0.981362,0.016673,0.347991,0.016362,0.341505
15.69904,0.981348,0.016312,0.347677,0.016008,0.341192
15.70477,0.981335,0.015951,0.347363,0.015653,0.340879
15.71050,0.981321,0.015590,0.347048,0.015299,0.340566
15.71623,0.981308,0.015230,0.346734,0.014945,0.340253
15.72196,0.981294,0.014869,0.346420,0.014591,0.339940
15.72769,0.981280,0.014509,0.346107,0.014238,0.339628
15.73342,0.981267,0.014150,0.345793,0.013885,0.339315
15.73915,0.981253,0.013790,0.345479,0.013532,0.339002
15.74488,0.981240,0.013431,0.345165,0.013179,0.338690
15.75061,0.981226,0.013072,0.344852,0.012826,0.338378
15.75634,0.981213,0.012713,0.344538,0.012474,0.338065
15.76207,0.981199,0.012354,0.344225,0.012122,0.337753
15.76780,0.981185,0.011996,0.343911,0.011770,0.337441
15.77353,0.981172,0.011638,0.343598,0.011419,0.337129
15.77926,0.981158,0.011280,0.343285,0.011068,0.336817
15.78499,0.981145,0.010923,0.342972,0.010717,0.336505
15.79072,0.981131,0.010566,0.342659,0.010366,0.336193
15.79645,0.981117,0.010209,0.342346,0.010016,0.335881
15.80218,0.981104,0.009852,0.342033,0.009666,0.335570
15.80791,0.981090,0.009495,0.341720,0.009316,0.335258
15.81364,0.981077,0.009139,0.341407,0.008966,0.334946
15.81936,0.981063,0.008783,0.341094,0.008617,0.334635
15.82509,0.981049,0.008427,0.340782,0.008267,0.334324
15.83082,0.981036,0.008072,0.340469,0.007919,0.334012
15.83655,0.981022,0.007716,0.340157,0.007570,0.333701
15.84228,0.981008,0.007361,0.339844,0.007221,0.333390
15.84801,0.980995,0.007006,0.339532,0.006873,0.333079
15.85374,0.980981,0.006652,0.339220,0.006525,0.332768
15.85947,0.980967,0.006298,0.338908,0.006178,0.332457
15.86520,0.980954,0.005944,0.338595,0.005830,0.332146
15.87093,0.980940,0.005590,0.338283,0.005483,0.331836
15.87666,0.980926,0.005236,0.337971,0.005137,0.331525
15.88239,0.980913,0.004883,0.337660,0.004790,0.331215
15.88812,0.980899,0.004530,0.337348,0.004444,0.330904
15.89385,0.980885,0.004177,0.337036,0.004098,0.330594
15.89958,0.980872,0.003825,0.336724,0.003752,0.330283
15.90531,0.980858,0.003473,0.336413,0.003406,0.329973
15.91104,0.980844,0.003121,0.336101,0.003061,0.329663
15.91677,0.980831,0.002769,0.335790,0.002716,0.329353
15.92250,0.980817,0.002417,0.335479,0.002371,0.329043
15.92823,0.980803,0.002066,0.335167,0.002026,0.328733
15.93396,0.980789,0.001715,0.334856,0.001682,0.328423
15.93969,0.980776,0.001364,0.334545,0.001338,0.328114
15.94542,0.980762,0.001014,0.334234,0.000994,0.327804
15.95115,0.980748,0.000664,0.333923,0.000651,0.327494
15.95687,0.980734,0.000314,0.333612,0.000308,0.327185
15.96260,0.980721,0.000036,0.333301,0.000035,0.326876
15.96833,0.980707,0.000385,0.332991,0.000378,0.326566
15.97406,0.980693,0.000735,0.332680,0.000720,0.326257
15.97979,0.980679,0.001084,0.332369,0.001063,0.325948
15.98552,0.980666,0.001432,0.332059,0.001405,0.325639
15.99125,0.980652,0.001781,0.331748,0.001746,0.325330
15.99698,0.980638,0.002129,0.331438,0.002088,0.325021
16.00271,0.980624,0.002477,0.331128,0.002429,0.324712
16.00844,0.980611,0.002825,0.330818,0.002770,0.324403
16.01417,0.980597,0.003172,0.330508,0.003110,0.324095
16.01990,0.980583,0.003519,0.330198,0.003451,0.323786
16.02563,0.980569,0.003866,0.329888,0.003791,0.323478
16.03136,0.980555,0.004213,0.329578,0.004131,0.323169
16.03709,0.980542,0.004559,0.329268,0.004470,0.322861
16.04282,0.980528,0.004905,0.328958,0.004810,0.322553
16.04855,0.980514,0.005251,0.328649,0.005149,0.322245
16.05428,0.980500,0.005597,0.328339,0.005488,0.321937
16.06001,0.980486,0.005942,0.328030,0.005826,0.321629
16.06574,0.980472,0.006287,0.327720,0.006164,0.321321
16.07147,0.980459,0.006632,0.327411,0.006503,0.321013
16.07720,0.980445,0.006977,0.327102,0.006840,0.320705
16.08293,0.980431,0.007321,0.326793,0.007178,0.320398
16.08865,0.980417,0.007665,0.326484,0.007515,0.320090
16.09438,0.980403,0.008009,0.326175,0.007852,0.319783
16.10011,0.980389,0.008353,0.325866,0.008189,0.319475
16.10584,0.980375,0.008696,0.325557,0.008525,0.319168
16.11157,0.980362,0.009039,0.325248,0.008861,0.318861
16.11730,0.980348,0.009382,0.324939,0.009197,0.318554
16.12303,0.980334,0.009724,0.324631,0.009533,0.318247
16.12876,0.980320,0.010067,0.324322,0.009868,0.317940
16.13449,0.980306,0.010409,0.324014,0.010204,0.317633
16.14022,0.980292,0.010750,0.323706,0.010538,0.317326
16.14595,0.980278,0.011092,0.323397,0.010873,0.317019
16.15168,0.980264,0.011433,0.323089,0.011207,0.316713
16.15741,0.980250,0.011774,0.322781,0.011541,0.316406
16.16314,0.980236,0.012115,0.322473,0.011875,0.316100
16.16887,0.980223,0.012455,0.322165,0.012209,0.315793
16.17460,0.980209,0.012795,0.321857,0.012542,0.315487
16.18033,0.980195,0.013135,0.321549,0.012875,0.315181
16.18606,0.980181,0.013475,0.321242,0.013208,0.314875
16.19179,0.980167,0.013814,0.320934,0.013540,0.314569
16.19752,0.980153,0.014154,0.320627,0.013873,0.314263
16.20325,0.980139,0.014493,0.320319,0.014205,0.313957
16.20898,0.980125,0.014831,0.320012,0.014536,0.313651
16.21471,0.980111,0.015170,0.319704,0.014868,0.313346
16.22044,0.980097,0.015508,0.319397,0.015199,0.313040
16.22616,0.980083,0.015846,0.319090,0.015530,0.312735
16.23189,0.980069,0.016183,0.318783,0.015861,0.312429
16.23762,0.980055,0.016520,0.318476,0.016191,0.312124
16.24335,0.980041,0.016858,0.318169,0.016521,0.311819
16.24908,0.980027,0.017194,0.317862,0.016851,0.311514
16.25481,0.980013,0.017531,0.317556,0.017181,0.311209
16.26054,0.979999,0.017867,0.317249,0.017510,0.310904
16.26627,0.979985,0.018203,0.316943,0.017839,0.310599
16.27200,0.979971,0.018539,0.316636,0.018168,0.310294
16.27773,0.979957,0.018875,0.316330,0.018496,0.309990
16.28346,0.979943,0.019210,0.316023,0.018825,0.309685
16.28919,0.979929,0.019545,0.315717,0.019152,0.309381
16.29492,0.979915,0.019880,0.315411,0.019480,0.309076
16.30065,0.979901,0.020214,0.315105,0.019808,0.308772
16.30638,0.979887,0.020548,0.314799,0.020135,0.308468
16.31211,0.979873,0.020882,0.314493,0.020462,0.308163
16.31784,0.979859,0.021216,0.314188,0.020788,0.307859
16.32357,0.979845,0.021549,0.313882,0.021115,0.307555
16.32930,0.979831,0.021882,0.313576,0.021441,0.307252
16.33503,0.979817,0.022215,0.313271,0.021767,0.306948
16.34076,0.979803,0.022548,0.312965,0.022092,0.306644
16.34649,0.979789,0.022880,0.312660,0.022418,0.306341
16.35222,0.979775,0.023212,0.312355,0.022743,0.306037
16.35795,0.979760,0.023544,0.312049,0.023068,0.305734
16.36367,0.979746,0.023876,0.311744,0.023392,0.305430
16.36940,0.979732,0.024207,0.311439,0.023716,0.305127
16.37513,0.979718,0.024538,0.311134,0.024040,0.304824
16.38086,0.979704,0.024869,0.310829,0.024364,0.304521
16.38659,0.979690,0.025199,0.310525,0.024687,0.304218
16.39232,0.979676,0.025529,0.310220,0.025011,0.303915
16.39805,0.979662,0.025859,0.309915,0.025334,0.303612
16.40378,0.979648,0.026189,0.309611,0.025656,0.303310
16.40951,0.979634,0.026519,0.309306,0.025979,0.303007
16.41524,0.979619,0.026848,0.309002,0.026301,0.302704
16.42097,0.979605,0.027177,0.308698,0.026622,0.302402
16.42670,0.979591,0.027505,0.308394,0.026944,0.302100
16.43243,0.979577,0.027834,0.308090,0.027265,0.301797
16.43816,0.979563,0.028162,0.307786,0.027586,0.301495
16.44389,0.979549,0.028490,0.307482,0.027907,0.301193
16.44962,0.979535,0.028817,0.307178,0.028228,0.300891
16.45535,0.979520,0.029145,0.306874,0.028548,0.300589
16.46108,0.979506,0.029472,0.306570,0.028868,0.300288
16.46681,0.979492,0.029798,0.306267,0.029187,0.299986
16.47254,0.979478,0.030125,0.305963,0.029507,0.299684
16.47827,0.979464,0.030451,0.305660,0.029826,0.299383
16.48400,0.979450,0.030777,0.305357,0.030145,0.299081
16.48973,0.979435,0.031103,0.305053,0.030463,0.298780
16.49545,0.979421,0.031428,0.304750,0.030782,0.298479
16.50118,0.979407,0.031754,0.304447,0.031100,0.298178
16.50691,0.979393,0.032078,0.304144,0.031417,0.297877
16.51264,0.979379,0.032403,0.303841,0.031735,0.297576
16.51837,0.979364,0.032728,0.303539,0.032052,0.297275
16.52410,0.979350,0.033052,0.303236,0.032369,0.296974
16.52983,0.979336,0.033375,0.302933,0.032686,0.296674
16.53556,0.979322,0.033699,0.302631,0.033002,0.296373
16.54129,0.979307,0.034022,0.302328,0.033318,0.296073
16.54702,0.979293,0.034345,0.302026,0.033634,0.295772
16.55275,0.979279,0.034668,0.301724,0.033950,0.295472
16.55848,0.979265,0.034991,0.301422,0.034265,0.295172
16.56421,0.979250,0.035313,0.301120,0.034580,0.294872
16.56994,0.979236,0.035635,0.300818,0.034895,0.294572
16.57567,0.979222,0.035957,0.300516,0.035210,0.294272
16.58140,0.979208,0.036278,0.300214,0.035524,0.293972
16.58713,0.979193,0.036599,0.299912,0.035838,0.293672
16.59286,0.979179,0.036920,0.299611,0.036151,0.293372
16.59859,0.979165,0.037241,0.299309,0.036465,0.293073
16.60432,0.979151,0.037561,0.299008,0.036778,0.292773
16.61005,0.979136,0.037881,0.298706,0.037091,0.292474
16.61578,0.979122,0.038201,0.298405,0.037403,0.292175
16.62151,0.979108,0.038521,0.298104,0.037716,0.291876
16.62724,0.979093,0.038840,0.297803,0.038028,0.291577
16.63296,0.979079,0.039159,0.297502,0.038340,0.291278
16.63869,0.979065,0.039478,0.297201,0.038651,0.290979
16.64442,0.979050,0.039796,0.296900,0.038962,0.290680
16.65015,0.979036,0.040114,0.296599,0.039273,0.290381
16.65588,0.979022,0.040432,0.296299,0.039584,0.290083
16.66161,0.979007,0.040750,0.295998,0.039894,0.289784
16.66734,0.978993,0.041067,0.295698,0.040205,0.289486
16.67307,0.978979,0.041384,0.295397,0.040514,0.289188
16.67880,0.978964,0.041701,0.295097,0.040824,0.288889
16.68453,0.978950,0.042018,0.294797,0.041133,0.288591
16.69026,0.978936,0.042334,0.294497,0.041442,0.288293
16.69599,0.978921,0.042650,0.294197,0.041751,0.287995
16.70172,0.978907,0.042966,0.293897,0.042060,0.287697
16.70745,0.978893,0.043281,0.293597,0.042368,0.287400
16.71318,0.978878,0.043597,0.293297,0.042676,0.287102
16.71891,0.978864,0.043912,0.292997,0.042983,0.286805
16.72464,0.978849,0.044226,0.292698,0.043291,0.286507
16.73037,0.978835,0.044541,0.292398,0.043598,0.286210
16.73610,0.978821,0.044855,0.292099,0.043905,0.285913
16.74183,0.978806,0.045169,0.291800,0.044211,0.285615
16.74756,0.978792,0.045482,0.291501,0.044518,0.285318
16.75329,0.978777,0.045796,0.291201,0.044824,0.285021
16.75902,0.978763,0.046109,0.290902,0.045129,0.284725
16.76475,0.978749,0.046421,0.290603,0.045435,0.284428
16.77047,0.978734,0.046734,0.290305,0.045740,0.284131
16.77620,0.978720,0.047046,0.290006,0.046045,0.283835
16.78193,0.978705,0.047358,0.289707,0.046350,0.283538
16.78766,0.978691,0.047670,0.289409,0.046654,0.283242
16.79339,0.978676,0.047981,0.289110,0.046958,0.282945
16.79912,0.978662,0.048292,0.288812,0.047262,0.282649
16.80485,0.978648,0.048603,0.288514,0.047565,0.282353
16.81058,0.978633,0.048914,0.288215,0.047869,0.282057
16.81631,0.978619,0.049224,0.287917,0.048172,0.281761
16.82204,0.978604,0.049534,0.287619,0.048474,0.281466
16.82777,0.978590,0.049844,0.287321,0.048777,0.281170
16.83350,0.978575,0.050153,0.287024,0.049079,0.280874
16.83923,0.978561,0.050463,0.286726,0.049381,0.280579
16.84496,0.978546,0.050772,0.286428,0.049682,0.280283
16.85069,0.978532,0.051080,0.286131,0.049984,0.279988
16.85642,0.978517,0.051389,0.285833,0.050285,0.279693
16.86215,0.978503,0.051697,0.285536,0.050585,0.279398
16.86788,0.978488,0.052005,0.285239,0.050886,0.279103
16.87361,0.978474,0.052312,0.284942,0.051186,0.278808
16.87934,0.978459,0.052620,0.284645,0.051486,0.278513
16.88507,0.978445,0.052927,0.284348,0.051786,0.278218
16.89080,0.978430,0.053233,0.284051,0.052085,0.277924
16.89653,0.978416,0.053540,0.283754,0.052384,0.277629
16.90225,0.978401,0.053846,0.283457,0.052683,0.277335
16.90798,0.978387,0.054152,0.283161,0.052981,0.277041
16.91371,0.978372,0.054458,0.282864,0.053280,0.276746
16.91944,0.978357,0.054763,0.282568,0.053578,0.276452
16.92517,0.978343,0.055068,0.282271,0.053875,0.276158
16.93090,0.978328,0.055373,0.281975,0.054173,0.275864
16.93663,0.978314,0.055677,0.281679,0.054470,0.275571
16.94236,0.978299,0.055982,0.281383,0.054767,0.275277
16.94809,0.978285,0.056286,0.281087,0.055063,0.274983
16.95382,0.978270,0.056589,0.280791,0.055360,0.274690
16.95955,0.978255,0.056893,0.280496,0.055656,0.274396
16.96528,0.978241,0.057196,0.280200,0.055951,0.274103
16.97101,0.978226,0.057499,0.279904,0.056247,0.273810
16.97674,0.978212,0.057802,0.279609,0.056542,0.273517
16.98247,0.978197,0.058104,0.279314,0.056837,0.273224
16.98820,0.978182,0.058406,0.279018,0.057132,0.272931
16.99393,0.978168,0.058708,0.278723,0.057426,0.272638
16.99966,0.978153,0.059009,0.278428,0.057720,0.272345
17.00539,0.978139,0.059310,0.278133,0.058014,0.272053
17.01112,0.978124,0.059611,0.277838,0.058307,0.271760
17.01685,0.978109,0.059912,0.277543,0.058601,0.271468
17.02258,0.978095,0.060213,0.277249,0.058894,0.271176
17.02831,0.978080,0.060513,0.276954,0.059186,0.270883
17.03404,0.978065,0.060813,0.276660,0.059479,0.270591
17.03976,0.978051,0.061112,0.276365,0.059771,0.270299
17.04549,0.978036,0.061411,0.276071,0.060063,0.270007
17.05122,0.978021,0.061710,0.275777,0.060354,0.269716
17.05695,0.978007,0.062009,0.275483,0.060645,0.269424
17.06268,0.977992,0.062308,0.275189,0.060936,0.269132
17.06841,0.977977,0.062606,0.274895,0.061227,0.268841
17.07414,0.977963,0.062904,0.274601,0.061517,0.268550
17.07987,0.977948,0.063201,0.274307,0.061808,0.268258
17.08560,0.977933,0.063499,0.274014,0.062097,0.267967
17.09133,0.977919,0.063796,0.273720,0.062387,0.267676
17.09706,0.977904,0.064093,0.273427,0.062676,0.267385
17.10279,0.977889,0.064389,0.273133,0.062965,0.267094
17.10852,0.977875,0.064685,0.272840,0.063254,0.266803
17.11425,0.977860,0.064981,0.272547,0.063543,0.266513
17.11998,0.977845,0.065277,0.272254,0.063831,0.266222
17.12571,0.977830,0.065572,0.271961,0.064119,0.265932
17.13144,0.977816,0.065867,0.271668,0.064406,0.265641
17.13717,0.977801,0.066162,0.271375,0.064694,0.265351
17.14290,0.977786,0.066457,0.271083,0.064981,0.265061
17.14863,0.977772,0.066751,0.270790,0.065267,0.264771
17.15436,0.977757,0.067045,0.270498,0.065554,0.264481
17.16009,0.977742,0.067339,0.270205,0.065840,0.264191
17.16582,0.977727,0.067632,0.269913,0.066126,0.263901
17.17155,0.977713,0.067926,0.269621,0.066412,0.263612
17.17727,0.977698,0.068218,0.269329,0.066697,0.263322
17.18300,0.977683,0.068511,0.269037,0.066982,0.263033
17.18873,0.977668,0.068803,0.268745,0.067267,0.262744
17.19446,0.977653,0.069095,0.268453,0.067551,0.262454
17.20019,0.977639,0.069387,0.268162,0.067836,0.262165
17.20592,0.977624,0.069679,0.267870,0.068120,0.261876
17.21165,0.977609,0.069970,0.267579,0.068403,0.261587
17.21738,0.977594,0.070261,0.267287,0.068687,0.261299
17.22311,0.977580,0.070551,0.266996,0.068970,0.261010
17.22884,0.977565,0.070842,0.266705,0.069252,0.260721
17.23457,0.977550,0.071132,0.266414,0.069535,0.260433
17.24030,0.977535,0.071422,0.266123,0.069817,0.260144
17.24603,0.977520,0.071711,0.265832,0.070099,0.259856
17.25176,0.977505,0.072000,0.265541,0.070381,0.259568
17.25749,0.977491,0.072289,0.265251,0.070662,0.259280
17.26322,0.977476,0.072578,0.264960,0.070943,0.258992
17.26895,0.977461,0.072867,0.264670,0.071224,0.258704
17.27468,0.977446,0.073155,0.264379,0.071505,0.258416
17.28041,0.977431,0.073442,0.264089,0.071785,0.258129
17.28614,0.977416,0.073730,0.263799,0.072065,0.257841
17.29187,0.977402,0.074017,0.263509,0.072345,0.257554
17.29760,0.977387,0.074304,0.263219,0.072624,0.257266
17.30333,0.977372,0.074591,0.262929,0.072903,0.256979
17.30905,0.977357,0.074877,0.262639,0.073182,0.256692
17.31478,0.977342,0.075164,0.262349,0.073461,0.256405
17.32051,0.977327,0.075449,0.262060,0.073739,0.256118
17.32624,0.977312,0.075735,0.261770,0.074017,0.255831
17.33197,0.977297,0.076020,0.261481,0.074294,0.255545
17.33770,0.977282,0.076305,0.261192,0.074572,0.255258
17.34343,0.977268,0.076590,0.260903,0.074849,0.254972
17.34916,0.977253,0.076875,0.260614,0.075126,0.254685
17.35489,0.977238,0.077159,0.260325,0.075402,0.254399
17.36062,0.977223,0.077443,0.260036,0.075679,0.254113
17.36635,0.977208,0.077726,0.259747,0.075955,0.253827
17.37208,0.977193,0.078010,0.259458,0.076230,0.253541
17.37781,0.977178,0.078293,0.259170,0.076506,0.253255
17.38354,0.977163,0.078575,0.258881,0.076781,0.252969
17.38927,0.977148,0.078858,0.258593,0.077056,0.252684
17.39500,0.977133,0.079140,0.258305,0.077330,0.252398
17.40073,0.977118,0.079422,0.258017,0.077605,0.252113
17.40646,0.977103,0.079704,0.257729,0.077879,0.251827
17.41219,0.977088,0.079985,0.257441,0.078152,0.251542
17.41792,0.977073,0.080266,0.257153,0.078426,0.251257
17.42365,0.977058,0.080547,0.256865,0.078699,0.250972
17.42938,0.977043,0.080827,0.256577,0.078972,0.250687
17.43511,0.977028,0.081108,0.256290,0.079244,0.250402
17.44084,0.977013,0.081387,0.256002,0.079517,0.250118
17.44656,0.976998,0.081667,0.255715,0.079789,0.249833
17.45229,0.976983,0.081946,0.255428,0.080060,0.249549
17.45802,0.976968,0.082226,0.255141,0.080332,0.249265
17.46375,0.976953,0.082504,0.254854,0.080603,0.248980
17.46948,0.976938,0.082783,0.254567,0.080874,0.248696
17.47521,0.976923,0.083061,0.254280,0.081144,0.248412
17.48094,0.976908,0.083339,0.253993,0.081415,0.248128
17.48667,0.976893,0.083617,0.253707,0.081685,0.247844
17.49240,0.976878,0.083894,0.253420,0.081954,0.247561
17.49813,0.976863,0.084171,0.253134,0.082224,0.247277
17.50386,0.976848,0.084448,0.252848,0.082493,0.246994
17.50959,0.976833,0.084725,0.252561,0.082762,0.246710
17.51532,0.976818,0.085001,0.252275,0.083030,0.246427
17.52105,0.976803,0.085277,0.251989,0.083299,0.246144
17.52678,0.976788,0.085552,0.251703,0.083567,0.245861
17.53251,0.976773,0.085828,0.251418,0.083834,0.245578
17.53824,0.976758,0.086103,0.251132,0.084102,0.245295
17.54397,0.976743,0.086378,0.250846,0.084369,0.245012
17.54970,0.976728,0.086652,0.250561,0.084636,0.244730
17.55543,0.976713,0.086926,0.250276,0.084902,0.244447
17.56116,0.976698,0.087200,0.249990,0.085168,0.244165
17.56689,0.976683,0.087474,0.249705,0.085434,0.243883
17.57262,0.976668,0.087747,0.249420,0.085700,0.243601
17.57835,0.976652,0.088021,0.249135,0.085966,0.243318
17.58407,0.976637,0.088293,0.248850,0.086231,0.243037
17.58980,0.976622,0.088566,0.248566,0.086495,0.242755
17.59553,0.976607,0.088838,0.248281,0.086760,0.242473
17.60126,0.976592,0.089110,0.247996,0.087024,0.242191
17.60699,0.976577,0.089382,0.247712,0.087288,0.241910
17.61272,0.976562,0.089653,0.247428,0.087552,0.241628
17.61845,0.976547,0.089924,0.247144,0.087815,0.241347
17.62418,0.976531,0.090195,0.246859,0.088078,0.241066
17.62991,0.976516,0.090466,0.246575,0.088341,0.240785
17.63564,0.976501,0.090736,0.246292,0.088604,0.240504
17.64137,0.976486,0.091006,0.246008,0.088866,0.240223
17.64710,0.976471,0.091276,0.245724,0.089128,0.239942
17.65283,0.976456,0.091545,0.245441,0.089390,0.239662
17.65856,0.976441,0.091814,0.245157,0.089651,0.239381
17.66429,0.976425,0.092083,0.244874,0.089912,0.239101
17.67002,0.976410,0.092351,0.244590,0.090173,0.238821
17.67575,0.976395,0.092620,0.244307,0.090433,0.238540
17.68148,0.976380,0.092888,0.244024,0.090694,0.238260
17.68721,0.976365,0.093155,0.243741,0.090954,0.237980
17.69294,0.976349,0.093423,0.243458,0.091213,0.237701
17.69867,0.976334,0.093690,0.243176,0.091473,0.237421
17.70440,0.976319,0.093957,0.242893,0.091732,0.237141
17.71013,0.976304,0.094223,0.242611,0.091990,0.236862
17.71586,0.976289,0.094489,0.242328,0.092249,0.236582
17.72158,0.976273,0.094755,0.242046,0.092507,0.236303
17.72731,0.976258,0.095021,0.241764,0.092765,0.236024
17.73304,0.976243,0.095286,0.241482,0.093023,0.235745
17.73877,0.976228,0.095551,0.241200,0.093280,0.235466
17.74450,0.976213,0.095816,0.240918,0.093537,0.235187
17.75023,0.976197,0.096081,0.240636,0.093794,0.234908
17.75596,0.976182,0.096345,0.240354,0.094050,0.234630
17.76169,0.976167,0.096609,0.240073,0.094306,0.234351
17.76742,0.976152,0.096873,0.239791,0.094562,0.234073
17.77315,0.976136,0.097136,0.239510,0.094818,0.233794
17.77888,0.976121,0.097399,0.239229,0.095073,0.233516
17.78461,0.976106,0.097662,0.238948,0.095328,0.233238
17.79034,0.976090,0.097924,0.238667,0.095583,0.232960
17.79607,0.976075,0.098186,0.238386,0.095837,0.232682
17.80180,0.976060,0.098448,0.238105,0.096092,0.232405
17.80753,0.976045,0.098710,0.237824,0.096345,0.232127
17.81326,0.976029,0.098971,0.237544,0.096599,0.231850
17.81899,0.976014,0.099232,0.237263,0.096852,0.231572
17.82472,0.975999,0.099493,0.236983,0.097105,0.231295
17.83045,0.975983,0.099754,0.236703,0.097358,0.231018
17.83618,0.975968,0.100014,0.236422,0.097610,0.230741
17.84191,0.975953,0.100274,0.236142,0.097863,0.230464
17.84764,0.975937,0.100533,0.235862,0.098114,0.230187
17.85336,0.975922,0.100793,0.235583,0.098366,0.229910
17.85909,0.975907,0.101052,0.235303,0.098617,0.229634
17.86482,0.975891,0.101311,0.235023,0.098868,0.229357
17.87055,0.975876,0.101569,0.234744,0.099119,0.229081
17.87628,0.975861,0.101827,0.234464,0.099369,0.228805
17.88201,0.975845,0.102085,0.234185,0.099619,0.228529
17.88774,0.975830,0.102343,0.233906,0.099869,0.228253
17.89347,0.975815,0.102600,0.233627,0.100119,0.227977
17.89920,0.975799,0.102857,0.233348,0.100368,0.227701
17.90493,0.975784,0.103114,0.233069,0.100617,0.227425
17.91066,0.975769,0.103370,0.232790,0.100865,0.227150
17.91639,0.975753,0.103626,0.232512,0.101114,0.226874
17.92212,0.975738,0.103882,0.232233,0.101362,0.226599
17.92785,0.975722,0.104138,0.231955,0.101610,0.226324
17.93358,0.975707,0.104393,0.231677,0.101857,0.226048
17.93931,0.975692,0.104648,0.231398,0.102104,0.225773
17.94504,0.975676,0.104903,0.231120,0.102351,0.225499
17.95077,0.975661,0.105157,0.230842,0.102598,0.225224
17.95650,0.975645,0.105411,0.230564,0.102844,0.224949
17.96223,0.975630,0.105665,0.230287,0.103090,0.224675
17.96796,0.975615,0.105919,0.230009,0.103336,0.224400
17.97369,0.975599,0.106172,0.229732,0.103581,0.224126
17.97942,0.975584,0.106425,0.229454,0.103827,0.223852
17.98515,0.975568,0.106678,0.229177,0.104071,0.223578
17.99087,0.975553,0.106930,0.228900,0.104316,0.223304
17.99660,0.975537,0.107182,0.228623,0.104560,0.223030
18.00233,0.975522,0.107434,0.228346,0.104804,0.222756
18.00806,0.975507,0.107686,0.228069,0.105048,0.222482
18.01379,0.975491,0.107937,0.227792,0.105291,0.222209
18.01952,0.975476,0.108188,0.227515,0.105534,0.221936
18.02525,0.975460,0.108438,0.227239,0.105777,0.221662
18.03098,0.975445,0.108689,0.226962,0.106020,0.221389
18.03671,0.975429,0.108939,0.226686,0.106262,0.221116
18.04244,0.975414,0.109189,0.226410,0.106504,0.220843
18.04817,0.975398,0.109438,0.226134,0.106746,0.220570
18.05390,0.975383,0.109687,0.225858,0.106987,0.220298
18.05963,0.975367,0.109936,0.225582,0.107228,0.220025
18.06536,0.975352,0.110185,0.225306,0.107469,0.219753
18.07109,0.975336,0.110433,0.225030,0.107709,0.219480
18.07682,0.975321,0.110681,0.224755,0.107950,0.219208
18.08255,0.975305,0.110929,0.224480,0.108190,0.218936
18.08828,0.975290,0.111176,0.224204,0.108429,0.218664
18.09401,0.975274,0.111424,0.223929,0.108669,0.218392
18.09974,0.975259,0.111670,0.223654,0.108908,0.218120
18.10547,0.975243,0.111917,0.223379,0.109146,0.217849
18.11120,0.975228,0.112163,0.223104,0.109385,0.217577
18.11693,0.975212,0.112409,0.222829,0.109623,0.217306
18.12266,0.975196,0.112655,0.222555,0.109861,0.217035
18.12838,0.975181,0.112900,0.222280,0.110098,0.216763
18.13411,0.975165,0.113146,0.222006,0.110336,0.216492
18.13984,0.975150,0.113390,0.221731,0.110573,0.216221
18.14557,0.975134,0.113635,0.221457,0.110809,0.215951
18.15130,0.975119,0.113879,0.221183,0.111046,0.215680
18.15703,0.975103,0.114123,0.220909,0.111282,0.215409
18.16276,0.975087,0.114367,0.220635,0.111518,0.215139
18.16849,0.975072,0.114610,0.220362,0.111753,0.214868
18.17422,0.975056,0.114853,0.220088,0.111989,0.214598
18.17995,0.975041,0.115096,0.219814,0.112223,0.214328
18.18568,0.975025,0.115339,0.219541,0.112458,0.214058
18.19141,0.975009,0.115581,0.219268,0.112693,0.213788
18.19714,0.974994,0.115823,0.218995,0.112927,0.213518
18.20287,0.974978,0.116065,0.218722,0.113160,0.213249
18.20860,0.974963,0.116306,0.218449,0.113394,0.212979
18.21433,0.974947,0.116547,0.218176,0.113627,0.212710
18.22006,0.974931,0.116788,0.217903,0.113860,0.212440
18.22579,0.974916,0.117028,0.217630,0.114093,0.212171
18.23152,0.974900,0.117268,0.217358,0.114325,0.211902
18.23725,0.974884,0.117508,0.217085,0.114557,0.211633
18.24298,0.974869,0.117748,0.216813,0.114789,0.211364
18.24871,0.974853,0.117987,0.216541,0.115020,0.211096
18.25444,0.974837,0.118226,0.216269,0.115251,0.210827
18.26016,0.974822,0.118465,0.215997,0.115482,0.210559
18.26589,0.974806,0.118703,0.215725,0.115713,0.210290
18.27162,0.974790,0.118941,0.215454,0.115943,0.210022
18.27735,0.974775,0.119179,0.215182,0.116173,0.209754
18.28308,0.974759,0.119417,0.214911,0.116403,0.209486
18.28881,0.974743,0.119654,0.214639,0.116632,0.209218
18.29454,0.974728,0.119891,0.214368,0.116861,0.208950
18.30027,0.974712,0.120128,0.214097,0.117090,0.208683
18.30600,0.974696,0.120364,0.213826,0.117318,0.208415
18.31173,0.974681,0.120600,0.213555,0.117547,0.208148
18.31746,0.974665,0.120836,0.213284,0.117775,0.207880
18.32319,0.974649,0.121072,0.213013,0.118002,0.207613
18.32892,0.974633,0.121307,0.212743,0.118230,0.207346
18.33465,0.974618,0.121542,0.212472,0.118457,0.207079
18.34038,0.974602,0.121776,0.212202,0.118683,0.206813
18.34611,0.974586,0.122011,0.211932,0.118910,0.206546
18.35184,0.974571,0.122245,0.211662,0.119136,0.206279
18.35757,0.974555,0.122478,0.211392,0.119362,0.206013
18.36330,0.974539,0.122712,0.211122,0.119588,0.205746
18.36903,0.974523,0.122945,0.210852,0.119813,0.205480
18.37476,0.974507,0.123178,0.210582,0.120038,0.205214
18.38049,0.974492,0.123411,0.210313,0.120263,0.204948
18.38622,0.974476,0.123643,0.210044,0.120487,0.204682
18.39195,0.974460,0.123875,0.209774,0.120711,0.204417
18.39767,0.974444,0.124107,0.209505,0.120935,0.204151
18.40340,0.974429,0.124338,0.209236,0.121158,0.203886
18.40913,0.974413,0.124569,0.208967,0.121382,0.203620
18.41486,0.974397,0.124800,0.208698,0.121605,0.203355
18.42059,0.974381,0.125030,0.208429,0.121827,0.203090
18.42632,0.974365,0.125261,0.208161,0.122050,0.202825
18.43205,0.974350,0.125491,0.207892,0.122272,0.202560
18.43778,0.974334,0.125720,0.207624,0.122494,0.202295
18.44351,0.974318,0.125950,0.207356,0.122715,0.202030
18.44924,0.974302,0.126179,0.207088,0.122936,0.201766
18.45497,0.974286,0.126407,0.206820,0.123157,0.201502
18.46070,0.974271,0.126636,0.206552,0.123378,0.201237
18.46643,0.974255,0.126864,0.206284,0.123598,0.200973
18.47216,0.974239,0.127092,0.206016,0.123818,0.200709
18.47789,0.974223,0.127320,0.205749,0.124038,0.200445
18.48362,0.974207,0.127547,0.205481,0.124257,0.200181
18.48935,0.974191,0.127774,0.205214,0.124476,0.199918
18.49508,0.974175,0.128001,0.204947,0.124695,0.199654
18.50081,0.974160,0.128227,0.204680,0.124914,0.199391
18.50654,0.974144,0.128453,0.204413,0.125132,0.199127
18.51227,0.974128,0.128679,0.204146,0.125350,0.198864
18.51800,0.974112,0.128905,0.203879,0.125568,0.198601
18.52373,0.974096,0.129130,0.203612,0.125785,0.198338
18.52946,0.974080,0.129355,0.203346,0.126002,0.198075
18.53518,0.974064,0.129580,0.203080,0.126219,0.197813
18.54091,0.974048,0.129804,0.202813,0.126435,0.197550
18.54664,0.974033,0.130028,0.202547,0.126652,0.197287
18.55237,0.974017,0.130252,0.202281,0.126867,0.197025
18.55810,0.974001,0.130475,0.202015,0.127083,0.196763
18.56383,0.973985,0.130699,0.201749,0.127298,0.196501
18.56956,0.973969,0.130921,0.201484,0.127513,0.196239
18.57529,0.973953,0.131144,0.201218,0.127728,0.195977
18.58102,0.973937,0.131366,0.200953,0.127943,0.195715
18.58675,0.973921,0.131588,0.200687,0.128157,0.195454
18.59248,0.973905,0.131810,0.200422,0.128371,0.195192
18.59821,0.973889,0.132032,0.200157,0.128584,0.194931
18.60394,0.973873,0.132253,0.199892,0.128797,0.194669
18.60967,0.973857,0.132474,0.199627,0.129010,0.194408
18.61540,0.973841,0.132694,0.199362,0.129223,0.194147
18.62113,0.973825,0.132914,0.199098,0.129435,0.193886
18.62686,0.973809,0.133134,0.198833,0.129648,0.193626
18.63259,0.973793,0.133354,0.198569,0.129859,0.193365
18.63832,0.973777,0.133573,0.198305,0.130071,0.193105
18.64405,0.973761,0.133793,0.198040,0.130282,0.192844
18.64978,0.973745,0.134011,0.197776,0.130493,0.192584
18.65551,0.973729,0.134230,0.197513,0.130704,0.192324
18.66124,0.973713,0.134448,0.197249,0.130914,0.192064
18.66696,0.973697,0.134666,0.196985,0.131124,0.191804
18.67269,0.973681,0.134884,0.196721,0.131334,0.191544
18.67842,0.973665,0.135101,0.196458,0.131543,0.191284
18.68415,0.973649,0.135318,0.196195,0.131752,0.191025
18.68988,0.973633,0.135535,0.195932,0.131961,0.190765
18.69561,0.973617,0.135751,0.195668,0.132170,0.190506
18.70134,0.973601,0.135967,0.195405,0.132378,0.190247
18.70707,0.973585,0.136183,0.195143,0.132586,0.189988
18.71280,0.973569,0.136399,0.194880,0.132794,0.189729
18.71853,0.973553,0.136614,0.194617,0.133001,0.189470
18.72426,0.973537,0.136829,0.194355,0.133208,0.189212
18.72999,0.973521,0.137044,0.194092,0.133415,0.188953
18.73572,0.973505,0.137258,0.193830,0.133621,0.188695
18.74145,0.973489,0.137472,0.193568,0.133828,0.188436
18.74718,0.973473,0.137686,0.193306,0.134033,0.188178
18.75291,0.973457,0.137899,0.193044,0.134239,0.187920
18.75864,0.973441,0.138113,0.192782,0.134444,0.187662
18.76437,0.973425,0.138326,0.192521,0.134649,0.187404
18.77010,0.973409,0.138538,0.192259,0.134854,0.187147
18.77583,0.973393,0.138750,0.191998,0.135059,0.186889
18.78156,0.973376,0.138962,0.191736,0.135263,0.186632
18.78729,0.973360,0.139174,0.191475,0.135467,0.186374
18.79302,0.973344,0.139386,0.191214,0.135670,0.186117
18.79875,0.973328,0.139597,0.190953,0.135874,0.185860
18.80447,0.973312,0.139808,0.190692,0.136076,0.185603
18.81020,0.973296,0.140018,0.190432,0.136279,0.185346
18.81593,0.973280,0.140229,0.190171,0.136482,0.185090
18.82166,0.973264,0.140438,0.189911,0.136684,0.184833
18.82739,0.973248,0.140648,0.189650,0.136885,0.184577
18.83312,0.973231,0.140858,0.189390,0.137087,0.184320
18.83885,0.973215,0.141067,0.189130,0.137288,0.184064
18.84458,0.973199,0.141275,0.188870,0.137489,0.183808
18.85031,0.973183,0.141484,0.188610,0.137690,0.183552
18.85604,0.973167,0.141692,0.188351,0.137890,0.183296
18.86177,0.973151,0.141900,0.188091,0.138090,0.183041
18.86750,0.973134,0.142108,0.187831,0.138290,0.182785
18.87323,0.973118,0.142315,0.187572,0.138489,0.182530
18.87896,0.973102,0.142522,0.187313,0.138688,0.182274
18.88469,0.973086,0.142729,0.187054,0.138887,0.182019
18.89042,0.973070,0.142935,0.186795,0.139086,0.181764
18.89615,0.973054,0.143141,0.186536,0.139284,0.181509
18.90188,0.973037,0.143347,0.186277,0.139482,0.181255
18.90761,0.973021,0.143553,0.186018,0.139680,0.181000
18.91334,0.973005,0.143758,0.185760,0.139877,0.180745
18.91907,0.972989,0.143963,0.185501,0.140074,0.180491
18.92480,0.972973,0.144168,0.185243,0.140271,0.180237
18.93053,0.972956,0.144372,0.184985,0.140468,0.179982
18.93626,0.972940,0.144576,0.184727,0.140664,0.179728
18.94198,0.972924,0.144780,0.184469,0.140860,0.179474
18.94771,0.972908,0.144983,0.184211,0.141055,0.179221
18.95344,0.972891,0.145186,0.183954,0.141251,0.178967
18.95917,0.972875,0.145389,0.183696,0.141446,0.178713
18.96490,0.972859,0.145592,0.183439,0.141640,0.178460
18.97063,0.972843,0.145794,0.183181,0.141835,0.178207
18.97636,0.972826,0.145996,0.182924,0.142029,0.177953
18.98209,0.972810,0.146198,0.182667,0.142223,0.177700
18.98782,0.972794,0.146399,0.182410,0.142416,0.177447
18.99355,0.972778,0.146601,0.182153,0.142610,0.177195
18.99928,0.972761,0.146801,0.181897,0.142803,0.176942
19.00501,0.972745,0.147002,0.181640,0.142995,0.176689
19.01074,0.972729,0.147202,0.181384,0.143188,0.176437
19.01647,0.972712,0.147402,0.181127,0.143380,0.176185
19.02220,0.972696,0.147602,0.180871,0.143572,0.175933
19.02793,0.972680,0.147801,0.180615,0.143763,0.175681
19.03366,0.972664,0.148000,0.180359,0.143954,0.175429
19.03939,0.972647,0.148199,0.180103,0.144145,0.175177
19.04512,0.972631,0.148398,0.179847,0.144336,0.174925
19.05085,0.972615,0.148596,0.179592,0.144526,0.174674
19.05658,0.972598,0.148794,0.179336,0.144716,0.174422
19.06231,0.972582,0.148991,0.179081,0.144906,0.174171
19.06804,0.972566,0.149188,0.178826,0.145096,0.173920
19.07376,0.972549,0.149385,0.178571,0.145285,0.173669
19.07949,0.972533,0.149582,0.178316,0.145474,0.173418
19.08522,0.972517,0.149779,0.178061,0.145662,0.173167
19.09095,0.972500,0.149975,0.177806,0.145850,0.172916
19.09668,0.972484,0.150171,0.177551,0.146038,0.172666
19.10241,0.972468,0.150366,0.177297,0.146226,0.172416
19.10814,0.972451,0.150561,0.177043,0.146414,0.172165
19.11387,0.972435,0.150756,0.176788,0.146601,0.171915
19.11960,0.972418,0.150951,0.176534,0.146787,0.171665
19.12533,0.972402,0.151145,0.176280,0.146974,0.171415
19.13106,0.972386,0.151339,0.176026,0.147160,0.171166
19.13679,0.972369,0.151533,0.175773,0.147346,0.170916
19.14252,0.972353,0.151727,0.175519,0.147532,0.170666
19.14825,0.972337,0.151920,0.175265,0.147717,0.170417
19.15398,0.972320,0.152113,0.175012,0.147902,0.170168
19.15971,0.972304,0.152305,0.174759,0.148087,0.169919
19.16544,0.972287,0.152497,0.174506,0.148271,0.169670
19.17117,0.972271,0.152689,0.174253,0.148455,0.169421
19.17690,0.972254,0.152881,0.174000,0.148639,0.169172
19.18263,0.972238,0.153073,0.173747,0.148823,0.168923
19.18836,0.972222,0.153264,0.173494,0.149006,0.168675
19.19409,0.972205,0.153454,0.173242,0.149189,0.168427
19.19982,0.972189,0.153645,0.172990,0.149372,0.168178
19.20555,0.972172,0.153835,0.172737,0.149554,0.167930
19.21127,0.972156,0.154025,0.172485,0.149736,0.167682
19.21700,0.972139,0.154215,0.172233,0.149918,0.167435
19.22273,0.972123,0.154404,0.171981,0.150100,0.167187
19.22846,0.972106,0.154593,0.171729,0.150281,0.166939
19.23419,0.972090,0.154782,0.171478,0.150462,0.166692
19.23992,0.972073,0.154970,0.171226,0.150643,0.166445
19.24565,0.972057,0.155159,0.170975,0.150823,0.166197
19.25138,0.972041,0.155346,0.170724,0.151003,0.165950
19.25711,0.972024,0.155534,0.170472,0.151183,0.165703
19.26284,0.972008,0.155721,0.170221,0.151362,0.165457
19.26857,0.971991,0.155908,0.169971,0.151541,0.165210
19.27430,0.971975,0.156095,0.169720,0.151720,0.164963
19.28003,0.971958,0.156281,0.169469,0.151899,0.164717
19.28576,0.971942,0.156467,0.169219,0.152077,0.164471
19.29149,0.971925,0.156653,0.168968,0.152255,0.164224
19.29722,0.971908,0.156839,0.168718,0.152433,0.163978
19.30295,0.971892,0.157024,0.168468,0.152610,0.163732
19.30868,0.971875,0.157209,0.168218,0.152787,0.163487
19.31441,0.971859,0.157393,0.167968,0.152964,0.163241
19.32014,0.971842,0.157578,0.167718,0.153141,0.162996
19.32587,0.971826,0.157762,0.167468,0.153317,0.162750
19.33160,0.971809,0.157946,0.167219,0.153493,0.162505
19.33733,0.971793,0.158129,0.166970,0.153669,0.162260
19.34306,0.971776,0.158312,0.166720,0.153844,0.162015
19.34878,0.971760,0.158495,0.166471,0.154019,0.161770
19.35451,0.971743,0.158678,0.166222,0.154194,0.161525
19.36024,0.971726,0.158860,0.165973,0.154368,0.161281
19.36597,0.971710,0.159042,0.165724,0.154542,0.161036
19.37170,0.971693,0.159223,0.165476,0.154716,0.160792
19.37743,0.971677,0.159405,0.165227,0.154890,0.160547
19.38316,0.971660,0.159586,0.164979,0.155063,0.160303
19.38889,0.971644,0.159767,0.164731,0.155236,0.160059
19.39462,0.971627,0.159947,0.164482,0.155409,0.159816
19.40035,0.971610,0.160127,0.164234,0.155581,0.159572
19.40608,0.971594,0.160307,0.163987,0.155754,0.159328
19.41181,0.971577,0.160487,0.163739,0.155925,0.159085
19.41754,0.971560,0.160666,0.163491,0.156097,0.158842
19.42327,0.971544,0.160845,0.163244,0.156268,0.158598
19.42900,0.971527,0.161024,0.162996,0.156439,0.158355
19.43473,0.971511,0.161202,0.162749,0.156610,0.158112
19.44046,0.971494,0.161381,0.162502,0.156780,0.157870
19.44619,0.971477,0.161558,0.162255,0.156950,0.157627
19.45192,0.971461,0.161736,0.162008,0.157120,0.157384
19.45765,0.971444,0.161913,0.161761,0.157290,0.157142
19.46338,0.971427,0.162090,0.161515,0.157459,0.156900
19.46911,0.971411,0.162267,0.161268,0.157628,0.156658
19.47484,0.971394,0.162443,0.161022,0.157796,0.156416
19.48057,0.971377,0.162619,0.160775,0.157965,0.156174
19.48629,0.971361,0.162795,0.160529,0.158133,0.155932
19.49202,0.971344,0.162971,0.160283,0.158301,0.155690
19.49775,0.971327,0.163146,0.160037,0.158468,0.155449
19.50348,0.971311,0.163321,0.159792,0.158635,0.155207
19.50921,0.971294,0.163495,0.159546,0.158802,0.154966
19.51494,0.971277,0.163670,0.159301,0.158969,0.154725
19.52067,0.971260,0.163844,0.159055,0.159135,0.154484
19.52640,0.971244,0.164017,0.158810,0.159301,0.154243
19.53213,0.971227,0.164191,0.158565,0.159467,0.154003
19.53786,0.971210,0.164364,0.158320,0.159632,0.153762
19.54359,0.971194,0.164537,0.158075,0.159797,0.153522
19.54932,0.971177,0.164709,0.157830,0.159962,0.153281
19.55505,0.971160,0.164882,0.157586,0.160127,0.153041
19.56078,0.971143,0.165054,0.157341,0.160291,0.152801
19.56651,0.971127,0.165225,0.157097,0.160455,0.152561
19.57224,0.971110,0.165397,0.156853,0.160618,0.152321
19.57797,0.971093,0.165568,0.156609,0.160782,0.152082
19.58370,0.971076,0.165739,0.156365,0.160945,0.151842
19.58943,0.971060,0.165909,0.156121,0.161108,0.151603
19.59516,0.971043,0.166079,0.155877,0.161270,0.151363
19.60089,0.971026,0.166249,0.155634,0.161432,0.151124
19.60662,0.971009,0.166419,0.155390,0.161594,0.150885
19.61235,0.970993,0.166588,0.155147,0.161756,0.150646
19.61807,0.970976,0.166757,0.154904,0.161917,0.150408
19.62380,0.970959,0.166926,0.154661,0.162078,0.150169
19.62953,0.970942,0.167094,0.154418,0.162239,0.149931
19.63526,0.970925,0.167262,0.154175,0.162399,0.149692
19.64099,0.970909,0.167430,0.153932,0.162559,0.149454
19.64672,0.970892,0.167598,0.153690,0.162719,0.149216
19.65245,0.970875,0.167765,0.153447,0.162879,0.148978
19.65818,0.970858,0.167932,0.153205,0.163038,0.148740
19.66391,0.970841,0.168099,0.152963,0.163197,0.148503
19.66964,0.970825,0.168265,0.152721,0.163356,0.148265
19.67537,0.970808,0.168431,0.152479,0.163514,0.148028
19.68110,0.970791,0.168597,0.152237,0.163672,0.147790
19.68683,0.970774,0.168762,0.151995,0.163830,0.147553
19.69256,0.970757,0.168928,0.151754,0.163988,0.147316
19.69829,0.970740,0.169093,0.151512,0.164145,0.147079
19.70402,0.970723,0.169257,0.151271,0.164302,0.146842
19.70975,0.970707,0.169422,0.151030,0.164459,0.146606
19.71548,0.970690,0.169586,0.150789,0.164615,0.146369
19.72121,0.970673,0.169749,0.150548,0.164771,0.146133
19.72694,0.970656,0.169913,0.150307,0.164927,0.145897
19.73267,0.970639,0.170076,0.150067,0.165082,0.145661
19.73840,0.970622,0.170239,0.149826,0.165237,0.145425
19.74413,0.970605,0.170401,0.149586,0.165392,0.145189
19.74986,0.970588,0.170564,0.149346,0.165547,0.144953
19.75558,0.970572,0.170726,0.149105,0.165701,0.144718
19.76131,0.970555,0.170887,0.148866,0.165855,0.144482
19.76704,0.970538,0.171049,0.148626,0.166009,0.144247
19.77277,0.970521,0.171210,0.148386,0.166163,0.144012
19.77850,0.970504,0.171371,0.148146,0.166316,0.143777
19.78423,0.970487,0.171531,0.147907,0.166469,0.143542
19.78996,0.970470,0.171691,0.147668,0.166621,0.143307
19.79569,0.970453,0.171851,0.147428,0.166773,0.143072
19.80142,0.970436,0.172011,0.147189,0.166925,0.142838
19.80715,0.970419,0.172170,0.146950,0.167077,0.142603
19.81288,0.970402,0.172329,0.146711,0.167229,0.142369
19.81861,0.970385,0.172488,0.146473,0.167380,0.142135
19.82434,0.970368,0.172646,0.146234,0.167531,0.141901
19.83007,0.970351,0.172805,0.145996,0.167681,0.141667
19.83580,0.970334,0.172962,0.145757,0.167831,0.141433
19.84153,0.970318,0.173120,0.145519,0.167981,0.141200
19.84726,0.970301,0.173277,0.145281,0.168131,0.140966
19.85299,0.970284,0.173434,0.145043,0.168280,0.140733
19.85872,0.970267,0.173591,0.144806,0.168430,0.140500
19.86445,0.970250,0.173747,0.144568,0.168578,0.140267
19.87018,0.970233,0.173904,0.144330,0.168727,0.140034
19.87591,0.970216,0.174059,0.144093,0.168875,0.139801
19.88164,0.970199,0.174215,0.143856,0.169023,0.139569
19.88737,0.970182,0.174370,0.143619,0.169171,0.139336
19.89309,0.970165,0.174525,0.143382,0.169318,0.139104
19.89882,0.970148,0.174680,0.143145,0.169465,0.138871
19.90455,0.970131,0.174834,0.142908,0.169612,0.138639
19.91028,0.970114,0.174988,0.142671,0.169758,0.138407
19.91601,0.970096,0.175142,0.142435,0.169905,0.138176
19.92174,0.970079,0.175295,0.142198,0.170050,0.137944
19.92747,0.970062,0.175449,0.141962,0.170196,0.137712
19.93320,0.970045,0.175601,0.141726,0.170341,0.137481
19.93893,0.970028,0.175754,0.141490,0.170486,0.137249
19.94466,0.970011,0.175906,0.141254,0.170631,0.137018
19.95039,0.969994,0.176058,0.141019,0.170776,0.136787
19.95612,0.969977,0.176210,0.140783,0.170920,0.136556
19.96185,0.969960,0.176362,0.140548,0.171064,0.136326
19.96758,0.969943,0.176513,0.140312,0.171207,0.136095
19.97331,0.969926,0.176664,0.140077,0.171351,0.135864
19.97904,0.969909,0.176814,0.139842,0.171494,0.135634
19.98477,0.969892,0.176964,0.139607,0.171636,0.135404
19.99050,0.969875,0.177114,0.139372,0.171779,0.135174
19.99623,0.969858,0.177264,0.139138,0.171921,0.134944
20.00196,0.969840,0.177413,0.138903,0.172063,0.134714
20.00769,0.969823,0.177563,0.138669,0.172204,0.134484
20.01342,0.969806,0.177711,0.138435,0.172346,0.134255
20.01915,0.969789,0.177860,0.138200,0.172487,0.134025
20.02487,0.969772,0.178008,0.137966,0.172627,0.133796
20.03060,0.969755,0.178156,0.137732,0.172768,0.133567
20.03633,0.969738,0.178304,0.137499,0.172908,0.133338
20.04206,0.969721,0.178451,0.137265,0.173048,0.133109
20.04779,0.969703,0.178598,0.137032,0.173187,0.132880
20.05352,0.969686,0.178745,0.136798,0.173326,0.132651
20.05925,0.969669,0.178891,0.136565,0.173465,0.132423
20.06498,0.969652,0.179038,0.136332,0.173604,0.132195
20.07071,0.969635,0.179183,0.136099,0.173743,0.131966
20.07644,0.969618,0.179329,0.135866,0.173881,0.131738
20.08217,0.969601,0.179474,0.135634,0.174018,0.131510
20.08790,0.969583,0.179619,0.135401,0.174156,0.131283
20.09363,0.969566,0.179764,0.135169,0.174293,0.131055
20.09936,0.969549,0.179909,0.134936,0.174430,0.130827
20.10509,0.969532,0.180053,0.134704,0.174567,0.130600
20.11082,0.969515,0.180197,0.134472,0.174703,0.130373
20.11655,0.969497,0.180340,0.134240,0.174839,0.130145
20.12228,0.969480,0.180483,0.134008,0.174975,0.129918
20.12801,0.969463,0.180626,0.133777,0.175111,0.129692
20.13374,0.969446,0.180769,0.133545,0.175246,0.129465
20.13947,0.969429,0.180911,0.133314,0.175381,0.129238
20.14520,0.969411,0.181054,0.133083,0.175515,0.129012
20.15093,0.969394,0.181195,0.132851,0.175650,0.128785
20.15666,0.969377,0.181337,0.132620,0.175784,0.128559
20.16238,0.969360,0.181478,0.132390,0.175918,0.128333
20.16811,0.969343,0.181619,0.132159,0.176051,0.128107
20.17384,0.969325,0.181760,0.131928,0.176184,0.127881
20.17957,0.969308,0.181900,0.131698,0.176317,0.127656
20.18530,0.969291,0.182040,0.131467,0.176450,0.127430
20.19103,0.969274,0.182180,0.131237,0.176582,0.127205
20.19676,0.969256,0.182319,0.131007,0.176714,0.126980
20.20249,0.969239,0.182459,0.130777,0.176846,0.126754
20.20822,0.969222,0.182598,0.130548,0.176978,0.126529
20.21395,0.969204,0.182736,0.130318,0.177109,0.126305
20.21968,0.969187,0.182875,0.130088,0.177240,0.126080
20.22541,0.969170,0.183013,0.129859,0.177370,0.125855
20.23114,0.969153,0.183150,0.129630,0.177501,0.125631
20.23687,0.969135,0.183288,0.129401,0.177631,0.125407
20.24260,0.969118,0.183425,0.129172,0.177760,0.125182
20.24833,0.969101,0.183562,0.128943,0.177890,0.124958
20.25406,0.969083,0.183698,0.128714,0.178019,0.124735
20.25979,0.969066,0.183835,0.128485,0.178148,0.124511
20.26552,0.969049,0.183971,0.128257,0.178277,0.124287
20.27125,0.969031,0.184106,0.128028,0.178405,0.124064
20.27698,0.969014,0.184242,0.127800,0.178533,0.123840
20.28271,0.968997,0.184377,0.127572,0.178661,0.123617
20.28844,0.968979,0.184512,0.127344,0.178788,0.123394
20.29417,0.968962,0.184646,0.127116,0.178915,0.123171
20.29989,0.968945,0.184781,0.126889,0.179042,0.122948
20.30562,0.968927,0.184915,0.126661,0.179169,0.122726
20.31135,0.968910,0.185048,0.126434,0.179295,0.122503
20.31708,0.968893,0.185182,0.126207,0.179421,0.122281
20.32281,0.968875,0.185315,0.125979,0.179547,0.122058
20.32854,0.968858,0.185448,0.125752,0.179672,0.121836
20.33427,0.968841,0.185580,0.125525,0.179798,0.121614
20.34000,0.968823,0.185712,0.125299,0.179923,0.121392
20.34573,0.968806,0.185844,0.125072,0.180047,0.121171
20.35146,0.968788,0.185976,0.124846,0.180171,0.120949
20.35719,0.968771,0.186107,0.124619,0.180296,0.120728
20.36292,0.968754,0.186239,0.124393,0.180419,0.120506
20.36865,0.968736,0.186369,0.124167,0.180543,0.120285
20.37438,0.968719,0.186500,0.123941,0.180666,0.120064
20.38011,0.968701,0.186630,0.123715,0.180789,0.119843
20.38584,0.968684,0.186760,0.123490,0.180911,0.119622
20.39157,0.968667,0.186890,0.123264,0.181034,0.119402
20.39730,0.968649,0.187019,0.123039,0.181156,0.119181
20.40303,0.968632,0.187148,0.122813,0.181278,0.118961
20.40876,0.968614,0.187277,0.122588,0.181399,0.118741
20.41449,0.968597,0.187405,0.122363,0.181520,0.118521
20.42022,0.968579,0.187534,0.122138,0.181641,0.118301
20.42595,0.968562,0.187661,0.121913,0.181762,0.118081
20.43167,0.968545,0.187789,0.121689,0.181882,0.117861
20.43740,0.968527,0.187916,0.121464,0.182002,0.117642
20.44313,0.968510,0.188043,0.121240,0.182122,0.117422
20.44886,0.968492,0.188170,0.121016,0.182241,0.117203
20.45459,0.968475,0.188297,0.120792,0.182361,0.116984
20.46032,0.968457,0.188423,0.120568,0.182479,0.116765
20.46605,0.968440,0.188549,0.120344,0.182598,0.116546
20.47178,0.968422,0.188674,0.120120,0.182716,0.116327
20.47751,0.968405,0.188800,0.119897,0.182835,0.116109
20.48324,0.968387,0.188925,0.119673,0.182952,0.115890
20.48897,0.968370,0.189049,0.119450,0.183070,0.115672
20.49470,0.968352,0.189174,0.119227,0.183187,0.115454
20.50043,0.968335,0.189298,0.119004,0.183304,0.115236
20.50616,0.968317,0.189422,0.118781,0.183421,0.115018
20.51189,0.968300,0.189546,0.118558,0.183537,0.114800
20.51762,0.968282,0.189669,0.118336,0.183653,0.114582
20.52335,0.968265,0.189792,0.118113,0.183769,0.114365
20.52908,0.968247,0.189915,0.117891,0.183884,0.114147
20.53481,0.968230,0.190037,0.117669,0.183999,0.113930
20.54054,0.968212,0.190159,0.117447,0.184114,0.113713
20.54627,0.968195,0.190281,0.117225,0.184229,0.113496
20.55200,0.968177,0.190403,0.117003,0.184343,0.113279
20.55773,0.968159,0.190524,0.116781,0.184458,0.113063
20.56346,0.968142,0.190645,0.116560,0.184571,0.112846
20.56918,0.968124,0.190766,0.116338,0.184685,0.112630
20.57491,0.968107,0.190886,0.116117,0.184798,0.112414
20.58064,0.968089,0.191006,0.115896,0.184911,0.112197
20.58637,0.968072,0.191126,0.115675,0.185024,0.111981
20.59210,0.968054,0.191246,0.115454,0.185136,0.111766
20.59783,0.968036,0.191365,0.115233,0.185248,0.111550
20.60356,0.968019,0.191484,0.115013,0.185360,0.111334
20.60929,0.968001,0.191603,0.114792,0.185472,0.111119
20.61502,0.967984,0.191721,0.114572,0.185583,0.110904
20.62075,0.967966,0.191839,0.114352,0.185694,0.110688
20.62648,0.967948,0.191957,0.114132,0.185805,0.110473
20.63221,0.967931,0.192075,0.113912,0.185915,0.110259
20.63794,0.967913,0.192192,0.113692,0.186025,0.110044
20.64367,0.967896,0.192309,0.113472,0.186135,0.109829
20.64940,0.967878,0.192426,0.113253,0.186244,0.109615
20.65513,0.967860,0.192542,0.113033,0.186354,0.109400
20.66086,0.967843,0.192658,0.112814,0.186463,0.109186
20.66659,0.967825,0.192774,0.112595,0.186571,0.108972
20.67232,0.967807,0.192890,0.112376,0.186680,0.108758
20.67805,0.967790,0.193005,0.112157,0.186788,0.108544
20.68378,0.967772,0.193120,0.111938,0.186896,0.108331
20.68951,0.967754,0.193234,0.111720,0.187004,0.108117
20.69524,0.967737,0.193349,0.111501,0.187111,0.107904
20.70097,0.967719,0.193463,0.111283,0.187218,0.107691
20.70669,0.967701,0.193577,0.111065,0.187325,0.107478
20.71242,0.967684,0.193690,0.110847,0.187431,0.107265
20.71815,0.967666,0.193804,0.110629,0.187537,0.107052
20.72388,0.967648,0.193917,0.110411,0.187643,0.106839
20.72961,0.967631,0.194029,0.110194,0.187749,0.106627
20.73534,0.967613,0.194142,0.109976,0.187854,0.106414
20.74107,0.967595,0.194254,0.109759,0.187959,0.106202
20.74680,0.967577,0.194366,0.109541,0.188064,0.105990
20.75253,0.967560,0.194477,0.109324,0.188168,0.105778
20.75826,0.967542,0.194589,0.109107,0.188273,0.105566
20.76399,0.967524,0.194700,0.108891,0.188377,0.105354
20.76972,0.967507,0.194810,0.108674,0.188480,0.105143
20.77545,0.967489,0.194921,0.108457,0.188584,0.104931
20.78118,0.967471,0.195031,0.108241,0.188687,0.104720
20.78691,0.967453,0.195141,0.108025,0.188790,0.104509
20.79264,0.967436,0.195250,0.107809,0.188892,0.104298
20.79837,0.967418,0.195360,0.107593,0.188994,0.104087
20.80410,0.967400,0.195469,0.107377,0.189096,0.103876
20.80983,0.967382,0.195577,0.107161,0.189198,0.103666
20.81556,0.967365,0.195686,0.106945,0.189300,0.103455
20.82129,0.967347,0.195794,0.106730,0.189401,0.103245
20.82702,0.967329,0.195902,0.106515,0.189501,0.103035
20.83275,0.967311,0.196009,0.106299,0.189602,0.102825
20.83848,0.967294,0.196117,0.106084,0.189702,0.102615
20.84420,0.967276,0.196224,0.105869,0.189802,0.102405
20.84993,0.967258,0.196330,0.105655,0.189902,0.102195
20.85566,0.967240,0.196437,0.105440,0.190002,0.101986
20.86139,0.967222,0.196543,0.105225,0.190101,0.101776
20.86712,0.967205,0.196649,0.105011,0.190200,0.101567
20.87285,0.967187,0.196754,0.104797,0.190298,0.101358
20.87858,0.967169,0.196860,0.104583,0.190397,0.101149
20.88431,0.967151,0.196965,0.104369,0.190495,0.100940
20.89004,0.967133,0.197070,0.104155,0.190593,0.100732
20.89577,0.967115,0.197174,0.103941,0.190690,0.100523
20.90150,0.967098,0.197278,0.103728,0.190787,0.100315
20.90723,0.967080,0.197382,0.103514,0.190884,0.100106
20.91296,0.967062,0.197486,0.103301,0.190981,0.099898
20.91869,0.967044,0.197589,0.103088,0.191077,0.099690
20.92442,0.967026,0.197692,0.102875,0.191173,0.099483
20.93015,0.967008,0.197795,0.102662,0.191269,0.099275
20.93588,0.966990,0.197897,0.102449,0.191365,0.099067
20.94161,0.966973,0.198000,0.102236,0.191460,0.098860
20.94734,0.966955,0.198101,0.102024,0.191555,0.098653
20.95307,0.966937,0.198203,0.101812,0.191650,0.098445
20.95880,0.966919,0.198304,0.101599,0.191744,0.098238
20.96453,0.966901,0.198405,0.101387,0.191838,0.098032
20.97026,0.966883,0.198506,0.101175,0.191932,0.097825
20.97598,0.966865,0.198607,0.100964,0.192026,0.097618
20.98171,0.966847,0.198707,0.100752,0.192119,0.097412
20.98744,0.966829,0.198807,0.100540,0.192212,0.097205
20.99317,0.966812,0.198907,0.100329,0.192305,0.096999
20.99890,0.966794,0.199006,0.100118,0.192398,0.096793
21.00463,0.966776,0.199105,0.099907,0.192490,0.096587
21.01036,0.966758,0.199204,0.099696,0.192582,0.096382
21.01609,0.966740,0.199302,0.099485,0.192674,0.096176
21.02182,0.966722,0.199401,0.099274,0.192765,0.095971
21.02755,0.966704,0.199499,0.099064,0.192856,0.095765
21.03328,0.966686,0.199596,0.098853,0.192947,0.095560
21.03901,0.966668,0.199694,0.098643,0.193038,0.095355
21.04474,0.966650,0.199791,0.098433,0.193128,0.095150
21.05047,0.966632,0.199888,0.098223,0.193218,0.094945
21.05620,0.966614,0.199984,0.098013,0.193308,0.094741
21.06193,0.966596,0.200080,0.097803,0.193397,0.094536
21.06766,0.966578,0.200176,0.097593,0.193486,0.094332
21.07339,0.966560,0.200272,0.097384,0.193575,0.094127
21.07912,0.966542,0.200368,0.097175,0.193664,0.093923
21.08485,0.966524,0.200463,0.096965,0.193752,0.093719
21.09058,0.966506,0.200558,0.096756,0.193840,0.093516
21.09631,0.966488,0.200652,0.096547,0.193928,0.093312
21.10204,0.966470,0.200747,0.096339,0.194016,0.093108
21.10777,0.966452,0.200841,0.096130,0.194103,0.092905
21.11349,0.966434,0.200934,0.095921,0.194190,0.092702
21.11922,0.966416,0.201028,0.095713,0.194277,0.092499
21.12495,0.966398,0.201121,0.095505,0.194363,0.092296
21.13068,0.966380,0.201214,0.095297,0.194449,0.092093
21.13641,0.966362,0.201307,0.095089,0.194535,0.091890
21.14214,0.966344,0.201399,0.094881,0.194621,0.091688
21.14787,0.966326,0.201491,0.094673,0.194706,0.091485
21.15360,0.966308,0.201583,0.094466,0.194791,0.091283
21.15933,0.966290,0.201674,0.094258,0.194876,0.091081
21.16506,0.966272,0.201765,0.094051,0.194960,0.090879
21.17079,0.966254,0.201856,0.093844,0.195045,0.090677
21.17652,0.966236,0.201947,0.093637,0.195129,0.090475
21.18225,0.966218,0.202037,0.093430,0.195212,0.090274
21.18798,0.966200,0.202128,0.093223,0.195296,0.090072
21.19371,0.966182,0.202217,0.093017,0.195379,0.089871
21.19944,0.966164,0.202307,0.092810,0.195462,0.089670
21.20517,0.966146,0.202396,0.092604,0.195544,0.089469
21.21090,0.966128,0.202485,0.092398,0.195627,0.089268
21.21663,0.966109,0.202574,0.092192,0.195709,0.089067
21.22236,0.966091,0.202662,0.091986,0.195790,0.088867
21.22809,0.966073,0.202751,0.091780,0.195872,0.088666
21.23382,0.966055,0.202838,0.091574,0.195953,0.088466
21.23955,0.966037,0.202926,0.091369,0.196034,0.088266
21.24528,0.966019,0.203013,0.091163,0.196115,0.088065
21.25100,0.966001,0.203100,0.090958,0.196195,0.087866
21.25673,0.965983,0.203187,0.090753,0.196275,0.087666
21.26246,0.965965,0.203274,0.090548,0.196355,0.087466
21.26819,0.965946,0.203360,0.090343,0.196435,0.087267
21.27392,0.965928,0.203446,0.090139,0.196514,0.087067
21.27965,0.965910,0.203531,0.089934,0.196593,0.086868
21.28538,0.965892,0.203617,0.089730,0.196672,0.086669
21.29111,0.965874,0.203702,0.089525,0.196750,0.086470
21.29684,0.965856,0.203787,0.089321,0.196829,0.086271
21.30257,0.965837,0.203871,0.089117,0.196907,0.086073
21.30830,0.965819,0.203956,0.088913,0.196984,0.085874
21.31403,0.965801,0.204040,0.088710,0.197062,0.085676
21.31976,0.965783,0.204123,0.088506,0.197139,0.085478
21.32549,0.965765,0.204207,0.088303,0.197216,0.085280
21.33122,0.965747,0.204290,0.088099,0.197292,0.085082
21.33695,0.965728,0.204373,0.087896,0.197369,0.084884
21.34268,0.965710,0.204455,0.087693,0.197445,0.084686
21.34841,0.965692,0.204538,0.087490,0.197520,0.084489
21.35414,0.965674,0.204620,0.087287,0.197596,0.084291
21.35987,0.965656,0.204702,0.087085,0.197671,0.084094
21.36560,0.965637,0.204783,0.086882,0.197746,0.083897
21.37133,0.965619,0.204864,0.086680,0.197821,0.083700
21.37706,0.965601,0.204945,0.086478,0.197895,0.083503
21.38278,0.965583,0.205026,0.086276,0.197969,0.083306
21.38851,0.965564,0.205106,0.086074,0.198043,0.083110
21.39424,0.965546,0.205186,0.085872,0.198117,0.082913
21.39997,0.965528,0.205266,0.085670,0.198190,0.082717
21.40570,0.965510,0.205346,0.085469,0.198263,0.082521
21.41143,0.965491,0.205425,0.085267,0.198336,0.082325
21.41716,0.965473,0.205504,0.085066,0.198409,0.082129
21.42289,0.965455,0.205583,0.084865,0.198481,0.081933
21.42862,0.965437,0.205661,0.084664,0.198553,0.081738
21.43435,0.965418,0.205739,0.084463,0.198625,0.081542
21.44008,0.965400,0.205817,0.084263,0.198696,0.081347
21.44581,0.965382,0.205895,0.084062,0.198767,0.081152
21.45154,0.965364,0.205972,0.083862,0.198838,0.080957
21.45727,0.965345,0.206049,0.083661,0.198909,0.080762
21.46300,0.965327,0.206126,0.083461,0.198979,0.080567
21.46873,0.965309,0.206203,0.083261,0.199049,0.080373
21.47446,0.965290,0.206279,0.083061,0.199119,0.080178
21.48019,0.965272,0.206355,0.082862,0.199189,0.079984
21.48592,0.965254,0.206431,0.082662,0.199258,0.079790
21.49165,0.965235,0.206506,0.082463,0.199327,0.079596
21.49738,0.965217,0.206581,0.082263,0.199396,0.079402
21.50311,0.965199,0.206656,0.082064,0.199464,0.079208
21.50884,0.965181,0.206731,0.081865,0.199533,0.079015
21.51457,0.965162,0.206805,0.081666,0.199600,0.078821
21.52029,0.965144,0.206879,0.081467,0.199668,0.078628
21.52602,0.965126,0.206953,0.081269,0.199736,0.078435
21.53175,0.965107,0.207026,0.081070,0.199803,0.078242
21.53748,0.965089,0.207100,0.080872,0.199870,0.078049
21.54321,0.965070,0.207173,0.080674,0.199936,0.077856
21.54894,0.965052,0.207245,0.080476,0.200003,0.077663
21.55467,0.965034,0.207318,0.080278,0.200069,0.077471
21.56040,0.965015,0.207390,0.080080,0.200134,0.077278
21.56613,0.964997,0.207462,0.079882,0.200200,0.077086
21.57186,0.964979,0.207533,0.079685,0.200265,0.076894
21.57759,0.964960,0.207605,0.079488,0.200330,0.076702
21.58332,0.964942,0.207676,0.079290,0.200395,0.076511
21.58905,0.964923,0.207747,0.079093,0.200459,0.076319
21.59478,0.964905,0.207817,0.078896,0.200524,0.076127
21.60051,0.964887,0.207887,0.078699,0.200588,0.075936
21.60624,0.964868,0.207957,0.078503,0.200651,0.075745
21.61197,0.964850,0.208027,0.078306,0.200715,0.075554
21.61770,0.964831,0.208096,0.078110,0.200778,0.075363
21.62343,0.964813,0.208165,0.077914,0.200841,0.075172
21.62916,0.964795,0.208234,0.077717,0.200903,0.074981
21.63489,0.964776,0.208303,0.077521,0.200966,0.074791
21.64062,0.964758,0.208371,0.077326,0.201028,0.074600
21.64635,0.964739,0.208439,0.077130,0.201090,0.074410
21.65208,0.964721,0.208507,0.076934,0.201151,0.074220
21.65780,0.964702,0.208575,0.076739,0.201212,0.074030
21.66353,0.964684,0.208642,0.076544,0.201273,0.073840
21.66926,0.964665,0.208709,0.076348,0.201334,0.073651
21.67499,0.964647,0.208776,0.076153,0.201395,0.073461
21.68072,0.964628,0.208842,0.075958,0.201455,0.073272
21.68645,0.964610,0.208908,0.075764,0.201515,0.073082
21.69218,0.964592,0.208974,0.075569,0.201575,0.072893
21.69791,0.964573,0.209040,0.075375,0.201634,0.072704
21.70364,0.964555,0.209105,0.075180,0.201693,0.072515
21.70937,0.964536,0.209170,0.074986,0.201752,0.072327
21.71510,0.964518,0.209235,0.074792,0.201811,0.072138
21.72083,0.964499,0.209299,0.074598,0.201869,0.071950
21.72656,0.964481,0.209364,0.074404,0.201927,0.071762
21.73229,0.964462,0.209428,0.074211,0.201985,0.071573
21.73802,0.964444,0.209491,0.074017,0.202042,0.071385
21.74375,0.964425,0.209555,0.073824,0.202100,0.071198
21.74948,0.964406,0.209618,0.073631,0.202157,0.071010
21.75521,0.964388,0.209681,0.073438,0.202214,0.070822
21.76094,0.964369,0.209743,0.073245,0.202270,0.070635
21.76667,0.964351,0.209806,0.073052,0.202326,0.070448
21.77240,0.964332,0.209868,0.072859,0.202382,0.070260
21.77813,0.964314,0.209930,0.072667,0.202438,0.070073
21.78386,0.964295,0.209991,0.072474,0.202494,0.069887
21.78958,0.964277,0.210053,0.072282,0.202549,0.069700
21.79531,0.964258,0.210114,0.072090,0.202604,0.069513
21.80104,0.964240,0.210174,0.071898,0.202658,0.069327
21.80677,0.964221,0.210235,0.071706,0.202713,0.069140
21.81250,0.964202,0.210295,0.071514,0.202767,0.068954
21.81823,0.964184,0.210355,0.071323,0.202821,0.068768
21.82396,0.964165,0.210415,0.071131,0.202874,0.068582
21.82969,0.964147,0.210474,0.070940,0.202928,0.068397
21.83542,0.964128,0.210533,0.070749,0.202981,0.068211
21.84115,0.964109,0.210592,0.070558,0.203034,0.068026
21.84688,0.964091,0.210651,0.070367,0.203086,0.067840
21.85261,0.964072,0.210709,0.070176,0.203139,0.067655
21.85834,0.964054,0.210767,0.069986,0.203191,0.067470
21.86407,0.964035,0.210825,0.069795,0.203242,0.067285
21.86980,0.964016,0.210882,0.069605,0.203294,0.067100
21.87553,0.963998,0.210940,0.069415,0.203345,0.066916
21.88126,0.963979,0.210997,0.069225,0.203396,0.066731
21.88699,0.963960,0.211053,0.069035,0.203447,0.066547
21.89272,0.963942,0.211110,0.068845,0.203497,0.066363
21.89845,0.963923,0.211166,0.068656,0.203548,0.066179
21.90418,0.963905,0.211222,0.068466,0.203598,0.065995
21.90991,0.963886,0.211277,0.068277,0.203647,0.065811
21.91564,0.963867,0.211333,0.068088,0.203697,0.065627
21.92137,0.963849,0.211388,0.067899,0.203746,0.065444
21.92709,0.963830,0.211443,0.067710,0.203795,0.065261
21.93282,0.963811,0.211497,0.067521,0.203844,0.065077
21.93855,0.963793,0.211552,0.067332,0.203892,0.064894
21.94428,0.963774,0.211606,0.067144,0.203940,0.064711
21.95001,0.963755,0.211660,0.066955,0.203988,0.064529
21.95574,0.963736,0.211713,0.066767,0.204036,0.064346
21.96147,0.963718,0.211766,0.066579,0.204083,0.064163
21.96720,0.963699,0.211819,0.066391,0.204130,0.063981
21.97293,0.963680,0.211872,0.066203,0.204177,0.063799
21.97866,0.963662,0.211924,0.066016,0.204223,0.063617
21.98439,0.963643,0.211977,0.065828,0.204270,0.063435
21.99012,0.963624,0.212029,0.065641,0.204316,0.063253
21.99585,0.963605,0.212080,0.065453,0.204362,0.063071
22.00158,0.963587,0.212132,0.065266,0.204407,0.062890
22.00731,0.963568,0.212183,0.065079,0.204453,0.062708
22.01304,0.963549,0.212234,0.064893,0.204498,0.062527
22.01877,0.963531,0.212284,0.064706,0.204542,0.062346
22.02450,0.963512,0.212335,0.064519,0.204587,0.062165
22.03023,0.963493,0.212385,0.064333,0.204631,0.061984
22.03596,0.963474,0.212434,0.064147,0.204675,0.061804
22.04169,0.963456,0.212484,0.063960,0.204719,0.061623
22.04742,0.963437,0.212533,0.063774,0.204762,0.061443
22.05315,0.963418,0.212582,0.063589,0.204805,0.061262
22.05888,0.963399,0.212631,0.063403,0.204848,0.061082
22.06460,0.963380,0.212679,0.063217,0.204891,0.060902
22.07033,0.963362,0.212728,0.063032,0.204934,0.060722
22.07606,0.963343,0.212776,0.062847,0.204976,0.060543
22.08179,0.963324,0.212823,0.062661,0.205018,0.060363
22.08752,0.963305,0.212871,0.062476,0.205059,0.060184
22.09325,0.963286,0.212918,0.062292,0.205101,0.060005
22.09898,0.963268,0.212965,0.062107,0.205142,0.059825
22.10471,0.963249,0.213011,0.061922,0.205183,0.059646
22.11044,0.963230,0.213058,0.061738,0.205224,0.059468
22.11617,0.963211,0.213104,0.061553,0.205264,0.059289
22.12190,0.963192,0.213150,0.061369,0.205304,0.059110
22.12763,0.963174,0.213195,0.061185,0.205344,0.058932
22.13336,0.963155,0.213241,0.061001,0.205384,0.058754
22.13909,0.963136,0.213286,0.060817,0.205423,0.058575
22.14482,0.963117,0.213330,0.060634,0.205462,0.058397
22.15055,0.963098,0.213375,0.060450,0.205501,0.058220
22.15628,0.963079,0.213419,0.060267,0.205540,0.058042
22.16201,0.963060,0.213463,0.060084,0.205578,0.057864
22.16774,0.963042,0.213507,0.059901,0.205616,0.057687
22.17347,0.963023,0.213550,0.059718,0.205654,0.057510
22.17920,0.963004,0.213594,0.059535,0.205691,0.057332
22.18493,0.962985,0.213637,0.059352,0.205729,0.057155
22.19066,0.962966,0.213679,0.059170,0.205766,0.056978
22.19638,0.962947,0.213722,0.058987,0.205803,0.056802
22.20211,0.962928,0.213764,0.058805,0.205839,0.056625
22.20784,0.962909,0.213806,0.058623,0.205876,0.056449
22.21357,0.962891,0.213847,0.058441,0.205912,0.056272
22.21930,0.962872,0.213889,0.058259,0.205947,0.056096
22.22503,0.962853,0.213930,0.058078,0.205983,0.055920
22.23076,0.962834,0.213971,0.057896,0.206018,0.055744
22.23649,0.962815,0.214011,0.057715,0.206053,0.055569
22.24222,0.962796,0.214052,0.057533,0.206088,0.055393
22.24795,0.962777,0.214092,0.057352,0.206123,0.055217
22.25368,0.962758,0.214132,0.057171,0.206157,0.055042
22.25941,0.962739,0.214171,0.056990,0.206191,0.054867
22.26514,0.962720,0.214210,0.056810,0.206225,0.054692
22.27087,0.962701,0.214249,0.056629,0.206258,0.054517
22.27660,0.962682,0.214288,0.056449,0.206291,0.054342
22.28233,0.962663,0.214327,0.056268,0.206324,0.054168
22.28806,0.962644,0.214365,0.056088,0.206357,0.053993
22.29379,0.962625,0.214403,0.055908,0.206390,0.053819
22.29952,0.962606,0.214441,0.055728,0.206422,0.053645
22.30525,0.962587,0.214478,0.055549,0.206454,0.053470
22.31098,0.962569,0.214515,0.055369,0.206486,0.053297
22.31671,0.962550,0.214552,0.055190,0.206517,0.053123
22.32244,0.962531,0.214589,0.055010,0.206548,0.052949
22.32817,0.962512,0.214625,0.054831,0.206579,0.052776
22.33389,0.962493,0.214662,0.054652,0.206610,0.052602
22.33962,0.962474,0.214698,0.054473,0.206641,0.052429
22.34535,0.962455,0.214733,0.054294,0.206671,0.052256
22.35108,0.962436,0.214769,0.054116,0.206701,0.052083
22.35681,0.962417,0.214804,0.053937,0.206731,0.051910
22.36254,0.962397,0.214839,0.053759,0.206760,0.051738
22.36827,0.962378,0.214873,0.053581,0.206789,0.051565
22.37400,0.962359,0.214908,0.053403,0.206818,0.051393
22.37973,0.962340,0.214942,0.053225,0.206847,0.051220
22.38546,0.962321,0.214976,0.053047,0.206876,0.051048
22.39119,0.962302,0.215009,0.052869,0.206904,0.050876
22.39692,0.962283,0.215043,0.052692,0.206932,0.050705
22.40265,0.962264,0.215076,0.052515,0.206960,0.050533
22.40838,0.962245,0.215109,0.052337,0.206987,0.050361
22.41411,0.962226,0.215141,0.052160,0.207014,0.050190
22.41984,0.962207,0.215173,0.051983,0.207041,0.050019
22.42557,0.962188,0.215205,0.051807,0.207068,0.049848
22.43130,0.962169,0.215237,0.051630,0.207095,0.049677
22.43703,0.962150,0.215269,0.051453,0.207121,0.049506
22.44276,0.962131,0.215300,0.051277,0.207147,0.049335
22.44849,0.962112,0.215331,0.051101,0.207173,0.049165
22.45422,0.962093,0.215362,0.050925,0.207198,0.048994
22.45995,0.962073,0.215392,0.050749,0.207223,0.048824
22.46568,0.962054,0.215423,0.050573,0.207248,0.048654
22.47140,0.962035,0.215453,0.050397,0.207273,0.048484
22.47713,0.962016,0.215482,0.050222,0.207298,0.048314
22.48286,0.961997,0.215512,0.050046,0.207322,0.048144
22.48859,0.961978,0.215541,0.049871,0.207346,0.047975
22.49432,0.961959,0.215570,0.049696,0.207370,0.047805
22.50005,0.961940,0.215599,0.049521,0.207393,0.047636
22.50578,0.961920,0.215627,0.049346,0.207416,0.047467
22.51151,0.961901,0.215656,0.049171,0.207439,0.047298
22.51724,0.961882,0.215684,0.048997,0.207462,0.047129
22.52297,0.961863,0.215711,0.048822,0.207485,0.046960
22.52870,0.961844,0.215739,0.048648,0.207507,0.046792
22.53443,0.961825,0.215766,0.048474,0.207529,0.046623
22.54016,0.961806,0.215793,0.048300,0.207551,0.046455
22.54589,0.961786,0.215820,0.048126,0.207572,0.046287
22.55162,0.961767,0.215846,0.047952,0.207594,0.046119
22.55735,0.961748,0.215872,0.047779,0.207615,0.045951
22.56308,0.961729,0.215898,0.047605,0.207635,0.045783
22.56881,0.961710,0.215924,0.047432,0.207656,0.045616
22.57454,0.961690,0.215949,0.047259,0.207676,0.045448
22.58027,0.961671,0.215974,0.047086,0.207696,0.045281
22.58600,0.961652,0.215999,0.046913,0.207716,0.045114
22.59173,0.961633,0.216024,0.046740,0.207736,0.044947
22.59746,0.961614,0.216048,0.046567,0.207755,0.044780
22.60319,0.961594,0.216072,0.046395,0.207774,0.044613
22.60891,0.961575,0.216096,0.046222,0.207793,0.044446
22.61464,0.961556,0.216120,0.046050,0.207811,0.044280
22.62037,0.961537,0.216143,0.045878,0.207830,0.044114
22.62610,0.961518,0.216167,0.045706,0.207848,0.043947
22.63183,0.961498,0.216189,0.045534,0.207866,0.043781
22.63756,0.961479,0.216212,0.045363,0.207883,0.043615
22.64329,0.961460,0.216234,0.045191,0.207901,0.043450
22.64902,0.961441,0.216257,0.045020,0.207918,0.043284
22.65475,0.961421,0.216278,0.044849,0.207935,0.043119
22.66048,0.961402,0.216300,0.044678,0.207951,0.042953
22.66621,0.961383,0.216321,0.044507,0.207968,0.042788
22.67194,0.961363,0.216343,0.044336,0.207984,0.042623
22.67767,0.961344,0.216364,0.044165,0.208000,0.042458
22.68340,0.961325,0.216384,0.043995,0.208015,0.042293
22.68913,0.961306,0.216405,0.043824,0.208031,0.042129
22.69486,0.961286,0.216425,0.043654,0.208046,0.041964
22.70059,0.961267,0.216445,0.043484,0.208061,0.041800
22.70632,0.961248,0.216464,0.043314,0.208076,0.041635
22.71205,0.961228,0.216483,0.043144,0.208090,0.041471
22.71778,0.961209,0.216503,0.042974,0.208104,0.041307
22.72351,0.961190,0.216521,0.042805,0.208118,0.041144
22.72924,0.961171,0.216540,0.042635,0.208132,0.040980
22.73497,0.961151,0.216558,0.042466,0.208145,0.040816
22.74069,0.961132,0.216577,0.042297,0.208159,0.040653
22.74642,0.961113,0.216594,0.042128,0.208172,0.040490
22.75215,0.961093,0.216612,0.041959,0.208184,0.040327
22.75788,0.961074,0.216629,0.041790,0.208197,0.040164
22.76361,0.961055,0.216647,0.041622,0.208209,0.040001
22.76934,0.961035,0.216663,0.041453,0.208221,0.039838
22.77507,0.961016,0.216680,0.041285,0.208233,0.039676
22.78080,0.960996,0.216696,0.041117,0.208245,0.039513
22.78653,0.960977,0.216713,0.040949,0.208256,0.039351
22.79226,0.960958,0.216728,0.040781,0.208267,0.039189
22.79799,0.960938,0.216744,0.040613,0.208278,0.039027
22.80372,0.960919,0.216759,0.040446,0.208288,0.038865
22.80945,0.960900,0.216775,0.040278,0.208299,0.038703
22.81518,0.960880,0.216789,0.040111,0.208309,0.038542
22.82091,0.960861,0.216804,0.039944,0.208319,0.038380
22.82664,0.960841,0.216819,0.039777,0.208328,0.038219
22.83237,0.960822,0.216833,0.039610,0.208338,0.038058
22.83810,0.960803,0.216847,0.039443,0.208347,0.037897
22.84383,0.960783,0.216860,0.039276,0.208356,0.037736
22.84956,0.960764,0.216874,0.039110,0.208364,0.037575
22.85529,0.960744,0.216887,0.038944,0.208373,0.037415
22.86102,0.960725,0.216900,0.038777,0.208381,0.037254
22.86675,0.960706,0.216912,0.038611,0.208389,0.037094
22.87248,0.960686,0.216925,0.038445,0.208397,0.036934
22.87820,0.960667,0.216937,0.038280,0.208404,0.036774
22.88393,0.960647,0.216949,0.038114,0.208411,0.036614
22.88966,0.960628,0.216960,0.037948,0.208418,0.036454
22.89539,0.960608,0.216972,0.037783,0.208425,0.036295
22.90112,0.960589,0.216983,0.037618,0.208432,0.036135
22.90685,0.960569,0.216994,0.037453,0.208438,0.035976
22.91258,0.960550,0.217005,0.037288,0.208444,0.035817
22.91831,0.960530,0.217015,0.037123,0.208450,0.035658
22.92404,0.960511,0.217025,0.036958,0.208455,0.035499
22.92977,0.960492,0.217035,0.036794,0.208461,0.035340
22.93550,0.960472,0.217045,0.036629,0.208466,0.035181
22.94123,0.960453,0.217054,0.036465,0.208471,0.035023
22.94696,0.960433,0.217064,0.036301,0.208475,0.034865
22.95269,0.960414,0.217073,0.036137,0.208480,0.034706
22.95842,0.960394,0.217081,0.035973,0.208484,0.034548
22.96415,0.960375,0.217090,0.035809,0.208488,0.034390
22.96988,0.960355,0.217098,0.035646,0.208491,0.034233
22.97561,0.960336,0.217106,0.035482,0.208495,0.034075
22.98134,0.960316,0.217114,0.035319,0.208498,0.033917
22.98707,0.960297,0.217121,0.035156,0.208501,0.033760
22.99280,0.960277,0.217129,0.034993,0.208504,0.033603
22.99853,0.960257,0.217136,0.034830,0.208506,0.033446
23.00426,0.960238,0.217142,0.034667,0.208508,0.033289
23.00999,0.960218,0.217149,0.034505,0.208510,0.033132
23.01571,0.960199,0.217155,0.034342,0.208512,0.032975
23.02144,0.960179,0.217161,0.034180,0.208514,0.032819
23.02717,0.960160,0.217167,0.034018,0.208515,0.032663
23.03290,0.960140,0.217173,0.033856,0.208516,0.032506
23.03863,0.960121,0.217178,0.033694,0.208517,0.032350
23.04436,0.960101,0.217183,0.033532,0.208518,0.032194
23.05009,0.960081,0.217188,0.033370,0.208518,0.032038
23.05582,0.960062,0.217192,0.033209,0.208518,0.031883
23.06155,0.960042,0.217197,0.033048,0.208518,0.031727
23.06728,0.960023,0.217201,0.032886,0.208518,0.031572
23.07301,0.960003,0.217205,0.032725,0.208517,0.031416
23.07874,0.959984,0.217208,0.032564,0.208516,0.031261
23.08447,0.959964,0.217212,0.032404,0.208515,0.031106
23.09020,0.959944,0.217215,0.032243,0.208514,0.030952
23.09593,0.959925,0.217218,0.032083,0.208513,0.030797
23.10166,0.959905,0.217220,0.031922,0.208511,0.030642
23.10739,0.959885,0.217223,0.031762,0.208509,0.030488
23.11312,0.959866,0.217225,0.031602,0.208507,0.030334
23.11885,0.959846,0.217227,0.031442,0.208504,0.030179
23.12458,0.959827,0.217229,0.031282,0.208502,0.030025
23.13031,0.959807,0.217230,0.031122,0.208499,0.029871
23.13604,0.959787,0.217231,0.030963,0.208496,0.029718
23.14177,0.959768,0.217232,0.030803,0.208492,0.029564
23.14749,0.959748,0.217233,0.030644,0.208489,0.029411
23.15322,0.959728,0.217233,0.030485,0.208485,0.029257
23.15895,0.959709,0.217234,0.030326,0.208481,0.029104
23.16468,0.959689,0.217234,0.030167,0.208477,0.028951
23.17041,0.959669,0.217233,0.030009,0.208472,0.028798
23.17614,0.959650,0.217233,0.029850,0.208467,0.028646
23.18187,0.959630,0.217232,0.029692,0.208463,0.028493
23.18760,0.959610,0.217231,0.029533,0.208457,0.028340
23.19333,0.959591,0.217230,0.029375,0.208452,0.028188
23.19906,0.959571,0.217229,0.029217,0.208446,0.028036
23.20479,0.959551,0.217227,0.029059,0.208440,0.027884
23.21052,0.959531,0.217225,0.028902,0.208434,0.027732
23.21625,0.959512,0.217223,0.028744,0.208428,0.027580
23.22198,0.959492,0.217221,0.028586,0.208421,0.027429
23.22771,0.959472,0.217218,0.028429,0.208415,0.027277
23.23344,0.959453,0.217215,0.028272,0.208408,0.027126
23.23917,0.959433,0.217212,0.028115,0.208400,0.026974
23.24490,0.959413,0.217209,0.027958,0.208393,0.026823
23.25063,0.959393,0.217205,0.027801,0.208385,0.026672
23.25636,0.959374,0.217201,0.027645,0.208377,0.026522
23.26209,0.959354,0.217197,0.027488,0.208369,0.026371
23.26782,0.959334,0.217193,0.027332,0.208361,0.026220
23.27355,0.959314,0.217188,0.027176,0.208352,0.026070
23.27928,0.959295,0.217184,0.027020,0.208343,0.025920
23.28500,0.959275,0.217179,0.026864,0.208334,0.025770
23.29073,0.959255,0.217173,0.026708,0.208325,0.025620
23.29646,0.959235,0.217168,0.026552,0.208315,0.025470
23.30219,0.959216,0.217162,0.026397,0.208305,0.025320
23.30792,0.959196,0.217156,0.026241,0.208295,0.025171
23.31365,0.959176,0.217150,0.026086,0.208285,0.025021
23.31938,0.959156,0.217144,0.025931,0.208275,0.024872
23.32511,0.959136,0.217137,0.025776,0.208264,0.024723
23.33084,0.959117,0.217130,0.025621,0.208253,0.024574
23.33657,0.959097,0.217123,0.025467,0.208242,0.024425
23.34230,0.959077,0.217116,0.025312,0.208231,0.024276
23.34803,0.959057,0.217108,0.025158,0.208219,0.024128
23.35376,0.959037,0.217100,0.025003,0.208207,0.023979
23.35949,0.959018,0.217092,0.024849,0.208195,0.023831
23.36522,0.958998,0.217084,0.024695,0.208183,0.023683
23.37095,0.958978,0.217075,0.024541,0.208170,0.023535
23.37668,0.958958,0.217067,0.024388,0.208158,0.023387
23.38241,0.958938,0.217058,0.024234,0.208145,0.023239
23.38814,0.958918,0.217048,0.024081,0.208132,0.023091
23.39387,0.958899,0.217039,0.023927,0.208118,0.022944
23.39960,0.958879,0.217029,0.023774,0.208105,0.022797
23.40533,0.958859,0.217019,0.023621,0.208091,0.022649
23.41106,0.958839,0.217009,0.023468,0.208077,0.022502
23.41679,0.958819,0.216999,0.023316,0.208063,0.022355
23.42251,0.958799,0.216988,0.023163,0.208048,0.022209
23.42824,0.958779,0.216977,0.023011,0.208033,0.022062
23.43397,0.958759,0.216966,0.022858,0.208018,0.021916
23.43970,0.958740,0.216955,0.022706,0.208003,0.021769
23.44543,0.958720,0.216943,0.022554,0.207988,0.021623
23.45116,0.958700,0.216931,0.022402,0.207972,0.021477
23.45689,0.958680,0.216919,0.022250,0.207956,0.021331
23.46262,0.958660,0.216907,0.022099,0.207940,0.021185
23.46835,0.958640,0.216895,0.021947,0.207924,0.021039
23.47408,0.958620,0.216882,0.021796,0.207907,0.020894
23.47981,0.958600,0.216869,0.021645,0.207891,0.020748
23.48554,0.958580,0.216856,0.021493,0.207874,0.020603
23.49127,0.958560,0.216842,0.021343,0.207857,0.020458
23.49700,0.958540,0.216829,0.021192,0.207839,0.020313
23.50273,0.958521,0.216815,0.021041,0.207821,0.020168
23.50846,0.958501,0.216801,0.020891,0.207804,0.020024
23.51419,0.958481,0.216786,0.020740,0.207786,0.019879
23.51992,0.958461,0.216772,0.020590,0.207767,0.019735
23.52565,0.958441,0.216757,0.020440,0.207749,0.019590
23.53138,0.958421,0.216742,0.020290,0.207730,0.019446
23.53711,0.958401,0.216727,0.020140,0.207711,0.019302
23.54284,0.958381,0.216711,0.019990,0.207692,0.019158
23.54857,0.958361,0.216696,0.019841,0.207673,0.019015
23.55429,0.958341,0.216680,0.019691,0.207653,0.018871
23.56002,0.958321,0.216663,0.019542,0.207633,0.018727
23.56575,0.958301,0.216647,0.019393,0.207613,0.018584
23.57148,0.958281,0.216630,0.019244,0.207593,0.018441
23.57721,0.958261,0.216613,0.019095,0.207572,0.018298
23.58294,0.958241,0.216596,0.018946,0.207551,0.018155
23.58867,0.958221,0.216579,0.018798,0.207531,0.018012
23.59440,0.958201,0.216561,0.018649,0.207509,0.017870
23.60013,0.958181,0.216544,0.018501,0.207488,0.017727
23.60586,0.958161,0.216526,0.018353,0.207466,0.017585
23.61159,0.958141,0.216507,0.018205,0.207445,0.017443
23.61732,0.958121,0.216489,0.018057,0.207423,0.017300
23.62305,0.958101,0.216470,0.017909,0.207400,0.017159
23.62878,0.958081,0.216451,0.017761,0.207378,0.017017
23.63451,0.958061,0.216432,0.017614,0.207355,0.016875
23.64024,0.958041,0.216413,0.017466,0.207332,0.016734
23.64597,0.958021,0.216393,0.017319,0.207309,0.016592
23.65170,0.958001,0.216373,0.017172,0.207286,0.016451
23.65743,0.957981,0.216353,0.017025,0.207262,0.016310
23.66316,0.957960,0.216333,0.016878,0.207238,0.016169
23.66889,0.957940,0.216312,0.016732,0.207214,0.016028
23.67462,0.957920,0.216292,0.016585,0.207190,0.015887
23.68035,0.957900,0.216271,0.016439,0.207166,0.015747
23.68608,0.957880,0.216250,0.016293,0.207141,0.015606
23.69180,0.957860,0.216228,0.016146,0.207116,0.015466
23.69753,0.957840,0.216207,0.016000,0.207091,0.015326
23.70326,0.957820,0.216185,0.015855,0.207066,0.015186
23.70899,0.957800,0.216163,0.015709,0.207040,0.015046
23.71472,0.957780,0.216140,0.015563,0.207015,0.014906
23.72045,0.957760,0.216118,0.015418,0.206989,0.014767
23.72618,0.957739,0.216095,0.015273,0.206963,0.014627
23.73191,0.957719,0.216072,0.015127,0.206936,0.014488
23.73764,0.957699,0.216049,0.014982,0.206910,0.014349
23.74337,0.957679,0.216025,0.014838,0.206883,0.014210
23.74910,0.957659,0.216002,0.014693,0.206856,0.014071
23.75483,0.957639,0.215978,0.014548,0.206829,0.013932
23.76056,0.957619,0.215954,0.014404,0.206801,0.013793
23.76629,0.957598,0.215929,0.014259,0.206773,0.013655
23.77202,0.957578,0.215905,0.014115,0.206746,0.013516
23.77775,0.957558,0.215880,0.013971,0.206718,0.013378
23.78348,0.957538,0.215855,0.013827,0.206689,0.013240
23.78921,0.957518,0.215830,0.013683,0.206661,0.013102
23.79494,0.957498,0.215804,0.013540,0.206632,0.012964
23.80067,0.957477,0.215778,0.013396,0.206603,0.012827
23.80640,0.957457,0.215753,0.013253,0.206574,0.012689
23.81213,0.957437,0.215726,0.013110,0.206544,0.012552
23.81786,0.957417,0.215700,0.012967,0.206515,0.012414
23.82359,0.957397,0.215673,0.012824,0.206485,0.012277
23.82931,0.957377,0.215647,0.012681,0.206455,0.012140
23.83504,0.957356,0.215620,0.012538,0.206425,0.012004
23.84077,0.957336,0.215592,0.012396,0.206394,0.011867
23.84650,0.957316,0.215565,0.012253,0.206364,0.011730
23.85223,0.957296,0.215537,0.012111,0.206333,0.011594
23.85796,0.957275,0.215509,0.011969,0.206302,0.011457
23.86369,0.957255,0.215481,0.011827,0.206271,0.011321
23.86942,0.957235,0.215453,0.011685,0.206239,0.011185
23.87515,0.957215,0.215424,0.011543,0.206207,0.011049
23.88088,0.957195,0.215396,0.011402,0.206175,0.010914
23.88661,0.957174,0.215367,0.011260,0.206143,0.010778
23.89234,0.957154,0.215337,0.011119,0.206111,0.010643
23.89807,0.957134,0.215308,0.010978,0.206078,0.010507
23.90380,0.957114,0.215278,0.010837,0.206046,0.010372
23.90953,0.957093,0.215248,0.010696,0.206013,0.010237
23.91526,0.957073,0.215218,0.010555,0.205979,0.010102
23.92099,0.957053,0.215188,0.010414,0.205946,0.009967
23.92672,0.957032,0.215157,0.010274,0.205912,0.009832
23.93245,0.957012,0.215126,0.010134,0.205879,0.009698
23.93818,0.956992,0.215096,0.009993,0.205845,0.009564
23.94391,0.956972,0.215064,0.009853,0.205810,0.009429
23.94964,0.956951,0.215033,0.009713,0.205776,0.009295
23.95537,0.956931,0.215001,0.009574,0.205741,0.009161
23.96109,0.956911,0.214969,0.009434,0.205706,0.009027
23.96682,0.956890,0.214937,0.009294,0.205671,0.008894
23.97255,0.956870,0.214905,0.009155,0.205636,0.008760
23.97828,0.956850,0.214872,0.009016,0.205601,0.008627
23.98401,0.956829,0.214840,0.008877,0.205565,0.008493
23.98974,0.956809,0.214807,0.008738,0.205529,0.008360
23.99547,0.956789,0.214774,0.008599,0.205493,0.008227
24.00120,0.956768,0.214740,0.008460,0.205457,0.008094
24.00693,0.956748,0.214707,0.008321,0.205420,0.007962
24.01266,0.956728,0.214673,0.008183,0.205383,0.007829
24.01839,0.956707,0.214639,0.008045,0.205346,0.007696
24.02412,0.956687,0.214604,0.007907,0.205309,0.007564
24.02985,0.956667,0.214570,0.007769,0.205272,0.007432
24.03558,0.956646,0.214535,0.007631,0.205234,0.007300
24.04131,0.956626,0.214500,0.007493,0.205197,0.007168
24.04704,0.956606,0.214465,0.007355,0.205159,0.007036
24.05277,0.956585,0.214430,0.007218,0.205120,0.006904
24.05850,0.956565,0.214394,0.007080,0.205082,0.006773
24.06423,0.956544,0.214359,0.006943,0.205043,0.006641
24.06996,0.956524,0.214323,0.006806,0.205005,0.006510
24.07569,0.956504,0.214286,0.006669,0.204966,0.006379
24.08142,0.956483,0.214250,0.006532,0.204926,0.006248
24.08715,0.956463,0.214213,0.006396,0.204887,0.006117
24.09288,0.956442,0.214176,0.006259,0.204847,0.005987
24.09860,0.956422,0.214139,0.006123,0.204808,0.005856
24.10433,0.956402,0.214102,0.005987,0.204768,0.005726
24.11006,0.956381,0.214065,0.005850,0.204727,0.005595
24.11579,0.956361,0.214027,0.005714,0.204687,0.005465
24.12152,0.956340,0.213989,0.005579,0.204646,0.005335
24.12725,0.956320,0.213951,0.005443,0.204605,0.005205
24.13298,0.956299,0.213912,0.005307,0.204564,0.005075
24.13871,0.956279,0.213874,0.005172,0.204523,0.004946
24.14444,0.956259,0.213835,0.005037,0.204482,0.004816
24.15017,0.956238,0.213796,0.004901,0.204440,0.004687
24.15590,0.956218,0.213757,0.004766,0.204398,0.004558
24.16163,0.956197,0.213718,0.004632,0.204356,0.004429
24.16736,0.956177,0.213678,0.004497,0.204314,0.004300
24.17309,0.956156,0.213638,0.004362,0.204271,0.004171
24.17882,0.956136,0.213598,0.004228,0.204229,0.004042
24.18455,0.956115,0.213558,0.004093,0.204186,0.003914
24.19028,0.956095,0.213517,0.003959,0.204143,0.003785
24.19601,0.956074,0.213477,0.003825,0.204099,0.003657
24.20174,0.956054,0.213436,0.003691,0.204056,0.003529
24.20747,0.956033,0.213395,0.003557,0.204012,0.003401
24.21320,0.956013,0.213353,0.003424,0.203968,0.003273
24.21893,0.955992,0.213312,0.003290,0.203924,0.003145
24.22466,0.955972,0.213270,0.003157,0.203880,0.003018
24.23039,0.955951,0.213228,0.003023,0.203836,0.002890
24.23611,0.955931,0.213186,0.002890,0.203791,0.002763
24.24184,0.955910,0.213143,0.002757,0.203746,0.002636
24.24757,0.955890,0.213101,0.002624,0.203701,0.002509
24.25330,0.955869,0.213058,0.002492,0.203656,0.002382
24.25903,0.955849,0.213015,0.002359,0.203610,0.002255
24.26476,0.955828,0.212972,0.002227,0.203564,0.002128
24.27049,0.955808,0.212928,0.002094,0.203519,0.002002
24.27622,0.955787,0.212885,0.001962,0.203472,0.001875
24.28195,0.955766,0.212841,0.001830,0.203426,0.001749
24.28768,0.955746,0.212797,0.001698,0.203380,0.001623
24.29341,0.955725,0.212753,0.001566,0.203333,0.001497
24.29914,0.955705,0.212708,0.001435,0.203286,0.001371
24.30487,0.955684,0.212663,0.001303,0.203239,0.001246
24.31060,0.955664,0.212618,0.001172,0.203192,0.001120
24.31633,0.955643,0.212573,0.001041,0.203144,0.000995
24.32206,0.955622,0.212528,0.000910,0.203097,0.000869
24.32779,0.955602,0.212483,0.000779,0.203049,0.000744
24.33352,0.955581,0.212437,0.000648,0.203001,0.000619
24.33925,0.955561,0.212391,0.000517,0.202952,0.000494
24.34498,0.955540,0.212345,0.000387,0.202904,0.000369
24.35071,0.955519,0.212298,0.000256,0.202855,0.000245
24.35644,0.955499,0.212252,0.000126,0.202806,0.000120
24.36217,0.955478,0.212205,0.000004,0.202757,0.000004
24.36790,0.955457,0.212158,0.000134,0.202708,0.000128
24.37362,0.955437,0.212111,0.000264,0.202659,0.000252
24.37935,0.955416,0.212064,0.000394,0.202609,0.000376
24.38508,0.955396,0.212016,0.000523,0.202559,0.000500
24.39081,0.955375,0.211968,0.000653,0.202509,0.000624
24.39654,0.955354,0.211920,0.000782,0.202459,0.000747
24.40227,0.955334,0.211872,0.000912,0.202408,0.000871
24.40800,0.955313,0.211823,0.001041,0.202358,0.000994
24.41373,0.955292,0.211775,0.001170,0.202307,0.001117
24.41946,0.955272,0.211726,0.001298,0.202256,0.001240
24.42519,0.955251,0.211677,0.001427,0.202205,0.001363
24.43092,0.955230,0.211628,0.001555,0.202153,0.001486
24.43665,0.955210,0.211578,0.001684,0.202102,0.001608
24.44238,0.955189,0.211529,0.001812,0.202050,0.001731
24.44811,0.955168,0.211479,0.001940,0.201998,0.001853
24.45384,0.955148,0.211429,0.002068,0.201946,0.001975
24.45957,0.955127,0.211378,0.002196,0.201893,0.002098
24.46530,0.955106,0.211328,0.002324,0.201841,0.002220
24.47103,0.955085,0.211277,0.002451,0.201788,0.002341
24.47676,0.955065,0.211226,0.002579,0.201735,0.002463
24.48249,0.955044,0.211175,0.002706,0.201682,0.002585
24.48822,0.955023,0.211124,0.002833,0.201628,0.002706
24.49395,0.955003,0.211073,0.002960,0.201575,0.002827
24.49968,0.954982,0.211021,0.003087,0.201521,0.002948
24.50540,0.954961,0.210969,0.003214,0.201467,0.003069
24.51113,0.954940,0.210917,0.003341,0.201413,0.003190
24.51686,0.954920,0.210865,0.003467,0.201359,0.003311
24.52259,0.954899,0.210812,0.003594,0.201304,0.003432
24.52832,0.954878,0.210759,0.003720,0.201250,0.003552
24.53405,0.954857,0.210707,0.003846,0.201195,0.003672
24.53978,0.954837,0.210653,0.003972,0.201140,0.003793
24.54551,0.954816,0.210600,0.004098,0.201084,0.003913
24.55124,0.954795,0.210547,0.004223,0.201029,0.004033
24.55697,0.954774,0.210493,0.004349,0.200973,0.004152
24.56270,0.954753,0.210439,0.004474,0.200917,0.004272
24.56843,0.954733,0.210385,0.004600,0.200861,0.004392
24.57416,0.954712,0.210331,0.004725,0.200805,0.004511
24.57989,0.954691,0.210276,0.004850,0.200749,0.004630
24.58562,0.954670,0.210221,0.004975,0.200692,0.004749
24.59135,0.954649,0.210166,0.005100,0.200635,0.004868
24.59708,0.954629,0.210111,0.005224,0.200578,0.004987
24.60281,0.954608,0.210056,0.005349,0.200521,0.005106
24.60854,0.954587,0.210001,0.005473,0.200464,0.005225
24.61427,0.954566,0.209945,0.005597,0.200406,0.005343
24.62000,0.954545,0.209889,0.005721,0.200348,0.005461
24.62573,0.954525,0.209833,0.005845,0.200291,0.005580
24.63146,0.954504,0.209776,0.005969,0.200232,0.005698
24.63719,0.954483,0.209720,0.006093,0.200174,0.005816
24.64291,0.954462,0.209663,0.006216,0.200116,0.005933
24.64864,0.954441,0.209606,0.006340,0.200057,0.006051
24.65437,0.954420,0.209549,0.006463,0.199998,0.006169
24.66010,0.954399,0.209492,0.006586,0.199939,0.006286
24.66583,0.954379,0.209434,0.006709,0.199880,0.006403
24.67156,0.954358,0.209377,0.006832,0.199820,0.006520
24.67729,0.954337,0.209319,0.006955,0.199761,0.006637
24.68302,0.954316,0.209261,0.007078,0.199701,0.006754
24.68875,0.954295,0.209202,0.007200,0.199641,0.006871
24.69448,0.954274,0.209144,0.007322,0.199581,0.006988
24.70021,0.954253,0.209085,0.007445,0.199520,0.007104
24.70594,0.954232,0.209026,0.007567,0.199460,0.007220
24.71167,0.954212,0.208967,0.007689,0.199399,0.007337
24.71740,0.954191,0.208908,0.007810,0.199338,0.007453
24.72313,0.954170,0.208848,0.007932,0.199277,0.007569
24.72886,0.954149,0.208789,0.008054,0.199216,0.007684
24.73459,0.954128,0.208729,0.008175,0.199154,0.007800
24.74032,0.954107,0.208669,0.008296,0.199092,0.007916
24.74605,0.954086,0.208609,0.008418,0.199031,0.008031
24.75178,0.954065,0.208548,0.008539,0.198969,0.008146
24.75751,0.954044,0.208488,0.008659,0.198906,0.008262
24.76324,0.954023,0.208427,0.008780,0.198844,0.008377
24.76897,0.954002,0.208366,0.008901,0.198781,0.008491
24.77470,0.953981,0.208304,0.009021,0.198719,0.008606
24.78042,0.953960,0.208243,0.009142,0.198656,0.008721
24.78615,0.953939,0.208181,0.009262,0.198592,0.008835
24.79188,0.953918,0.208120,0.009382,0.198529,0.008950
24.79761,0.953897,0.208058,0.009502,0.198466,0.009064
24.80334,0.953877,0.207995,0.009622,0.198402,0.009178
24.80907,0.953856,0.207933,0.009741,0.198338,0.009292
24.81480,0.953835,0.207870,0.009861,0.198274,0.009406
24.82053,0.953814,0.207808,0.009980,0.198210,0.009519
24.82626,0.953793,0.207745,0.010100,0.198145,0.009633
24.83199,0.953772,0.207681,0.010219,0.198081,0.009746
24.83772,0.953751,0.207618,0.010338,0.198016,0.009860
24.84345,0.953730,0.207554,0.010457,0.197951,0.009973
24.84918,0.953709,0.207491,0.010576,0.197886,0.010086
24.85491,0.953688,0.207427,0.010694,0.197820,0.010199
24.86064,0.953667,0.207363,0.010813,0.197755,0.010312
24.86637,0.953645,0.207298,0.010931,0.197689,0.010424
24.87210,0.953624,0.207234,0.011049,0.197623,0.010537
24.87783,0.953603,0.207169,0.011167,0.197557,0.010649
24.88356,0.953582,0.207104,0.011285,0.197491,0.010761
24.88929,0.953561,0.207039,0.011403,0.197424,0.010874
24.89502,0.953540,0.206974,0.011521,0.197358,0.010986
24.90075,0.953519,0.206908,0.011638,0.197291,0.011097
24.90648,0.953498,0.206843,0.011756,0.197224,0.011209
24.91220,0.953477,0.206777,0.011873,0.197157,0.011321
24.91793,0.953456,0.206711,0.011990,0.197090,0.011432
24.92366,0.953435,0.206644,0.012107,0.197022,0.011543
24.92939,0.953414,0.206578,0.012224,0.196954,0.011655
24.93512,0.953393,0.206511,0.012341,0.196886,0.011766
24.94085,0.953372,0.206445,0.012458,0.196818,0.011877
24.94658,0.953351,0.206378,0.012574,0.196750,0.011987
24.95231,0.953330,0.206310,0.012690,0.196682,0.012098
24.95804,0.953309,0.206243,0.012807,0.196613,0.012209
24.96377,0.953287,0.206175,0.012923,0.196544,0.012319
24.96950,0.953266,0.206108,0.013039,0.196475,0.012429
24.97523,0.953245,0.206040,0.013155,0.196406,0.012540
24.98096,0.953224,0.205972,0.013270,0.196337,0.012650
24.98669,0.953203,0.205903,0.013386,0.196268,0.012759
24.99242,0.953182,0.205835,0.013501,0.196198,0.012869
24.99815,0.953161,0.205766,0.013617,0.196128,0.012979
25.00388,0.953140,0.205697,0.013732,0.196058,0.013088
25.00961,0.953118,0.205628,0.013847,0.195988,0.013198
25.01534,0.953097,0.205559,0.013962,0.195918,0.013307
25.02107,0.953076,0.205489,0.014077,0.195847,0.013416
25.02680,0.953055,0.205420,0.014191,0.195776,0.013525
25.03253,0.953034,0.205350,0.014306,0.195705,0.013634
25.03826,0.953013,0.205280,0.014420,0.195634,0.013743
25.04399,0.952992,0.205210,0.014534,0.195563,0.013851
25.04971,0.952970,0.205139,0.014649,0.195492,0.013960
25.05544,0.952949,0.205069,0.014763,0.195420,0.014068
25.06117,0.952928,0.204998,0.014876,0.195348,0.014176
25.06690,0.952907,0.204927,0.014990,0.195276,0.014284
25.07263,0.952886,0.204856,0.015104,0.195204,0.014392
25.07836,0.952864,0.204785,0.015217,0.195132,0.014500
25.08409,0.952843,0.204713,0.015331,0.195059,0.014608
25.08982,0.952822,0.204641,0.015444,0.194987,0.014715
25.09555,0.952801,0.204570,0.015557,0.194914,0.014823
25.10128,0.952780,0.204497,0.015670,0.194841,0.014930
25.10701,0.952758,0.204425,0.015783,0.194768,0.015037
25.11274,0.952737,0.204353,0.015895,0.194695,0.015144
25.11847,0.952716,0.204280,0.016008,0.194621,0.015251
25.12420,0.952695,0.204207,0.016120,0.194547,0.015358
25.12993,0.952674,0.204134,0.016233,0.194473,0.015464
25.13566,0.952652,0.204061,0.016345,0.194399,0.015571
25.14139,0.952631,0.203988,0.016457,0.194325,0.015677
25.14712,0.952610,0.203914,0.016569,0.194251,0.015783
25.15285,0.952589,0.203841,0.016680,0.194176,0.015890
25.15858,0.952567,0.203767,0.016792,0.194102,0.015995
25.16431,0.952546,0.203693,0.016903,0.194027,0.016101
25.17004,0.952525,0.203618,0.017015,0.193952,0.016207
25.17577,0.952504,0.203544,0.017126,0.193876,0.016313
25.18150,0.952482,0.203469,0.017237,0.193801,0.016418
25.18722,0.952461,0.203395,0.017348,0.193725,0.016523
25.19295,0.952440,0.203320,0.017459,0.193650,0.016629
25.19868,0.952418,0.203244,0.017570,0.193574,0.016734
25.20441,0.952397,0.203169,0.017680,0.193498,0.016839
25.21014,0.952376,0.203094,0.017791,0.193421,0.016944
25.21587,0.952355,0.203018,0.017901,0.193345,0.017048
25.22160,0.952333,0.202942,0.018011,0.193268,0.017153
25.22733,0.952312,0.202866,0.018121,0.193192,0.017257
25.23306,0.952291,0.202790,0.018231,0.193115,0.017361
25.23879,0.952269,0.202713,0.018341,0.193038,0.017466
25.24452,0.952248,0.202637,0.018451,0.192960,0.017570
25.25025,0.952227,0.202560,0.018560,0.192883,0.017674
25.25598,0.952205,0.202483,0.018670,0.192805,0.017777
25.26171,0.952184,0.202406,0.018779,0.192727,0.017881
25.26744,0.952163,0.202328,0.018888,0.192649,0.017985
25.27317,0.952141,0.202251,0.018997,0.192571,0.018088
25.27890,0.952120,0.202173,0.019106,0.192493,0.018191
25.28463,0.952099,0.202095,0.019215,0.192415,0.018294
25.29036,0.952077,0.202017,0.019323,0.192336,0.018397
25.29609,0.952056,0.201939,0.019432,0.192257,0.018500
25.30182,0.952035,0.201860,0.019540,0.192178,0.018603
25.30755,0.952013,0.201782,0.019649,0.192099,0.018706
25.31328,0.951992,0.201703,0.019757,0.192020,0.018808
25.31900,0.951970,0.201624,0.019865,0.191940,0.018911
25.32473,0.951949,0.201545,0.019972,0.191861,0.019013
25.33046,0.951928,0.201466,0.020080,0.191781,0.019115
25.33619,0.951906,0.201386,0.020188,0.191701,0.019217
25.34192,0.951885,0.201307,0.020295,0.191621,0.019319
25.34765,0.951863,0.201227,0.020403,0.191540,0.019420
25.35338,0.951842,0.201147,0.020510,0.191460,0.019522
25.35911,0.951821,0.201067,0.020617,0.191379,0.019624
25.36484,0.951799,0.200986,0.020724,0.191298,0.019725
25.37057,0.951778,0.200906,0.020831,0.191218,0.019826
25.37630,0.951756,0.200825,0.020937,0.191136,0.019927
25.38203,0.951735,0.200744,0.021044,0.191055,0.020028
25.38776,0.951713,0.200663,0.021150,0.190974,0.020129
25.39349,0.951692,0.200582,0.021256,0.190892,0.020230
25.39922,0.951671,0.200500,0.021363,0.190810,0.020330
25.40495,0.951649,0.200419,0.021469,0.190728,0.020431
25.41068,0.951628,0.200337,0.021575,0.190646,0.020531
25.41641,0.951606,0.200255,0.021680,0.190564,0.020631
25.42214,0.951585,0.200173,0.021786,0.190481,0.020731
25.42787,0.951563,0.200091,0.021892,0.190399,0.020831
25.43360,0.951542,0.200008,0.021997,0.190316,0.020931
25.43933,0.951520,0.199925,0.022102,0.190233,0.021031
25.44506,0.951499,0.199843,0.022207,0.190150,0.021130
25.45079,0.951477,0.199760,0.022312,0.190067,0.021230
25.45651,0.951456,0.199676,0.022417,0.189983,0.021329
25.46224,0.951434,0.199593,0.022522,0.189900,0.021428
25.46797,0.951413,0.199510,0.022626,0.189816,0.021527
25.47370,0.951391,0.199426,0.022731,0.189732,0.021626
25.47943,0.951370,0.199342,0.022835,0.189648,0.021725
25.48516,0.951348,0.199258,0.022940,0.189564,0.021823
25.49089,0.951327,0.199174,0.023044,0.189479,0.021922
25.49662,0.951305,0.199089,0.023148,0.189395,0.022020
25.50235,0.951284,0.199005,0.023251,0.189310,0.022119
25.50808,0.951262,0.198920,0.023355,0.189225,0.022217
25.51381,0.951241,0.198835,0.023459,0.189140,0.022315
25.51954,0.951219,0.198750,0.023562,0.189055,0.022413
25.52527,0.951198,0.198665,0.023665,0.188970,0.022511
25.53100,0.951176,0.198580,0.023769,0.188884,0.022608
25.53673,0.951155,0.198494,0.023872,0.188799,0.022706
25.54246,0.951133,0.198408,0.023975,0.188713,0.022803
25.54819,0.951111,0.198322,0.024077,0.188627,0.022900
25.55392,0.951090,0.198236,0.024180,0.188541,0.022997
25.55965,0.951068,0.198150,0.024283,0.188454,0.023094
25.56538,0.951047,0.198064,0.024385,0.188368,0.023191
25.57111,0.951025,0.197977,0.024487,0.188281,0.023288
25.57684,0.951004,0.197890,0.024590,0.188194,0.023385
25.58257,0.950982,0.197803,0.024692,0.188107,0.023481
25.58830,0.950960,0.197716,0.024793,0.188020,0.023578
25.59402,0.950939,0.197629,0.024895,0.187933,0.023674
25.59975,0.950917,0.197541,0.024997,0.187846,0.023770
25.60548,0.950896,0.197454,0.025098,0.187758,0.023866
25.61121,0.950874,0.197366,0.025200,0.187670,0.023962
25.61694,0.950852,0.197278,0.025301,0.187582,0.024058
25.62267,0.950831,0.197190,0.025402,0.187494,0.024153
25.62840,0.950809,0.197102,0.025503,0.187406,0.024249
25.63413,0.950787,0.197013,0.025604,0.187318,0.024344
25.63986,0.950766,0.196925,0.025705,0.187229,0.024439
25.64559,0.950744,0.196836,0.025806,0.187140,0.024534
25.65132,0.950723,0.196747,0.025906,0.187052,0.024629
25.65705,0.950701,0.196658,0.026006,0.186963,0.024724
25.66278,0.950679,0.196568,0.026107,0.186873,0.024819
25.66851,0.950658,0.196479,0.026207,0.186784,0.024914
25.67424,0.950636,0.196389,0.026307,0.186695,0.025008
25.67997,0.950614,0.196300,0.026407,0.186605,0.025102
25.68570,0.950593,0.196210,0.026506,0.186515,0.025197
25.69143,0.950571,0.196119,0.026606,0.186425,0.025291
25.69716,0.950549,0.196029,0.026705,0.186335,0.025385
25.70289,0.950528,0.195939,0.026805,0.186245,0.025479
25.70862,0.950506,0.195848,0.026904,0.186155,0.025572
25.71435,0.950484,0.195757,0.027003,0.186064,0.025666
25.72008,0.950463,0.195666,0.027102,0.185973,0.025759
25.72581,0.950441,0.195575,0.027201,0.185883,0.025853
25.73153,0.950419,0.195484,0.027300,0.185792,0.025946
25.73726,0.950397,0.195392,0.027398,0.185700,0.026039
25.74299,0.950376,0.195301,0.027497,0.185609,0.026132
25.74872,0.950354,0.195209,0.027595,0.185518,0.026225
25.75445,0.950332,0.195117,0.027693,0.185426,0.026318
25.76018,0.950311,0.195025,0.027791,0.185334,0.026410
25.76591,0.950289,0.194933,0.027889,0.185242,0.026503
25.77164,0.950267,0.194840,0.027987,0.185150,0.026595
25.77737,0.950245,0.194748,0.028085,0.185058,0.026687
25.78310,0.950224,0.194655,0.028182,0.184966,0.026779
25.78883,0.950202,0.194562,0.028280,0.184873,0.026871
25.79456,0.950180,0.194469,0.028377,0.184780,0.026963
25.80029,0.950158,0.194376,0.028474,0.184688,0.027055
25.80602,0.950137,0.194282,0.028571,0.184595,0.027147
25.81175,0.950115,0.194189,0.028668,0.184501,0.027238
25.81748,0.950093,0.194095,0.028765,0.184408,0.027329
25.82321,0.950071,0.194001,0.028862,0.184315,0.027421
25.82894,0.950049,0.193907,0.028958,0.184221,0.027512
25.83467,0.950028,0.193813,0.029055,0.184127,0.027603
25.84040,0.950006,0.193718,0.029151,0.184034,0.027694
25.84613,0.949984,0.193624,0.029247,0.183939,0.027784
25.85186,0.949962,0.193529,0.029343,0.183845,0.027875
25.85759,0.949940,0.193434,0.029439,0.183751,0.027965
25.86331,0.949919,0.193339,0.029535,0.183656,0.028056
25.86904,0.949897,0.193244,0.029631,0.183562,0.028146
25.87477,0.949875,0.193149,0.029726,0.183467,0.028236
25.88050,0.949853,0.193053,0.029821,0.183372,0.028326
25.88623,0.949831,0.192957,0.029917,0.183277,0.028416
25.89196,0.949810,0.192862,0.030012,0.183182,0.028506
25.89769,0.949788,0.192766,0.030107,0.183086,0.028595
25.90342,0.949766,0.192669,0.030202,0.182991,0.028685
25.90915,0.949744,0.192573,0.030297,0.182895,0.028774
25.91488,0.949722,0.192477,0.030391,0.182799,0.028863
25.92061,0.949700,0.192380,0.030486,0.182703,0.028952
25.92634,0.949678,0.192283,0.030580,0.182607,0.029041
25.93207,0.949657,0.192186,0.030675,0.182511,0.029130
25.93780,0.949635,0.192089,0.030769,0.182415,0.029219
25.94353,0.949613,0.191992,0.030863,0.182318,0.029308
25.94926,0.949591,0.191895,0.030957,0.182221,0.029396
25.95499,0.949569,0.191797,0.031050,0.182124,0.029484
25.96072,0.949547,0.191699,0.031144,0.182027,0.029573
25.96645,0.949525,0.191601,0.031238,0.181930,0.029661
25.97218,0.949503,0.191503,0.031331,0.181833,0.029749
25.97791,0.949482,0.191405,0.031424,0.181736,0.029837
25.98364,0.949460,0.191307,0.031517,0.181638,0.029924
25.98937,0.949438,0.191208,0.031610,0.181540,0.030012
25.99510,0.949416,0.191110,0.031703,0.181442,0.030100
26.00082,0.949394,0.191011,0.031796,0.181344,0.030187
26.00655,0.949372,0.190912,0.031889,0.181246,0.030274
26.01228,0.949350,0.190813,0.031981,0.181148,0.030361
26.01801,0.949328,0.190713,0.032074,0.181050,0.030448
26.02374,0.949306,0.190614,0.032166,0.180951,0.030535
26.02947,0.949284,0.190514,0.032258,0.180852,0.030622
26.03520,0.949262,0.190415,0.032350,0.180753,0.030709
26.04093,0.949240,0.190315,0.032442,0.180654,0.030795
26.04666,0.949218,0.190215,0.032534,0.180555,0.030882
26.05239,0.949196,0.190114,0.032625,0.180456,0.030968
26.05812,0.949174,0.190014,0.032717,0.180356,0.031054
26.06385,0.949152,0.189913,0.032808,0.180257,0.031140
26.06958,0.949131,0.189813,0.032900,0.180157,0.031226
26.07531,0.949109,0.189712,0.032991,0.180057,0.031312
26.08104,0.949087,0.189611,0.033082,0.179957,0.031397
26.08677,0.949065,0.189510,0.033173,0.179857,0.031483
26.09250,0.949043,0.189408,0.033263,0.179757,0.031568
26.09823,0.949021,0.189307,0.033354,0.179656,0.031654
26.10396,0.948999,0.189205,0.033445,0.179556,0.031739
26.10969,0.948977,0.189104,0.033535,0.179455,0.031824
26.11542,0.948955,0.189002,0.033625,0.179354,0.031909
26.12115,0.948933,0.188900,0.033715,0.179253,0.031994
26.12688,0.948911,0.188797,0.033805,0.179152,0.032078
26.13261,0.948889,0.188695,0.033895,0.179051,0.032163
26.13833,0.948867,0.188592,0.033985,0.178949,0.032247
26.14406,0.948844,0.188490,0.034075,0.178848,0.032332
26.14979,0.948822,0.188387,0.034164,0.178746,0.032416
26.15552,0.948800,0.188284,0.034254,0.178644,0.032500
26.16125,0.948778,0.188181,0.034343,0.178542,0.032584
26.16698,0.948756,0.188078,0.034432,0.178440,0.032668
26.17271,0.948734,0.187974,0.034521,0.178338,0.032751
26.17844,0.948712,0.187871,0.034610,0.178235,0.032835
26.18417,0.948690,0.187767,0.034699,0.178133,0.032918
26.18990,0.948668,0.187663,0.034788,0.178030,0.033002
26.19563,0.948646,0.187559,0.034876,0.177927,0.033085
26.20136,0.948624,0.187455,0.034964,0.177824,0.033168
26.20709,0.948602,0.187350,0.035053,0.177721,0.033251
26.21282,0.948580,0.187246,0.035141,0.177618,0.033334
26.21855,0.948558,0.187141,0.035229,0.177514,0.033417
26.22428,0.948536,0.187037,0.035317,0.177411,0.033499
26.23001,0.948514,0.186932,0.035405,0.177307,0.033582
26.23574,0.948491,0.186827,0.035492,0.177203,0.033664
26.24147,0.948469,0.186721,0.035580,0.177099,0.033746
26.24720,0.948447,0.186616,0.035667,0.176995,0.033829
26.25293,0.948425,0.186510,0.035755,0.176891,0.033911
26.25866,0.948403,0.186405,0.035842,0.176787,0.033992
26.26439,0.948381,0.186299,0.035929,0.176682,0.034074
26.27011,0.948359,0.186193,0.036016,0.176578,0.034156
26.27584,0.948337,0.186087,0.036103,0.176473,0.034237
26.28157,0.948314,0.185981,0.036189,0.176368,0.034319
26.28730,0.948292,0.185874,0.036276,0.176263,0.034400
26.29303,0.948270,0.185768,0.036362,0.176158,0.034481
26.29876,0.948248,0.185661,0.036449,0.176053,0.034562
26.30449,0.948226,0.185554,0.036535,0.175947,0.034643
26.31022,0.948204,0.185447,0.036621,0.175842,0.034724
26.31595,0.948182,0.185340,0.036707,0.175736,0.034805
26.32168,0.948159,0.185233,0.036793,0.175630,0.034885
26.32741,0.948137,0.185125,0.036878,0.175524,0.034966
26.33314,0.948115,0.185018,0.036964,0.175418,0.035046
26.33887,0.948093,0.184910,0.037049,0.175312,0.035126
26.34460,0.948071,0.184802,0.037135,0.175206,0.035206
26.35033,0.948048,0.184694,0.037220,0.175099,0.035286
26.35606,0.948026,0.184586,0.037305,0.174992,0.035366
26.36179,0.948004,0.184478,0.037390,0.174886,0.035446
26.36752,0.947982,0.184369,0.037475,0.174779,0.035525
26.37325,0.947960,0.184261,0.037559,0.174672,0.035605
26.37898,0.947937,0.184152,0.037644,0.174565,0.035684
26.38471,0.947915,0.184043,0.037729,0.174457,0.035763
26.39044,0.947893,0.183934,0.037813,0.174350,0.035843
26.39617,0.947871,0.183825,0.037897,0.174242,0.035922
26.40190,0.947849,0.183716,0.037981,0.174135,0.036000
26.40762,0.947826,0.183606,0.038065,0.174027,0.036079
26.41335,0.947804,0.183497,0.038149,0.173919,0.036158
26.41908,0.947782,0.183387,0.038233,0.173811,0.036236
26.42481,0.947760,0.183277,0.038316,0.173703,0.036315
26.43054,0.947737,0.183167,0.038400,0.173594,0.036393
26.43627,0.947715,0.183057,0.038483,0.173486,0.036471
26.44200,0.947693,0.182947,0.038567,0.173377,0.036549
26.44773,0.947671,0.182836,0.038650,0.173269,0.036627
26.45346,0.947648,0.182726,0.038733,0.173160,0.036705
26.45919,0.947626,0.182615,0.038816,0.173051,0.036783
26.46492,0.947604,0.182504,0.038898,0.172942,0.036860
26.47065,0.947581,0.182393,0.038981,0.172832,0.036938
26.47638,0.947559,0.182282,0.039063,0.172723,0.037015
26.48211,0.947537,0.182171,0.039146,0.172613,0.037092
26.48784,0.947515,0.182059,0.039228,0.172504,0.037169
26.49357,0.947492,0.181948,0.039310,0.172394,0.037246
26.49930,0.947470,0.181836,0.039392,0.172284,0.037323
26.50503,0.947448,0.181724,0.039474,0.172174,0.037400
26.51076,0.947425,0.181612,0.039556,0.172064,0.037476
26.51649,0.947403,0.181500,0.039638,0.171954,0.037553
26.52222,0.947381,0.181388,0.039719,0.171843,0.037629
26.52795,0.947358,0.181275,0.039801,0.171733,0.037706
26.53368,0.947336,0.181163,0.039882,0.171622,0.037782
26.53941,0.947314,0.181050,0.039963,0.171511,0.037858
26.54513,0.947291,0.180937,0.040044,0.171400,0.037934
26.55086,0.947269,0.180824,0.040125,0.171289,0.038009
26.55659,0.947247,0.180711,0.040206,0.171178,0.038085
26.56232,0.947224,0.180598,0.040287,0.171067,0.038161
26.56805,0.947202,0.180485,0.040367,0.170956,0.038236
26.57378,0.947180,0.180371,0.040448,0.170844,0.038311
26.57951,0.947157,0.180258,0.040528,0.170732,0.038386
26.58524,0.947135,0.180144,0.040608,0.170621,0.038462
26.59097,0.947112,0.180030,0.040688,0.170509,0.038536
26.59670,0.947090,0.179916,0.040768,0.170397,0.038611
26.60243,0.947068,0.179802,0.040848,0.170284,0.038686
26.60816,0.947045,0.179687,0.040928,0.170172,0.038761
26.61389,0.947023,0.179573,0.041008,0.170060,0.038835
26.61962,0.947000,0.179458,0.041087,0.169947,0.038909
26.62535,0.946978,0.179344,0.041166,0.169834,0.038984
26.63108,0.946956,0.179229,0.041246,0.169722,0.039058
26.63681,0.946933,0.179114,0.041325,0.169609,0.039132
26.64254,0.946911,0.178999,0.041404,0.169496,0.039206
26.64827,0.946888,0.178883,0.041483,0.169383,0.039280
26.65400,0.946866,0.178768,0.041561,0.169269,0.039353
26.65973,0.946843,0.178652,0.041640,0.169156,0.039427
26.66546,0.946821,0.178537,0.041719,0.169042,0.039500
26.67119,0.946799,0.178421,0.041797,0.168929,0.039573
26.67691,0.946776,0.178305,0.041875,0.168815,0.039647
26.68264,0.946754,0.178189,0.041954,0.168701,0.039720
26.68837,0.946731,0.178073,0.042032,0.168587,0.039793
26.69410,0.946709,0.177956,0.042110,0.168473,0.039865
26.69983,0.946686,0.177840,0.042187,0.168359,0.039938
26.70556,0.946664,0.177723,0.042265,0.168244,0.040011
26.71129,0.946641,0.177607,0.042343,0.168130,0.040083
26.71702,0.946619,0.177490,0.042420,0.168015,0.040156
26.72275,0.946596,0.177373,0.042497,0.167900,0.040228
26.72848,0.946574,0.177256,0.042575,0.167785,0.040300
26.73421,0.946551,0.177138,0.042652,0.167670,0.040372
26.73994,0.946529,0.177021,0.042729,0.167555,0.040444
26.74567,0.946506,0.176903,0.042806,0.167440,0.040516
26.75140,0.946484,0.176786,0.042882,0.167325,0.040587
26.75713,0.946461,0.176668,0.042959,0.167209,0.040659
26.76286,0.946439,0.176550,0.043035,0.167094,0.040730
26.76859,0.946416,0.176432,0.043112,0.166978,0.040802
26.77432,0.946394,0.176314,0.043188,0.166862,0.040873
26.78005,0.946371,0.176195,0.043264,0.166746,0.040944
26.78578,0.946349,0.176077,0.043340,0.166630,0.041015
26.79151,0.946326,0.175958,0.043416,0.166514,0.041086
26.79724,0.946304,0.175840,0.043492,0.166398,0.041157
26.80297,0.946281,0.175721,0.043568,0.166281,0.041227
26.80870,0.946259,0.175602,0.043643,0.166165,0.041298
26.81442,0.946236,0.175483,0.043718,0.166048,0.041368
26.82015,0.946214,0.175363,0.043794,0.165931,0.041438
26.82588,0.946191,0.175244,0.043869,0.165814,0.041508
26.83161,0.946168,0.175125,0.043944,0.165697,0.041578
26.83734,0.946146,0.175005,0.044019,0.165580,0.041648
26.84307,0.946123,0.174885,0.044094,0.165463,0.041718
26.84880,0.946101,0.174765,0.044169,0.165346,0.041788
26.85453,0.946078,0.174645,0.044243,0.165228,0.041857
26.86026,0.946056,0.174525,0.044318,0.165111,0.041927
26.86599,0.946033,0.174405,0.044392,0.164993,0.041996
26.87172,0.946010,0.174285,0.044466,0.164875,0.042066
26.87745,0.945988,0.174164,0.044540,0.164757,0.042135
26.88318,0.945965,0.174043,0.044614,0.164639,0.042204
26.88891,0.945943,0.173923,0.044688,0.164521,0.042273
26.89464,0.945920,0.173802,0.044762,0.164403,0.042341
26.90037,0.945897,0.173681,0.044836,0.164284,0.042410
26.90610,0.945875,0.173560,0.044909,0.164166,0.042478
26.91183,0.945852,0.173438,0.044983,0.164047,0.042547
26.91756,0.945829,0.173317,0.045056,0.163928,0.042615
26.92329,0.945807,0.173195,0.045129,0.163809,0.042683
26.92902,0.945784,0.173074,0.045202,0.163690,0.042751
26.93475,0.945761,0.172952,0.045275,0.163571,0.042819
26.94048,0.945739,0.172830,0.045348,0.163452,0.042887
26.94621,0.945716,0.172708,0.045421,0.163333,0.042955
26.95193,0.945694,0.172586,0.045493,0.163213,0.043023
26.95766,0.945671,0.172464,0.045566,0.163094,0.043090
26.96339,0.945648,0.172341,0.045638,0.162974,0.043158
26.96912,0.945626,0.172219,0.045710,0.162854,0.043225
26.97485,0.945603,0.172096,0.045782,0.162735,0.043292
26.98058,0.945580,0.171973,0.045854,0.162615,0.043359
26.98631,0.945557,0.171850,0.045926,0.162495,0.043426
26.99204,0.945535,0.171727,0.045998,0.162374,0.043493
26.99777,0.945512,0.171604,0.046070,0.162254,0.043559
27.00350,0.945489,0.171481,0.046141,0.162134,0.043626
27.00923,0.945467,0.171358,0.046213,0.162013,0.043693
27.01496,0.945444,0.171234,0.046284,0.161892,0.043759
27.02069,0.945421,0.171111,0.046355,0.161772,0.043825
27.02642,0.945399,0.170987,0.046426,0.161651,0.043891
27.03215,0.945376,0.170863,0.046497,0.161530,0.043957
27.03788,0.945353,0.170739,0.046568,0.161409,0.044023
27.04361,0.945330,0.170615,0.046639,0.161287,0.044089
27.04934,0.945308,0.170491,0.046709,0.161166,0.044155
27.05507,0.945285,0.170366,0.046780,0.161045,0.044220
27.06080,0.945262,0.170242,0.046850,0.160923,0.044286
27.06653,0.945239,0.170117,0.046920,0.160801,0.044351
27.07226,0.945217,0.169992,0.046990,0.160680,0.044416
27.07799,0.945194,0.169868,0.047061,0.160558,0.044481
27.08371,0.945171,0.169743,0.047130,0.160436,0.044546
27.08944,0.945148,0.169617,0.047200,0.160314,0.044611
27.09517,0.945126,0.169492,0.047270,0.160191,0.044676
27.10090,0.945103,0.169367,0.047339,0.160069,0.044741
27.10663,0.945080,0.169241,0.047409,0.159947,0.044805
27.11236,0.945057,0.169116,0.047478,0.159824,0.044870
27.11809,0.945034,0.168990,0.047547,0.159702,0.044934
27.12382,0.945012,0.168864,0.047616,0.159579,0.044998
27.12955,0.944989,0.168738,0.047685,0.159456,0.045062
27.13528,0.944966,0.168612,0.047754,0.159333,0.045126
27.14101,0.944943,0.168486,0.047823,0.159210,0.045190
27.14674,0.944920,0.168360,0.047892,0.159087,0.045254
27.15247,0.944898,0.168234,0.047960,0.158964,0.045317
27.15820,0.944875,0.168107,0.048028,0.158840,0.045381
27.16393,0.944852,0.167980,0.048097,0.158717,0.045444
27.16966,0.944829,0.167854,0.048165,0.158593,0.045508
27.17539,0.944806,0.167727,0.048233,0.158469,0.045571
27.18112,0.944783,0.167600,0.048301,0.158346,0.045634
27.18685,0.944761,0.167473,0.048369,0.158222,0.045697
27.19258,0.944738,0.167345,0.048436,0.158098,0.045760
27.19831,0.944715,0.167218,0.048504,0.157973,0.045822
27.20404,0.944692,0.167091,0.048571,0.157849,0.045885
27.20977,0.944669,0.166963,0.048639,0.157725,0.045948
27.21550,0.944646,0.166835,0.048706,0.157600,0.046010
27.22122,0.944623,0.166708,0.048773,0.157476,0.046072
27.22695,0.944601,0.166580,0.048840,0.157351,0.046134
27.23268,0.944578,0.166452,0.048907,0.157227,0.046196
27.23841,0.944555,0.166324,0.048974,0.157102,0.046258
27.24414,0.944532,0.166195,0.049040,0.156977,0.046320
27.24987,0.944509,0.166067,0.049107,0.156852,0.046382
27.25560,0.944486,0.165938,0.049173,0.156727,0.046444
27.26133,0.944463,0.165810,0.049240,0.156601,0.046505
27.26706,0.944440,0.165681,0.049306,0.156476,0.046567
27.27279,0.944417,0.165552,0.049372,0.156350,0.046628
27.27852,0.944395,0.165423,0.049438,0.156225,0.046689
27.28425,0.944372,0.165294,0.049504,0.156099,0.046750
27.28998,0.944349,0.165165,0.049570,0.155973,0.046811
27.29571,0.944326,0.165036,0.049635,0.155847,0.046872
27.30144,0.944303,0.164906,0.049701,0.155722,0.046933
27.30717,0.944280,0.164777,0.049766,0.155595,0.046993
27.31290,0.944257,0.164647,0.049831,0.155469,0.047054
27.31863,0.944234,0.164517,0.049897,0.155343,0.047114
27.32436,0.944211,0.164388,0.049962,0.155217,0.047174
27.33009,0.944188,0.164258,0.050027,0.155090,0.047234
27.33582,0.944165,0.164128,0.050091,0.154963,0.047295
27.34155,0.944142,0.163997,0.050156,0.154837,0.047354
27.34728,0.944119,0.163867,0.050221,0.154710,0.047414
27.35301,0.944096,0.163737,0.050285,0.154583,0.047474
27.35873,0.944073,0.163606,0.050350,0.154456,0.047534
27.36446,0.944050,0.163475,0.050414,0.154329,0.047593
27.37019,0.944027,0.163345,0.050478,0.154202,0.047653
27.37592,0.944004,0.163214,0.050542,0.154075,0.047712
27.38165,0.943981,0.163083,0.050606,0.153947,0.047771
27.38738,0.943958,0.162952,0.050670,0.153820,0.047830
27.39311,0.943935,0.162821,0.050733,0.153692,0.047889
27.39884,0.943912,0.162689,0.050797,0.153564,0.047948
27.40457,0.943889,0.162558,0.050860,0.153437,0.048007
27.41030,0.943866,0.162426,0.050924,0.153309,0.048065
27.41603,0.943843,0.162295,0.050987,0.153181,0.048124
27.42176,0.943820,0.162163,0.051050,0.153053,0.048182
27.42749,0.943797,0.162031,0.051113,0.152924,0.048240
27.43322,0.943774,0.161899,0.051176,0.152796,0.048299
27.43895,0.943751,0.161767,0.051239,0.152668,0.048357
27.44468,0.943728,0.161635,0.051301,0.152539,0.048415
27.45041,0.943705,0.161503,0.051364,0.152411,0.048472
27.45614,0.943682,0.161370,0.051426,0.152282,0.048530
27.46187,0.943659,0.161238,0.051489,0.152153,0.048588
27.46760,0.943636,0.161105,0.051551,0.152025,0.048645
27.47333,0.943613,0.160972,0.051613,0.151896,0.048703
27.47906,0.943590,0.160840,0.051675,0.151767,0.048760
27.48479,0.943567,0.160707,0.051737,0.151637,0.048817
27.49052,0.943544,0.160574,0.051799,0.151508,0.048874
27.49624,0.943521,0.160440,0.051860,0.151379,0.048931
27.50197,0.943497,0.160307,0.051922,0.151249,0.048988
27.50770,0.943474,0.160174,0.051983,0.151120,0.049045
27.51343,0.943451,0.160040,0.052045,0.150990,0.049102
27.51916,0.943428,0.159907,0.052106,0.150861,0.049158
27.52489,0.943405,0.159773,0.052167,0.150731,0.049215
27.53062,0.943382,0.159639,0.052228,0.150601,0.049271
27.53635,0.943359,0.159505,0.052289,0.150471,0.049327
27.54208,0.943336,0.159371,0.052349,0.150341,0.049383
27.54781,0.943313,0.159237,0.052410,0.150211,0.049439
27.55354,0.943289,0.159103,0.052471,0.150080,0.049495
27.55927,0.943266,0.158969,0.052531,0.149950,0.049551
27.56500,0.943243,0.158834,0.052591,0.149819,0.049606
27.57073,0.943220,0.158700,0.052652,0.149689,0.049662
27.57646,0.943197,0.158565,0.052712,0.149558,0.049717
27.58219,0.943174,0.158431,0.052772,0.149428,0.049773
27.58792,0.943151,0.158296,0.052831,0.149297,0.049828
27.59365,0.943127,0.158161,0.052891,0.149166,0.049883
27.59938,0.943104,0.158026,0.052951,0.149035,0.049938
27.60511,0.943081,0.157891,0.053010,0.148904,0.049993
27.61084,0.943058,0.157755,0.053070,0.148772,0.050048
27.61657,0.943035,0.157620,0.053129,0.148641,0.050103
27.62230,0.943012,0.157485,0.053188,0.148510,0.050157
27.62802,0.942988,0.157349,0.053247,0.148378,0.050212
27.63375,0.942965,0.157213,0.053306,0.148247,0.050266
27.63948,0.942942,0.157078,0.053365,0.148115,0.050320
27.64521,0.942919,0.156942,0.053424,0.147983,0.050374
27.65094,0.942896,0.156806,0.053483,0.147852,0.050428
27.65667,0.942872,0.156670,0.053541,0.147720,0.050482
27.66240,0.942849,0.156534,0.053599,0.147588,0.050536
27.66813,0.942826,0.156397,0.053658,0.147455,0.050590
27.67386,0.942803,0.156261,0.053716,0.147323,0.050644
27.67959,0.942780,0.156125,0.053774,0.147191,0.050697
27.68532,0.942756,0.155988,0.053832,0.147059,0.050750
27.69105,0.942733,0.155851,0.053890,0.146926,0.050804
27.69678,0.942710,0.155715,0.053948,0.146794,0.050857
27.70251,0.942687,0.155578,0.054005,0.146661,0.050910
27.70824,0.942663,0.155441,0.054063,0.146528,0.050963
27.71397,0.942640,0.155304,0.054120,0.146395,0.051016
27.71970,0.942617,0.155166,0.054177,0.146263,0.051069
27.72543,0.942594,0.155029,0.054235,0.146130,0.051121
27.73116,0.942570,0.154892,0.054292,0.145996,0.051174
27.73689,0.942547,0.154754,0.054349,0.145863,0.051226
27.74262,0.942524,0.154617,0.054405,0.145730,0.051278
27.74835,0.942501,0.154479,0.054462,0.145597,0.051331
27.75408,0.942477,0.154341,0.054519,0.145463,0.051383
27.75981,0.942454,0.154204,0.054575,0.145330,0.051435
27.76553,0.942431,0.154066,0.054632,0.145196,0.051487
27.77126,0.942407,0.153928,0.054688,0.145062,0.051538
27.77699,0.942384,0.153789,0.054744,0.144929,0.051590
27.78272,0.942361,0.153651,0.054800,0.144795,0.051642
27.78845,0.942337,0.153513,0.054856,0.144661,0.051693
27.79418,0.942314,0.153374,0.054912,0.144527,0.051745
27.79991,0.942291,0.153236,0.054968,0.144393,0.051796
27.80564,0.942268,0.153097,0.055024,0.144259,0.051847
27.81137,0.942244,0.152958,0.055079,0.144124,0.051898
27.81710,0.942221,0.152820,0.055135,0.143990,0.051949
27.82283,0.942198,0.152681,0.055190,0.143855,0.052000
27.82856,0.942174,0.152542,0.055245,0.143721,0.052051
27.83429,0.942151,0.152403,0.055300,0.143586,0.052101
27.84002,0.942128,0.152263,0.055355,0.143452,0.052152
27.84575,0.942104,0.152124,0.055410,0.143317,0.052202
27.85148,0.942081,0.151985,0.055465,0.143182,0.052252
27.85721,0.942057,0.151845,0.055520,0.143047,0.052303
27.86294,0.942034,0.151706,0.055574,0.142912,0.052353
27.86867,0.942011,0.151566,0.055629,0.142777,0.052403
27.87440,0.941987,0.151426,0.055683,0.142641,0.052453
27.88013,0.941964,0.151286,0.055737,0.142506,0.052502
27.88586,0.941941,0.151146,0.055791,0.142371,0.052552
27.89159,0.941917,0.151006,0.055845,0.142235,0.052602
27.89732,0.941894,0.150866,0.055899,0.142100,0.052651
27.90304,0.941870,0.150726,0.055953,0.141964,0.052700
27.90877,0.941847,0.150585,0.056007,0.141828,0.052750
27.91450,0.941824,0.150445,0.056060,0.141693,0.052799
27.92023,0.941800,0.150305,0.056114,0.141557,0.052848
27.92596,0.941777,0.150164,0.056167,0.141421,0.052897
27.93169,0.941753,0.150023,0.056220,0.141285,0.052946
27.93742,0.941730,0.149882,0.056273,0.141149,0.052994
27.94315,0.941706,0.149742,0.056326,0.141013,0.053043
27.94888,0.941683,0.149601,0.056379,0.140876,0.053091
27.95461,0.941660,0.149459,0.056432,0.140740,0.053140
27.96034,0.941636,0.149318,0.056485,0.140603,0.053188
27.96607,0.941613,0.149177,0.056537,0.140467,0.053236
27.97180,0.941589,0.149036,0.056590,0.140330,0.053285
27.97753,0.941566,0.148894,0.056642,0.140194,0.053333
27.98326,0.941542,0.148753,0.056695,0.140057,0.053380
27.98899,0.941519,0.148611,0.056747,0.139920,0.053428
27.99472,0.941495,0.148469,0.056799,0.139783,0.053476
28.00045,0.941472,0.148328,0.056851,0.139646,0.053523
28.00618,0.941448,0.148186,0.056903,0.139509,0.053571
28.01191,0.941425,0.148044,0.056954,0.139372,0.053618
28.01764,0.941402,0.147902,0.057006,0.139235,0.053666
28.02337,0.941378,0.147759,0.057058,0.139097,0.053713
28.02910,0.941355,0.147617,0.057109,0.138960,0.053760
28.03482,0.941331,0.147475,0.057160,0.138823,0.053807
28.04055,0.941308,0.147332,0.057211,0.138685,0.053854
28.04628,0.941284,0.147190,0.057263,0.138547,0.053900
28.05201,0.941261,0.147047,0.057314,0.138410,0.053947
28.05774,0.941237,0.146905,0.057364,0.138272,0.053994
28.06347,0.941213,0.146762,0.057415,0.138134,0.054040
28.06920,0.941190,0.146619,0.057466,0.137996,0.054086
28.07493,0.941166,0.146476,0.057516,0.137858,0.054133
28.08066,0.941143,0.146333,0.057567,0.137720,0.054179
28.08639,0.941119,0.146190,0.057617,0.137582,0.054225
28.09212,0.941096,0.146047,0.057667,0.137444,0.054271
28.09785,0.941072,0.145903,0.057718,0.137305,0.054316
28.10358,0.941049,0.145760,0.057768,0.137167,0.054362
28.10931,0.941025,0.145616,0.057818,0.137029,0.054408
28.11504,0.941002,0.145473,0.057867,0.136890,0.054453
28.12077,0.940978,0.145329,0.057917,0.136752,0.054499
28.12650,0.940954,0.145185,0.057967,0.136613,0.054544
28.13223,0.940931,0.145042,0.058016,0.136474,0.054589
28.13796,0.940907,0.144898,0.058065,0.136335,0.054634
28.14369,0.940884,0.144754,0.058115,0.136196,0.054679
28.14942,0.940860,0.144610,0.058164,0.136057,0.054724
28.15515,0.940837,0.144465,0.058213,0.135918,0.054769
28.16088,0.940813,0.144321,0.058262,0.135779,0.054814
28.16661,0.940789,0.144177,0.058311,0.135640,0.054858
28.17233,0.940766,0.144032,0.058360,0.135501,0.054903
28.17806,0.940742,0.143888,0.058408,0.135361,0.054947
28.18379,0.940719,0.143743,0.058457,0.135222,0.054991
28.18952,0.940695,0.143599,0.058505,0.135082,0.055035
28.19525,0.940671,0.143454,0.058553,0.134943,0.055080
28.20098,0.940648,0.143309,0.058602,0.134803,0.055124
28.20671,0.940624,0.143164,0.058650,0.134664,0.055167
28.21244,0.940600,0.143019,0.058698,0.134524,0.055211
28.21817,0.940577,0.142874,0.058746,0.134384,0.055255
28.22390,0.940553,0.142729,0.058793,0.134244,0.055298
28.22963,0.940529,0.142584,0.058841,0.134104,0.055342
28.23536,0.940506,0.142438,0.058889,0.133964,0.055385
28.24109,0.940482,0.142293,0.058936,0.133824,0.055428
28.24682,0.940459,0.142147,0.058984,0.133684,0.055472
28.25255,0.940435,0.142002,0.059031,0.133543,0.055515
28.25828,0.940411,0.141856,0.059078,0.133403,0.055558
28.26401,0.940387,0.141710,0.059125,0.133263,0.055601
28.26974,0.940364,0.141564,0.059172,0.133122,0.055643
28.27547,0.940340,0.141418,0.059219,0.132981,0.055686
28.28120,0.940316,0.141272,0.059266,0.132841,0.055728
28.28693,0.940293,0.141126,0.059312,0.132700,0.055771
28.29266,0.940269,0.140980,0.059359,0.132559,0.055813
28.29839,0.940245,0.140834,0.059405,0.132419,0.055856
28.30412,0.940222,0.140688,0.059452,0.132278,0.055898
28.30984,0.940198,0.140541,0.059498,0.132137,0.055940
28.31557,0.940174,0.140395,0.059544,0.131996,0.055982
28.32130,0.940151,0.140248,0.059590,0.131854,0.056023
28.32703,0.940127,0.140102,0.059636,0.131713,0.056065
28.33276,0.940103,0.139955,0.059682,0.131572,0.056107
28.33849,0.940079,0.139808,0.059727,0.131431,0.056148
28.34422,0.940056,0.139661,0.059773,0.131289,0.056190
28.34995,0.940032,0.139514,0.059818,0.131148,0.056231
28.35568,0.940008,0.139367,0.059864,0.131006,0.056272
28.36141,0.939984,0.139220,0.059909,0.130865,0.056314
28.36714,0.939961,0.139073,0.059954,0.130723,0.056355
28.37287,0.939937,0.138926,0.059999,0.130581,0.056396
28.37860,0.939913,0.138778,0.060044,0.130440,0.056436
28.38433,0.939889,0.138631,0.060089,0.130298,0.056477
28.39006,0.939866,0.138483,0.060134,0.130156,0.056518
28.39579,0.939842,0.138336,0.060179,0.130014,0.056558
28.40152,0.939818,0.138188,0.060223,0.129872,0.056599
28.40725,0.939794,0.138040,0.060268,0.129730,0.056639
28.41298,0.939770,0.137893,0.060312,0.129587,0.056679
28.41871,0.939747,0.137745,0.060356,0.129445,0.056719
28.42444,0.939723,0.137597,0.060400,0.129303,0.056760
28.43017,0.939699,0.137449,0.060444,0.129160,0.056799
28.43590,0.939675,0.137301,0.060488,0.129018,0.056839
28.44162,0.939651,0.137152,0.060532,0.128876,0.056879
28.44735,0.939628,0.137004,0.060576,0.128733,0.056919
28.45308,0.939604,0.136856,0.060619,0.128590,0.056958
28.45881,0.939580,0.136707,0.060663,0.128448,0.056998
28.46454,0.939556,0.136559,0.060706,0.128305,0.057037
28.47027,0.939532,0.136410,0.060750,0.128162,0.057076
28.47600,0.939508,0.136262,0.060793,0.128019,0.057115
28.48173,0.939485,0.136113,0.060836,0.127876,0.057154
28.48746,0.939461,0.135964,0.060879,0.127733,0.057193
28.49319,0.939437,0.135815,0.060922,0.127590,0.057232
28.49892,0.939413,0.135666,0.060965,0.127447,0.057271
28.50465,0.939389,0.135517,0.061007,0.127304,0.057310
28.51038,0.939365,0.135368,0.061050,0.127160,0.057348
28.51611,0.939341,0.135219,0.061092,0.127017,0.057387
28.52184,0.939318,0.135070,0.061135,0.126874,0.057425
28.52757,0.939294,0.134921,0.061177,0.126730,0.057463
28.53330,0.939270,0.134771,0.061219,0.126587,0.057501
28.53903,0.939246,0.134622,0.061261,0.126443,0.057540
28.54476,0.939222,0.134472,0.061303,0.126299,0.057577
28.55049,0.939198,0.134323,0.061345,0.126156,0.057615
28.55622,0.939174,0.134173,0.061387,0.126012,0.057653
28.56195,0.939150,0.134023,0.061429,0.125868,0.057691
28.56768,0.939126,0.133874,0.061470,0.125724,0.057728
28.57341,0.939103,0.133724,0.061512,0.125580,0.057766
28.57913,0.939079,0.133574,0.061553,0.125436,0.057803
28.58486,0.939055,0.133424,0.061594,0.125292,0.057840
28.59059,0.939031,0.133274,0.061636,0.125148,0.057878
28.59632,0.939007,0.133123,0.061677,0.125004,0.057915
28.60205,0.938983,0.132973,0.061718,0.124860,0.057952
28.60778,0.938959,0.132823,0.061758,0.124715,0.057989
28.61351,0.938935,0.132672,0.061799,0.124571,0.058025
28.61924,0.938911,0.132522,0.061840,0.124426,0.058062
28.62497,0.938887,0.132372,0.061880,0.124282,0.058099
28.63070,0.938863,0.132221,0.061921,0.124137,0.058135
28.63643,0.938839,0.132070,0.061961,0.123993,0.058172
28.64216,0.938815,0.131920,0.062001,0.123848,0.058208
28.64789,0.938791,0.131769,0.062042,0.123703,0.058244
28.65362,0.938767,0.131618,0.062082,0.123559,0.058280
28.65935,0.938743,0.131467,0.062122,0.123414,0.058316
28.66508,0.938719,0.131316,0.062161,0.123269,0.058352
28.67081,0.938695,0.131165,0.062201,0.123124,0.058388
28.67654,0.938671,0.131014,0.062241,0.122979,0.058424
28.68227,0.938647,0.130863,0.062280,0.122834,0.058459
28.68800,0.938623,0.130711,0.062320,0.122689,0.058495
28.69373,0.938599,0.130560,0.062359,0.122543,0.058530
28.69946,0.938575,0.130409,0.062398,0.122398,0.058566
28.70519,0.938551,0.130257,0.062438,0.122253,0.058601
28.71092,0.938527,0.130105,0.062477,0.122108,0.058636
28.71664,0.938503,0.129954,0.062516,0.121962,0.058671
28.72237,0.938479,0.129802,0.062554,0.121817,0.058706
28.72810,0.938455,0.129650,0.062593,0.121671,0.058741
28.73383,0.938431,0.129499,0.062632,0.121526,0.058776
28.73956,0.938407,0.129347,0.062670,0.121380,0.058810
28.74529,0.938383,0.129195,0.062709,0.121234,0.058845
28.75102,0.938359,0.129043,0.062747,0.121088,0.058879
28.75675,0.938335,0.128891,0.062785,0.120943,0.058914
28.76248,0.938311,0.128739,0.062823,0.120797,0.058948
28.76821,0.938287,0.128586,0.062861,0.120651,0.058982
28.77394,0.938263,0.128434,0.062899,0.120505,0.059016
28.77967,0.938239,0.128282,0.062937,0.120359,0.059050
28.78540,0.938215,0.128129,0.062975,0.120213,0.059084
28.79113,0.938191,0.127977,0.063013,0.120067,0.059118
28.79686,0.938167,0.127824,0.063050,0.119921,0.059152
28.80259,0.938142,0.127672,0.063088,0.119774,0.059185
28.80832,0.938118,0.127519,0.063125,0.119628,0.059219
28.81405,0.938094,0.127366,0.063162,0.119482,0.059252
28.81978,0.938070,0.127214,0.063199,0.119335,0.059285
28.82551,0.938046,0.127061,0.063236,0.119189,0.059319
28.83124,0.938022,0.126908,0.063273,0.119042,0.059352
28.83697,0.937998,0.126755,0.063310,0.118896,0.059385
28.84270,0.937974,0.126602,0.063347,0.118749,0.059418
28.84842,0.937950,0.126449,0.063384,0.118603,0.059451
28.85415,0.937925,0.126296,0.063420,0.118456,0.059483
28.85988,0.937901,0.126142,0.063457,0.118309,0.059516
28.86561,0.937877,0.125989,0.063493,0.118162,0.059549
28.87134,0.937853,0.125836,0.063529,0.118015,0.059581
28.87707,0.937829,0.125682,0.063565,0.117869,0.059613
28.88280,0.937805,0.125529,0.063601,0.117722,0.059646
28.88853,0.937781,0.125375,0.063637,0.117575,0.059678
28.89426,0.937756,0.125222,0.063673,0.117427,0.059710
28.89999,0.937732,0.125068,0.063709,0.117280,0.059742
28.90572,0.937708,0.124914,0.063745,0.117133,0.059774
28.91145,0.937684,0.124761,0.063780,0.116986,0.059806
28.91718,0.937660,0.124607,0.063816,0.116839,0.059837
28.92291,0.937636,0.124453,0.063851,0.116691,0.059869
28.92864,0.937611,0.124299,0.063886,0.116544,0.059901
28.93437,0.937587,0.124145,0.063921,0.116397,0.059932
28.94010,0.937563,0.123991,0.063957,0.116249,0.059963
28.94583,0.937539,0.123837,0.063992,0.116102,0.059995
28.95156,0.937515,0.123682,0.064026,0.115954,0.060026
28.95729,0.937490,0.123528,0.064061,0.115806,0.060057
28.96302,0.937466,0.123374,0.064096,0.115659,0.060088
28.96875,0.937442,0.123219,0.064130,0.115511,0.060119
28.97448,0.937418,0.123065,0.064165,0.115363,0.060149
28.98021,0.937394,0.122911,0.064199,0.115216,0.060180
28.98593,0.937369,0.122756,0.064234,0.115068,0.060211
28.99166,0.937345,0.122601,0.064268,0.114920,0.060241
28.99739,0.937321,0.122447,0.064302,0.114772,0.060271
29.00312,0.937297,0.122292,0.064336,0.114624,0.060302
29.00885,0.937272,0.122137,0.064370,0.114476,0.060332
29.01458,0.937248,0.121982,0.064404,0.114328,0.060362
29.02031,0.937224,0.121827,0.064437,0.114180,0.060392
29.02604,0.937200,0.121673,0.064471,0.114031,0.060422
29.03177,0.937175,0.121518,0.064504,0.113883,0.060452
29.03750,0.937151,0.121362,0.064538,0.113735,0.060482
29.04323,0.937127,0.121207,0.064571,0.113587,0.060511
29.04896,0.937103,0.121052,0.064604,0.113438,0.060541
29.05469,0.937078,0.120897,0.064637,0.113290,0.060570
29.06042,0.937054,0.120742,0.064671,0.113141,0.060600
29.06615,0.937030,0.120586,0.064703,0.112993,0.060629
29.07188,0.937005,0.120431,0.064736,0.112844,0.060658
29.07761,0.936981,0.120275,0.064769,0.112696,0.060687
29.08334,0.936957,0.120120,0.064802,0.112547,0.060716
29.08907,0.936933,0.119964,0.064834,0.112398,0.060745
29.09480,0.936908,0.119809,0.064867,0.112250,0.060774
29.10053,0.936884,0.119653,0.064899,0.112101,0.060803
29.10626,0.936860,0.119497,0.064931,0.111952,0.060831
29.11199,0.936835,0.119341,0.064963,0.111803,0.060860
29.11772,0.936811,0.119186,0.064995,0.111654,0.060888
29.12344,0.936787,0.119030,0.065027,0.111505,0.060917
29.12917,0.936762,0.118874,0.065059,0.111356,0.060945
29.13490,0.936738,0.118718,0.065091,0.111207,0.060973
29.14063,0.936714,0.118562,0.065123,0.111058,0.061001
29.14636,0.936689,0.118406,0.065154,0.110909,0.061029
29.15209,0.936665,0.118249,0.065186,0.110760,0.061057
29.15782,0.936640,0.118093,0.065217,0.110611,0.061085
29.16355,0.936616,0.117937,0.065249,0.110462,0.061113
29.16928,0.936592,0.117781,0.065280,0.110312,0.061140
29.17501,0.936567,0.117624,0.065311,0.110163,0.061168
29.18074,0.936543,0.117468,0.065342,0.110014,0.061195
29.18647,0.936519,0.117311,0.065373,0.109864,0.061223
29.19220,0.936494,0.117155,0.065404,0.109715,0.061250
29.19793,0.936470,0.116998,0.065434,0.109565,0.061277
29.20366,0.936445,0.116842,0.065465,0.109416,0.061304
29.20939,0.936421,0.116685,0.065495,0.109266,0.061331
29.21512,0.936397,0.116528,0.065526,0.109117,0.061358
29.22085,0.936372,0.116371,0.065556,0.108967,0.061385
29.22658,0.936348,0.116214,0.065587,0.108817,0.061412
29.23231,0.936323,0.116058,0.065617,0.108667,0.061438
29.23804,0.936299,0.115901,0.065647,0.108518,0.061465
29.24377,0.936275,0.115744,0.065677,0.108368,0.061491
29.24950,0.936250,0.115587,0.065707,0.108218,0.061518
29.25523,0.936226,0.115430,0.065736,0.108068,0.061544
29.26095,0.936201,0.115272,0.065766,0.107918,0.061570
29.26668,0.936177,0.115115,0.065796,0.107768,0.061596
29.27241,0.936152,0.114958,0.065825,0.107618,0.061622
29.27814,0.936128,0.114801,0.065854,0.107468,0.061648
29.28387,0.936103,0.114643,0.065884,0.107318,0.061674
29.28960,0.936079,0.114486,0.065913,0.107168,0.061700
29.29533,0.936055,0.114328,0.065942,0.107018,0.061725
29.30106,0.936030,0.114171,0.065971,0.106868,0.061751
29.30679,0.936006,0.114013,0.066000,0.106717,0.061776
29.31252,0.935981,0.113856,0.066029,0.106567,0.061802
29.31825,0.935957,0.113698,0.066058,0.106417,0.061827
29.32398,0.935932,0.113541,0.066086,0.106266,0.061852
29.32971,0.935908,0.113383,0.066115,0.106116,0.061877
29.33544,0.935883,0.113225,0.066143,0.105965,0.061902
29.34117,0.935859,0.113067,0.066172,0.105815,0.061927
29.34690,0.935834,0.112909,0.066200,0.105664,0.061952
29.35263,0.935810,0.112751,0.066228,0.105514,0.061977
29.35836,0.935785,0.112594,0.066256,0.105363,0.062002
29.36409,0.935761,0.112436,0.066284,0.105213,0.062026
29.36982,0.935736,0.112277,0.066312,0.105062,0.062051
29.37555,0.935712,0.112119,0.066340,0.104911,0.062075
29.38128,0.935687,0.111961,0.066368,0.104761,0.062099
29.38701,0.935663,0.111803,0.066395,0.104610,0.062124
29.39273,0.935638,0.111645,0.066423,0.104459,0.062148
29.39846,0.935613,0.111486,0.066450,0.104308,0.062172
29.40419,0.935589,0.111328,0.066477,0.104157,0.062196
29.40992,0.935564,0.111170,0.066505,0.104006,0.062219
29.41565,0.935540,0.111011,0.066532,0.103856,0.062243
29.42138,0.935515,0.110853,0.066559,0.103705,0.062267
29.42711,0.935491,0.110694,0.066586,0.103554,0.062290
29.43284,0.935466,0.110536,0.066613,0.103403,0.062314
29.43857,0.935442,0.110377,0.066640,0.103251,0.062337
29.44430,0.935417,0.110219,0.066666,0.103100,0.062361
29.45003,0.935392,0.110060,0.066693,0.102949,0.062384
29.45576,0.935368,0.109901,0.066719,0.102798,0.062407
29.46149,0.935343,0.109742,0.066746,0.102647,0.062430
29.46722,0.935319,0.109584,0.066772,0.102496,0.062453
29.47295,0.935294,0.109425,0.066798,0.102344,0.062476
29.47868,0.935269,0.109266,0.066824,0.102193,0.062499
29.48441,0.935245,0.109107,0.066850,0.102042,0.062522
29.49014,0.935220,0.108948,0.066876,0.101890,0.062544
29.49587,0.935196,0.108789,0.066902,0.101739,0.062567
29.50160,0.935171,0.108630,0.066928,0.101587,0.062589
29.50733,0.935146,0.108471,0.066954,0.101436,0.062612
29.51306,0.935122,0.108312,0.066979,0.101284,0.062634
29.51879,0.935097,0.108152,0.067005,0.101133,0.062656
29.52452,0.935072,0.107993,0.067030,0.100981,0.062678
29.53024,0.935048,0.107834,0.067055,0.100830,0.062700
29.53597,0.935023,0.107674,0.067081,0.100678,0.062722
29.54170,0.934999,0.107515,0.067106,0.100526,0.062744
29.54743,0.934974,0.107356,0.067131,0.100375,0.062766
29.55316,0.934949,0.107196,0.067156,0.100223,0.062787
29.55889,0.934925,0.107037,0.067181,0.100071,0.062809
29.56462,0.934900,0.106877,0.067205,0.099920,0.062830
29.57035,0.934875,0.106718,0.067230,0.099768,0.062852
29.57608,0.934851,0.106558,0.067255,0.099616,0.062873
29.58181,0.934826,0.106398,0.067279,0.099464,0.062894
29.58754,0.934801,0.106239,0.067304,0.099312,0.062915
29.59327,0.934776,0.106079,0.067328,0.099160,0.062936
29.59900,0.934752,0.105919,0.067352,0.099008,0.062957
29.60473,0.934727,0.105759,0.067376,0.098856,0.062978
29.61046,0.934702,0.105600,0.067400,0.098704,0.062999
29.61619,0.934678,0.105440,0.067424,0.098552,0.063020
29.62192,0.934653,0.105280,0.067448,0.098400,0.063040
29.62765,0.934628,0.105120,0.067472,0.098248,0.063061
29.63338,0.934604,0.104960,0.067495,0.098096,0.063081
29.63911,0.934579,0.104800,0.067519,0.097944,0.063102
29.64484,0.934554,0.104640,0.067542,0.097791,0.063122
29.65057,0.934529,0.104480,0.067566,0.097639,0.063142
29.65630,0.934505,0.104319,0.067589,0.097487,0.063162
29.66203,0.934480,0.104159,0.067612,0.097335,0.063182
29.66775,0.934455,0.103999,0.067636,0.097182,0.063202
29.67348,0.934430,0.103839,0.067659,0.097030,0.063222
29.67921,0.934406,0.103679,0.067682,0.096878,0.063242
29.68494,0.934381,0.103518,0.067704,0.096725,0.063262
29.69067,0.934356,0.103358,0.067727,0.096573,0.063281
29.69640,0.934331,0.103197,0.067750,0.096421,0.063301
29.70213,0.934307,0.103037,0.067772,0.096268,0.063320
29.70786,0.934282,0.102876,0.067795,0.096116,0.063340
29.71359,0.934257,0.102716,0.067817,0.095963,0.063359
29.71932,0.934232,0.102555,0.067840,0.095811,0.063378
29.72505,0.934207,0.102395,0.067862,0.095658,0.063397
29.73078,0.934183,0.102234,0.067884,0.095505,0.063416
29.73651,0.934158,0.102074,0.067906,0.095353,0.063435
29.74224,0.934133,0.101913,0.067928,0.095200,0.063454
29.74797,0.934108,0.101752,0.067950,0.095047,0.063473
29.75370,0.934083,0.101591,0.067972,0.094895,0.063491
29.75943,0.934059,0.101431,0.067993,0.094742,0.063510
29.76516,0.934034,0.101270,0.068015,0.094589,0.063528
29.77089,0.934009,0.101109,0.068036,0.094437,0.063547
29.77662,0.933984,0.100948,0.068058,0.094284,0.063565
29.78235,0.933959,0.100787,0.068079,0.094131,0.063583
29.78808,0.933934,0.100626,0.068100,0.093978,0.063601
29.79381,0.933910,0.100465,0.068122,0.093825,0.063619
29.79953,0.933885,0.100304,0.068143,0.093672,0.063637
29.80526,0.933860,0.100143,0.068164,0.093520,0.063655
29.81099,0.933835,0.099982,0.068185,0.093367,0.063673
29.81672,0.933810,0.099821,0.068205,0.093214,0.063691
29.82245,0.933785,0.099660,0.068226,0.093061,0.063709
29.82818,0.933760,0.099498,0.068247,0.092908,0.063726
29.83391,0.933736,0.099337,0.068267,0.092755,0.063744
29.83964,0.933711,0.099176,0.068288,0.092602,0.063761
29.84537,0.933686,0.099015,0.068308,0.092449,0.063778
29.85110,0.933661,0.098853,0.068328,0.092295,0.063796
29.85683,0.933636,0.098692,0.068349,0.092142,0.063813
29.86256,0.933611,0.098531,0.068369,0.091989,0.063830
29.86829,0.933586,0.098369,0.068389,0.091836,0.063847
29.87402,0.933561,0.098208,0.068409,0.091683,0.063864
29.87975,0.933536,0.098046,0.068428,0.091530,0.063880
29.88548,0.933512,0.097885,0.068448,0.091376,0.063897
29.89121,0.933487,0.097723,0.068468,0.091223,0.063914
29.89694,0.933462,0.097562,0.068487,0.091070,0.063930
29.90267,0.933437,0.097400,0.068507,0.090917,0.063947
29.90840,0.933412,0.097238,0.068526,0.090763,0.063963
29.91413,0.933387,0.097077,0.068546,0.090610,0.063980
29.91986,0.933362,0.096915,0.068565,0.090457,0.063996
29.92559,0.933337,0.096753,0.068584,0.090303,0.064012
29.93132,0.933312,0.096591,0.068603,0.090150,0.064028
29.93704,0.933287,0.096430,0.068622,0.089997,0.064044
29.94277,0.933262,0.096268,0.068641,0.089843,0.064060
29.94850,0.933237,0.096106,0.068660,0.089690,0.064076
29.95423,0.933212,0.095944,0.068678,0.089536,0.064092
29.95996,0.933187,0.095782,0.068697,0.089383,0.064107
29.96569,0.933162,0.095620,0.068716,0.089229,0.064123
29.97142,0.933137,0.095458,0.068734,0.089076,0.064138
29.97715,0.933112,0.095296,0.068752,0.088922,0.064154
29.98288,0.933087,0.095134,0.068771,0.088769,0.064169
29.98861,0.933062,0.094972,0.068789,0.088615,0.064184
29.99434,0.933037,0.094810,0.068807,0.088462,0.064199
30.00007,0.933012,0.094648,0.068825,0.088308,0.064214
30.00580,0.932987,0.094486,0.068843,0.088154,0.064229
30.01153,0.932962,0.094324,0.068861,0.088001,0.064244
30.01726,0.932937,0.094162,0.068878,0.087847,0.064259
30.02299,0.932912,0.094000,0.068896,0.087693,0.064274
30.02872,0.932887,0.093837,0.068914,0.087540,0.064289
30.03445,0.932862,0.093675,0.068931,0.087386,0.064303
30.04018,0.932837,0.093513,0.068949,0.087232,0.064318
30.04591,0.932812,0.093351,0.068966,0.087079,0.064332
30.05164,0.932787,0.093188,0.068983,0.086925,0.064347
30.05737,0.932762,0.093026,0.069000,0.086771,0.064361
30.06310,0.932737,0.092863,0.069017,0.086617,0.064375
30.06883,0.932712,0.092701,0.069034,0.086463,0.064389
30.07455,0.932687,0.092539,0.069051,0.086310,0.064403
30.08028,0.932662,0.092376,0.069068,0.086156,0.064417
30.08601,0.932637,0.092214,0.069085,0.086002,0.064431
30.09174,0.932612,0.092051,0.069101,0.085848,0.064445
30.09747,0.932587,0.091889,0.069118,0.085694,0.064458
30.10320,0.932562,0.091726,0.069134,0.085540,0.064472
30.10893,0.932537,0.091564,0.069151,0.085386,0.064486
30.11466,0.932512,0.091401,0.069167,0.085232,0.064499
30.12039,0.932486,0.091238,0.069183,0.085079,0.064512
30.12612,0.932461,0.091076,0.069199,0.084925,0.064526
30.13185,0.932436,0.090913,0.069215,0.084771,0.064539
30.13758,0.932411,0.090750,0.069231,0.084617,0.064552
30.14331,0.932386,0.090588,0.069247,0.084463,0.064565
30.14904,0.932361,0.090425,0.069263,0.084309,0.064578
30.15477,0.932336,0.090262,0.069279,0.084155,0.064591
30.16050,0.932311,0.090099,0.069294,0.084001,0.064604
30.16623,0.932286,0.089937,0.069310,0.083847,0.064617
30.17196,0.932260,0.089774,0.069325,0.083692,0.064629
30.17769,0.932235,0.089611,0.069341,0.083538,0.064642
30.18342,0.932210,0.089448,0.069356,0.083384,0.064654
30.18915,0.932185,0.089285,0.069371,0.083230,0.064667
30.19488,0.932160,0.089122,0.069386,0.083076,0.064679
30.20061,0.932135,0.088959,0.069401,0.082922,0.064691
30.20633,0.932110,0.088796,0.069416,0.082768,0.064704
30.21206,0.932084,0.088633,0.069431,0.082614,0.064716
30.21779,0.932059,0.088470,0.069446,0.082460,0.064728
30.22352,0.932034,0.088307,0.069461,0.082305,0.064740
30.22925,0.932009,0.088144,0.069475,0.082151,0.064751
30.23498,0.931984,0.087981,0.069490,0.081997,0.064763
30.24071,0.931959,0.087818,0.069504,0.081843,0.064775
30.24644,0.931933,0.087655,0.069518,0.081689,0.064787
30.25217,0.931908,0.087492,0.069533,0.081534,0.064798
30.25790,0.931883,0.087329,0.069547,0.081380,0.064810
30.26363,0.931858,0.087166,0.069561,0.081226,0.064821
30.26936,0.931833,0.087002,0.069575,0.081072,0.064832
30.27509,0.931807,0.086839,0.069589,0.080917,0.064844
30.28082,0.931782,0.086676,0.069603,0.080763,0.064855
30.28655,0.931757,0.086513,0.069617,0.080609,0.064866
30.29228,0.931732,0.086349,0.069630,0.080454,0.064877
30.29801,0.931707,0.086186,0.069644,0.080300,0.064888
30.30374,0.931681,0.086023,0.069657,0.080146,0.064899
30.30947,0.931656,0.085860,0.069671,0.079992,0.064909
30.31520,0.931631,0.085696,0.069684,0.079837,0.064920
30.32093,0.931606,0.085533,0.069698,0.079683,0.064931
30.32666,0.931580,0.085369,0.069711,0.079529,0.064941
30.33239,0.931555,0.085206,0.069724,0.079374,0.064952
30.33812,0.931530,0.085043,0.069737,0.079220,0.064962
30.34384,0.931505,0.084879,0.069750,0.079065,0.064972
30.34957,0.931479,0.084716,0.069763,0.078911,0.064982
30.35530,0.931454,0.084552,0.069775,0.078757,0.064993
30.36103,0.931429,0.084389,0.069788,0.078602,0.065003
30.36676,0.931404,0.084225,0.069801,0.078448,0.065013
30.37249,0.931378,0.084062,0.069813,0.078293,0.065023
30.37822,0.931353,0.083898,0.069826,0.078139,0.065032
30.38395,0.931328,0.083735,0.069838,0.077985,0.065042
30.38968,0.931302,0.083571,0.069850,0.077830,0.065052
30.39541,0.931277,0.083408,0.069863,0.077676,0.065061
30.40114,0.931252,0.083244,0.069875,0.077521,0.065071
30.40687,0.931226,0.083081,0.069887,0.077367,0.065080
30.41260,0.931201,0.082917,0.069899,0.077212,0.065090
30.41833,0.931176,0.082753,0.069911,0.077058,0.065099
30.42406,0.931151,0.082590,0.069922,0.076903,0.065108
30.42979,0.931125,0.082426,0.069934,0.076749,0.065117
30.43552,0.931100,0.082262,0.069946,0.076594,0.065126
30.44125,0.931075,0.082099,0.069957,0.076440,0.065135
30.44698,0.931049,0.081935,0.069969,0.076285,0.065144
30.45271,0.931024,0.081771,0.069980,0.076131,0.065153
30.45844,0.930999,0.081607,0.069991,0.075976,0.065162
30.46417,0.930973,0.081444,0.070003,0.075822,0.065171
30.46990,0.930948,0.081280,0.070014,0.075667,0.065179
30.47563,0.930923,0.081116,0.070025,0.075513,0.065188
30.48135,0.930897,0.080952,0.070036,0.075358,0.065196
30.48708,0.930872,0.080789,0.070047,0.075204,0.065205
30.49281,0.930846,0.080625,0.070058,0.075049,0.065213
30.49854,0.930821,0.080461,0.070068,0.074895,0.065221
30.50427,0.930796,0.080297,0.070079,0.074740,0.065229
30.51000,0.930770,0.080133,0.070090,0.074586,0.065237
30.51573,0.930745,0.079969,0.070100,0.074431,0.065245
30.52146,0.930719,0.079806,0.070110,0.074277,0.065253
30.52719,0.930694,0.079642,0.070121,0.074122,0.065261
30.53292,0.930669,0.079478,0.070131,0.073967,0.065269
30.53865,0.930643,0.079314,0.070141,0.073813,0.065276
30.54438,0.930618,0.079150,0.070151,0.073658,0.065284
30.55011,0.930592,0.078986,0.070161,0.073504,0.065292
30.55584,0.930567,0.078822,0.070171,0.073349,0.065299
30.56157,0.930542,0.078658,0.070181,0.073195,0.065306
30.56730,0.930516,0.078494,0.070191,0.073040,0.065314
30.57303,0.930491,0.078330,0.070201,0.072885,0.065321
30.57876,0.930465,0.078166,0.070210,0.072731,0.065328
30.58449,0.930440,0.078002,0.070220,0.072576,0.065335
30.59022,0.930414,0.077838,0.070229,0.072422,0.065342
30.59595,0.930389,0.077674,0.070239,0.072267,0.065349
30.60168,0.930364,0.077510,0.070248,0.072113,0.065356
30.60741,0.930338,0.077346,0.070257,0.071958,0.065363
30.61313,0.930313,0.077182,0.070266,0.071803,0.065370
30.61886,0.930287,0.077018,0.070275,0.071649,0.065376
30.62459,0.930262,0.076854,0.070284,0.071494,0.065383
30.63032,0.930236,0.076690,0.070293,0.071340,0.065389
30.63605,0.930211,0.076526,0.070302,0.071185,0.065396
30.64178,0.930185,0.076362,0.070311,0.071030,0.065402
30.64751,0.930160,0.076198,0.070319,0.070876,0.065408
30.65324,0.930134,0.076033,0.070328,0.070721,0.065414
30.65897,0.930109,0.075869,0.070336,0.070567,0.065421
30.66470,0.930083,0.075705,0.070345,0.070412,0.065427
30.67043,0.930058,0.075541,0.070353,0.070258,0.065433
30.67616,0.930032,0.075377,0.070361,0.070103,0.065438
30.68189,0.930007,0.075213,0.070370,0.069948,0.065444
30.68762,0.929981,0.075049,0.070378,0.069794,0.065450
30.69335,0.929956,0.074884,0.070386,0.069639,0.065456
30.69908,0.929930,0.074720,0.070394,0.069485,0.065461
30.70481,0.929905,0.074556,0.070402,0.069330,0.065467
30.71054,0.929879,0.074392,0.070409,0.069175,0.065472
30.71627,0.929854,0.074228,0.070417,0.069021,0.065478
30.72200,0.929828,0.074064,0.070425,0.068866,0.065483
30.72773,0.929803,0.073899,0.070432,0.068712,0.065488
30.73346,0.929777,0.073735,0.070440,0.068557,0.065493
30.73919,0.929751,0.073571,0.070447,0.068403,0.065498
30.74492,0.929726,0.073407,0.070455,0.068248,0.065503
30.75064,0.929700,0.073242,0.070462,0.068094,0.065508
30.75637,0.929675,0.073078,0.070469,0.067939,0.065513
30.76210,0.929649,0.072914,0.070476,0.067784,0.065518
30.76783,0.929624,0.072750,0.070483,0.067630,0.065523
30.77356,0.929598,0.072585,0.070490,0.067475,0.065527
30.77929,0.929572,0.072421,0.070497,0.067321,0.065532
30.78502,0.929547,0.072257,0.070504,0.067166,0.065536
30.79075,0.929521,0.072093,0.070510,0.067012,0.065541
30.79648,0.929496,0.071928,0.070517,0.066857,0.065545
30.80221,0.929470,0.071764,0.070524,0.066703,0.065550
30.80794,0.929444,0.071600,0.070530,0.066548,0.065554
30.81367,0.929419,0.071436,0.070536,0.066394,0.065558
30.81940,0.929393,0.071271,0.070543,0.066239,0.065562
30.82513,0.929368,0.071107,0.070549,0.066085,0.065566
30.83086,0.929342,0.070943,0.070555,0.065930,0.065570
30.83659,0.929316,0.070778,0.070561,0.065776,0.065574
30.84232,0.929291,0.070614,0.070567,0.065621,0.065578
30.84805,0.929265,0.070450,0.070573,0.065467,0.065581
30.85378,0.929239,0.070285,0.070579,0.065312,0.065585
30.85951,0.929214,0.070121,0.070585,0.065158,0.065588
30.86524,0.929188,0.069957,0.070591,0.065003,0.065592
30.87097,0.929163,0.069793,0.070596,0.064849,0.065595
30.87670,0.929137,0.069628,0.070602,0.064694,0.065599
30.88243,0.929111,0.069464,0.070607,0.064540,0.065602
30.88815,0.929086,0.069300,0.070613,0.064385,0.065605
30.89388,0.929060,0.069135,0.070618,0.064231,0.065608
30.89961,0.929034,0.068971,0.070623,0.064076,0.065611
30.90534,0.929009,0.068807,0.070628,0.063922,0.065614
30.91107,0.928983,0.068642,0.070633,0.063768,0.065617
30.91680,0.928957,0.068478,0.070638,0.063613,0.065620
30.92253,0.928931,0.068314,0.070643,0.063459,0.065623
30.92826,0.928906,0.068149,0.070648,0.063304,0.065626
30.93399,0.928880,0.067985,0.070653,0.063150,0.065628
30.93972,0.928854,0.067821,0.070658,0.062995,0.065631
30.94545,0.928829,0.067656,0.070662,0.062841,0.065633
30.95118,0.928803,0.067492,0.070667,0.062687,0.065636
30.95691,0.928777,0.067328,0.070671,0.062532,0.065638
30.96264,0.928751,0.067163,0.070676,0.062378,0.065640
30.96837,0.928726,0.066999,0.070680,0.062224,0.065643
30.97410,0.928700,0.066835,0.070684,0.062069,0.065645
30.97983,0.928674,0.066670,0.070689,0.061915,0.065647
30.98556,0.928649,0.066506,0.070693,0.061761,0.065649
30.99129,0.928623,0.066342,0.070697,0.061606,0.065651
30.99702,0.928597,0.066177,0.070701,0.061452,0.065653
31.00275,0.928571,0.066013,0.070705,0.061298,0.065654
31.00848,0.928546,0.065849,0.070708,0.061143,0.065656
31.01421,0.928520,0.065684,0.070712,0.060989,0.065658
31.01994,0.928494,0.065520,0.070716,0.060835,0.065659
31.02566,0.928468,0.065356,0.070719,0.060681,0.065661
31.03139,0.928442,0.065191,0.070723,0.060526,0.065662
31.03712,0.928417,0.065027,0.070726,0.060372,0.065664
31.04285,0.928391,0.064863,0.070730,0.060218,0.065665
31.04858,0.928365,0.064698,0.070733,0.060064,0.065666
31.05431,0.928339,0.064534,0.070736,0.059910,0.065667
31.06004,0.928314,0.064370,0.070739,0.059755,0.065668
31.06577,0.928288,0.064205,0.070742,0.059601,0.065669
31.07150,0.928262,0.064041,0.070745,0.059447,0.065670
31.07723,0.928236,0.063877,0.070748,0.059293,0.065671
31.08296,0.928210,0.063713,0.070751,0.059139,0.065672
31.08869,0.928185,0.063548,0.070754,0.058985,0.065673
31.09442,0.928159,0.063384,0.070757,0.058830,0.065673
31.10015,0.928133,0.063220,0.070759,0.058676,0.065674
31.10588,0.928107,0.063055,0.070762,0.058522,0.065675
31.11161,0.928081,0.062891,0.070764,0.058368,0.065675
31.11734,0.928055,0.062727,0.070767,0.058214,0.065675
31.12307,0.928030,0.062563,0.070769,0.058060,0.065676
31.12880,0.928004,0.062398,0.070771,0.057906,0.065676
31.13453,0.927978,0.062234,0.070773,0.057752,0.065676
31.14026,0.927952,0.062070,0.070776,0.057598,0.065676
31.14599,0.927926,0.061906,0.070778,0.057444,0.065676
31.15172,0.927900,0.061741,0.070780,0.057290,0.065676
31.15744,0.927874,0.061577,0.070781,0.057136,0.065676
31.16317,0.927849,0.061413,0.070783,0.056982,0.065676
31.16890,0.927823,0.061249,0.070785,0.056828,0.065676
31.17463,0.927797,0.061084,0.070787,0.056674,0.065676
31.18036,0.927771,0.060920,0.070788,0.056520,0.065675
31.18609,0.927745,0.060756,0.070790,0.056366,0.065675
31.19182,0.927719,0.060592,0.070791,0.056212,0.065674
31.19755,0.927693,0.060428,0.070793,0.056058,0.065674
31.20328,0.927667,0.060263,0.070794,0.055904,0.065673
31.20901,0.927641,0.060099,0.070795,0.055751,0.065672
31.21474,0.927615,0.059935,0.070796,0.055597,0.065672
31.22047,0.927590,0.059771,0.070797,0.055443,0.065671
31.22620,0.927564,0.059607,0.070798,0.055289,0.065670
31.23193,0.927538,0.059443,0.070799,0.055135,0.065669
31.23766,0.927512,0.059278,0.070800,0.054981,0.065668
31.24339,0.927486,0.059114,0.070801,0.054828,0.065667
31.24912,0.927460,0.058950,0.070802,0.054674,0.065666
31.25485,0.927434,0.058786,0.070802,0.054520,0.065664
31.26058,0.927408,0.058622,0.070803,0.054366,0.065663
31.26631,0.927382,0.058458,0.070803,0.054213,0.065662
31.27204,0.927356,0.058294,0.070804,0.054059,0.065660
31.27777,0.927330,0.058130,0.070804,0.053905,0.065659
31.28350,0.927304,0.057965,0.070804,0.053752,0.065657
31.28923,0.927278,0.057801,0.070805,0.053598,0.065656
31.29495,0.927252,0.057637,0.070805,0.053444,0.065654
31.30068,0.927226,0.057473,0.070805,0.053291,0.065652
31.30641,0.927200,0.057309,0.070805,0.053137,0.065650
31.31214,0.927174,0.057145,0.070805,0.052984,0.065648
31.31787,0.927148,0.056981,0.070805,0.052830,0.065646
31.32360,0.927122,0.056817,0.070804,0.052676,0.065644
31.32933,0.927096,0.056653,0.070804,0.052523,0.065642
31.33506,0.927070,0.056489,0.070804,0.052369,0.065640
31.34079,0.927044,0.056325,0.070803,0.052216,0.065638
31.34652,0.927018,0.056161,0.070803,0.052062,0.065636
31.35225,0.926992,0.055997,0.070802,0.051909,0.065633
31.35798,0.926966,0.055833,0.070802,0.051755,0.065631
31.36371,0.926940,0.055669,0.070801,0.051602,0.065628
31.36944,0.926914,0.055505,0.070800,0.051449,0.065626
31.37517,0.926888,0.055341,0.070799,0.051295,0.065623
31.38090,0.926862,0.055177,0.070798,0.051142,0.065620
31.38663,0.926836,0.055014,0.070797,0.050989,0.065618
31.39236,0.926810,0.054850,0.070796,0.050835,0.065615
31.39809,0.926784,0.054686,0.070795,0.050682,0.065612
31.40382,0.926758,0.054522,0.070794,0.050529,0.065609
31.40955,0.926732,0.054358,0.070793,0.050375,0.065606
31.41528,0.926706,0.054194,0.070791,0.050222,0.065603
31.42101,0.926680,0.054030,0.070790,0.050069,0.065600
31.42674,0.926654,0.053867,0.070788,0.049916,0.065596
31.43246,0.926628,0.053703,0.070787,0.049762,0.065593
31.43819,0.926602,0.053539,0.070785,0.049609,0.065590
31.44392,0.926576,0.053375,0.070783,0.049456,0.065586
31.44965,0.926549,0.053211,0.070782,0.049303,0.065583
31.45538,0.926523,0.053048,0.070780,0.049150,0.065579
31.46111,0.926497,0.052884,0.070778,0.048997,0.065576
31.46684,0.926471,0.052720,0.070776,0.048844,0.065572
31.47257,0.926445,0.052556,0.070774,0.048691,0.065568
31.47830,0.926419,0.052393,0.070772,0.048538,0.065564
31.48403,0.926393,0.052229,0.070770,0.048385,0.065560
31.48976,0.926367,0.052065,0.070767,0.048232,0.065557
31.49549,0.926341,0.051902,0.070765,0.048079,0.065553
31.50122,0.926315,0.051738,0.070763,0.047926,0.065548
31.50695,0.926288,0.051574,0.070760,0.047773,0.065544
31.51268,0.926262,0.051411,0.070758,0.047620,0.065540
31.51841,0.926236,0.051247,0.070755,0.047467,0.065536
31.52414,0.926210,0.051084,0.070752,0.047314,0.065532
31.52987,0.926184,0.050920,0.070750,0.047161,0.065527
31.53560,0.926158,0.050756,0.070747,0.047008,0.065523
31.54133,0.926132,0.050593,0.070744,0.046856,0.065518
31.54706,0.926105,0.050429,0.070741,0.046703,0.065514
31.55279,0.926079,0.050266,0.070738,0.046550,0.065509
31.55852,0.926053,0.050102,0.070735,0.046397,0.065504
31.56424,0.926027,0.049939,0.070732,0.046245,0.065499
31.56997,0.926001,0.049775,0.070729,0.046092,0.065495
31.57570,0.925975,0.049612,0.070725,0.045939,0.065490
31.58143,0.925948,0.049448,0.070722,0.045787,0.065485
31.58716,0.925922,0.049285,0.070718,0.045634,0.065480
31.59289,0.925896,0.049122,0.070715,0.045482,0.065475
31.59862,0.925870,0.048958,0.070711,0.045329,0.065470
31.60435,0.925844,0.048795,0.070708,0.045176,0.065464
31.61008,0.925817,0.048632,0.070704,0.045024,0.065459
31.61581,0.925791,0.048468,0.070700,0.044871,0.065454
31.62154,0.925765,0.048305,0.070696,0.044719,0.065448
31.62727,0.925739,0.048142,0.070693,0.044567,0.065443
31.63300,0.925712,0.047978,0.070689,0.044414,0.065437
31.63873,0.925686,0.047815,0.070684,0.044262,0.065432
31.64446,0.925660,0.047652,0.070680,0.044109,0.065426
31.65019,0.925634,0.047489,0.070676,0.043957,0.065420
31.65592,0.925608,0.047325,0.070672,0.043805,0.065415
31.66165,0.925581,0.047162,0.070668,0.043652,0.065409
31.66738,0.925555,0.046999,0.070663,0.043500,0.065403
31.67311,0.925529,0.046836,0.070659,0.043348,0.065397
31.67884,0.925503,0.046673,0.070654,0.043196,0.065391
31.68457,0.925476,0.046510,0.070650,0.043044,0.065385
31.69030,0.925450,0.046346,0.070645,0.042891,0.065378
31.69603,0.925424,0.046183,0.070640,0.042739,0.065372
31.70175,0.925398,0.046020,0.070636,0.042587,0.065366
31.70748,0.925371,0.045857,0.070631,0.042435,0.065360
31.71321,0.925345,0.045694,0.070626,0.042283,0.065353
31.71894,0.925319,0.045531,0.070621,0.042131,0.065347
31.72467,0.925292,0.045368,0.070616,0.041979,0.065340
31.73040,0.925266,0.045205,0.070611,0.041827,0.065334
31.73613,0.925240,0.045042,0.070605,0.041675,0.065327
31.74186,0.925213,0.044879,0.070600,0.041523,0.065320
31.74759,0.925187,0.044717,0.070595,0.041371,0.065313
31.75332,0.925161,0.044554,0.070589,0.041219,0.065307
31.75905,0.925135,0.044391,0.070584,0.041067,0.065300
31.76478,0.925108,0.044228,0.070579,0.040916,0.065293
31.77051,0.925082,0.044065,0.070573,0.040764,0.065286
31.77624,0.925056,0.043902,0.070567,0.040612,0.065279
31.78197,0.925029,0.043740,0.070562,0.040460,0.065272
31.78770,0.925003,0.043577,0.070556,0.040309,0.065264
31.79343,0.924977,0.043414,0.070550,0.040157,0.065257
31.79916,0.924950,0.043251,0.070544,0.040005,0.065250
31.80489,0.924924,0.043089,0.070538,0.039854,0.065242
31.81062,0.924898,0.042926,0.070532,0.039702,0.065235
31.81635,0.924871,0.042763,0.070526,0.039551,0.065227
31.82208,0.924845,0.042601,0.070520,0.039399,0.065220
31.82781,0.924818,0.042438,0.070513,0.039248,0.065212
31.83354,0.924792,0.042276,0.070507,0.039096,0.065204
31.83926,0.924766,0.042113,0.070501,0.038945,0.065197
31.84499,0.924739,0.041950,0.070494,0.038793,0.065189
31.85072,0.924713,0.041788,0.070488,0.038642,0.065181
31.85645,0.924687,0.041625,0.070481,0.038490,0.065173
31.86218,0.924660,0.041463,0.070475,0.038339,0.065165
31.86791,0.924634,0.041301,0.070468,0.038188,0.065157
31.87364,0.924607,0.041138,0.070461,0.038037,0.065149
31.87937,0.924581,0.040976,0.070454,0.037885,0.065141
31.88510,0.924555,0.040813,0.070447,0.037734,0.065132
31.89083,0.924528,0.040651,0.070440,0.037583,0.065124
31.89656,0.924502,0.040489,0.070433,0.037432,0.065116
31.90229,0.924475,0.040326,0.070426,0.037281,0.065107
31.90802,0.924449,0.040164,0.070419,0.037130,0.065099
31.91375,0.924422,0.040002,0.070412,0.036979,0.065090
31.91948,0.924396,0.039840,0.070405,0.036828,0.065082
31.92521,0.924370,0.039677,0.070397,0.036677,0.065073
31.93094,0.924343,0.039515,0.070390,0.036526,0.065064
31.93667,0.924317,0.039353,0.070382,0.036375,0.065056
31.94240,0.924290,0.039191,0.070375,0.036224,0.065047
31.94813,0.924264,0.039029,0.070367,0.036073,0.065038
31.95386,0.924237,0.038867,0.070360,0.035922,0.065029
31.95959,0.924211,0.038705,0.070352,0.035771,0.065020
31.96532,0.924184,0.038543,0.070344,0.035621,0.065011
31.97104,0.924158,0.038381,0.070336,0.035470,0.065002
31.97677,0.924131,0.038219,0.070328,0.035319,0.064993
31.98250,0.924105,0.038057,0.070320,0.035168,0.064983
31.98823,0.924078,0.037895,0.070312,0.035018,0.064974
31.99396,0.924052,0.037733,0.070304,0.034867,0.064965
31.99969,0.924025,0.037571,0.070296,0.034717,0.064955
32.00542,0.923999,0.037409,0.070288,0.034566,0.064946
32.01115,0.923972,0.037247,0.070279,0.034416,0.064936
32.01688,0.923946,0.037086,0.070271,0.034265,0.064927
32.02261,0.923919,0.036924,0.070263,0.034115,0.064917
32.02834,0.923893,0.036762,0.070254,0.033964,0.064907
32.03407,0.923866,0.036601,0.070245,0.033814,0.064897
32.03980,0.923840,0.036439,0.070237,0.033664,0.064888
32.04553,0.923813,0.036277,0.070228,0.033513,0.064878
32.05126,0.923787,0.036116,0.070219,0.033363,0.064868
32.05699,0.923760,0.035954,0.070211,0.033213,0.064858
32.06272,0.923734,0.035792,0.070202,0.033063,0.064848
32.06845,0.923707,0.035631,0.070193,0.032912,0.064838
32.07418,0.923681,0.035469,0.070184,0.032762,0.064827
32.07991,0.923654,0.035308,0.070175,0.032612,0.064817
32.08564,0.923628,0.035146,0.070166,0.032462,0.064807
32.09137,0.923601,0.034985,0.070156,0.032312,0.064796
32.09710,0.923574,0.034824,0.070147,0.032162,0.064786
32.10283,0.923548,0.034662,0.070138,0.032012,0.064776
32.10855,0.923521,0.034501,0.070128,0.031862,0.064765
32.11428,0.923495,0.034340,0.070119,0.031712,0.064754
32.12001,0.923468,0.034178,0.070109,0.031563,0.064744
32.12574,0.923442,0.034017,0.070100,0.031413,0.064733
32.13147,0.923415,0.033856,0.070090,0.031263,0.064722
32.13720,0.923388,0.033695,0.070080,0.031113,0.064712
32.14293,0.923362,0.033533,0.070071,0.030964,0.064701
32.14866,0.923335,0.033372,0.070061,0.030814,0.064690
32.15439,0.923309,0.033211,0.070051,0.030664,0.064679
32.16012,0.923282,0.033050,0.070041,0.030515,0.064668
32.16585,0.923255,0.032889,0.070031,0.030365,0.064657
32.17158,0.923229,0.032728,0.070021,0.030216,0.064645
32.17731,0.923202,0.032567,0.070011,0.030066,0.064634
32.18304,0.923175,0.032406,0.070001,0.029917,0.064623
32.18877,0.923149,0.032245,0.069990,0.029767,0.064612
32.19450,0.923122,0.032084,0.069980,0.029618,0.064600
32.20023,0.923096,0.031924,0.069970,0.029468,0.064589
32.20596,0.923069,0.031763,0.069959,0.029319,0.064577
32.21169,0.923042,0.031602,0.069949,0.029170,0.064566
32.21742,0.923016,0.031441,0.069938,0.029021,0.064554
32.22315,0.922989,0.031280,0.069928,0.028872,0.064542
32.22888,0.922962,0.031120,0.069917,0.028722,0.064531
32.23461,0.922936,0.030959,0.069906,0.028573,0.064519
32.24034,0.922909,0.030798,0.069895,0.028424,0.064507
32.24606,0.922882,0.030638,0.069885,0.028275,0.064495
32.25179,0.922856,0.030477,0.069874,0.028126,0.064483
32.25752,0.922829,0.030317,0.069863,0.027977,0.064471
32.26325,0.922802,0.030156,0.069852,0.027828,0.064459
32.26898,0.922775,0.029996,0.069840,0.027679,0.064447
32.27471,0.922749,0.029835,0.069829,0.027531,0.064435
32.28044,0.922722,0.029675,0.069818,0.027382,0.064423
32.28617,0.922695,0.029515,0.069807,0.027233,0.064410
32.29190,0.922669,0.029354,0.069795,0.027084,0.064398
32.29763,0.922642,0.029194,0.069784,0.026936,0.064386
32.30336,0.922615,0.029034,0.069773,0.026787,0.064373
32.30909,0.922589,0.028873,0.069761,0.026638,0.064361
32.31482,0.922562,0.028713,0.069749,0.026490,0.064348
32.32055,0.922535,0.028553,0.069738,0.026341,0.064336
32.32628,0.922508,0.028393,0.069726,0.026193,0.064323
32.33201,0.922482,0.028233,0.069714,0.026044,0.064310
32.33774,0.922455,0.028073,0.069702,0.025896,0.064297
32.34347,0.922428,0.027913,0.069691,0.025748,0.064285
32.34920,0.922401,0.027753,0.069679,0.025599,0.064272
32.35493,0.922375,0.027593,0.069667,0.025451,0.064259
32.36066,0.922348,0.027433,0.069655,0.025303,0.064246
32.36639,0.922321,0.027273,0.069642,0.025154,0.064233
32.37212,0.922294,0.027113,0.069630,0.025006,0.064220
32.37785,0.922268,0.026953,0.069618,0.024858,0.064206
32.38357,0.922241,0.026794,0.069606,0.024710,0.064193
32.38930,0.922214,0.026634,0.069593,0.024562,0.064180
32.39503,0.922187,0.026474,0.069581,0.024414,0.064167
32.40076,0.922160,0.026314,0.069568,0.024266,0.064153
32.40649,0.922134,0.026155,0.069556,0.024118,0.064140
32.41222,0.922107,0.025995,0.069543,0.023970,0.064126
32.41795,0.922080,0.025836,0.069531,0.023822,0.064113
32.42368,0.922053,0.025676,0.069518,0.023675,0.064099
32.42941,0.922026,0.025517,0.069505,0.023527,0.064085
32.43514,0.922000,0.025357,0.069492,0.023379,0.064072
32.44087,0.921973,0.025198,0.069479,0.023232,0.064058
32.44660,0.921946,0.025038,0.069466,0.023084,0.064044
32.45233,0.921919,0.024879,0.069453,0.022936,0.064030
32.45806,0.921892,0.024720,0.069440,0.022789,0.064016
32.46379,0.921865,0.024560,0.069427,0.022641,0.064002
32.46952,0.921839,0.024401,0.069414,0.022494,0.063988
32.47525,0.921812,0.024242,0.069401,0.022346,0.063974
32.48098,0.921785,0.024083,0.069387,0.022199,0.063960
32.48671,0.921758,0.023924,0.069374,0.022052,0.063946
32.49244,0.921731,0.023765,0.069361,0.021905,0.063932
32.49817,0.921704,0.023606,0.069347,0.021757,0.063917
32.50390,0.921677,0.023446,0.069334,0.021610,0.063903
32.50963,0.921651,0.023288,0.069320,0.021463,0.063889
32.51535,0.921624,0.023129,0.069306,0.021316,0.063874
32.52108,0.921597,0.022970,0.069293,0.021169,0.063860
32.52681,0.921570,0.022811,0.069279,0.021022,0.063845
32.53254,0.921543,0.022652,0.069265,0.020875,0.063831
32.53827,0.921516,0.022493,0.069251,0.020728,0.063816
32.54400,0.921489,0.022335,0.069237,0.020581,0.063801
32.54973,0.921462,0.022176,0.069223,0.020434,0.063786
32.55546,0.921435,0.022017,0.069209,0.020287,0.063772
32.56119,0.921409,0.021859,0.069195,0.020141,0.063757
32.56692,0.921382,0.021700,0.069181,0.019994,0.063742
32.57265,0.921355,0.021541,0.069166,0.019847,0.063727
32.57838,0.921328,0.021383,0.069152,0.019701,0.063712
32.58411,0.921301,0.021224,0.069138,0.019554,0.063697
32.58984,0.921274,0.021066,0.069123,0.019408,0.063682
32.59557,0.921247,0.020908,0.069109,0.019261,0.063666
32.60130,0.921220,0.020749,0.069094,0.019115,0.063651
32.60703,0.921193,0.020591,0.069080,0.018968,0.063636
32.61276,0.921166,0.020433,0.069065,0.018822,0.063621
32.61849,0.921139,0.020275,0.069051,0.018676,0.063605
32.62422,0.921112,0.020116,0.069036,0.018529,0.063590
32.62995,0.921085,0.019958,0.069021,0.018383,0.063574
32.63568,0.921058,0.019800,0.069006,0.018237,0.063559
32.64141,0.921031,0.019642,0.068991,0.018091,0.063543
32.64714,0.921004,0.019484,0.068976,0.017945,0.063527
32.65286,0.920977,0.019326,0.068961,0.017799,0.063512
32.65859,0.920950,0.019168,0.068946,0.017653,0.063496
32.66432,0.920924,0.019010,0.068931,0.017507,0.063480
32.67005,0.920897,0.018852,0.068916,0.017361,0.063464
32.67578,0.920870,0.018695,0.068901,0.017215,0.063448
32.68151,0.920843,0.018537,0.068885,0.017069,0.063432
32.68724,0.920816,0.018379,0.068870,0.016924,0.063416
32.69297,0.920789,0.018221,0.068854,0.016778,0.063400
32.69870,0.920762,0.018064,0.068839,0.016632,0.063384
32.70443,0.920735,0.017906,0.068823,0.016487,0.063368
32.71016,0.920707,0.017749,0.068808,0.016341,0.063352
32.71589,0.920680,0.017591,0.068792,0.016196,0.063336
32.72162,0.920653,0.017434,0.068776,0.016050,0.063319
32.72735,0.920626,0.017276,0.068761,0.015905,0.063303
32.73308,0.920599,0.017119,0.068745,0.015760,0.063287
32.73881,0.920572,0.016961,0.068729,0.015614,0.063270
32.74454,0.920545,0.016804,0.068713,0.015469,0.063254
32.75027,0.920518,0.016647,0.068697,0.015324,0.063237
32.75600,0.920491,0.016490,0.068681,0.015179,0.063220
32.76173,0.920464,0.016333,0.068665,0.015034,0.063204
32.76746,0.920437,0.016175,0.068649,0.014888,0.063187
32.77319,0.920410,0.016018,0.068633,0.014743,0.063170
32.77892,0.920383,0.015861,0.068616,0.014599,0.063153
32.78465,0.920356,0.015704,0.068600,0.014454,0.063136
32.79037,0.920329,0.015547,0.068584,0.014309,0.063120
32.79610,0.920302,0.015391,0.068567,0.014164,0.063103
32.80183,0.920275,0.015234,0.068551,0.014019,0.063086
32.80756,0.920248,0.015077,0.068534,0.013874,0.063068
32.81329,0.920220,0.014920,0.068518,0.013730,0.063051
32.81902,0.920193,0.014763,0.068501,0.013585,0.063034
32.82475,0.920166,0.014607,0.068484,0.013441,0.063017
32.83048,0.920139,0.014450,0.068468,0.013296,0.063000
32.83621,0.920112,0.014293,0.068451,0.013152,0.062982
32.84194,0.920085,0.014137,0.068434,0.013007,0.062965
32.84767,0.920058,0.013980,0.068417,0.012863,0.062948
32.85340,0.920031,0.013824,0.068400,0.012719,0.062930
32.85913,0.920004,0.013668,0.068383,0.012574,0.062913
32.86486,0.919976,0.013511,0.068366,0.012430,0.062895
32.87059,0.919949,0.013355,0.068349,0.012286,0.062877
32.87632,0.919922,0.013199,0.068332,0.012142,0.062860
32.88205,0.919895,0.013042,0.068314,0.011998,0.062842
32.88778,0.919868,0.012886,0.068297,0.011854,0.062824
32.89351,0.919841,0.012730,0.068280,0.011710,0.062807
32.89924,0.919814,0.012574,0.068262,0.011566,0.062789
32.90497,0.919786,0.012418,0.068245,0.011422,0.062771
32.91070,0.919759,0.012262,0.068227,0.011278,0.062753
32.91643,0.919732,0.012106,0.068210,0.011134,0.062735
32.92215,0.919705,0.011950,0.068192,0.010991,0.062717
32.92788,0.919678,0.011794,0.068175,0.010847,0.062699
32.93361,0.919651,0.011639,0.068157,0.010703,0.062681
32.93934,0.919623,0.011483,0.068139,0.010560,0.062662
32.94507,0.919596,0.011327,0.068121,0.010416,0.062644
32.95080,0.919569,0.011172,0.068103,0.010273,0.062626
32.95653,0.919542,0.011016,0.068085,0.010130,0.062607
32.96226,0.919515,0.010860,0.068067,0.009986,0.062589
32.96799,0.919487,0.010705,0.068049,0.009843,0.062571
32.97372,0.919460,0.010549,0.068031,0.009700,0.062552
32.97945,0.919433,0.010394,0.068013,0.009557,0.062534
32.98518,0.919406,0.010239,0.067995,0.009413,0.062515
32.99091,0.919378,0.010083,0.067977,0.009270,0.062496
32.99664,0.919351,0.009928,0.067958,0.009127,0.062478
33.00237,0.919324,0.009773,0.067940,0.008984,0.062459
33.00810,0.919297,0.009618,0.067922,0.008841,0.062440
33.01383,0.919270,0.009463,0.067903,0.008699,0.062421
33.01956,0.919242,0.009307,0.067885,0.008556,0.062403
33.02529,0.919215,0.009152,0.067866,0.008413,0.062384
33.03102,0.919188,0.008997,0.067848,0.008270,0.062365
33.03675,0.919161,0.008843,0.067829,0.008128,0.062346
33.04248,0.919133,0.008688,0.067810,0.007985,0.062327
33.04821,0.919106,0.008533,0.067791,0.007843,0.062307
33.05394,0.919079,0.008378,0.067773,0.007700,0.062288
33.05966,0.919051,0.008223,0.067754,0.007558,0.062269
33.06539,0.919024,0.008069,0.067735,0.007415,0.062250
33.07112,0.918997,0.007914,0.067716,0.007273,0.062231
33.07685,0.918970,0.007760,0.067697,0.007131,0.062211
33.08258,0.918942,0.007605,0.067678,0.006989,0.062192
33.08831,0.918915,0.007451,0.067659,0.006846,0.062172
33.09404,0.918888,0.007296,0.067639,0.006704,0.062153
33.09977,0.918860,0.007142,0.067620,0.006562,0.062133
33.10550,0.918833,0.006987,0.067601,0.006420,0.062114
33.11123,0.918806,0.006833,0.067581,0.006278,0.062094
33.11696,0.918779,0.006679,0.067562,0.006136,0.062075
33.12269,0.918751,0.006525,0.067543,0.005995,0.062055
33.12842,0.918724,0.006371,0.067523,0.005853,0.062035
33.13415,0.918697,0.006217,0.067504,0.005711,0.062015
33.13988,0.918669,0.006063,0.067484,0.005569,0.061995
33.14561,0.918642,0.005909,0.067464,0.005428,0.061976
33.15134,0.918615,0.005755,0.067445,0.005286,0.061956
33.15707,0.918587,0.005601,0.067425,0.005145,0.061936
33.16280,0.918560,0.005447,0.067405,0.005003,0.061916
33.16853,0.918532,0.005293,0.067385,0.004862,0.061896
33.17426,0.918505,0.005140,0.067365,0.004721,0.061875
33.17999,0.918478,0.004986,0.067345,0.004579,0.061855
33.18572,0.918450,0.004832,0.067325,0.004438,0.061835
33.19145,0.918423,0.004679,0.067305,0.004297,0.061815
33.19717,0.918396,0.004525,0.067285,0.004156,0.061794
33.20290,0.918368,0.004372,0.067265,0.004015,0.061774
33.20863,0.918341,0.004218,0.067245,0.003874,0.061754
33.21436,0.918314,0.004065,0.067225,0.003733,0.061733
33.22009,0.918286,0.003912,0.067204,0.003592,0.061713
33.22582,0.918259,0.003759,0.067184,0.003451,0.061692
33.23155,0.918231,0.003605,0.067164,0.003311,0.061672
33.23728,0.918204,0.003452,0.067143,0.003170,0.061651
33.24301,0.918177,0.003299,0.067123,0.003029,0.061630
33.24874,0.918149,0.003146,0.067102,0.002889,0.061610
33.25447,0.918122,0.002993,0.067081,0.002748,0.061589
33.26020,0.918094,0.002840,0.067061,0.002608,0.061568
33.26593,0.918067,0.002688,0.067040,0.002467,0.061547
33.27166,0.918039,0.002535,0.067019,0.002327,0.061526
33.27739,0.918012,0.002382,0.066999,0.002187,0.061505
33.28312,0.917985,0.002229,0.066978,0.002047,0.061484
33.28885,0.917957,0.002077,0.066957,0.001906,0.061463
33.29458,0.917930,0.001924,0.066936,0.001766,0.061442
33.30031,0.917902,0.001772,0.066915,0.001626,0.061421
33.30604,0.917875,0.001619,0.066894,0.001486,0.061400
33.31177,0.917847,0.001467,0.066873,0.001346,0.061379
33.31750,0.917820,0.001314,0.066851,0.001206,0.061358
33.32323,0.917792,0.001162,0.066830,0.001067,0.061336
33.32895,0.917765,0.001010,0.066809,0.000927,0.061315
33.33468,0.917737,0.000858,0.066788,0.000787,0.061294
33.34041,0.917710,0.000706,0.066766,0.000647,0.061272
33.34614,0.917682,0.000553,0.066745,0.000508,0.061251
33.35187,0.917655,0.000401,0.066724,0.000368,0.061229
33.35760,0.917627,0.000249,0.066702,0.000229,0.061208
33.36333,0.917600,0.000098,0.066681,0.000090,0.061186
33.36906,0.917572,0.000054,0.066659,0.000050,0.061164
33.37479,0.917545,0.000206,0.066637,0.000189,0.061143
33.38052,0.917517,0.000358,0.066616,0.000328,0.061121
33.38625,0.917490,0.000510,0.066594,0.000467,0.061099
33.39198,0.917462,0.000661,0.066572,0.000607,0.061077
33.39771,0.917435,0.000813,0.066550,0.000746,0.061056
33.40344,0.917407,0.000964,0.066528,0.000885,0.061034
33.40917,0.917380,0.001116,0.066506,0.001024,0.061012
33.41490,0.917352,0.001267,0.066484,0.001162,0.060990
33.42063,0.917325,0.001418,0.066462,0.001301,0.060968
33.42636,0.917297,0.001570,0.066440,0.001440,0.060946
33.43209,0.917270,0.001721,0.066418,0.001579,0.060923
33.43782,0.917242,0.001872,0.066396,0.001717,0.060901
33.44355,0.917215,0.002023,0.066374,0.001856,0.060879
33.44928,0.917187,0.002174,0.066352,0.001994,0.060857
33.45501,0.917160,0.002325,0.066329,0.002133,0.060835
33.46074,0.917132,0.002476,0.066307,0.002271,0.060812
33.46646,0.917104,0.002627,0.066285,0.002409,0.060790
33.47219,0.917077,0.002778,0.066262,0.002548,0.060767
33.47792,0.917049,0.002929,0.066240,0.002686,0.060745
33.48365,0.917022,0.003079,0.066217,0.002824,0.060722
33.48938,0.916994,0.003230,0.066194,0.002962,0.060700
33.49511,0.916966,0.003381,0.066172,0.003100,0.060677
33.50084,0.916939,0.003531,0.066149,0.003238,0.060655
33.50657,0.916911,0.003682,0.066126,0.003376,0.060632
33.51230,0.916884,0.003832,0.066104,0.003514,0.060609
33.51803,0.916856,0.003983,0.066081,0.003651,0.060587
33.52376,0.916828,0.004133,0.066058,0.003789,0.060564
33.52949,0.916801,0.004283,0.066035,0.003927,0.060541
33.53522,0.916773,0.004433,0.066012,0.004064,0.060518
33.54095,0.916746,0.004583,0.065989,0.004202,0.060495
33.54668,0.916718,0.004733,0.065966,0.004339,0.060472
33.55241,0.916690,0.004883,0.065943,0.004477,0.060449
33.55814,0.916663,0.005033,0.065920,0.004614,0.060426
33.56387,0.916635,0.005183,0.065896,0.004751,0.060403
33.56960,0.916607,0.005333,0.065873,0.004888,0.060380
33.57533,0.916580,0.005483,0.065850,0.005025,0.060357
33.58106,0.916552,0.005633,0.065827,0.005163,0.060333
33.58679,0.916524,0.005782,0.065803,0.005300,0.060310
33.59252,0.916497,0.005932,0.065780,0.005436,0.060287
33.59825,0.916469,0.006081,0.065756,0.005573,0.060264
33.60397,0.916441,0.006231,0.065733,0.005710,0.060240
33.60970,0.916414,0.006380,0.065709,0.005847,0.060217
33.61543,0.916386,0.006530,0.065686,0.005984,0.060193
33.62116,0.916358,0.006679,0.065662,0.006120,0.060170
33.62689,0.916331,0.006828,0.065638,0.006257,0.060146
33.63262,0.916303,0.006977,0.065614,0.006393,0.060123
33.63835,0.916275,0.007126,0.065591,0.006530,0.060099
33.64408,0.916248,0.007275,0.065567,0.006666,0.060075
33.64981,0.916220,0.007424,0.065543,0.006802,0.060052
33.65554,0.916192,0.007573,0.065519,0.006939,0.060028
33.66127,0.916164,0.007722,0.065495,0.007075,0.060004
33.66700,0.916137,0.007871,0.065471,0.007211,0.059980
33.67273,0.916109,0.008020,0.065447,0.007347,0.059956
33.67846,0.916081,0.008168,0.065423,0.007483,0.059932
33.68419,0.916054,0.008317,0.065399,0.007619,0.059909
33.68992,0.916026,0.008465,0.065374,0.007755,0.059885
33.69565,0.915998,0.008614,0.065350,0.007890,0.059861
33.70138,0.915970,0.008762,0.065326,0.008026,0.059836
33.70711,0.915943,0.008911,0.065301,0.008162,0.059812
33.71284,0.915915,0.009059,0.065277,0.008297,0.059788
33.71857,0.915887,0.009207,0.065253,0.008433,0.059764
33.72430,0.915859,0.009355,0.065228,0.008568,0.059740
33.73003,0.915832,0.009504,0.065204,0.008704,0.059715
33.73575,0.915804,0.009652,0.065179,0.008839,0.059691
33.74148,0.915776,0.009800,0.065154,0.008974,0.059667
33.74721,0.915748,0.009947,0.065130,0.009109,0.059642
33.75294,0.915721,0.010095,0.065105,0.009245,0.059618
33.75867,0.915693,0.010243,0.065080,0.009380,0.059594
33.76440,0.915665,0.010391,0.065055,0.009515,0.059569
33.77013,0.915637,0.010539,0.065031,0.009649,0.059544
33.77586,0.915609,0.010686,0.065006,0.009784,0.059520
33.78159,0.915582,0.010834,0.064981,0.009919,0.059495
33.78732,0.915554,0.010981,0.064956,0.010054,0.059471
33.79305,0.915526,0.011129,0.064931,0.010188,0.059446
33.79878,0.915498,0.011276,0.064906,0.010323,0.059421
33.80451,0.915470,0.011423,0.064881,0.010458,0.059396
33.81024,0.915443,0.011570,0.064856,0.010592,0.059371
33.81597,0.915415,0.011718,0.064830,0.010726,0.059347
33.82170,0.915387,0.011865,0.064805,0.010861,0.059322
33.82743,0.915359,0.012012,0.064780,0.010995,0.059297
33.83316,0.915331,0.012159,0.064754,0.011129,0.059272
33.83889,0.915303,0.012306,0.064729,0.011263,0.059247
33.84462,0.915276,0.012452,0.064704,0.011397,0.059222
33.85035,0.915248,0.012599,0.064678,0.011531,0.059197
33.85608,0.915220,0.012746,0.064653,0.011665,0.059171
33.86181,0.915192,0.012893,0.064627,0.011799,0.059146
33.86754,0.915164,0.013039,0.064602,0.011933,0.059121
33.87326,0.915136,0.013186,0.064576,0.012067,0.059096
33.87899,0.915108,0.013332,0.064550,0.012200,0.059071
33.88472,0.915080,0.013478,0.064525,0.012334,0.059045
33.89045,0.915053,0.013625,0.064499,0.012467,0.059020
33.89618,0.915025,0.013771,0.064473,0.012601,0.058994
33.90191,0.914997,0.013917,0.064447,0.012734,0.058969
33.90764,0.914969,0.014063,0.064421,0.012867,0.058944
33.91337,0.914941,0.014209,0.064395,0.013001,0.058918
33.91910,0.914913,0.014355,0.064369,0.013134,0.058892
33.92483,0.914885,0.014501,0.064343,0.013267,0.058867
33.93056,0.914857,0.014647,0.064317,0.013400,0.058841
33.93629,0.914829,0.014793,0.064291,0.013533,0.058816
33.94202,0.914802,0.014939,0.064265,0.013666,0.058790
33.94775,0.914774,0.015084,0.064239,0.013799,0.058764
33.95348,0.914746,0.015230,0.064213,0.013931,0.058738
33.95921,0.914718,0.015375,0.064187,0.014064,0.058713
33.96494,0.914690,0.015521,0.064160,0.014197,0.058687
33.97067,0.914662,0.015666,0.064134,0.014329,0.058661
33.97640,0.914634,0.015811,0.064107,0.014462,0.058635
33.98213,0.914606,0.015957,0.064081,0.014594,0.058609
33.98786,0.914578,0.016102,0.064055,0.014726,0.058583
33.99359,0.914550,0.016247,0.064028,0.014859,0.058557
33.99932,0.914522,0.016392,0.064001,0.014991,0.058531
34.00505,0.914494,0.016537,0.063975,0.015123,0.058505
34.01077,0.914466,0.016682,0.063948,0.015255,0.058478
34.01650,0.914438,0.016827,0.063922,0.015387,0.058452
34.02223,0.914410,0.016972,0.063895,0.015519,0.058426
34.02796,0.914382,0.017116,0.063868,0.015651,0.058400
34.03369,0.914354,0.017261,0.063841,0.015783,0.058373
34.03942,0.914326,0.017406,0.063814,0.015914,0.058347
34.04515,0.914298,0.017550,0.063787,0.016046,0.058321
34.05088,0.914270,0.017694,0.063761,0.016178,0.058294
34.05661,0.914242,0.017839,0.063734,0.016309,0.058268
34.06234,0.914214,0.017983,0.063707,0.016440,0.058241
34.06807,0.914186,0.018127,0.063679,0.016572,0.058215
34.07380,0.914158,0.018272,0.063652,0.016703,0.058188
34.07953,0.914130,0.018416,0.063625,0.016834,0.058162
34.08526,0.914102,0.018560,0.063598,0.016965,0.058135
34.09099,0.914074,0.018704,0.063571,0.017096,0.058108
34.09672,0.914046,0.018847,0.063544,0.017227,0.058082
34.10245,0.914018,0.018991,0.063516,0.017358,0.058055
34.10818,0.913990,0.019135,0.063489,0.017489,0.058028
34.11391,0.913962,0.019279,0.063462,0.017620,0.058001
34.11964,0.913934,0.019422,0.063434,0.017751,0.057975
34.12537,0.913906,0.019566,0.063407,0.017881,0.057948
34.13110,0.913878,0.019709,0.063379,0.018012,0.057921
34.13683,0.913850,0.019853,0.063352,0.018142,0.057894
34.14256,0.913822,0.019996,0.063324,0.018273,0.057867
34.14828,0.913794,0.020139,0.063296,0.018403,0.057840
34.15401,0.913766,0.020283,0.063269,0.018533,0.057813
34.15974,0.913738,0.020426,0.063241,0.018664,0.057786
34.16547,0.913710,0.020569,0.063213,0.018794,0.057759
34.17120,0.913681,0.020712,0.063185,0.018924,0.057731
34.17693,0.913653,0.020855,0.063158,0.019054,0.057704
34.18266,0.913625,0.020997,0.063130,0.019184,0.057677
34.18839,0.913597,0.021140,0.063102,0.019314,0.057650
34.19412,0.913569,0.021283,0.063074,0.019443,0.057622
34.19985,0.913541,0.021426,0.063046,0.019573,0.057595
34.20558,0.913513,0.021568,0.063018,0.019703,0.057568
34.21131,0.913485,0.021711,0.062990,0.019832,0.057540
34.21704,0.913457,0.021853,0.062962,0.019962,0.057513
34.22277,0.913429,0.021995,0.062934,0.020091,0.057485
34.22850,0.913400,0.022138,0.062905,0.020221,0.057458
34.23423,0.913372,0.022280,0.062877,0.020350,0.057430
34.23996,0.913344,0.022422,0.062849,0.020479,0.057403
34.24569,0.913316,0.022564,0.062821,0.020608,0.057375
34.25142,0.913288,0.022706,0.062792,0.020737,0.057347
34.25715,0.913260,0.022848,0.062764,0.020866,0.057320
34.26288,0.913232,0.022990,0.062735,0.020995,0.057292
34.26861,0.913203,0.023132,0.062707,0.021124,0.057264
34.27434,0.913175,0.023273,0.062678,0.021253,0.057236
34.28006,0.913147,0.023415,0.062650,0.021381,0.057209
34.28579,0.913119,0.023556,0.062621,0.021510,0.057181
34.29152,0.913091,0.023698,0.062593,0.021638,0.057153
34.29725,0.913063,0.023839,0.062564,0.021767,0.057125
34.30298,0.913034,0.023981,0.062535,0.021895,0.057097
34.30871,0.913006,0.024122,0.062507,0.022024,0.057069
34.31444,0.912978,0.024263,0.062478,0.022152,0.057041
34.32017,0.912950,0.024404,0.062449,0.022280,0.057013
34.32590,0.912922,0.024545,0.062420,0.022408,0.056985
34.33163,0.912894,0.024686,0.062391,0.022536,0.056957
34.33736,0.912865,0.024827,0.062362,0.022664,0.056928
34.34309,0.912837,0.024968,0.062333,0.022792,0.056900
34.34882,0.912809,0.025109,0.062304,0.022920,0.056872
34.35455,0.912781,0.025250,0.062275,0.023047,0.056844
34.36028,0.912752,0.025390,0.062246,0.023175,0.056815
34.36601,0.912724,0.025531,0.062217,0.023302,0.056787
34.37174,0.912696,0.025671,0.062188,0.023430,0.056759
34.37747,0.912668,0.025812,0.062159,0.023557,0.056730
34.38320,0.912640,0.025952,0.062130,0.023685,0.056702
34.38893,0.912611,0.026092,0.062100,0.023812,0.056673
34.39466,0.912583,0.026232,0.062071,0.023939,0.056645
34.40039,0.912555,0.026372,0.062042,0.024066,0.056616
34.40612,0.912527,0.026512,0.062012,0.024193,0.056588
34.41185,0.912498,0.026652,0.061983,0.024320,0.056559
34.41757,0.912470,0.026792,0.061953,0.024447,0.056531
34.42330,0.912442,0.026932,0.061924,0.024574,0.056502
34.42903,0.912414,0.027072,0.061894,0.024701,0.056473
34.43476,0.912385,0.027211,0.061865,0.024827,0.056445
34.44049,0.912357,0.027351,0.061835,0.024954,0.056416
34.44622,0.912329,0.027490,0.061806,0.025080,0.056387
34.45195,0.912300,0.027630,0.061776,0.025207,0.056358
34.45768,0.912272,0.027769,0.061746,0.025333,0.056329
34.46341,0.912244,0.027909,0.061716,0.025459,0.056300
34.46914,0.912216,0.028048,0.061687,0.025586,0.056271
34.47487,0.912187,0.028187,0.061657,0.025712,0.056243
34.48060,0.912159,0.028326,0.061627,0.025838,0.056214
34.48633,0.912131,0.028465,0.061597,0.025964,0.056185
34.49206,0.912102,0.028604,0.061567,0.026090,0.056155
34.49779,0.912074,0.028743,0.061537,0.026215,0.056126
34.50352,0.912046,0.028881,0.061507,0.026341,0.056097
34.50925,0.912017,0.029020,0.061477,0.026467,0.056068
34.51498,0.911989,0.029159,0.061447,0.026592,0.056039
34.52071,0.911961,0.029297,0.061417,0.026718,0.056010
34.52644,0.911932,0.029436,0.061387,0.026843,0.055980
34.53217,0.911904,0.029574,0.061356,0.026969,0.055951
34.53790,0.911876,0.029712,0.061326,0.027094,0.055922
34.54363,0.911847,0.029851,0.061296,0.027219,0.055893
34.54936,0.911819,0.029989,0.061266,0.027344,0.055863
34.55508,0.911791,0.030127,0.061235,0.027469,0.055834
34.56081,0.911762,0.030265,0.061205,0.027594,0.055804
34.56654,0.911734,0.030403,0.061175,0.027719,0.055775
34.57227,0.911706,0.030541,0.061144,0.027844,0.055745
34.57800,0.911677,0.030678,0.061114,0.027969,0.055716
34.58373,0.911649,0.030816,0.061083,0.028093,0.055686
34.58946,0.911620,0.030954,0.061052,0.028218,0.055657
34.59519,0.911592,0.031091,0.061022,0.028342,0.055627
34.60092,0.911564,0.031229,0.060991,0.028467,0.055597
34.60665,0.911535,0.031366,0.060961,0.028591,0.055568
34.61238,0.911507,0.031503,0.060930,0.028715,0.055538
34.61811,0.911478,0.031641,0.060899,0.028840,0.055508
34.62384,0.911450,0.031778,0.060868,0.028964,0.055478
34.62957,0.911422,0.031915,0.060838,0.029088,0.055449
34.63530,0.911393,0.032052,0.060807,0.029212,0.055419
34.64103,0.911365,0.032189,0.060776,0.029336,0.055389
34.64676,0.911336,0.032326,0.060745,0.029459,0.055359
34.65249,0.911308,0.032462,0.060714,0.029583,0.055329
34.65822,0.911279,0.032599,0.060683,0.029707,0.055299
34.66395,0.911251,0.032736,0.060652,0.029830,0.055269
34.66968,0.911223,0.032872,0.060621,0.029954,0.055239
34.67541,0.911194,0.033009,0.060590,0.030077,0.055209
34.68114,0.911166,0.033145,0.060559,0.030201,0.055179
34.68686,0.911137,0.033281,0.060528,0.030324,0.055149
34.69259,0.911109,0.033417,0.060496,0.030447,0.055119
34.69832,0.911080,0.033554,0.060465,0.030570,0.055089
34.70405,0.911052,0.033690,0.060434,0.030693,0.055058
34.70978,0.911023,0.033826,0.060403,0.030816,0.055028
34.71551,0.910995,0.033962,0.060371,0.030939,0.054998
34.72124,0.910966,0.034097,0.060340,0.031062,0.054968
34.72697,0.910938,0.034233,0.060308,0.031184,0.054937
34.73270,0.910909,0.034369,0.060277,0.031307,0.054907
34.73843,0.910881,0.034504,0.060246,0.031429,0.054877
34.74416,0.910853,0.034640,0.060214,0.031552,0.054846
34.74989,0.910824,0.034775,0.060183,0.031674,0.054816
34.75562,0.910796,0.034911,0.060151,0.031796,0.054785
34.76135,0.910767,0.035046,0.060119,0.031919,0.054755
34.76708,0.910738,0.035181,0.060088,0.032041,0.054724
34.77281,0.910710,0.035316,0.060056,0.032163,0.054694
34.77854,0.910681,0.035451,0.060024,0.032285,0.054663
34.78427,0.910653,0.035586,0.059993,0.032407,0.054632
34.79000,0.910624,0.035721,0.059961,0.032529,0.054602
34.79573,0.910596,0.035856,0.059929,0.032650,0.054571
34.80146,0.910567,0.035991,0.059897,0.032772,0.054540
34.80719,0.910539,0.036125,0.059865,0.032893,0.054510
34.81292,0.910510,0.036260,0.059833,0.033015,0.054479
34.81865,0.910482,0.036394,0.059801,0.033136,0.054448
34.82437,0.910453,0.036529,0.059769,0.033258,0.054417
34.83010,0.910425,0.036663,0.059737,0.033379,0.054386
34.83583,0.910396,0.036797,0.059705,0.033500,0.054356
34.84156,0.910367,0.036931,0.059673,0.033621,0.054325
34.84729,0.910339,0.037065,0.059641,0.033742,0.054294
34.85302,0.910310,0.037199,0.059609,0.033863,0.054263
34.85875,0.910282,0.037333,0.059577,0.033984,0.054232
34.86448,0.910253,0.037467,0.059545,0.034105,0.054201
34.87021,0.910225,0.037601,0.059512,0.034225,0.054170
34.87594,0.910196,0.037735,0.059480,0.034346,0.054139
34.88167,0.910167,0.037868,0.059448,0.034466,0.054107
34.88740,0.910139,0.038002,0.059415,0.034587,0.054076
34.89313,0.910110,0.038135,0.059383,0.034707,0.054045
34.89886,0.910082,0.038269,0.059351,0.034828,0.054014
34.90459,0.910053,0.038402,0.059318,0.034948,0.053983
34.91032,0.910024,0.038535,0.059286,0.035068,0.053952
34.91605,0.909996,0.038668,0.059253,0.035188,0.053920
34.92178,0.909967,0.038801,0.059221,0.035308,0.053889
34.92751,0.909939,0.038934,0.059188,0.035428,0.053858
34.93324,0.909910,0.039067,0.059156,0.035547,0.053826
34.93897,0.909881,0.039200,0.059123,0.035667,0.053795
34.94470,0.909853,0.039332,0.059090,0.035787,0.053763
34.95043,0.909824,0.039465,0.059058,0.035906,0.053732
34.95616,0.909795,0.039598,0.059025,0.036026,0.053701
34.96188,0.909767,0.039730,0.058992,0.036145,0.053669
34.96761,0.909738,0.039862,0.058959,0.036264,0.053637
34.97334,0.909709,0.039995,0.058926,0.036384,0.053606
34.97907,0.909681,0.040127,0.058894,0.036503,0.053574
34.98480,0.909652,0.040259,0.058861,0.036622,0.053543
34.99053,0.909623,0.040391,0.058828,0.036741,0.053511
34.99626,0.909595,0.040523,0.058795,0.036860,0.053479
35.00199,0.909566,0.040655,0.058762,0.036978,0.053448
35.00772,0.909537,0.040787,0.058729,0.037097,0.053416
35.01345,0.909509,0.040918,0.058696,0.037216,0.053384
35.01918,0.909480,0.041050,0.058663,0.037334,0.053353
35.02491,0.909451,0.041182,0.058630,0.037453,0.053321
35.03064,0.909423,0.041313,0.058596,0.037571,0.053289
35.03637,0.909394,0.041444,0.058563,0.037689,0.053257
35.04210,0.909365,0.041576,0.058530,0.037808,0.053225
35.04783,0.909336,0.041707,0.058497,0.037926,0.053193
35.05356,0.909308,0.041838,0.058463,0.038044,0.053161
35.05929,0.909279,0.041969,0.058430,0.038162,0.053129
35.06502,0.909250,0.042100,0.058397,0.038280,0.053097
35.07075,0.909222,0.042231,0.058363,0.038397,0.053065
35.07648,0.909193,0.042362,0.058330,0.038515,0.053033
35.08221,0.909164,0.042493,0.058297,0.038633,0.053001
35.08794,0.909135,0.042623,0.058263,0.038750,0.052969
35.09366,0.909107,0.042754,0.058230,0.038868,0.052937
35.09939,0.909078,0.042884,0.058196,0.038985,0.052905
35.10512,0.909049,0.043015,0.058163,0.039102,0.052873
35.11085,0.909020,0.043145,0.058129,0.039220,0.052841
35.11658,0.908992,0.043275,0.058095,0.039337,0.052808
35.12231,0.908963,0.043405,0.058062,0.039454,0.052776
35.12804,0.908934,0.043535,0.058028,0.039571,0.052744
35.13377,0.908905,0.043665,0.057994,0.039688,0.052711
35.13950,0.908877,0.043795,0.057961,0.039804,0.052679
35.14523,0.908848,0.043925,0.057927,0.039921,0.052647
35.15096,0.908819,0.044055,0.057893,0.040038,0.052614
35.15669,0.908790,0.044184,0.057859,0.040154,0.052582
35.16242,0.908761,0.044314,0.057825,0.040271,0.052550
35.16815,0.908733,0.044443,0.057792,0.040387,0.052517
35.17388,0.908704,0.044573,0.057758,0.040503,0.052485
35.17961,0.908675,0.044702,0.057724,0.040619,0.052452
35.18534,0.908646,0.044831,0.057690,0.040736,0.052420
35.19107,0.908617,0.044960,0.057656,0.040852,0.052387
35.19680,0.908589,0.045089,0.057622,0.040968,0.052354
35.20253,0.908560,0.045218,0.057588,0.041083,0.052322
35.20826,0.908531,0.045347,0.057554,0.041199,0.052289
35.21399,0.908502,0.045476,0.057519,0.041315,0.052257
35.21972,0.908473,0.045605,0.057485,0.041430,0.052224
35.22545,0.908444,0.045733,0.057451,0.041546,0.052191
35.23117,0.908416,0.045862,0.057417,0.041661,0.052158
35.23690,0.908387,0.045990,0.057383,0.041777,0.052126
35.24263,0.908358,0.046118,0.057348,0.041892,0.052093
35.24836,0.908329,0.046247,0.057314,0.042007,0.052060
35.25409,0.908300,0.046375,0.057280,0.042122,0.052027
35.25982,0.908271,0.046503,0.057245,0.042237,0.051994
35.26555,0.908242,0.046631,0.057211,0.042352,0.051961
35.27128,0.908214,0.046759,0.057177,0.042467,0.051929
35.27701,0.908185,0.046887,0.057142,0.042582,0.051896
35.28274,0.908156,0.047015,0.057108,0.042697,0.051863
35.28847,0.908127,0.047142,0.057073,0.042811,0.051830
35.29420,0.908098,0.047270,0.057039,0.042926,0.051797
35.29993,0.908069,0.047397,0.057004,0.043040,0.051764
35.30566,0.908040,0.047525,0.056969,0.043154,0.051731
35.31139,0.908011,0.047652,0.056935,0.043269,0.051697
35.31712,0.907982,0.047779,0.056900,0.043383,0.051664
35.32285,0.907954,0.047906,0.056866,0.043497,0.051631
35.32858,0.907925,0.048033,0.056831,0.043611,0.051598
35.33431,0.907896,0.048160,0.056796,0.043725,0.051565
35.34004,0.907867,0.048287,0.056761,0.043838,0.051532
35.34577,0.907838,0.048414,0.056727,0.043952,0.051498
35.35150,0.907809,0.048541,0.056692,0.044066,0.051465
35.35723,0.907780,0.048667,0.056657,0.044179,0.051432
35.36296,0.907751,0.048794,0.056622,0.044293,0.051399
35.36868,0.907722,0.048920,0.056587,0.044406,0.051365
35.37441,0.907693,0.049047,0.056552,0.044519,0.051332
35.38014,0.907664,0.049173,0.056517,0.044633,0.051299
35.38587,0.907635,0.049299,0.056482,0.044746,0.051265
35.39160,0.907606,0.049425,0.056447,0.044859,0.051232
35.39733,0.907577,0.049551,0.056412,0.044972,0.051198
35.40306,0.907548,0.049677,0.056377,0.045085,0.051165
35.40879,0.907519,0.049803,0.056342,0.045197,0.051131
35.41452,0.907490,0.049929,0.056307,0.045310,0.051098
35.42025,0.907462,0.050055,0.056272,0.045423,0.051064
35.42598,0.907433,0.050180,0.056236,0.045535,0.051031
35.43171,0.907404,0.050306,0.056201,0.045648,0.050997
35.43744,0.907375,0.050431,0.056166,0.045760,0.050964
35.44317,0.907346,0.050556,0.056131,0.045872,0.050930
35.44890,0.907317,0.050682,0.056095,0.045984,0.050896
35.45463,0.907288,0.050807,0.056060,0.046096,0.050863
35.46036,0.907259,0.050932,0.056025,0.046208,0.050829
35.46609,0.907230,0.051057,0.055989,0.046320,0.050795
35.47182,0.907201,0.051182,0.055954,0.046432,0.050762
35.47755,0.907172,0.051306,0.055919,0.046544,0.050728
35.48328,0.907142,0.051431,0.055883,0.046655,0.050694
35.48901,0.907113,0.051556,0.055848,0.046767,0.050660
35.49474,0.907084,0.051680,0.055812,0.046878,0.050626
35.50046,0.907055,0.051805,0.055777,0.046990,0.050592
35.50619,0.907026,0.051929,0.055741,0.047101,0.050559
35.51192,0.906997,0.052053,0.055705,0.047212,0.050525
35.51765,0.906968,0.052177,0.055670,0.047323,0.050491
35.52338,0.906939,0.052302,0.055634,0.047434,0.050457
35.52911,0.906910,0.052426,0.055599,0.047545,0.050423
35.53484,0.906881,0.052549,0.055563,0.047656,0.050389
35.54057,0.906852,0.052673,0.055527,0.047767,0.050355
35.54630,0.906823,0.052797,0.055491,0.047878,0.050321
35.55203,0.906794,0.052921,0.055456,0.047988,0.050287
35.55776,0.906765,0.053044,0.055420,0.048099,0.050253
35.56349,0.906736,0.053168,0.055384,0.048209,0.050219
35.56922,0.906707,0.053291,0.055348,0.048319,0.050184
35.57495,0.906678,0.053414,0.055312,0.048430,0.050150
35.58068,0.906649,0.053537,0.055276,0.048540,0.050116
35.58641,0.906619,0.053661,0.055240,0.048650,0.050082
35.59214,0.906590,0.053784,0.055204,0.048760,0.050048
35.59787,0.906561,0.053906,0.055168,0.048870,0.050014
35.60360,0.906532,0.054029,0.055132,0.048979,0.049979
35.60933,0.906503,0.054152,0.055096,0.049089,0.049945
35.61506,0.906474,0.054275,0.055060,0.049199,0.049911
35.62079,0.906445,0.054397,0.055024,0.049308,0.049876
35.62652,0.906416,0.054520,0.054988,0.049418,0.049842
35.63225,0.906387,0.054642,0.054952,0.049527,0.049808
35.63797,0.906357,0.054764,0.054916,0.049636,0.049773
35.64370,0.906328,0.054887,0.054880,0.049745,0.049739
35.64943,0.906299,0.055009,0.054843,0.049854,0.049704
35.65516,0.906270,0.055131,0.054807,0.049963,0.049670
35.66089,0.906241,0.055253,0.054771,0.050072,0.049636
35.66662,0.906212,0.055375,0.054734,0.050181,0.049601
35.67235,0.906183,0.055496,0.054698,0.050290,0.049567
35.67808,0.906153,0.055618,0.054662,0.050398,0.049532
35.68381,0.906124,0.055740,0.054625,0.050507,0.049497
35.68954,0.906095,0.055861,0.054589,0.050615,0.049463
35.69527,0.906066,0.055982,0.054553,0.050724,0.049428
35.70100,0.906037,0.056104,0.054516,0.050832,0.049394
35.70673,0.906007,0.056225,0.054480,0.050940,0.049359
35.71246,0.905978,0.056346,0.054443,0.051048,0.049324
35.71819,0.905949,0.056467,0.054407,0.051156,0.049290
35.72392,0.905920,0.056588,0.054370,0.051264,0.049255
35.72965,0.905891,0.056709,0.054334,0.051372,0.049220
35.73538,0.905862,0.056830,0.054297,0.051480,0.049186
35.74111,0.905832,0.056950,0.054260,0.051587,0.049151
35.74684,0.905803,0.057071,0.054224,0.051695,0.049116
35.75257,0.905774,0.057191,0.054187,0.051802,0.049081
35.75830,0.905745,0.057312,0.054150,0.051910,0.049046
35.76403,0.905715,0.057432,0.054114,0.052017,0.049012
35.76976,0.905686,0.057552,0.054077,0.052124,0.048977
35.77548,0.905657,0.057672,0.054040,0.052231,0.048942
35.78121,0.905628,0.057792,0.054003,0.052338,0.048907
35.78694,0.905599,0.057912,0.053966,0.052445,0.048872
35.79267,0.905569,0.058032,0.053930,0.052552,0.048837
35.79840,0.905540,0.058152,0.053893,0.052659,0.048802
35.80413,0.905511,0.058271,0.053856,0.052765,0.048767
35.80986,0.905482,0.058391,0.053819,0.052872,0.048732
35.81559,0.905452,0.058510,0.053782,0.052978,0.048697
35.82132,0.905423,0.058630,0.053745,0.053085,0.048662
35.82705,0.905394,0.058749,0.053708,0.053191,0.048627
35.83278,0.905365,0.058868,0.053671,0.053297,0.048592
35.83851,0.905335,0.058987,0.053634,0.053403,0.048557
35.84424,0.905306,0.059106,0.053597,0.053509,0.048522
35.84997,0.905277,0.059225,0.053560,0.053615,0.048487
35.85570,0.905247,0.059344,0.053523,0.053721,0.048451
35.86143,0.905218,0.059463,0.053486,0.053827,0.048416
35.86716,0.905189,0.059582,0.053448,0.053933,0.048381
35.87289,0.905160,0.059700,0.053411,0.054038,0.048346
35.87862,0.905130,0.059819,0.053374,0.054144,0.048311
35.88435,0.905101,0.059937,0.053337,0.054249,0.048275
35.89008,0.905072,0.060055,0.053300,0.054354,0.048240
35.89581,0.905042,0.060173,0.053262,0.054459,0.048205
35.90154,0.905013,0.060291,0.053225,0.054565,0.048169
35.90727,0.904984,0.060409,0.053188,0.054670,0.048134
35.91299,0.904954,0.060527,0.053150,0.054775,0.048099
35.91872,0.904925,0.060645,0.053113,0.054879,0.048063
35.92445,0.904896,0.060763,0.053076,0.054984,0.048028
35.93018,0.904866,0.060881,0.053038,0.055089,0.047993
35.93591,0.904837,0.060998,0.053001,0.055193,0.047957
35.94164,0.904808,0.061115,0.052963,0.055298,0.047922
35.94737,0.904778,0.061233,0.052926,0.055402,0.047886
35.95310,0.904749,0.061350,0.052888,0.055506,0.047851
35.95883,0.904720,0.061467,0.052851,0.055611,0.047815
35.96456,0.904690,0.061584,0.052813,0.055715,0.047780
35.97029,0.904661,0.061701,0.052776,0.055819,0.047744
35.97602,0.904631,0.061818,0.052738,0.055923,0.047709
35.98175,0.904602,0.061935,0.052701,0.056026,0.047673
35.98748,0.904573,0.062052,0.052663,0.056130,0.047637
35.99321,0.904543,0.062168,0.052625,0.056234,0.047602
35.99894,0.904514,0.062285,0.052588,0.056337,0.047566
36.00467,0.904485,0.062401,0.052550,0.056441,0.047531
36.01040,0.904455,0.062517,0.052512,0.056544,0.047495
36.01613,0.904426,0.062634,0.052474,0.056648,0.047459
36.02186,0.904396,0.062750,0.052437,0.056751,0.047423
36.02759,0.904367,0.062866,0.052399,0.056854,0.047388
36.03332,0.904338,0.062982,0.052361,0.056957,0.047352
36.03905,0.904308,0.063098,0.052323,0.057060,0.047316
36.04477,0.904279,0.063213,0.052285,0.057162,0.047281
36.05050,0.904249,0.063329,0.052247,0.057265,0.047245
36.05623,0.904220,0.063445,0.052210,0.057368,0.047209
36.06196,0.904190,0.063560,0.052172,0.057470,0.047173
36.06769,0.904161,0.063675,0.052134,0.057573,0.047137
36.07342,0.904132,0.063791,0.052096,0.057675,0.047101
36.07915,0.904102,0.063906,0.052058,0.057777,0.047065
36.08488,0.904073,0.064021,0.052020,0.057880,0.047030
36.09061,0.904043,0.064136,0.051982,0.057982,0.046994
36.09634,0.904014,0.064251,0.051944,0.058084,0.046958
36.10207,0.903984,0.064366,0.051906,0.058186,0.046922
36.10780,0.903955,0.064480,0.051867,0.058287,0.046886
36.11353,0.903925,0.064595,0.051829,0.058389,0.046850
36.11926,0.903896,0.064710,0.051791,0.058491,0.046814
36.12499,0.903866,0.064824,0.051753,0.058592,0.046778
36.13072,0.903837,0.064938,0.051715,0.058694,0.046742
36.13645,0.903807,0.065053,0.051677,0.058795,0.046706
36.14218,0.903778,0.065167,0.051638,0.058896,0.046670
36.14791,0.903748,0.065281,0.051600,0.058997,0.046634
36.15364,0.903719,0.065395,0.051562,0.059098,0.046597
36.15937,0.903689,0.065509,0.051524,0.059199,0.046561
36.16510,0.903660,0.065622,0.051485,0.059300,0.046525
36.17083,0.903630,0.065736,0.051447,0.059401,0.046489
36.17656,0.903601,0.065850,0.051409,0.059502,0.046453
36.18228,0.903571,0.065963,0.051370,0.059602,0.046417
36.18801,0.903542,0.066076,0.051332,0.059703,0.046380
36.19374,0.903512,0.066190,0.051293,0.059803,0.046344
36.19947,0.903483,0.066303,0.051255,0.059903,0.046308
36.20520,0.903453,0.066416,0.051217,0.060004,0.046272
36.21093,0.903424,0.066529,0.051178,0.060104,0.046236
36.21666,0.903394,0.066642,0.051140,0.060204,0.046199
36.22239,0.903365,0.066755,0.051101,0.060304,0.046163
36.22812,0.903335,0.066867,0.051063,0.060404,0.046127
36.23385,0.903306,0.066980,0.051024,0.060503,0.046090
36.23958,0.903276,0.067093,0.050985,0.060603,0.046054
36.24531,0.903247,0.067205,0.050947,0.060703,0.046018
36.25104,0.903217,0.067317,0.050908,0.060802,0.045981
36.25677,0.903187,0.067429,0.050870,0.060901,0.045945
36.26250,0.903158,0.067542,0.050831,0.061001,0.045908
36.26823,0.903128,0.067654,0.050792,0.061100,0.045872
36.27396,0.903099,0.067766,0.050754,0.061199,0.045835
36.27969,0.903069,0.067877,0.050715,0.061298,0.045799
36.28542,0.903039,0.067989,0.050676,0.061397,0.045763
36.29115,0.903010,0.068101,0.050637,0.061496,0.045726
36.29688,0.902980,0.068212,0.050599,0.061594,0.045689
36.30261,0.902951,0.068324,0.050560,0.061693,0.045653
36.30834,0.902921,0.068435,0.050521,0.061792,0.045616
36.31407,0.902891,0.068547,0.050482,0.061890,0.045580
36.31979,0.902862,0.068658,0.050443,0.061988,0.045543
36.32552,0.902832,0.068769,0.050404,0.062087,0.045507
36.33125,0.902803,0.068880,0.050365,0.062185,0.045470
36.33698,0.902773,0.068991,0.050327,0.062283,0.045433
36.34271,0.902743,0.069101,0.050288,0.062381,0.045397
36.34844,0.902714,0.069212,0.050249,0.062479,0.045360
36.35417,0.902684,0.069323,0.050210,0.062577,0.045324
36.35990,0.902654,0.069433,0.050171,0.062674,0.045287
36.36563,0.902625,0.069544,0.050132,0.062772,0.045250
36.37136,0.902595,0.069654,0.050093,0.062869,0.045213
36.37709,0.902566,0.069764,0.050054,0.062967,0.045177
36.38282,0.902536,0.069874,0.050015,0.063064,0.045140
36.38855,0.902506,0.069984,0.049975,0.063161,0.045103
36.39428,0.902477,0.070094,0.049936,0.063258,0.045066
36.40001,0.902447,0.070204,0.049897,0.063355,0.045030
36.40574,0.902417,0.070314,0.049858,0.063452,0.044993
36.41147,0.902388,0.070423,0.049819,0.063549,0.044956
36.41720,0.902358,0.070533,0.049780,0.063646,0.044919
36.42293,0.902328,0.070642,0.049741,0.063742,0.044882
36.42866,0.902298,0.070752,0.049701,0.063839,0.044845
36.43439,0.902269,0.070861,0.049662,0.063935,0.044809
36.44012,0.902239,0.070970,0.049623,0.064032,0.044772
36.44585,0.902209,0.071079,0.049584,0.064128,0.044735
36.45157,0.902180,0.071188,0.049544,0.064224,0.044698
36.45730,0.902150,0.071297,0.049505,0.064320,0.044661
36.46303,0.902120,0.071406,0.049466,0.064416,0.044624
36.46876,0.902091,0.071514,0.049426,0.064512,0.044587
36.47449,0.902061,0.071623,0.049387,0.064608,0.044550
36.48022,0.902031,0.071731,0.049348,0.064704,0.044513
36.48595,0.902001,0.071840,0.049308,0.064799,0.044476
36.49168,0.901972,0.071948,0.049269,0.064895,0.044439
36.49741,0.901942,0.072056,0.049229,0.064990,0.044402
36.50314,0.901912,0.072164,0.049190,0.065086,0.044365
36.50887,0.901882,0.072272,0.049150,0.065181,0.044328
36.51460,0.901853,0.072380,0.049111,0.065276,0.044291
36.52033,0.901823,0.072488,0.049071,0.065371,0.044254
36.52606,0.901793,0.072595,0.049032,0.065466,0.044217
36.53179,0.901763,0.072703,0.048992,0.065561,0.044180
36.53752,0.901734,0.072810,0.048953,0.065655,0.044142
36.54325,0.901704,0.072918,0.048913,0.065750,0.044105
36.54898,0.901674,0.073025,0.048874,0.065845,0.044068
36.55471,0.901644,0.073132,0.048834,0.065939,0.044031
36.56044,0.901614,0.073239,0.048794,0.066034,0.043994
36.56617,0.901585,0.073346,0.048755,0.066128,0.043957
36.57190,0.901555,0.073453,0.048715,0.066222,0.043919
36.57763,0.901525,0.073560,0.048675,0.066316,0.043882
36.58336,0.901495,0.073667,0.048636,0.066410,0.043845
36.58908,0.901466,0.073773,0.048596,0.066504,0.043808
36.59481,0.901436,0.073880,0.048556,0.066598,0.043770
36.60054,0.901406,0.073986,0.048516,0.066691,0.043733
36.60627,0.901376,0.074092,0.048477,0.066785,0.043696
36.61200,0.901346,0.074198,0.048437,0.066878,0.043658
36.61773,0.901316,0.074305,0.048397,0.066972,0.043621
36.62346,0.901287,0.074411,0.048357,0.067065,0.043584
36.62919,0.901257,0.074516,0.048317,0.067158,0.043546
36.63492,0.901227,0.074622,0.048278,0.067252,0.043509
36.64065,0.901197,0.074728,0.048238,0.067345,0.043472
36.64638,0.901167,0.074834,0.048198,0.067438,0.043434
36.65211,0.901137,0.074939,0.048158,0.067530,0.043397
36.65784,0.901108,0.075044,0.048118,0.067623,0.043360
36.66357,0.901078,0.075150,0.048078,0.067716,0.043322
36.66930,0.901048,0.075255,0.048038,0.067808,0.043285
36.67503,0.901018,0.075360,0.047998,0.067901,0.043247
36.68076,0.900988,0.075465,0.047958,0.067993,0.043210
36.68649,0.900958,0.075570,0.047918,0.068085,0.043172
36.69222,0.900928,0.075675,0.047878,0.068177,0.043135
36.69795,0.900899,0.075779,0.047838,0.068270,0.043097
36.70368,0.900869,0.075884,0.047798,0.068362,0.043060
36.70941,0.900839,0.075989,0.047758,0.068453,0.043022
36.71514,0.900809,0.076093,0.047718,0.068545,0.042985
36.72087,0.900779,0.076197,0.047678,0.068637,0.042947
36.72659,0.900749,0.076301,0.047638,0.068728,0.042910
36.73232,0.900719,0.076406,0.047598,0.068820,0.042872
36.73805,0.900689,0.076510,0.047557,0.068911,0.042834
36.74378,0.900659,0.076613,0.047517,0.069003,0.042797
36.74951,0.900629,0.076717,0.047477,0.069094,0.042759
36.75524,0.900600,0.076821,0.047437,0.069185,0.042722
36.76097,0.900570,0.076925,0.047397,0.069276,0.042684
36.76670,0.900540,0.077028,0.047356,0.069367,0.042646
36.77243,0.900510,0.077131,0.047316,0.069458,0.042609
36.77816,0.900480,0.077235,0.047276,0.069548,0.042571
36.78389,0.900450,0.077338,0.047236,0.069639,0.042533
36.78962,0.900420,0.077441,0.047195,0.069730,0.042496
36.79535,0.900390,0.077544,0.047155,0.069820,0.042458
36.80108,0.900360,0.077647,0.047115,0.069910,0.042420
36.80681,0.900330,0.077750,0.047074,0.070000,0.042383
36.81254,0.900300,0.077853,0.047034,0.070091,0.042345
36.81827,0.900270,0.077955,0.046994,0.070181,0.042307
36.82400,0.900240,0.078058,0.046953,0.070271,0.042269
36.82973,0.900210,0.078160,0.046913,0.070360,0.042231
36.83546,0.900180,0.078262,0.046873,0.070450,0.042194
36.84119,0.900150,0.078365,0.046832,0.070540,0.042156
36.84692,0.900120,0.078467,0.046792,0.070629,0.042118
36.85265,0.900090,0.078569,0.046751,0.070719,0.042080
36.85837,0.900060,0.078671,0.046711,0.070808,0.042042
36.86410,0.900030,0.078772,0.046670,0.070898,0.042005
36.86983,0.900000,0.078874,0.046630,0.070987,0.041967
36.87556,0.899970,0.078976,0.046589,0.071076,0.041929
36.88129,0.899940,0.079077,0.046549,0.071165,0.041891
36.88702,0.899910,0.079179,0.046508,0.071254,0.041853
36.89275,0.899880,0.079280,0.046468,0.071342,0.041815
36.89848,0.899850,0.079381,0.046427,0.071431,0.041777
36.90421,0.899820,0.079482,0.046386,0.071520,0.041739
36.90994,0.899790,0.079583,0.046346,0.071608,0.041701
36.91567,0.899760,0.079684,0.046305,0.071697,0.041664
36.92140,0.899730,0.079785,0.046265,0.071785,0.041626
36.92713,0.899700,0.079886,0.046224,0.071873,0.041588
36.93286,0.899670,0.079986,0.046183,0.071961,0.041550
36.93859,0.899640,0.080087,0.046143,0.072049,0.041512
36.94432,0.899610,0.080187,0.046102,0.072137,0.041474
36.95005,0.899580,0.080287,0.046061,0.072225,0.041436
36.95578,0.899550,0.080387,0.046020,0.072313,0.041398
36.96151,0.899520,0.080488,0.045980,0.072400,0.041360
36.96724,0.899490,0.080588,0.045939,0.072488,0.041322
36.97297,0.899460,0.080687,0.045898,0.072575,0.041284
36.97870,0.899430,0.080787,0.045857,0.072662,0.041245
36.98443,0.899400,0.080887,0.045817,0.072750,0.041207
36.99016,0.899369,0.080987,0.045776,0.072837,0.041169
36.99588,0.899339,0.081086,0.045735,0.072924,0.041131
37.00161,0.899309,0.081185,0.045694,0.073011,0.041093
37.00734,0.899279,0.081285,0.045653,0.073098,0.041055
37.01307,0.899249,0.081384,0.045612,0.073184,0.041017
37.01880,0.899219,0.081483,0.045572,0.073271,0.040979
37.02453,0.899189,0.081582,0.045531,0.073358,0.040941
37.03026,0.899159,0.081681,0.045490,0.073444,0.040903
37.03599,0.899129,0.081780,0.045449,0.073530,0.040864
37.04172,0.899099,0.081878,0.045408,0.073617,0.040826
37.04745,0.899068,0.081977,0.045367,0.073703,0.040788
37.05318,0.899038,0.082075,0.045326,0.073789,0.040750
37.05891,0.899008,0.082174,0.045285,0.073875,0.040712
37.06464,0.898978,0.082272,0.045244,0.073961,0.040673
37.07037,0.898948,0.082370,0.045203,0.074046,0.040635
37.07610,0.898918,0.082468,0.045162,0.074132,0.040597
37.08183,0.898888,0.082566,0.045121,0.074218,0.040559
37.08756,0.898857,0.082664,0.045080,0.074303,0.040520
37.09329,0.898827,0.082762,0.045039,0.074388,0.040482
37.09902,0.898797,0.082859,0.044998,0.074474,0.040444
37.10475,0.898767,0.082957,0.044957,0.074559,0.040406
37.11048,0.898737,0.083054,0.044916,0.074644,0.040367
37.11621,0.898707,0.083152,0.044875,0.074729,0.040329
37.12194,0.898676,0.083249,0.044834,0.074814,0.040291
37.12767,0.898646,0.083346,0.044792,0.074899,0.040253
37.13339,0.898616,0.083443,0.044751,0.074983,0.040214
37.13912,0.898586,0.083540,0.044710,0.075068,0.040176
37.14485,0.898556,0.083637,0.044669,0.075152,0.040138
37.15058,0.898526,0.083734,0.044628,0.075237,0.040099
37.15631,0.898495,0.083830,0.044587,0.075321,0.040061
37.16204,0.898465,0.083927,0.044545,0.075405,0.040022
37.16777,0.898435,0.084023,0.044504,0.075489,0.039984
37.17350,0.898405,0.084119,0.044463,0.075573,0.039946
37.17923,0.898375,0.084216,0.044422,0.075657,0.039907
37.18496,0.898344,0.084312,0.044380,0.075741,0.039869
37.19069,0.898314,0.084408,0.044339,0.075825,0.039831
37.19642,0.898284,0.084504,0.044298,0.075908,0.039792
37.20215,0.898254,0.084599,0.044257,0.075992,0.039754
37.20788,0.898223,0.084695,0.044215,0.076075,0.039715
37.21361,0.898193,0.084791,0.044174,0.076159,0.039677
37.21934,0.898163,0.084886,0.044133,0.076242,0.039638
37.22507,0.898133,0.084982,0.044091,0.076325,0.039600
37.23080,0.898102,0.085077,0.044050,0.076408,0.039561
37.23653,0.898072,0.085172,0.044009,0.076491,0.039523
37.24226,0.898042,0.085267,0.043967,0.076574,0.039484
37.24799,0.898012,0.085362,0.043926,0.076656,0.039446
37.25372,0.897981,0.085457,0.043884,0.076739,0.039407
37.25945,0.897951,0.085552,0.043843,0.076821,0.039369
37.26517,0.897921,0.085647,0.043802,0.076904,0.039330
37.27090,0.897891,0.085741,0.043760,0.076986,0.039292
37.27663,0.897860,0.085836,0.043719,0.077068,0.039253
37.28236,0.897830,0.085930,0.043677,0.077151,0.039215
37.28809,0.897800,0.086024,0.043636,0.077233,0.039176
37.29382,0.897769,0.086118,0.043594,0.077315,0.039138
37.29955,0.897739,0.086213,0.043553,0.077396,0.039099
37.30528,0.897709,0.086306,0.043511,0.077478,0.039061
37.31101,0.897679,0.086400,0.043470,0.077560,0.039022
37.31674,0.897648,0.086494,0.043428,0.077641,0.038983
37.32247,0.897618,0.086588,0.043387,0.077723,0.038945
37.32820,0.897588,0.086681,0.043345,0.077804,0.038906
37.33393,0.897557,0.086775,0.043304,0.077885,0.038868
37.33966,0.897527,0.086868,0.043262,0.077966,0.038829
37.34539,0.897497,0.086961,0.043221,0.078047,0.038790
37.35112,0.897466,0.087054,0.043179,0.078128,0.038752
37.35685,0.897436,0.087147,0.043137,0.078209,0.038713
37.36258,0.897406,0.087240,0.043096,0.078290,0.038674
37.36831,0.897375,0.087333,0.043054,0.078371,0.038636
37.37404,0.897345,0.087426,0.043013,0.078451,0.038597
37.37977,0.897315,0.087519,0.042971,0.078532,0.038558
37.38550,0.897284,0.087611,0.042929,0.078612,0.038520
37.39123,0.897254,0.087703,0.042888,0.078692,0.038481
37.39696,0.897223,0.087796,0.042846,0.078772,0.038442
37.40268,0.897193,0.087888,0.042804,0.078853,0.038404
37.40841,0.897163,0.087980,0.042762,0.078932,0.038365
37.41414,0.897132,0.088072,0.042721,0.079012,0.038326
37.41987,0.897102,0.088164,0.042679,0.079092,0.038287
37.42560,0.897072,0.088256,0.042637,0.079172,0.038249
37.43133,0.897041,0.088347,0.042596,0.079251,0.038210
37.43706,0.897011,0.088439,0.042554,0.079331,0.038171
37.44279,0.896980,0.088531,0.042512,0.079410,0.038132
37.44852,0.896950,0.088622,0.042470,0.079489,0.038094
37.45425,0.896920,0.088713,0.042429,0.079569,0.038055
37.45998,0.896889,0.088804,0.042387,0.079648,0.038016
37.46571,0.896859,0.088895,0.042345,0.079727,0.037977
37.47144,0.896828,0.088986,0.042303,0.079805,0.037939
37.47717,0.896798,0.089077,0.042261,0.079884,0.037900
37.48290,0.896768,0.089168,0.042219,0.079963,0.037861
37.48863,0.896737,0.089259,0.042178,0.080042,0.037822
37.49436,0.896707,0.089349,0.042136,0.080120,0.037783
37.50009,0.896676,0.089440,0.042094,0.080198,0.037745
37.50582,0.896646,0.089530,0.042052,0.080277,0.037706
37.51155,0.896615,0.089620,0.042010,0.080355,0.037667
37.51728,0.896585,0.089710,0.041968,0.080433,0.037628
37.52301,0.896554,0.089800,0.041926,0.080511,0.037589
37.52874,0.896524,0.089890,0.041884,0.080589,0.037550
37.53447,0.896494,0.089980,0.041843,0.080667,0.037512
37.54019,0.896463,0.090070,0.041801,0.080744,0.037473
37.54592,0.896433,0.090159,0.041759,0.080822,0.037434
37.55165,0.896402,0.090249,0.041717,0.080899,0.037395
37.55738,0.896372,0.090338,0.041675,0.080977,0.037356
37.56311,0.896341,0.090428,0.041633,0.081054,0.037317
37.56884,0.896311,0.090517,0.041591,0.081131,0.037278
37.57457,0.896280,0.090606,0.041549,0.081208,0.037239
37.58030,0.896250,0.090695,0.041507,0.081285,0.037200
37.58603,0.896219,0.090784,0.041465,0.081362,0.037162
37.59176,0.896189,0.090872,0.041423,0.081439,0.037123
37.59749,0.896158,0.090961,0.041381,0.081516,0.037084
37.60322,0.896128,0.091050,0.041339,0.081592,0.037045
37.60895,0.896097,0.091138,0.041297,0.081669,0.037006
37.61468,0.896067,0.091227,0.041255,0.081745,0.036967
37.62041,0.896036,0.091315,0.041213,0.081821,0.036928
37.62614,0.896006,0.091403,0.041170,0.081898,0.036889
37.63187,0.895975,0.091491,0.041128,0.081974,0.036850
37.63760,0.895945,0.091579,0.041086,0.082050,0.036811
37.64333,0.895914,0.091667,0.041044,0.082126,0.036772
37.64906,0.895883,0.091754,0.041002,0.082201,0.036733
37.65479,0.895853,0.091842,0.040960,0.082277,0.036694
37.66052,0.895822,0.091930,0.040918,0.082353,0.036655
37.66625,0.895792,0.092017,0.040876,0.082428,0.036616
37.67198,0.895761,0.092104,0.040834,0.082504,0.036577
37.67770,0.895731,0.092192,0.040791,0.082579,0.036538
37.68343,0.895700,0.092279,0.040749,0.082654,0.036499
37.68916,0.895670,0.092366,0.040707,0.082729,0.036460
37.69489,0.895639,0.092453,0.040665,0.082804,0.036421
37.70062,0.895608,0.092539,0.040623,0.082879,0.036382
37.70635,0.895578,0.092626,0.040581,0.082954,0.036343
37.71208,0.895547,0.092713,0.040538,0.083029,0.036304
37.71781,0.895517,0.092799,0.040496,0.083103,0.036265
37.72354,0.895486,0.092885,0.040454,0.083178,0.036226
37.72927,0.895456,0.092972,0.040412,0.083252,0.036187
37.73500,0.895425,0.093058,0.040370,0.083326,0.036148
37.74073,0.895394,0.093144,0.040327,0.083401,0.036109
37.74646,0.895364,0.093230,0.040285,0.083475,0.036070
37.75219,0.895333,0.093316,0.040243,0.083549,0.036031
37.75792,0.895302,0.093401,0.040201,0.083623,0.035992
37.76365,0.895272,0.093487,0.040158,0.083696,0.035953
37.76938,0.895241,0.093573,0.040116,0.083770,0.035913
37.77511,0.895211,0.093658,0.040074,0.083844,0.035874
37.78084,0.895180,0.093743,0.040031,0.083917,0.035835
37.78657,0.895149,0.093829,0.039989,0.083991,0.035796
37.79230,0.895119,0.093914,0.039947,0.084064,0.035757
37.79803,0.895088,0.093999,0.039904,0.084137,0.035718
37.80376,0.895057,0.094084,0.039862,0.084210,0.035679
37.80948,0.895027,0.094168,0.039820,0.084283,0.035640
37.81521,0.894996,0.094253,0.039777,0.084356,0.035601
37.82094,0.894965,0.094338,0.039735,0.084429,0.035562
37.82667,0.894935,0.094422,0.039693,0.084502,0.035522
37.83240,0.894904,0.094506,0.039650,0.084574,0.035483
37.83813,0.894873,0.094591,0.039608,0.084647,0.035444
37.84386,0.894843,0.094675,0.039566,0.084719,0.035405
37.84959,0.894812,0.094759,0.039523,0.084791,0.035366
37.85532,0.894781,0.094843,0.039481,0.084864,0.035327
37.86105,0.894751,0.094927,0.039438,0.084936,0.035288
37.86678,0.894720,0.095011,0.039396,0.085008,0.035248
37.87251,0.894689,0.095094,0.039354,0.085080,0.035209
37.87824,0.894659,0.095178,0.039311,0.085152,0.035170
37.88397,0.894628,0.095261,0.039269,0.085223,0.035131
37.88970,0.894597,0.095344,0.039226,0.085295,0.035092
37.89543,0.894567,0.095428,0.039184,0.085366,0.035053
37.90116,0.894536,0.095511,0.039141,0.085438,0.035013
37.90689,0.894505,0.095594,0.039099,0.085509,0.034974
37.91262,0.894474,0.095677,0.039057,0.085580,0.034935
37.91835,0.894444,0.095759,0.039014,0.085651,0.034896
37.92408,0.894413,0.095842,0.038972,0.085722,0.034857
37.92981,0.894382,0.095925,0.038929,0.085793,0.034817
37.93554,0.894351,0.096007,0.038887,0.085864,0.034778
37.94127,0.894321,0.096090,0.038844,0.085935,0.034739
37.94699,0.894290,0.096172,0.038802,0.086006,0.034700
37.95272,0.894259,0.096254,0.038759,0.086076,0.034661
37.95845,0.894228,0.096336,0.038717,0.086146,0.034621
37.96418,0.894198,0.096418,0.038674,0.086217,0.034582
37.96991,0.894167,0.096500,0.038632,0.086287,0.034543
37.97564,0.894136,0.096582,0.038589,0.086357,0.034504
37.98137,0.894105,0.096663,0.038546,0.086427,0.034465
37.98710,0.894075,0.096745,0.038504,0.086497,0.034425
37.99283,0.894044,0.096826,0.038461,0.086567,0.034386
37.99856,0.894013,0.096907,0.038419,0.086637,0.034347
38.00429,0.893982,0.096989,0.038376,0.086706,0.034308
38.01002,0.893952,0.097070,0.038334,0.086776,0.034268
38.01575,0.893921,0.097151,0.038291,0.086845,0.034229
38.02148,0.893890,0.097232,0.038248,0.086914,0.034190
38.02721,0.893859,0.097312,0.038206,0.086984,0.034151
38.03294,0.893828,0.097393,0.038163,0.087053,0.034111
38.03867,0.893798,0.097474,0.038121,0.087122,0.034072
38.04440,0.893767,0.097554,0.038078,0.087191,0.034033
38.05013,0.893736,0.097635,0.038035,0.087260,0.033994
38.05586,0.893705,0.097715,0.037993,0.087328,0.033954
38.06159,0.893674,0.097795,0.037950,0.087397,0.033915
38.06732,0.893643,0.097875,0.037908,0.087465,0.033876
38.07305,0.893613,0.097955,0.037865,0.087534,0.033837
38.07878,0.893582,0.098035,0.037822,0.087602,0.033797
38.08450,0.893551,0.098115,0.037780,0.087670,0.033758
38.09023,0.893520,0.098194,0.037737,0.087738,0.033719
38.09596,0.893489,0.098274,0.037694,0.087806,0.033679
38.10169,0.893458,0.098353,0.037652,0.087874,0.033640
38.10742,0.893428,0.098432,0.037609,0.087942,0.033601
38.11315,0.893397,0.098512,0.037566,0.088010,0.033562
38.11888,0.893366,0.098591,0.037524,0.088078,0.033522
38.12461,0.893335,0.098670,0.037481,0.088145,0.033483
38.13034,0.893304,0.098749,0.037438,0.088212,0.033444
38.13607,0.893273,0.098827,0.037396,0.088280,0.033404
38.14180,0.893242,0.098906,0.037353,0.088347,0.033365
38.14753,0.893211,0.098985,0.037310,0.088414,0.033326
38.15326,0.893181,0.099063,0.037267,0.088481,0.033287
38.15899,0.893150,0.099141,0.037225,0.088548,0.033247
38.16472,0.893119,0.099220,0.037182,0.088615,0.033208
38.17045,0.893088,0.099298,0.037139,0.088682,0.033169
38.17618,0.893057,0.099376,0.037096,0.088748,0.033129
38.18191,0.893026,0.099454,0.037054,0.088815,0.033090
38.18764,0.892995,0.099531,0.037011,0.088881,0.033051
38.19337,0.892964,0.099609,0.036968,0.088947,0.033011
38.19910,0.892933,0.099687,0.036926,0.089014,0.032972
38.20483,0.892902,0.099764,0.036883,0.089080,0.032933
38.21056,0.892871,0.099842,0.036840,0.089146,0.032893
38.21628,0.892841,0.099919,0.036797,0.089212,0.032854
38.22201,0.892810,0.099996,0.036754,0.089278,0.032815
38.22774,0.892779,0.100073,0.036712,0.089343,0.032775
38.23347,0.892748,0.100150,0.036669,0.089409,0.032736
38.23920,0.892717,0.100227,0.036626,0.089474,0.032697
38.24493,0.892686,0.100304,0.036583,0.089540,0.032657
38.25066,0.892655,0.100380,0.036541,0.089605,0.032618
38.25639,0.892624,0.100457,0.036498,0.089670,0.032579
38.26212,0.892593,0.100533,0.036455,0.089735,0.032539
38.26785,0.892562,0.100610,0.036412,0.089801,0.032500
38.27358,0.892531,0.100686,0.036369,0.089865,0.032461
38.27931,0.892500,0.100762,0.036326,0.089930,0.032421
38.28504,0.892469,0.100838,0.036284,0.089995,0.032382
38.29077,0.892438,0.100914,0.036241,0.090060,0.032343
38.29650,0.892407,0.100990,0.036198,0.090124,0.032303
38.30223,0.892376,0.101066,0.036155,0.090189,0.032264
38.30796,0.892345,0.101141,0.036112,0.090253,0.032225
38.31369,0.892314,0.101217,0.036069,0.090317,0.032185
38.31942,0.892283,0.101292,0.036027,0.090381,0.032146
38.32515,0.892252,0.101367,0.035984,0.090445,0.032107
38.33088,0.892221,0.101442,0.035941,0.090509,0.032067
38.33661,0.892190,0.101518,0.035898,0.090573,0.032028
38.34234,0.892159,0.101592,0.035855,0.090637,0.031989
38.34807,0.892128,0.101667,0.035812,0.090700,0.031949
38.35379,0.892097,0.101742,0.035769,0.090764,0.031910
38.35952,0.892066,0.101817,0.035727,0.090827,0.031870
38.36525,0.892035,0.101891,0.035684,0.090891,0.031831
38.37098,0.892004,0.101966,0.035641,0.090954,0.031792
38.37671,0.891973,0.102040,0.035598,0.091017,0.031752
38.38244,0.891942,0.102114,0.035555,0.091080,0.031713
38.38817,0.891911,0.102188,0.035512,0.091143,0.031674
38.39390,0.891880,0.102262,0.035469,0.091206,0.031634
38.39963,0.891849,0.102336,0.035426,0.091268,0.031595
38.40536,0.891818,0.102410,0.035383,0.091331,0.031556
38.41109,0.891787,0.102484,0.035341,0.091393,0.031516
38.41682,0.891756,0.102557,0.035298,0.091456,0.031477
38.42255,0.891724,0.102631,0.035255,0.091518,0.031438
38.42828,0.891693,0.102704,0.035212,0.091580,0.031398
38.43401,0.891662,0.102777,0.035169,0.091643,0.031359
38.43974,0.891631,0.102850,0.035126,0.091705,0.031319
38.44547,0.891600,0.102923,0.035083,0.091766,0.031280
38.45120,0.891569,0.102996,0.035040,0.091828,0.031241
38.45693,0.891538,0.103069,0.034997,0.091890,0.031201
38.46266,0.891507,0.103142,0.034954,0.091952,0.031162
38.46839,0.891476,0.103214,0.034911,0.092013,0.031123
38.47412,0.891445,0.103287,0.034868,0.092075,0.031083
38.47985,0.891414,0.103359,0.034825,0.092136,0.031044
38.48558,0.891382,0.103432,0.034782,0.092197,0.031005
38.49130,0.891351,0.103504,0.034740,0.092258,0.030965
38.49703,0.891320,0.103576,0.034697,0.092319,0.030926
38.50276,0.891289,0.103648,0.034654,0.092380,0.030886
38.50849,0.891258,0.103720,0.034611,0.092441,0.030847
38.51422,0.891227,0.103791,0.034568,0.092502,0.030808
38.51995,0.891196,0.103863,0.034525,0.092562,0.030768
38.52568,0.891165,0.103935,0.034482,0.092623,0.030729
38.53141,0.891133,0.104006,0.034439,0.092683,0.030690
38.53714,0.891102,0.104077,0.034396,0.092744,0.030650
38.54287,0.891071,0.104149,0.034353,0.092804,0.030611
38.54860,0.891040,0.104220,0.034310,0.092864,0.030572
38.55433,0.891009,0.104291,0.034267,0.092924,0.030532
38.56006,0.890978,0.104362,0.034224,0.092984,0.030493
38.56579,0.890946,0.104432,0.034181,0.093044,0.030453
38.57152,0.890915,0.104503,0.034138,0.093103,0.030414
38.57725,0.890884,0.104574,0.034095,0.093163,0.030375
38.58298,0.890853,0.104644,0.034052,0.093223,0.030335
38.58871,0.890822,0.104715,0.034009,0.093282,0.030296
38.59444,0.890791,0.104785,0.033966,0.093341,0.030257
38.60017,0.890759,0.104855,0.033923,0.093401,0.030217
38.60590,0.890728,0.104925,0.033880,0.093460,0.030178
38.61163,0.890697,0.104995,0.033837,0.093519,0.030139
38.61736,0.890666,0.105065,0.033794,0.093578,0.030099
38.62308,0.890635,0.105135,0.033751,0.093636,0.030060
38.62881,0.890603,0.105204,0.033708,0.093695,0.030020
38.63454,0.890572,0.105274,0.033665,0.093754,0.029981
38.64027,0.890541,0.105343,0.033622,0.093812,0.029942
38.64600,0.890510,0.105412,0.033579,0.093871,0.029902
38.65173,0.890478,0.105482,0.033536,0.093929,0.029863
38.65746,0.890447,0.105551,0.033493,0.093987,0.029824
38.66319,0.890416,0.105620,0.033450,0.094045,0.029784
38.66892,0.890385,0.105688,0.033407,0.094103,0.029745
38.67465,0.890353,0.105757,0.033364,0.094161,0.029706
38.68038,0.890322,0.105826,0.033321,0.094219,0.029666
38.68611,0.890291,0.105894,0.033278,0.094277,0.029627
38.69184,0.890260,0.105963,0.033235,0.094334,0.029588
38.69757,0.890228,0.106031,0.033192,0.094392,0.029548
38.70330,0.890197,0.106099,0.033149,0.094449,0.029509
38.70903,0.890166,0.106168,0.033106,0.094507,0.029470
38.71476,0.890135,0.106236,0.033063,0.094564,0.029430
38.72049,0.890103,0.106304,0.033020,0.094621,0.029391
38.72622,0.890072,0.106371,0.032977,0.094678,0.029352
38.73195,0.890041,0.106439,0.032934,0.094735,0.029312
38.73768,0.890010,0.106507,0.032891,0.094792,0.029273
38.74341,0.889978,0.106574,0.032848,0.094849,0.029234
38.74914,0.889947,0.106641,0.032805,0.094905,0.029194
38.75487,0.889916,0.106709,0.032761,0.094962,0.029155
38.76059,0.889884,0.106776,0.032718,0.095018,0.029116
38.76632,0.889853,0.106843,0.032675,0.095075,0.029076
38.77205,0.889822,0.106910,0.032632,0.095131,0.029037
38.77778,0.889790,0.106977,0.032589,0.095187,0.028998
38.78351,0.889759,0.107043,0.032546,0.095243,0.028958
38.78924,0.889728,0.107110,0.032503,0.095299,0.028919
38.79497,0.889696,0.107177,0.032460,0.095355,0.028880
38.80070,0.889665,0.107243,0.032417,0.095410,0.028840
38.80643,0.889634,0.107309,0.032374,0.095466,0.028801
38.81216,0.889602,0.107376,0.032331,0.095522,0.028762
38.81789,0.889571,0.107442,0.032288,0.095577,0.028722
38.82362,0.889540,0.107508,0.032245,0.095632,0.028683
38.82935,0.889508,0.107574,0.032202,0.095688,0.028644
38.83508,0.889477,0.107639,0.032159,0.095743,0.028605
38.84081,0.889446,0.107705,0.032116,0.095798,0.028565
38.84654,0.889414,0.107771,0.032073,0.095853,0.028526
38.85227,0.889383,0.107836,0.032030,0.095907,0.028487
38.85800,0.889352,0.107901,0.031987,0.095962,0.028447
38.86373,0.889320,0.107967,0.031944,0.096017,0.028408
38.86946,0.889289,0.108032,0.031901,0.096071,0.028369
38.87519,0.889258,0.108097,0.031857,0.096126,0.028330
38.88092,0.889226,0.108162,0.031814,0.096180,0.028290
38.88665,0.889195,0.108226,0.031771,0.096234,0.028251
38.89238,0.889163,0.108291,0.031728,0.096289,0.028212
38.89810,0.889132,0.108356,0.031685,0.096343,0.028172
38.90383,0.889101,0.108420,0.031642,0.096397,0.028133
38.90956,0.889069,0.108485,0.031599,0.096450,0.028094
38.91529,0.889038,0.108549,0.031556,0.096504,0.028055
38.92102,0.889006,0.108613,0.031513,0.096558,0.028015
38.92675,0.888975,0.108677,0.031470,0.096611,0.027976
38.93248,0.888944,0.108741,0.031427,0.096665,0.027937
38.93821,0.888912,0.108805,0.031384,0.096718,0.027898
38.94394,0.888881,0.108869,0.031341,0.096771,0.027858
38.94967,0.888849,0.108932,0.031298,0.096824,0.027819
38.95540,0.888818,0.108996,0.031255,0.096877,0.027780
38.96113,0.888786,0.109059,0.031212,0.096930,0.027741
38.96686,0.888755,0.109123,0.031169,0.096983,0.027701
38.97259,0.888723,0.109186,0.031126,0.097036,0.027662
38.97832,0.888692,0.109249,0.031083,0.097089,0.027623
38.98405,0.888661,0.109312,0.031039,0.097141,0.027584
38.98978,0.888629,0.109375,0.030996,0.097194,0.027544
38.99551,0.888598,0.109438,0.030953,0.097246,0.027505
39.00124,0.888566,0.109500,0.030910,0.097298,0.027466
39.00697,0.888535,0.109563,0.030867,0.097350,0.027427
39.01270,0.888503,0.109625,0.030824,0.097402,0.027387
39.01843,0.888472,0.109688,0.030781,0.097454,0.027348
39.02416,0.888440,0.109750,0.030738,0.097506,0.027309
39.02989,0.888409,0.109812,0.030695,0.097558,0.027270
39.03561,0.888377,0.109874,0.030652,0.097610,0.027231
39.04134,0.888346,0.109936,0.030609,0.097661,0.027191
39.04707,0.888314,0.109998,0.030566,0.097713,0.027152
39.05280,0.888283,0.110060,0.030523,0.097764,0.027113
39.05853,0.888251,0.110121,0.030480,0.097815,0.027074
39.06426,0.888220,0.110183,0.030437,0.097866,0.027035
39.06999,0.888188,0.110244,0.030394,0.097917,0.026995
39.07572,0.888157,0.110305,0.030351,0.097968,0.026956
39.08145,0.888125,0.110367,0.030308,0.098019,0.026917
39.08718,0.888094,0.110428,0.030265,0.098070,0.026878
39.09291,0.888062,0.110489,0.030222,0.098121,0.026839
39.09864,0.888031,0.110549,0.030179,0.098171,0.026799
39.10437,0.887999,0.110610,0.030135,0.098222,0.026760
39.11010,0.887968,0.110671,0.030092,0.098272,0.026721
39.11583,0.887936,0.110731,0.030049,0.098322,0.026682
39.12156,0.887905,0.110792,0.030006,0.098373,0.026643
39.12729,0.887873,0.110852,0.029963,0.098423,0.026604
39.13302,0.887841,0.110912,0.029920,0.098473,0.026564
39.13875,0.887810,0.110972,0.029877,0.098522,0.026525
39.14448,0.887778,0.111032,0.029834,0.098572,0.026486
39.15021,0.887747,0.111092,0.029791,0.098622,0.026447
39.15594,0.887715,0.111152,0.029748,0.098671,0.026408
39.16167,0.887684,0.111212,0.029705,0.098721,0.026369
39.16739,0.887652,0.111271,0.029662,0.098770,0.026330
39.17312,0.887620,0.111331,0.029619,0.098820,0.026291
39.17885,0.887589,0.111390,0.029576,0.098869,0.026251
39.18458,0.887557,0.111450,0.029533,0.098918,0.026212
39.19031,0.887526,0.111509,0.029490,0.098967,0.026173
39.19604,0.887494,0.111568,0.029447,0.099016,0.026134
39.20177,0.887462,0.111627,0.029404,0.099064,0.026095
39.20750,0.887431,0.111685,0.029361,0.099113,0.026056
39.21323,0.887399,0.111744,0.029318,0.099162,0.026017
39.21896,0.887368,0.111803,0.029275,0.099210,0.025978
39.22469,0.887336,0.111861,0.029232,0.099259,0.025939
39.23042,0.887304,0.111920,0.029189,0.099307,0.025899
39.23615,0.887273,0.111978,0.029146,0.099355,0.025860
39.24188,0.887241,0.112036,0.029103,0.099403,0.025821
39.24761,0.887210,0.112094,0.029060,0.099451,0.025782
39.25334,0.887178,0.112152,0.029017,0.099499,0.025743
39.25907,0.887146,0.112210,0.028974,0.099547,0.025704
39.26480,0.887115,0.112268,0.028931,0.099594,0.025665
39.27053,0.887083,0.112326,0.028888,0.099642,0.025626
39.27626,0.887051,0.112383,0.028845,0.099690,0.025587
39.28199,0.887020,0.112441,0.028802,0.099737,0.025548
39.28772,0.886988,0.112498,0.028759,0.099784,0.025509
39.29345,0.886956,0.112555,0.028716,0.099831,0.025470
39.29918,0.886925,0.112612,0.028673,0.099879,0.025431
39.30490,0.886893,0.112669,0.028630,0.099926,0.025392
39.31063,0.886861,0.112726,0.028587,0.099972,0.025353
39.31636,0.886830,0.112783,0.028544,0.100019,0.025314
39.32209,0.886798,0.112840,0.028501,0.100066,0.025275
39.32782,0.886766,0.112896,0.028458,0.100113,0.025236
39.33355,0.886735,0.112953,0.028415,0.100159,0.025197
39.33928,0.886703,0.113009,0.028372,0.100206,0.025158
39.34501,0.886671,0.113065,0.028329,0.100252,0.025119
39.35074,0.886639,0.113122,0.028286,0.100298,0.025080
39.35647,0.886608,0.113178,0.028243,0.100344,0.025041
39.36220,0.886576,0.113234,0.028200,0.100390,0.025002
39.36793,0.886544,0.113289,0.028157,0.100436,0.024963
39.37366,0.886513,0.113345,0.028114,0.100482,0.024924
39.37939,0.886481,0.113401,0.028072,0.100528,0.024885
39.38512,0.886449,0.113456,0.028029,0.100573,0.024846
39.39085,0.886417,0.113512,0.027986,0.100619,0.024807
39.39658,0.886386,0.113567,0.027943,0.100664,0.024768
39.40231,0.886354,0.113622,0.027900,0.100710,0.024729
39.40804,0.886322,0.113677,0.027857,0.100755,0.024690
39.41377,0.886291,0.113732,0.027814,0.100800,0.024651
39.41950,0.886259,0.113787,0.027771,0.100845,0.024612
39.42523,0.886227,0.113842,0.027728,0.100890,0.024573
39.43096,0.886195,0.113897,0.027685,0.100935,0.024534
39.43669,0.886164,0.113951,0.027642,0.100979,0.024496
39.44241,0.886132,0.114006,0.027599,0.101024,0.024457
39.44814,0.886100,0.114060,0.027556,0.101069,0.024418
39.45387,0.886068,0.114114,0.027513,0.101113,0.024379
39.45960,0.886036,0.114168,0.027471,0.101157,0.024340
39.46533,0.886005,0.114222,0.027428,0.101202,0.024301
39.47106,0.885973,0.114276,0.027385,0.101246,0.024262
39.47679,0.885941,0.114330,0.027342,0.101290,0.024223
39.48252,0.885909,0.114384,0.027299,0.101334,0.024184
39.48825,0.885877,0.114438,0.027256,0.101378,0.024146
39.49398,0.885846,0.114491,0.027213,0.101421,0.024107
39.49971,0.885814,0.114544,0.027170,0.101465,0.024068
39.50544,0.885782,0.114598,0.027127,0.101509,0.024029
39.51117,0.885750,0.114651,0.027085,0.101552,0.023990
39.51690,0.885718,0.114704,0.027042,0.101595,0.023951
39.52263,0.885687,0.114757,0.026999,0.101639,0.023912
39.52836,0.885655,0.114810,0.026956,0.101682,0.023874
39.53409,0.885623,0.114863,0.026913,0.101725,0.023835
39.53982,0.885591,0.114915,0.026870,0.101768,0.023796
39.54555,0.885559,0.114968,0.026827,0.101811,0.023757
39.55128,0.885528,0.115020,0.026785,0.101854,0.023718
39.55701,0.885496,0.115073,0.026742,0.101896,0.023680
39.56274,0.885464,0.115125,0.026699,0.101939,0.023641
39.56847,0.885432,0.115177,0.026656,0.101981,0.023602
39.57419,0.885400,0.115229,0.026613,0.102024,0.023563
39.57992,0.885368,0.115281,0.026570,0.102066,0.023525
39.58565,0.885336,0.115333,0.026527,0.102108,0.023486
39.59138,0.885305,0.115384,0.026485,0.102150,0.023447
39.59711,0.885273,0.115436,0.026442,0.102192,0.023408
39.60284,0.885241,0.115487,0.026399,0.102234,0.023370
39.60857,0.885209,0.115539,0.026356,0.102276,0.023331
39.61430,0.885177,0.115590,0.026313,0.102318,0.023292
39.62003,0.885145,0.115641,0.026271,0.102359,0.023253
39.62576,0.885113,0.115692,0.026228,0.102401,0.023215
39.63149,0.885081,0.115743,0.026185,0.102442,0.023176
39.63722,0.885049,0.115794,0.026142,0.102484,0.023137
39.64295,0.885018,0.115845,0.026099,0.102525,0.023098
39.64868,0.884986,0.115895,0.026057,0.102566,0.023060
39.65441,0.884954,0.115946,0.026014,0.102607,0.023021
39.66014,0.884922,0.115996,0.025971,0.102648,0.022982
39.66587,0.884890,0.116047,0.025928,0.102689,0.022944
39.67160,0.884858,0.116097,0.025886,0.102729,0.022905
39.67733,0.884826,0.116147,0.025843,0.102770,0.022866
39.68306,0.884794,0.116197,0.025800,0.102810,0.022828
39.68879,0.884762,0.116247,0.025757,0.102851,0.022789
39.69452,0.884730,0.116297,0.025715,0.102891,0.022750
39.70025,0.884698,0.116346,0.025672,0.102932,0.022712
39.70598,0.884666,0.116396,0.025629,0.102972,0.022673
39.71170,0.884635,0.116445,0.025586,0.103012,0.022635
39.71743,0.884603,0.116495,0.025544,0.103052,0.022596
39.72316,0.884571,0.116544,0.025501,0.103091,0.022557
39.72889,0.884539,0.116593,0.025458,0.103131,0.022519
39.73462,0.884507,0.116642,0.025415,0.103171,0.022480
39.74035,0.884475,0.116691,0.025373,0.103210,0.022442
39.74608,0.884443,0.116740,0.025330,0.103250,0.022403
39.75181,0.884411,0.116789,0.025287,0.103289,0.022364
39.75754,0.884379,0.116837,0.025245,0.103329,0.022326
39.76327,0.884347,0.116886,0.025202,0.103368,0.022287
39.76900,0.884315,0.116934,0.025159,0.103407,0.022249
39.77473,0.884283,0.116983,0.025117,0.103446,0.022210
39.78046,0.884251,0.117031,0.025074,0.103485,0.022172
39.78619,0.884219,0.117079,0.025031,0.103523,0.022133
39.79192,0.884187,0.117127,0.024988,0.103562,0.022095
39.79765,0.884155,0.117175,0.024946,0.103601,0.022056
39.80338,0.884123,0.117223,0.024903,0.103639,0.022017
39.80911,0.884091,0.117270,0.024861,0.103678,0.021979
39.81484,0.884059,0.117318,0.024818,0.103716,0.021940
39.82057,0.884027,0.117365,0.024775,0.103754,0.021902
39.82630,0.883995,0.117413,0.024733,0.103792,0.021863
39.83203,0.883963,0.117460,0.024690,0.103830,0.021825
39.83776,0.883931,0.117507,0.024647,0.103868,0.021787
39.84349,0.883899,0.117554,0.024605,0.103906,0.021748
39.84921,0.883867,0.117601,0.024562,0.103944,0.021710
39.85494,0.883835,0.117648,0.024519,0.103981,0.021671
39.86067,0.883803,0.117695,0.024477,0.104019,0.021633
39.86640,0.883771,0.117741,0.024434,0.104056,0.021594
39.87213,0.883739,0.117788,0.024392,0.104093,0.021556
39.87786,0.883706,0.117834,0.024349,0.104131,0.021517
39.88359,0.883674,0.117880,0.024307,0.104168,0.021479
39.88932,0.883642,0.117927,0.024264,0.104205,0.021441
39.89505,0.883610,0.117973,0.024221,0.104242,0.021402
39.90078,0.883578,0.118019,0.024179,0.104279,0.021364
39.90651,0.883546,0.118064,0.024136,0.104315,0.021325
39.91224,0.883514,0.118110,0.024094,0.104352,0.021287
39.91797,0.883482,0.118156,0.024051,0.104389,0.021249
39.92370,0.883450,0.118201,0.024009,0.104425,0.021210
39.92943,0.883418,0.118247,0.023966,0.104461,0.021172
39.93516,0.883386,0.118292,0.023923,0.104498,0.021134
39.94089,0.883354,0.118338,0.023881,0.104534,0.021095
39.94662,0.883321,0.118383,0.023838,0.104570,0.021057
39.95235,0.883289,0.118428,0.023796,0.104606,0.021019
39.95808,0.883257,0.118473,0.023753,0.104642,0.020980
39.96381,0.883225,0.118517,0.023711,0.104678,0.020942
39.96954,0.883193,0.118562,0.023668,0.104713,0.020904
39.97527,0.883161,0.118607,0.023626,0.104749,0.020865
39.98099,0.883129,0.118651,0.023583,0.104784,0.020827
39.98672,0.883097,0.118696,0.023541,0.104820,0.020789
39.99245,0.883065,0.118740,0.023498,0.104855,0.020751
39.99818,0.883032,0.118784,0.023456,0.104890,0.020712
40.00391,0.883000,0.118828,0.023414,0.104925,0.020674
40.00964,0.882968,0.118872,0.023371,0.104960,0.020636
40.01537,0.882936,0.118916,0.023329,0.104995,0.020598
40.02110,0.882904,0.118960,0.023286,0.105030,0.020559
40.02683,0.882872,0.119004,0.023244,0.105065,0.020521
40.03256,0.882840,0.119047,0.023201,0.105099,0.020483
40.03829,0.882807,0.119091,0.023159,0.105134,0.020445
40.04402,0.882775,0.119134,0.023116,0.105168,0.020407
40.04975,0.882743,0.119177,0.023074,0.105203,0.020368
40.05548,0.882711,0.119220,0.023032,0.105237,0.020330
40.06121,0.882679,0.119263,0.022989,0.105271,0.020292
40.06694,0.882646,0.119306,0.022947,0.105305,0.020254
40.07267,0.882614,0.119349,0.022904,0.105339,0.020216
40.07840,0.882582,0.119392,0.022862,0.105373,0.020178
40.08413,0.882550,0.119434,0.022820,0.105407,0.020140
40.08986,0.882518,0.119477,0.022777,0.105440,0.020101
40.09559,0.882486,0.119519,0.022735,0.105474,0.020063
40.10132,0.882453,0.119562,0.022693,0.105508,0.020025
40.10705,0.882421,0.119604,0.022650,0.105541,0.019987
40.11278,0.882389,0.119646,0.022608,0.105574,0.019949
40.11850,0.882357,0.119688,0.022566,0.105607,0.019911
40.12423,0.882324,0.119730,0.022523,0.105640,0.019873
40.12996,0.882292,0.119771,0.022481,0.105673,0.019835
40.13569,0.882260,0.119813,0.022439,0.105706,0.019797
40.14142,0.882228,0.119855,0.022396,0.105739,0.019759
40.14715,0.882196,0.119896,0.022354,0.105772,0.019721
40.15288,0.882163,0.119938,0.022312,0.105804,0.019683
40.15861,0.882131,0.119979,0.022269,0.105837,0.019645
40.16434,0.882099,0.120020,0.022227,0.105869,0.019607
40.17007,0.882067,0.120061,0.022185,0.105902,0.019569
40.17580,0.882034,0.120102,0.022143,0.105934,0.019531
40.18153,0.882002,0.120143,0.022100,0.105966,0.019493
40.18726,0.881970,0.120183,0.022058,0.105998,0.019455
40.19299,0.881938,0.120224,0.022016,0.106030,0.019417
40.19872,0.881905,0.120265,0.021974,0.106062,0.019379
40.20445,0.881873,0.120305,0.021931,0.106094,0.019341
40.21018,0.881841,0.120345,0.021889,0.106125,0.019303
40.21591,0.881808,0.120386,0.021847,0.106157,0.019265
40.22164,0.881776,0.120426,0.021805,0.106188,0.019227
40.22737,0.881744,0.120466,0.021763,0.106220,0.019189
40.23310,0.881712,0.120506,0.021720,0.106251,0.019151
40.23883,0.881679,0.120545,0.021678,0.106282,0.019113
40.24456,0.881647,0.120585,0.021636,0.106313,0.019075
40.25029,0.881615,0.120625,0.021594,0.106344,0.019037
40.25601,0.881582,0.120664,0.021552,0.106375,0.019000
40.26174,0.881550,0.120703,0.021510,0.106406,0.018962
40.26747,0.881518,0.120743,0.021467,0.106437,0.018924
40.27320,0.881485,0.120782,0.021425,0.106467,0.018886
40.27893,0.881453,0.120821,0.021383,0.106498,0.018848
40.28466,0.881421,0.120860,0.021341,0.106528,0.018810
40.29039,0.881388,0.120899,0.021299,0.106559,0.018773
40.29612,0.881356,0.120937,0.021257,0.106589,0.018735
40.30185,0.881324,0.120976,0.021215,0.106619,0.018697
40.30758,0.881291,0.121015,0.021173,0.106649,0.018659
40.31331,0.881259,0.121053,0.021130,0.106679,0.018621
40.31904,0.881227,0.121091,0.021088,0.106709,0.018584
40.32477,0.881194,0.121130,0.021046,0.106739,0.018546
40.33050,0.881162,0.121168,0.021004,0.106768,0.018508
40.33623,0.881130,0.121206,0.020962,0.106798,0.018470
40.34196,0.881097,0.121244,0.020920,0.106827,0.018433
40.34769,0.881065,0.121281,0.020878,0.106857,0.018395
40.35342,0.881032,0.121319,0.020836,0.106886,0.018357
40.35915,0.881000,0.121357,0.020794,0.106915,0.018320
40.36488,0.880968,0.121394,0.020752,0.106944,0.018282
40.37061,0.880935,0.121432,0.020710,0.106973,0.018244
40.37634,0.880903,0.121469,0.020668,0.107002,0.018207
40.38207,0.880871,0.121506,0.020626,0.107031,0.018169
40.38779,0.880838,0.121543,0.020584,0.107060,0.018131
40.39352,0.880806,0.121580,0.020542,0.107088,0.018094
40.39925,0.880773,0.121617,0.020500,0.107117,0.018056
40.40498,0.880741,0.121654,0.020458,0.107145,0.018018
40.41071,0.880709,0.121690,0.020416,0.107174,0.017981
40.41644,0.880676,0.121727,0.020374,0.107202,0.017943
40.42217,0.880644,0.121763,0.020332,0.107230,0.017905
40.42790,0.880611,0.121800,0.020290,0.107258,0.017868
40.43363,0.880579,0.121836,0.020248,0.107286,0.017830
40.43936,0.880546,0.121872,0.020207,0.107314,0.017793
40.44509,0.880514,0.121908,0.020165,0.107342,0.017755
40.45082,0.880482,0.121944,0.020123,0.107370,0.017718
40.45655,0.880449,0.121980,0.020081,0.107397,0.017680
40.46228,0.880417,0.122016,0.020039,0.107425,0.017643
40.46801,0.880384,0.122051,0.019997,0.107452,0.017605
40.47374,0.880352,0.122087,0.019955,0.107479,0.017568
40.47947,0.880319,0.122122,0.019913,0.107507,0.017530
40.48520,0.880287,0.122158,0.019872,0.107534,0.017493
40.49093,0.880254,0.122193,0.019830,0.107561,0.017455
40.49666,0.880222,0.122228,0.019788,0.107588,0.017418
40.50239,0.880189,0.122263,0.019746,0.107615,0.017380
40.50812,0.880157,0.122298,0.019704,0.107641,0.017343
40.51385,0.880125,0.122333,0.019662,0.107668,0.017305
40.51958,0.880092,0.122367,0.019621,0.107695,0.017268
40.52530,0.880060,0.122402,0.019579,0.107721,0.017231
40.53103,0.880027,0.122436,0.019537,0.107747,0.017193
40.53676,0.879995,0.122471,0.019495,0.107774,0.017156
40.54249,0.879962,0.122505,0.019454,0.107800,0.017118
40.54822,0.879930,0.122539,0.019412,0.107826,0.017081
40.55395,0.879897,0.122573,0.019370,0.107852,0.017044
40.55968,0.879865,0.122607,0.019328,0.107878,0.017006
40.56541,0.879832,0.122641,0.019287,0.107904,0.016969
40.57114,0.879799,0.122675,0.019245,0.107929,0.016932
40.57687,0.879767,0.122709,0.019203,0.107955,0.016894
40.58260,0.879734,0.122742,0.019161,0.107981,0.016857
40.58833,0.879702,0.122776,0.019120,0.108006,0.016820
40.59406,0.879669,0.122809,0.019078,0.108031,0.016782
40.59979,0.879637,0.122842,0.019036,0.108057,0.016745
40.60552,0.879604,0.122875,0.018995,0.108082,0.016708
40.61125,0.879572,0.122908,0.018953,0.108107,0.016671
40.61698,0.879539,0.122941,0.018911,0.108132,0.016633
40.62271,0.879507,0.122974,0.018870,0.108157,0.016596
40.62844,0.879474,0.123007,0.018828,0.108181,0.016559
40.63417,0.879442,0.123040,0.018787,0.108206,0.016522
40.63990,0.879409,0.123072,0.018745,0.108231,0.016484
40.64563,0.879376,0.123105,0.018703,0.108255,0.016447
40.65136,0.879344,0.123137,0.018662,0.108280,0.016410
40.65709,0.879311,0.123169,0.018620,0.108304,0.016373
40.66281,0.879279,0.123201,0.018579,0.108328,0.016336
40.66854,0.879246,0.123233,0.018537,0.108352,0.016299
40.67427,0.879214,0.123265,0.018496,0.108376,0.016262
40.68000,0.879181,0.123297,0.018454,0.108400,0.016224
40.68573,0.879148,0.123329,0.018412,0.108424,0.016187
40.69146,0.879116,0.123360,0.018371,0.108448,0.016150
40.69719,0.879083,0.123392,0.018329,0.108472,0.016113
40.70292,0.879051,0.123423,0.018288,0.108495,0.016076
40.70865,0.879018,0.123454,0.018246,0.108519,0.016039
40.71438,0.878985,0.123486,0.018205,0.108542,0.016002
40.72011,0.878953,0.123517,0.018163,0.108565,0.015965
40.72584,0.878920,0.123548,0.018122,0.108589,0.015928
40.73157,0.878887,0.123579,0.018081,0.108612,0.015891
40.73730,0.878855,0.123609,0.018039,0.108635,0.015854
40.74303,0.878822,0.123640,0.017998,0.108658,0.015817
40.74876,0.878790,0.123671,0.017956,0.108680,0.015780
40.75449,0.878757,0.123701,0.017915,0.108703,0.015743
40.76022,0.878724,0.123731,0.017873,0.108726,0.015706
40.76595,0.878692,0.123762,0.017832,0.108748,0.015669
40.77168,0.878659,0.123792,0.017791,0.108771,0.015632
40.77741,0.878626,0.123822,0.017749,0.108793,0.015595
40.78314,0.878594,0.123852,0.017708,0.108816,0.015558
40.78887,0.878561,0.123882,0.017667,0.108838,0.015521
40.79460,0.878528,0.123912,0.017625,0.108860,0.015484
40.80032,0.878496,0.123941,0.017584,0.108882,0.015447
40.80605,0.878463,0.123971,0.017543,0.108904,0.015410
40.81178,0.878430,0.124000,0.017501,0.108926,0.015374
40.81751,0.878398,0.124030,0.017460,0.108947,0.015337
40.82324,0.878365,0.124059,0.017419,0.108969,0.015300
40.82897,0.878332,0.124088,0.017377,0.108990,0.015263
40.83470,0.878300,0.124117,0.017336,0.109012,0.015226
40.84043,0.878267,0.124146,0.017295,0.109033,0.015189
40.84616,0.878234,0.124175,0.017254,0.109055,0.015153
40.85189,0.878201,0.124204,0.017212,0.109076,0.015116
40.85762,0.878169,0.124232,0.017171,0.109097,0.015079
40.86335,0.878136,0.124261,0.017130,0.109118,0.015042
40.86908,0.878103,0.124289,0.017089,0.109139,0.015006
40.87481,0.878071,0.124318,0.017047,0.109160,0.014969
40.88054,0.878038,0.124346,0.017006,0.109180,0.014932
40.88627,0.878005,0.124374,0.016965,0.109201,0.014895
40.89200,0.877972,0.124402,0.016924,0.109221,0.014859
40.89773,0.877940,0.124430,0.016883,0.109242,0.014822
40.90346,0.877907,0.124458,0.016841,0.109262,0.014785
40.90919,0.877874,0.124485,0.016800,0.109283,0.014749
40.91492,0.877841,0.124513,0.016759,0.109303,0.014712
40.92065,0.877809,0.124541,0.016718,0.109323,0.014675
40.92638,0.877776,0.124568,0.016677,0.109343,0.014639
40.93210,0.877743,0.124595,0.016636,0.109363,0.014602
40.93783,0.877710,0.124622,0.016595,0.109382,0.014565
40.94356,0.877678,0.124650,0.016554,0.109402,0.014529
40.94929,0.877645,0.124677,0.016513,0.109422,0.014492
40.95502,0.877612,0.124704,0.016472,0.109441,0.014456
40.96075,0.877579,0.124730,0.016431,0.109461,0.014419
40.96648,0.877547,0.124757,0.016389,0.109480,0.014383
40.97221,0.877514,0.124784,0.016348,0.109499,0.014346
40.97794,0.877481,0.124810,0.016307,0.109519,0.014309
40.98367,0.877448,0.124837,0.016266,0.109538,0.014273
40.98940,0.877415,0.124863,0.016225,0.109557,0.014236
40.99513,0.877383,0.124889,0.016184,0.109576,0.014200
41.00086,0.877350,0.124915,0.016143,0.109594,0.014163
41.00659,0.877317,0.124941,0.016103,0.109613,0.014127
41.01232,0.877284,0.124967,0.016062,0.109632,0.014091
41.01805,0.877251,0.124993,0.016021,0.109650,0.014054
41.02378,0.877219,0.125019,0.015980,0.109669,0.014018
41.02951,0.877186,0.125044,0.015939,0.109687,0.013981
41.03524,0.877153,0.125070,0.015898,0.109705,0.013945
41.04097,0.877120,0.125095,0.015857,0.109723,0.013908
41.04670,0.877087,0.125120,0.015816,0.109741,0.013872
41.05243,0.877054,0.125146,0.015775,0.109759,0.013836
41.05816,0.877022,0.125171,0.015734,0.109777,0.013799
41.06389,0.876989,0.125196,0.015693,0.109795,0.013763
41.06961,0.876956,0.125221,0.015653,0.109813,0.013727
41.07534,0.876923,0.125245,0.015612,0.109831,0.013690
41.08107,0.876890,0.125270,0.015571,0.109848,0.013654
41.08680,0.876857,0.125295,0.015530,0.109865,0.013618
41.09253,0.876825,0.125319,0.015489,0.109883,0.013581
41.09826,0.876792,0.125343,0.015449,0.109900,0.013545
41.10399,0.876759,0.125368,0.015408,0.109917,0.013509
41.10972,0.876726,0.125392,0.015367,0.109934,0.013473
41.11545,0.876693,0.125416,0.015326,0.109951,0.013436
41.12118,0.876660,0.125440,0.015286,0.109968,0.013400
41.12691,0.876627,0.125464,0.015245,0.109985,0.013364
41.13264,0.876594,0.125488,0.015204,0.110002,0.013328
41.13837,0.876561,0.125511,0.015163,0.110018,0.013292
41.14410,0.876529,0.125535,0.015123,0.110035,0.013255
41.14983,0.876496,0.125558,0.015082,0.110051,0.013219
41.15556,0.876463,0.125582,0.015041,0.110068,0.013183
41.16129,0.876430,0.125605,0.015001,0.110084,0.013147
41.16702,0.876397,0.125628,0.014960,0.110100,0.013111
41.17275,0.876364,0.125651,0.014919,0.110116,0.013075
41.17848,0.876331,0.125674,0.014879,0.110132,0.013039
41.18421,0.876298,0.125697,0.014838,0.110148,0.013003
41.18994,0.876265,0.125720,0.014798,0.110164,0.012967
41.19567,0.876232,0.125743,0.014757,0.110180,0.012931
41.20140,0.876199,0.125765,0.014716,0.110195,0.012894
41.20712,0.876166,0.125788,0.014676,0.110211,0.012858
41.21285,0.876134,0.125810,0.014635,0.110226,0.012822
41.21858,0.876101,0.125832,0.014595,0.110242,0.012786
41.22431,0.876068,0.125855,0.014554,0.110257,0.012750
41.23004,0.876035,0.125877,0.014514,0.110272,0.012714
41.23577,0.876002,0.125899,0.014473,0.110287,0.012678
41.24150,0.875969,0.125921,0.014433,0.110302,0.012643
41.24723,0.875936,0.125942,0.014392,0.110317,0.012607
41.25296,0.875903,0.125964,0.014352,0.110332,0.012571
41.25869,0.875870,0.125986,0.014311,0.110347,0.012535
41.26442,0.875837,0.126007,0.014271,0.110362,0.012499
41.27015,0.875804,0.126028,0.014230,0.110376,0.012463
41.27588,0.875771,0.126050,0.014190,0.110391,0.012427
41.28161,0.875738,0.126071,0.014149,0.110405,0.012391
41.28734,0.875705,0.126092,0.014109,0.110419,0.012355
41.29307,0.875672,0.126113,0.014069,0.110434,0.012320
41.29880,0.875639,0.126134,0.014028,0.110448,0.012284
41.30453,0.875606,0.126155,0.013988,0.110462,0.012248
41.31026,0.875573,0.126175,0.013948,0.110476,0.012212
41.31599,0.875540,0.126196,0.013907,0.110490,0.012176
41.32172,0.875507,0.126216,0.013867,0.110503,0.012141
41.32745,0.875474,0.126237,0.013827,0.110517,0.012105
41.33318,0.875441,0.126257,0.013786,0.110531,0.012069
41.33890,0.875408,0.126277,0.013746,0.110544,0.012033
41.34463,0.875375,0.126297,0.013706,0.110558,0.011998
41.35036,0.875342,0.126317,0.013665,0.110571,0.011962
41.35609,0.875309,0.126337,0.013625,0.110584,0.011926
41.36182,0.875276,0.126357,0.013585,0.110597,0.011891
41.36755,0.875243,0.126377,0.013545,0.110610,0.011855
41.37328,0.875210,0.126396,0.013504,0.110623,0.011819
41.37901,0.875177,0.126416,0.013464,0.110636,0.011784
41.38474,0.875144,0.126435,0.013424,0.110649,0.011748
41.39047,0.875111,0.126455,0.013384,0.110662,0.011712
41.39620,0.875077,0.126474,0.013344,0.110674,0.011677
41.40193,0.875044,0.126493,0.013304,0.110687,0.011641
41.40766,0.875011,0.126512,0.013263,0.110699,0.011606
41.41339,0.874978,0.126531,0.013223,0.110712,0.011570
41.41912,0.874945,0.126550,0.013183,0.110724,0.011535
41.42485,0.874912,0.126568,0.013143,0.110736,0.011499
41.43058,0.874879,0.126587,0.013103,0.110748,0.011463
41.43631,0.874846,0.126605,0.013063,0.110760,0.011428
41.44204,0.874813,0.126624,0.013023,0.110772,0.011393
41.44777,0.874780,0.126642,0.012983,0.110784,0.011357
41.45350,0.874747,0.126660,0.012943,0.110796,0.011322
41.45923,0.874714,0.126678,0.012903,0.110807,0.011286
41.46496,0.874680,0.126696,0.012863,0.110819,0.011251
41.47069,0.874647,0.126714,0.012823,0.110830,0.011215
41.47641,0.874614,0.126732,0.012783,0.110842,0.011180
41.48214,0.874581,0.126750,0.012743,0.110853,0.011144
41.48787,0.874548,0.126767,0.012703,0.110864,0.011109
41.49360,0.874515,0.126785,0.012663,0.110875,0.011074
41.49933,0.874482,0.126802,0.012623,0.110886,0.011038
41.50506,0.874449,0.126820,0.012583,0.110897,0.011003
41.51079,0.874415,0.126837,0.012543,0.110908,0.010968
41.51652,0.874382,0.126854,0.012503,0.110919,0.010932
41.52225,0.874349,0.126871,0.012463,0.110930,0.010897
41.52798,0.874316,0.126888,0.012423,0.110940,0.010862
41.53371,0.874283,0.126905,0.012383,0.110951,0.010827
41.53944,0.874250,0.126922,0.012344,0.110961,0.010791
41.54517,0.874217,0.126938,0.012304,0.110972,0.010756
41.55090,0.874183,0.126955,0.012264,0.110982,0.010721
41.55663,0.874150,0.126971,0.012224,0.110992,0.010686
41.56236,0.874117,0.126988,0.012184,0.111002,0.010650
41.56809,0.874084,0.127004,0.012144,0.111012,0.010615
41.57382,0.874051,0.127020,0.012105,0.111022,0.010580
41.57955,0.874018,0.127036,0.012065,0.111032,0.010545
41.58528,0.873984,0.127052,0.012025,0.111041,0.010510
41.59101,0.873951,0.127068,0.011985,0.111051,0.010475
41.59674,0.873918,0.127084,0.011946,0.111061,0.010440
41.60247,0.873885,0.127099,0.011906,0.111070,0.010404
41.60820,0.873852,0.127115,0.011866,0.111079,0.010369
41.61392,0.873818,0.127130,0.011827,0.111089,0.010334
41.61965,0.873785,0.127146,0.011787,0.111098,0.010299
41.62538,0.873752,0.127161,0.011747,0.111107,0.010264
41.63111,0.873719,0.127176,0.011708,0.111116,0.010229
41.63684,0.873686,0.127191,0.011668,0.111125,0.010194
41.64257,0.873652,0.127206,0.011628,0.111134,0.010159
41.64830,0.873619,0.127221,0.011589,0.111143,0.010124
41.65403,0.873586,0.127236,0.011549,0.111151,0.010089
41.65976,0.873553,0.127251,0.011510,0.111160,0.010054
41.66549,0.873519,0.127265,0.011470,0.111169,0.010019
41.67122,0.873486,0.127280,0.011431,0.111177,0.009984
41.67695,0.873453,0.127294,0.011391,0.111185,0.009949
41.68268,0.873420,0.127308,0.011351,0.111194,0.009915
41.68841,0.873386,0.127322,0.011312,0.111202,0.009880
41.69414,0.873353,0.127337,0.011272,0.111210,0.009845
41.69987,0.873320,0.127351,0.011233,0.111218,0.009810
41.70560,0.873287,0.127364,0.011193,0.111226,0.009775
41.71133,0.873253,0.127378,0.011154,0.111234,0.009740
41.71706,0.873220,0.127392,0.011115,0.111241,0.009705
41.72279,0.873187,0.127406,0.011075,0.111249,0.009671
41.72852,0.873154,0.127419,0.011036,0.111256,0.009636
41.73425,0.873120,0.127433,0.010996,0.111264,0.009601
41.73998,0.873087,0.127446,0.010957,0.111271,0.009566
41.74570,0.873054,0.127459,0.010918,0.111279,0.009532
41.75143,0.873020,0.127472,0.010878,0.111286,0.009497
41.75716,0.872987,0.127485,0.010839,0.111293,0.009462
41.76289,0.872954,0.127498,0.010800,0.111300,0.009428
41.76862,0.872920,0.127511,0.010760,0.111307,0.009393
41.77435,0.872887,0.127524,0.010721,0.111314,0.009358
41.78008,0.872854,0.127536,0.010682,0.111321,0.009324
41.78581,0.872821,0.127549,0.010642,0.111327,0.009289
41.79154,0.872787,0.127561,0.010603,0.111334,0.009254
41.79727,0.872754,0.127574,0.010564,0.111341,0.009220
41.80300,0.872721,0.127586,0.010525,0.111347,0.009185
41.80873,0.872687,0.127598,0.010485,0.111353,0.009150
41.81446,0.872654,0.127610,0.010446,0.111360,0.009116
41.82019,0.872621,0.127622,0.010407,0.111366,0.009081
41.82592,0.872587,0.127634,0.010368,0.111372,0.009047
41.83165,0.872554,0.127646,0.010329,0.111378,0.009012
41.83738,0.872521,0.127658,0.010289,0.111384,0.008978
41.84311,0.872487,0.127669,0.010250,0.111390,0.008943
41.84884,0.872454,0.127681,0.010211,0.111396,0.008909
41.85457,0.872420,0.127692,0.010172,0.111401,0.008874
41.86030,0.872387,0.127703,0.010133,0.111407,0.008840
41.86603,0.872354,0.127715,0.010094,0.111412,0.008805
41.87176,0.872320,0.127726,0.010055,0.111418,0.008771
41.87749,0.872287,0.127737,0.010016,0.111423,0.008737
41.88321,0.872254,0.127748,0.009977,0.111428,0.008702
41.88894,0.872220,0.127759,0.009938,0.111434,0.008668
41.89467,0.872187,0.127769,0.009899,0.111439,0.008634
41.90040,0.872153,0.127780,0.009860,0.111444,0.008599
41.90613,0.872120,0.127790,0.009821,0.111449,0.008565
41.91186,0.872087,0.127801,0.009782,0.111453,0.008531
41.91759,0.872053,0.127811,0.009743,0.111458,0.008496
41.92332,0.872020,0.127821,0.009704,0.111463,0.008462
41.92905,0.871986,0.127832,0.009665,0.111467,0.008428
41.93478,0.871953,0.127842,0.009626,0.111472,0.008393
41.94051,0.871920,0.127852,0.009587,0.111476,0.008359
41.94624,0.871886,0.127861,0.009548,0.111481,0.008325
41.95197,0.871853,0.127871,0.009509,0.111485,0.008291
41.95770,0.871819,0.127881,0.009471,0.111489,0.008257
41.96343,0.871786,0.127890,0.009432,0.111493,0.008222
41.96916,0.871752,0.127900,0.009393,0.111497,0.008188
41.97489,0.871719,0.127909,0.009354,0.111501,0.008154
41.98062,0.871686,0.127919,0.009315,0.111505,0.008120
41.98635,0.871652,0.127928,0.009277,0.111509,0.008086
41.99208,0.871619,0.127937,0.009238,0.111512,0.008052
41.99781,0.871585,0.127946,0.009199,0.111516,0.008018
42.00354,0.871552,0.127955,0.009160,0.111519,0.007984
42.00927,0.871518,0.127964,0.009122,0.111523,0.007950
42.01500,0.871485,0.127972,0.009083,0.111526,0.007916
42.02072,0.871451,0.127981,0.009044,0.111529,0.007882
42.02645,0.871418,0.127990,0.009005,0.111532,0.007848
42.03218,0.871384,0.127998,0.008967,0.111535,0.007814
42.03791,0.871351,0.128006,0.008928,0.111538,0.007780
42.04364,0.871317,0.128015,0.008890,0.111541,0.007746
42.04937,0.871284,0.128023,0.008851,0.111544,0.007712
42.05510,0.871250,0.128031,0.008812,0.111547,0.007678
42.06083,0.871217,0.128039,0.008774,0.111550,0.007644
42.06656,0.871183,0.128047,0.008735,0.111552,0.007610
42.07229,0.871150,0.128054,0.008697,0.111555,0.007576
42.07802,0.871116,0.128062,0.008658,0.111557,0.007542
42.08375,0.871083,0.128070,0.008620,0.111559,0.007508
42.08948,0.871049,0.128077,0.008581,0.111562,0.007474
42.09521,0.871016,0.128085,0.008542,0.111564,0.007441
42.10094,0.870982,0.128092,0.008504,0.111566,0.007407
42.10667,0.870949,0.128099,0.008466,0.111568,0.007373
42.11240,0.870915,0.128106,0.008427,0.111570,0.007339
42.11813,0.870882,0.128113,0.008389,0.111572,0.007306
42.12386,0.870848,0.128120,0.008350,0.111573,0.007272
42.12959,0.870815,0.128127,0.008312,0.111575,0.007238
42.13532,0.870781,0.128134,0.008273,0.111576,0.007204
42.14105,0.870748,0.128140,0.008235,0.111578,0.007171
42.14678,0.870714,0.128147,0.008197,0.111579,0.007137
42.15250,0.870681,0.128153,0.008158,0.111581,0.007103
42.15823,0.870647,0.128160,0.008120,0.111582,0.007070
42.16396,0.870613,0.128166,0.008082,0.111583,0.007036
42.16969,0.870580,0.128172,0.008043,0.111584,0.007002
42.17542,0.870546,0.128178,0.008005,0.111585,0.006969
42.18115,0.870513,0.128184,0.007967,0.111586,0.006935
42.18688,0.870479,0.128190,0.007929,0.111587,0.006902
42.19261,0.870446,0.128196,0.007890,0.111588,0.006868
42.19834,0.870412,0.128202,0.007852,0.111588,0.006835
42.20407,0.870378,0.128207,0.007814,0.111589,0.006801
42.20980,0.870345,0.128213,0.007776,0.111589,0.006767
42.21553,0.870311,0.128218,0.007737,0.111590,0.006734
42.22126,0.870278,0.128224,0.007699,0.111590,0.006701
42.22699,0.870244,0.128229,0.007661,0.111590,0.006667
42.23272,0.870210,0.128234,0.007623,0.111591,0.006634
42.23845,0.870177,0.128239,0.007585,0.111591,0.006600
42.24418,0.870143,0.128244,0.007547,0.111591,0.006567
42.24991,0.870110,0.128249,0.007509,0.111591,0.006533
42.25564,0.870076,0.128254,0.007471,0.111590,0.006500
42.26137,0.870042,0.128258,0.007433,0.111590,0.006467
42.26710,0.870009,0.128263,0.007395,0.111590,0.006433
42.27283,0.869975,0.128267,0.007356,0.111589,0.006400
42.27856,0.869941,0.128272,0.007318,0.111589,0.006367
42.28429,0.869908,0.128276,0.007280,0.111588,0.006333
42.29001,0.869874,0.128280,0.007242,0.111588,0.006300
42.29574,0.869841,0.128284,0.007205,0.111587,0.006267
42.30147,0.869807,0.128289,0.007167,0.111586,0.006234
42.30720,0.869773,0.128292,0.007129,0.111585,0.006200
42.31293,0.869740,0.128296,0.007091,0.111584,0.006167
42.31866,0.869706,0.128300,0.007053,0.111583,0.006134
42.32439,0.869672,0.128304,0.007015,0.111582,0.006101
42.33012,0.869639,0.128307,0.006977,0.111581,0.006067
42.33585,0.869605,0.128311,0.006939,0.111580,0.006034
42.34158,0.869571,0.128314,0.006901,0.111578,0.006001
42.34731,0.869538,0.128317,0.006864,0.111577,0.005968
42.35304,0.869504,0.128321,0.006826,0.111575,0.005935
42.35877,0.869470,0.128324,0.006788,0.111574,0.005902
42.36450,0.869436,0.128327,0.006750,0.111572,0.005869
42.37023,0.869403,0.128330,0.006712,0.111570,0.005836
42.37596,0.869369,0.128332,0.006675,0.111568,0.005803
42.38169,0.869335,0.128335,0.006637,0.111566,0.005770
42.38742,0.869302,0.128338,0.006599,0.111564,0.005737
42.39315,0.869268,0.128340,0.006561,0.111562,0.005704
42.39888,0.869234,0.128343,0.006524,0.111560,0.005671
42.40461,0.869201,0.128345,0.006486,0.111558,0.005638
42.41034,0.869167,0.128347,0.006448,0.111555,0.005605
42.41607,0.869133,0.128350,0.006411,0.111553,0.005572
42.42180,0.869099,0.128352,0.006373,0.111550,0.005539
42.42752,0.869066,0.128354,0.006336,0.111548,0.005506
42.43325,0.869032,0.128356,0.006298,0.111545,0.005473
42.43898,0.868998,0.128357,0.006260,0.111542,0.005440
42.44471,0.868964,0.128359,0.006223,0.111540,0.005407
42.45044,0.868931,0.128361,0.006185,0.111537,0.005375
42.45617,0.868897,0.128362,0.006148,0.111534,0.005342
42.46190,0.868863,0.128364,0.006110,0.111531,0.005309
42.46763,0.868829,0.128365,0.006073,0.111527,0.005276
42.47336,0.868796,0.128366,0.006035,0.111524,0.005243
42.47909,0.868762,0.128368,0.005998,0.111521,0.005211
42.48482,0.868728,0.128369,0.005960,0.111517,0.005178
42.49055,0.868694,0.128370,0.005923,0.111514,0.005145
42.49628,0.868661,0.128371,0.005886,0.111510,0.005113
42.50201,0.868627,0.128371,0.005848,0.111507,0.005080
42.50774,0.868593,0.128372,0.005811,0.111503,0.005047
42.51347,0.868559,0.128373,0.005773,0.111499,0.005015
42.51920,0.868525,0.128373,0.005736,0.111495,0.004982
42.52493,0.868492,0.128374,0.005699,0.111491,0.004949
42.53066,0.868458,0.128374,0.005661,0.111487,0.004917
42.53639,0.868424,0.128374,0.005624,0.111483,0.004884
42.54212,0.868390,0.128374,0.005587,0.111479,0.004852
42.54785,0.868356,0.128375,0.005550,0.111475,0.004819
42.55358,0.868323,0.128375,0.005512,0.111471,0.004786
42.55931,0.868289,0.128374,0.005475,0.111466,0.004754
42.56503,0.868255,0.128374,0.005438,0.111462,0.004721
42.57076,0.868221,0.128374,0.005401,0.111457,0.004689
42.57649,0.868187,0.128374,0.005363,0.111452,0.004657
42.58222,0.868154,0.128373,0.005326,0.111448,0.004624
42.58795,0.868120,0.128373,0.005289,0.111443,0.004592
42.59368,0.868086,0.128372,0.005252,0.111438,0.004559
42.59941,0.868052,0.128371,0.005215,0.111433,0.004527
42.60514,0.868018,0.128370,0.005178,0.111428,0.004494
42.61087,0.867984,0.128369,0.005141,0.111423,0.004462
42.61660,0.867950,0.128368,0.005104,0.111417,0.004430
42.62233,0.867917,0.128367,0.005067,0.111412,0.004397
42.62806,0.867883,0.128366,0.005030,0.111407,0.004365
42.63379,0.867849,0.128365,0.004993,0.111401,0.004333
42.63952,0.867815,0.128363,0.004956,0.111396,0.004300
42.64525,0.867781,0.128362,0.004919,0.111390,0.004268
42.65098,0.867747,0.128360,0.004882,0.111384,0.004236
42.65671,0.867713,0.128359,0.004845,0.111379,0.004204
42.66244,0.867680,0.128357,0.004808,0.111373,0.004172
42.66817,0.867646,0.128355,0.004771,0.111367,0.004139
42.67390,0.867612,0.128353,0.004734,0.111361,0.004107
42.67963,0.867578,0.128351,0.004697,0.111355,0.004075
42.68536,0.867544,0.128349,0.004660,0.111349,0.004043
42.69109,0.867510,0.128347,0.004623,0.111342,0.004011
42.69681,0.867476,0.128345,0.004586,0.111336,0.003979
42.70254,0.867442,0.128342,0.004550,0.111330,0.003946
42.70827,0.867408,0.128340,0.004513,0.111323,0.003914
42.71400,0.867374,0.128337,0.004476,0.111317,0.003882
42.71973,0.867340,0.128335,0.004439,0.111310,0.003850
42.72546,0.867307,0.128332,0.004402,0.111303,0.003818
42.73119,0.867273,0.128329,0.004366,0.111296,0.003786
42.73692,0.867239,0.128326,0.004329,0.111290,0.003754
42.74265,0.867205,0.128323,0.004292,0.111283,0.003722
42.74838,0.867171,0.128320,0.004256,0.111276,0.003690
42.75411,0.867137,0.128317,0.004219,0.111269,0.003658
42.75984,0.867103,0.128314,0.004182,0.111261,0.003626
42.76557,0.867069,0.128311,0.004146,0.111254,0.003595
42.77130,0.867035,0.128307,0.004109,0.111247,0.003563
42.77703,0.867001,0.128304,0.004072,0.111239,0.003531
42.78276,0.866967,0.128300,0.004036,0.111232,0.003499
42.78849,0.866933,0.128296,0.003999,0.111224,0.003467
42.79422,0.866899,0.128292,0.003963,0.111217,0.003435
42.79995,0.866865,0.128289,0.003926,0.111209,0.003403
42.80568,0.866831,0.128285,0.003890,0.111201,0.003372
42.81141,0.866797,0.128281,0.003853,0.111193,0.003340
42.81714,0.866763,0.128276,0.003817,0.111185,0.003308
42.82287,0.866729,0.128272,0.003780,0.111177,0.003276
42.82860,0.866695,0.128268,0.003744,0.111169,0.003245
42.83432,0.866661,0.128263,0.003707,0.111161,0.003213
42.84005,0.866627,0.128259,0.003671,0.111153,0.003181
42.84578,0.866593,0.128254,0.003634,0.111144,0.003150
42.85151,0.866559,0.128250,0.003598,0.111136,0.003118
42.85724,0.866525,0.128245,0.003562,0.111127,0.003086
42.86297,0.866491,0.128240,0.003525,0.111119,0.003055
42.86870,0.866457,0.128235,0.003489,0.111110,0.003023
42.87443,0.866423,0.128230,0.003453,0.111101,0.002992
42.88016,0.866389,0.128225,0.003416,0.111093,0.002960
42.88589,0.866355,0.128220,0.003380,0.111084,0.002928
42.89162,0.866321,0.128214,0.003344,0.111075,0.002897
42.89735,0.866287,0.128209,0.003308,0.111066,0.002865
42.90308,0.866253,0.128204,0.003271,0.111057,0.002834
42.90881,0.866219,0.128198,0.003235,0.111048,0.002802
42.91454,0.866185,0.128192,0.003199,0.111038,0.002771
42.92027,0.866151,0.128187,0.003163,0.111029,0.002740
42.92600,0.866117,0.128181,0.003127,0.111020,0.002708
42.93173,0.866083,0.128175,0.003091,0.111010,0.002677
42.93746,0.866049,0.128169,0.003054,0.111000,0.002645
42.94319,0.866015,0.128163,0.003018,0.110991,0.002614
42.94892,0.865981,0.128157,0.002982,0.110981,0.002583
42.95465,0.865947,0.128150,0.002946,0.110971,0.002551
42.96038,0.865913,0.128144,0.002910,0.110961,0.002520
42.96611,0.865879,0.128138,0.002874,0.110952,0.002489
42.97183,0.865844,0.128131,0.002838,0.110942,0.002457
42.97756,0.865810,0.128124,0.002802,0.110931,0.002426
42.98329,0.865776,0.128118,0.002766,0.110921,0.002395
42.98902,0.865742,0.128111,0.002730,0.110911,0.002364
42.99475,0.865708,0.128104,0.002694,0.110901,0.002332
43.00048,0.865674,0.128097,0.002658,0.110890,0.002301
43.00621,0.865640,0.128090,0.002622,0.110880,0.002270
43.01194,0.865606,0.128083,0.002586,0.110869,0.002239
43.01767,0.865572,0.128076,0.002551,0.110859,0.002208
43.02340,0.865538,0.128068,0.002515,0.110848,0.002177
43.02913,0.865503,0.128061,0.002479,0.110837,0.002145
43.03486,0.865469,0.128053,0.002443,0.110826,0.002114
43.04059,0.865435,0.128046,0.002407,0.110815,0.002083
43.04632,0.865401,0.128038,0.002371,0.110804,0.002052
43.05205,0.865367,0.128030,0.002336,0.110793,0.002021
43.05778,0.865333,0.128023,0.002300,0.110782,0.001990
43.06351,0.865299,0.128015,0.002264,0.110771,0.001959
43.06924,0.865265,0.128007,0.002228,0.110760,0.001928
43.07497,0.865230,0.127999,0.002193,0.110748,0.001897
43.08070,0.865196,0.127990,0.002157,0.110737,0.001866
43.08643,0.865162,0.127982,0.002121,0.110725,0.001835
43.09216,0.865128,0.127974,0.002086,0.110714,0.001804
43.09789,0.865094,0.127965,0.002050,0.110702,0.001773
43.10361,0.865060,0.127957,0.002014,0.110690,0.001743
43.10934,0.865025,0.127948,0.001979,0.110678,0.001712
43.11507,0.864991,0.127939,0.001943,0.110667,0.001681
43.12080,0.864957,0.127931,0.001908,0.110655,0.001650
43.12653,0.864923,0.127922,0.001872,0.110643,0.001619
43.13226,0.864889,0.127913,0.001837,0.110630,0.001588
43.13799,0.864855,0.127904,0.001801,0.110618,0.001558
43.14372,0.864820,0.127895,0.001766,0.110606,0.001527
43.14945,0.864786,0.127885,0.001730,0.110594,0.001496
43.15518,0.864752,0.127876,0.001695,0.110581,0.001465
43.16091,0.864718,0.127867,0.001659,0.110569,0.001435
43.16664,0.864684,0.127857,0.001624,0.110556,0.001404
43.17237,0.864649,0.127848,0.001588,0.110543,0.001373
43.17810,0.864615,0.127838,0.001553,0.110531,0.001343
43.18383,0.864581,0.127828,0.001518,0.110518,0.001312
43.18956,0.864547,0.127819,0.001482,0.110505,0.001282
43.19529,0.864512,0.127809,0.001447,0.110492,0.001251
43.20102,0.864478,0.127799,0.001412,0.110479,0.001220
43.20675,0.864444,0.127789,0.001376,0.110466,0.001190
43.21248,0.864410,0.127778,0.001341,0.110453,0.001159
43.21821,0.864376,0.127768,0.001306,0.110440,0.001129
43.22394,0.864341,0.127758,0.001271,0.110426,0.001098
43.22967,0.864307,0.127747,0.001235,0.110413,0.001068
43.23540,0.864273,0.127737,0.001200,0.110400,0.001037
43.24112,0.864239,0.127726,0.001165,0.110386,0.001007
43.24685,0.864204,0.127716,0.001130,0.110372,0.000976
43.25258,0.864170,0.127705,0.001095,0.110359,0.000946
43.25831,0.864136,0.127694,0.001060,0.110345,0.000916
43.26404,0.864102,0.127683,0.001024,0.110331,0.000885
43.26977,0.864067,0.127672,0.000989,0.110317,0.000855
43.27550,0.864033,0.127661,0.000954,0.110303,0.000825
43.28123,0.863999,0.127650,0.000919,0.110289,0.000794
43.28696,0.863964,0.127639,0.000884,0.110275,0.000764
43.29269,0.863930,0.127627,0.000849,0.110261,0.000734
43.29842,0.863896,0.127616,0.000814,0.110247,0.000703
43.30415,0.863862,0.127604,0.000779,0.110232,0.000673
43.30988,0.863827,0.127593,0.000744,0.110218,0.000643
43.31561,0.863793,0.127581,0.000709,0.110204,0.000613
43.32134,0.863759,0.127569,0.000674,0.110189,0.000582
43.32707,0.863724,0.127557,0.000639,0.110174,0.000552
43.33280,0.863690,0.127545,0.000605,0.110160,0.000522
43.33853,0.863656,0.127533,0.000570,0.110145,0.000492
43.34426,0.863621,0.127521,0.000535,0.110130,0.000462
43.34999,0.863587,0.127509,0.000500,0.110115,0.000432
43.35572,0.863553,0.127497,0.000465,0.110100,0.000402
43.36145,0.863518,0.127484,0.000430,0.110085,0.000372
43.36718,0.863484,0.127472,0.000396,0.110070,0.000342
43.37291,0.863450,0.127459,0.000361,0.110055,0.000311
43.37863,0.863415,0.127447,0.000326,0.110040,0.000281
43.38436,0.863381,0.127434,0.000291,0.110024,0.000251
43.39009,0.863347,0.127421,0.000257,0.110009,0.000222
43.39582,0.863312,0.127408,0.000222,0.109993,0.000192
43.40155,0.863278,0.127395,0.000187,0.109978,0.000162
43.40728,0.863244,0.127382,0.000153,0.109962,0.000132
43.41301,0.863209,0.127369,0.000118,0.109946,0.000102
43.41874,0.863175,0.127356,0.000083,0.109931,0.000072
43.42447,0.863141,0.127343,0.000049,0.109915,0.000042
43.43020,0.863106,0.127329,0.000014,0.109899,0.000012
43.43593,0.863072,0.127316,0.000020,0.109883,0.000018
43.44166,0.863037,0.127302,0.000055,0.109867,0.000047
43.44739,0.863003,0.127289,0.000090,0.109851,0.000077
43.45312,0.862969,0.127275,0.000124,0.109834,0.000107
43.45885,0.862934,0.127261,0.000159,0.109818,0.000137
43.46458,0.862900,0.127247,0.000193,0.109802,0.000167
43.47031,0.862865,0.127233,0.000227,0.109785,0.000196
43.47604,0.862831,0.127219,0.000262,0.109769,0.000226
43.48177,0.862797,0.127205,0.000296,0.109752,0.000256
43.48750,0.862762,0.127191,0.000331,0.109736,0.000285
43.49323,0.862728,0.127177,0.000365,0.109719,0.000315
43.49896,0.862693,0.127162,0.000399,0.109702,0.000345
43.50469,0.862659,0.127148,0.000434,0.109685,0.000374
43.51041,0.862625,0.127133,0.000468,0.109668,0.000404
43.51614,0.862590,0.127119,0.000502,0.109651,0.000433
43.52187,0.862556,0.127104,0.000537,0.109634,0.000463
43.52760,0.862521,0.127089,0.000571,0.109617,0.000492
43.53333,0.862487,0.127074,0.000605,0.109600,0.000522
43.53906,0.862452,0.127060,0.000639,0.109583,0.000552
43.54479,0.862418,0.127044,0.000674,0.109565,0.000581
43.55052,0.862384,0.127029,0.000708,0.109548,0.000610
43.55625,0.862349,0.127014,0.000742,0.109531,0.000640
43.56198,0.862315,0.126999,0.000776,0.109513,0.000669
43.56771,0.862280,0.126984,0.000810,0.109495,0.000699
43.57344,0.862246,0.126968,0.000844,0.109478,0.000728
43.57917,0.862211,0.126953,0.000879,0.109460,0.000757
43.58490,0.862177,0.126937,0.000913,0.109442,0.000787
43.59063,0.862142,0.126921,0.000947,0.109424,0.000816
43.59636,0.862108,0.126905,0.000981,0.109406,0.000845
43.60209,0.862073,0.126890,0.001015,0.109388,0.000875
43.60782,0.862039,0.126874,0.001049,0.109370,0.000904
43.61355,0.862004,0.126858,0.001083,0.109352,0.000933
43.61928,0.861970,0.126842,0.001117,0.109334,0.000963
43.62501,0.861935,0.126825,0.001151,0.109315,0.000992
43.63074,0.861901,0.126809,0.001185,0.109297,0.001021
43.63647,0.861866,0.126793,0.001218,0.109278,0.001050
43.64220,0.861832,0.126776,0.001252,0.109260,0.001079
43.64792,0.861797,0.126760,0.001286,0.109241,0.001108
43.65365,0.861763,0.126743,0.001320,0.109223,0.001138
43.65938,0.861728,0.126727,0.001354,0.109204,0.001167
43.66511,0.861694,0.126710,0.001388,0.109185,0.001196
43.67084,0.861659,0.126693,0.001422,0.109166,0.001225
43.67657,0.861625,0.126676,0.001455,0.109147,0.001254
43.68230,0.861590,0.126659,0.001489,0.109128,0.001283
43.68803,0.861556,0.126642,0.001523,0.109109,0.001312
43.69376,0.861521,0.126625,0.001557,0.109090,0.001341
43.69949,0.861487,0.126608,0.001590,0.109071,0.001370
43.70522,0.861452,0.126590,0.001624,0.109051,0.001399
43.71095,0.861418,0.126573,0.001658,0.109032,0.001428
43.71668,0.861383,0.126555,0.001691,0.109013,0.001457
43.72241,0.861348,0.126538,0.001725,0.108993,0.001486
43.72814,0.861314,0.126520,0.001758,0.108974,0.001515
43.73387,0.861279,0.126502,0.001792,0.108954,0.001543
43.73960,0.861245,0.126485,0.001826,0.108934,0.001572
43.74533,0.861210,0.126467,0.001859,0.108914,0.001601
43.75106,0.861176,0.126449,0.001893,0.108895,0.001630
43.75679,0.861141,0.126431,0.001926,0.108875,0.001659
43.76252,0.861106,0.126413,0.001960,0.108855,0.001688
43.76825,0.861072,0.126394,0.001993,0.108835,0.001716
43.77398,0.861037,0.126376,0.002027,0.108814,0.001745
43.77971,0.861003,0.126358,0.002060,0.108794,0.001774
43.78543,0.860968,0.126339,0.002093,0.108774,0.001802
43.79116,0.860933,0.126321,0.002127,0.108754,0.001831
43.79689,0.860899,0.126302,0.002160,0.108733,0.001860
43.80262,0.860864,0.126283,0.002194,0.108713,0.001888
43.80835,0.860830,0.126265,0.002227,0.108692,0.001917
43.81408,0.860795,0.126246,0.002260,0.108672,0.001946
43.81981,0.860760,0.126227,0.002294,0.108651,0.001974
43.82554,0.860726,0.126208,0.002327,0.108630,0.002003
43.83127,0.860691,0.126189,0.002360,0.108609,0.002031
43.83700,0.860657,0.126170,0.002393,0.108589,0.002060
43.84273,0.860622,0.126150,0.002427,0.108568,0.002088
43.84846,0.860587,0.126131,0.002460,0.108547,0.002117
43.85419,0.860553,0.126112,0.002493,0.108526,0.002145
43.85992,0.860518,0.126092,0.002526,0.108504,0.002174
43.86565,0.860483,0.126072,0.002559,0.108483,0.002202
43.87138,0.860449,0.126053,0.002592,0.108462,0.002231
43.87711,0.860414,0.126033,0.002626,0.108441,0.002259
43.88284,0.860379,0.126013,0.002659,0.108419,0.002287
43.88857,0.860345,0.125993,0.002692,0.108398,0.002316
43.89430,0.860310,0.125973,0.002725,0.108376,0.002344
43.90003,0.860275,0.125953,0.002758,0.108355,0.002372
43.90576,0.860241,0.125933,0.002791,0.108333,0.002401
43.91149,0.860206,0.125913,0.002824,0.108311,0.002429
43.91721,0.860171,0.125893,0.002857,0.108289,0.002457
43.92294,0.860137,0.125872,0.002890,0.108267,0.002486
43.92867,0.860102,0.125852,0.002923,0.108245,0.002514
43.93440,0.860067,0.125831,0.002956,0.108223,0.002542
43.94013,0.860033,0.125811,0.002988,0.108201,0.002570
43.94586,0.859998,0.125790,0.003021,0.108179,0.002598
43.95159,0.859963,0.125769,0.003054,0.108157,0.002626
43.95732,0.859929,0.125748,0.003087,0.108135,0.002655
43.96305,0.859894,0.125728,0.003120,0.108112,0.002683
43.96878,0.859859,0.125707,0.003153,0.108090,0.002711
43.97451,0.859824,0.125685,0.003185,0.108067,0.002739
43.98024,0.859790,0.125664,0.003218,0.108045,0.002767
43.98597,0.859755,0.125643,0.003251,0.108022,0.002795
43.99170,0.859720,0.125622,0.003284,0.108000,0.002823
43.99743,0.859685,0.125600,0.003316,0.107977,0.002851
44.00316,0.859651,0.125579,0.003349,0.107954,0.002879
44.00889,0.859616,0.125557,0.003382,0.107931,0.002907
44.01462,0.859581,0.125536,0.003414,0.107908,0.002935
44.02035,0.859547,0.125514,0.003447,0.107885,0.002963
44.02608,0.859512,0.125492,0.003479,0.107862,0.002991
44.03181,0.859477,0.125470,0.003512,0.107839,0.003019
44.03754,0.859442,0.125448,0.003545,0.107816,0.003046
44.04327,0.859408,0.125426,0.003577,0.107792,0.003074
44.04900,0.859373,0.125404,0.003610,0.107769,0.003102
44.05472,0.859338,0.125382,0.003642,0.107746,0.003130
44.06045,0.859303,0.125360,0.003675,0.107722,0.003158
44.06618,0.859268,0.125338,0.003707,0.107699,0.003185
44.07191,0.859234,0.125315,0.003740,0.107675,0.003213
44.07764,0.859199,0.125293,0.003772,0.107651,0.003241
44.08337,0.859164,0.125270,0.003804,0.107628,0.003269
44.08910,0.859129,0.125248,0.003837,0.107604,0.003296
44.09483,0.859095,0.125225,0.003869,0.107580,0.003324
44.10056,0.859060,0.125202,0.003901,0.107556,0.003352
44.10629,0.859025,0.125179,0.003934,0.107532,0.003379
44.11202,0.858990,0.125156,0.003966,0.107508,0.003407
44.11775,0.858955,0.125133,0.003998,0.107484,0.003434
44.12348,0.858921,0.125110,0.004031,0.107460,0.003462
44.12921,0.858886,0.125087,0.004063,0.107435,0.003490
44.13494,0.858851,0.125064,0.004095,0.107411,0.003517
44.14067,0.858816,0.125040,0.004127,0.107387,0.003545
44.14640,0.858781,0.125017,0.004160,0.107362,0.003572
44.15213,0.858746,0.124993,0.004192,0.107338,0.003600
44.15786,0.858712,0.124970,0.004224,0.107313,0.003627
44.16359,0.858677,0.124946,0.004256,0.107288,0.003655
44.16932,0.858642,0.124923,0.004288,0.107264,0.003682
44.17505,0.858607,0.124899,0.004320,0.107239,0.003709
44.18078,0.858572,0.124875,0.004352,0.107214,0.003737
44.18651,0.858537,0.124851,0.004384,0.107189,0.003764
44.19223,0.858503,0.124827,0.004416,0.107164,0.003791
44.19796,0.858468,0.124803,0.004448,0.107139,0.003819
44.20369,0.858433,0.124779,0.004480,0.107114,0.003846
44.20942,0.858398,0.124754,0.004512,0.107089,0.003873
44.21515,0.858363,0.124730,0.004544,0.107064,0.003901
44.22088,0.858328,0.124706,0.004576,0.107038,0.003928
44.22661,0.858293,0.124681,0.004608,0.107013,0.003955
44.23234,0.858258,0.124657,0.004640,0.106988,0.003982
44.23807,0.858224,0.124632,0.004672,0.106962,0.004009
44.24380,0.858189,0.124607,0.004704,0.106937,0.004037
44.24953,0.858154,0.124582,0.004736,0.106911,0.004064
44.25526,0.858119,0.124558,0.004767,0.106885,0.004091
44.26099,0.858084,0.124533,0.004799,0.106860,0.004118
44.26672,0.858049,0.124508,0.004831,0.106834,0.004145
44.27245,0.858014,0.124483,0.004863,0.106808,0.004172
44.27818,0.857979,0.124457,0.004894,0.106782,0.004199
44.28391,0.857944,0.124432,0.004926,0.106756,0.004226
44.28964,0.857910,0.124407,0.004958,0.106730,0.004253
44.29537,0.857875,0.124381,0.004989,0.106704,0.004280
44.30110,0.857840,0.124356,0.005021,0.106678,0.004307
44.30683,0.857805,0.124330,0.005053,0.106651,0.004334
44.31256,0.857770,0.124305,0.005084,0.106625,0.004361
44.31829,0.857735,0.124279,0.005116,0.106599,0.004388
44.32402,0.857700,0.124253,0.005147,0.106572,0.004415
44.32974,0.857665,0.124228,0.005179,0.106546,0.004442
44.33547,0.857630,0.124202,0.005211,0.106519,0.004469
44.34120,0.857595,0.124176,0.005242,0.106492,0.004496
44.34693,0.857560,0.124150,0.005274,0.106466,0.004522
44.35266,0.857525,0.124123,0.005305,0.106439,0.004549
44.35839,0.857490,0.124097,0.005336,0.106412,0.004576
44.36412,0.857455,0.124071,0.005368,0.106385,0.004603
44.36985,0.857420,0.124045,0.005399,0.106358,0.004629
44.37558,0.857385,0.124018,0.005431,0.106331,0.004656
44.38131,0.857350,0.123992,0.005462,0.106304,0.004683
44.38704,0.857315,0.123965,0.005493,0.106277,0.004710
44.39277,0.857280,0.123938,0.005525,0.106250,0.004736
44.39850,0.857246,0.123912,0.005556,0.106223,0.004763
44.40423,0.857211,0.123885,0.005587,0.106195,0.004790
44.40996,0.857176,0.123858,0.005619,0.106168,0.004816
44.41569,0.857141,0.123831,0.005650,0.106141,0.004843
44.42142,0.857106,0.123804,0.005681,0.106113,0.004869
44.42715,0.857071,0.123777,0.005712,0.106085,0.004896
44.43288,0.857036,0.123750,0.005743,0.106058,0.004922
44.43861,0.857001,0.123722,0.005775,0.106030,0.004949
44.44434,0.856966,0.123695,0.005806,0.106002,0.004975
44.45007,0.856931,0.123668,0.005837,0.105975,0.005002
44.45580,0.856896,0.123640,0.005868,0.105947,0.005028
44.46152,0.856860,0.123613,0.005899,0.105919,0.005055
44.46725,0.856825,0.123585,0.005930,0.105891,0.005081
44.47298,0.856790,0.123557,0.005961,0.105863,0.005107
44.47871,0.856755,0.123529,0.005992,0.105835,0.005134
44.48444,0.856720,0.123502,0.006023,0.105806,0.005160
44.49017,0.856685,0.123474,0.006054,0.105778,0.005187
44.49590,0.856650,0.123446,0.006085,0.105750,0.005213
44.50163,0.856615,0.123418,0.006116,0.105721,0.005239
44.50736,0.856580,0.123389,0.006147,0.105693,0.005265
44.51309,0.856545,0.123361,0.006178,0.105664,0.005292
44.51882,0.856510,0.123333,0.006209,0.105636,0.005318
44.52455,0.856475,0.123305,0.006240,0.105607,0.005344
44.53028,0.856440,0.123276,0.006270,0.105579,0.005370
44.53601,0.856405,0.123248,0.006301,0.105550,0.005396
44.54174,0.856370,0.123219,0.006332,0.105521,0.005423
44.54747,0.856335,0.123190,0.006363,0.105492,0.005449
44.55320,0.856300,0.123162,0.006394,0.105463,0.005475
44.55893,0.856265,0.123133,0.006424,0.105434,0.005501
44.56466,0.856230,0.123104,0.006455,0.105405,0.005527
44.57039,0.856194,0.123075,0.006486,0.105376,0.005553
44.57612,0.856159,0.123046,0.006516,0.105347,0.005579
44.58185,0.856124,0.123017,0.006547,0.105318,0.005605
44.58758,0.856089,0.122988,0.006578,0.105288,0.005631
44.59331,0.856054,0.122959,0.006608,0.105259,0.005657
44.59903,0.856019,0.122929,0.006639,0.105230,0.005683
44.60476,0.855984,0.122900,0.006670,0.105200,0.005709
44.61049,0.855949,0.122870,0.006700,0.105171,0.005735
44.61622,0.855914,0.122841,0.006731,0.105141,0.005761
44.62195,0.855878,0.122811,0.006761,0.105111,0.005787
44.62768,0.855843,0.122782,0.006792,0.105082,0.005813
44.63341,0.855808,0.122752,0.006822,0.105052,0.005838
44.63914,0.855773,0.122722,0.006853,0.105022,0.005864
44.64487,0.855738,0.122692,0.006883,0.104992,0.005890
44.65060,0.855703,0.122662,0.006913,0.104962,0.005916
44.65633,0.855668,0.122632,0.006944,0.104932,0.005942
44.66206,0.855633,0.122602,0.006974,0.104902,0.005967
44.66779,0.855597,0.122572,0.007005,0.104872,0.005993
44.67352,0.855562,0.122542,0.007035,0.104842,0.006019
44.67925,0.855527,0.122511,0.007065,0.104812,0.006044
44.68498,0.855492,0.122481,0.007095,0.104781,0.006070
44.69071,0.855457,0.122450,0.007126,0.104751,0.006096
44.69644,0.855422,0.122420,0.007156,0.104721,0.006121
44.70217,0.855386,0.122389,0.007186,0.104690,0.006147
44.70790,0.855351,0.122359,0.007216,0.104660,0.006173
44.71363,0.855316,0.122328,0.007247,0.104629,0.006198
44.71936,0.855281,0.122297,0.007277,0.104598,0.006224
44.72509,0.855246,0.122266,0.007307,0.104568,0.006249
44.73082,0.855211,0.122235,0.007337,0.104537,0.006275
44.73654,0.855175,0.122204,0.007367,0.104506,0.006300
44.74227,0.855140,0.122173,0.007397,0.104475,0.006326
44.74800,0.855105,0.122142,0.007427,0.104444,0.006351
44.75373,0.855070,0.122111,0.007457,0.104413,0.006377
44.75946,0.855035,0.122079,0.007487,0.104382,0.006402
44.76519,0.854999,0.122048,0.007517,0.104351,0.006427
44.77092,0.854964,0.122016,0.007547,0.104320,0.006453
44.77665,0.854929,0.121985,0.007577,0.104288,0.006478
44.78238,0.854894,0.121953,0.007607,0.104257,0.006503
44.78811,0.854858,0.121922,0.007637,0.104226,0.006529
44.79384,0.854823,0.121890,0.007667,0.104194,0.006554
44.79957,0.854788,0.121858,0.007697,0.104163,0.006579
44.80530,0.854753,0.121826,0.007727,0.104131,0.006604
44.81103,0.854718,0.121794,0.007757,0.104100,0.006630
44.81676,0.854682,0.121762,0.007786,0.104068,0.006655
44.82249,0.854647,0.121730,0.007816,0.104036,0.006680
44.82822,0.854612,0.121698,0.007846,0.104004,0.006705
44.83395,0.854577,0.121666,0.007876,0.103973,0.006730
44.83968,0.854541,0.121633,0.007905,0.103941,0.006756
44.84541,0.854506,0.121601,0.007935,0.103909,0.006781
44.85114,0.854471,0.121568,0.007965,0.103877,0.006806
44.85687,0.854436,0.121536,0.007995,0.103845,0.006831
44.86260,0.854400,0.121503,0.008024,0.103813,0.006856
44.86832,0.854365,0.121471,0.008054,0.103780,0.006881
44.87405,0.854330,0.121438,0.008083,0.103748,0.006906
44.87978,0.854294,0.121405,0.008113,0.103716,0.006931
44.88551,0.854259,0.121372,0.008143,0.103683,0.006956
44.89124,0.854224,0.121339,0.008172,0.103651,0.006981
44.89697,0.854189,0.121306,0.008202,0.103619,0.007006
44.90270,0.854153,0.121273,0.008231,0.103586,0.007031
44.90843,0.854118,0.121240,0.008261,0.103553,0.007056
44.91416,0.854083,0.121207,0.008290,0.103521,0.007080
44.91989,0.854047,0.121174,0.008320,0.103488,0.007105
44.92562,0.854012,0.121140,0.008349,0.103455,0.007130
44.93135,0.853977,0.121107,0.008378,0.103422,0.007155
44.93708,0.853941,0.121073,0.008408,0.103390,0.007180
44.94281,0.853906,0.121040,0.008437,0.103357,0.007204
44.94854,0.853871,0.121006,0.008466,0.103324,0.007229
44.95427,0.853835,0.120973,0.008496,0.103291,0.007254
44.96000,0.853800,0.120939,0.008525,0.103258,0.007279
44.96573,0.853765,0.120905,0.008554,0.103224,0.007303
44.97146,0.853729,0.120871,0.008584,0.103191,0.007328
44.97719,0.853694,0.120837,0.008613,0.103158,0.007353
44.98292,0.853659,0.120803,0.008642,0.103125,0.007377
44.98865,0.853623,0.120769,0.008671,0.103091,0.007402
44.99438,0.853588,0.120735,0.008700,0.103058,0.007426
45.00011,0.853553,0.120700,0.008729,0.103024,0.007451
45.00583,0.853517,0.120666,0.008759,0.102991,0.007476
45.01156,0.853482,0.120632,0.008788,0.102957,0.007500
45.01729,0.853447,0.120597,0.008817,0.102923,0.007525
45.02302,0.853411,0.120563,0.008846,0.102890,0.007549
45.02875,0.853376,0.120528,0.008875,0.102856,0.007574
45.03448,0.853341,0.120494,0.008904,0.102822,0.007598
45.04021,0.853305,0.120459,0.008933,0.102788,0.007623
45.04594,0.853270,0.120424,0.008962,0.102754,0.007647
45.05167,0.853234,0.120389,0.008991,0.102720,0.007671
45.05740,0.853199,0.120354,0.009020,0.102686,0.007696
45.06313,0.853164,0.120319,0.009049,0.102652,0.007720
45.06886,0.853128,0.120284,0.009078,0.102618,0.007744
45.07459,0.853093,0.120249,0.009106,0.102584,0.007769
45.08032,0.853057,0.120214,0.009135,0.102549,0.007793
45.08605,0.853022,0.120179,0.009164,0.102515,0.007817
45.09178,0.852987,0.120143,0.009193,0.102481,0.007842
45.09751,0.852951,0.120108,0.009222,0.102446,0.007866
45.10324,0.852916,0.120072,0.009251,0.102412,0.007890
45.10897,0.852880,0.120037,0.009279,0.102377,0.007914
45.11470,0.852845,0.120001,0.009308,0.102342,0.007938
45.12043,0.852809,0.119965,0.009337,0.102308,0.007962
45.12616,0.852774,0.119930,0.009365,0.102273,0.007987
45.13189,0.852739,0.119894,0.009394,0.102238,0.008011
45.13762,0.852703,0.119858,0.009423,0.102203,0.008035
45.14334,0.852668,0.119822,0.009451,0.102168,0.008059
45.14907,0.852632,0.119786,0.009480,0.102134,0.008083
45.15480,0.852597,0.119750,0.009509,0.102098,0.008107
45.16053,0.852561,0.119714,0.009537,0.102063,0.008131
45.16626,0.852526,0.119678,0.009566,0.102028,0.008155
45.17199,0.852490,0.119641,0.009594,0.101993,0.008179
45.17772,0.852455,0.119605,0.009623,0.101958,0.008203
45.18345,0.852420,0.119569,0.009651,0.101923,0.008227
45.18918,0.852384,0.119532,0.009680,0.101887,0.008251
45.19491,0.852349,0.119496,0.009708,0.101852,0.008275
45.20064,0.852313,0.119459,0.009736,0.101816,0.008298
45.20637,0.852278,0.119422,0.009765,0.101781,0.008322
45.21210,0.852242,0.119386,0.009793,0.101745,0.008346
45.21783,0.852207,0.119349,0.009822,0.101710,0.008370
45.22356,0.852171,0.119312,0.009850,0.101674,0.008394
45.22929,0.852136,0.119275,0.009878,0.101638,0.008418
45.23502,0.852100,0.119238,0.009906,0.101603,0.008441
45.24075,0.852065,0.119201,0.009935,0.101567,0.008465
45.24648,0.852029,0.119164,0.009963,0.101531,0.008489
45.25221,0.851994,0.119127,0.009991,0.101495,0.008512
45.25794,0.851958,0.119089,0.010019,0.101459,0.008536
45.26367,0.851923,0.119052,0.010048,0.101423,0.008560
45.26940,0.851887,0.119015,0.010076,0.101387,0.008583
45.27512,0.851852,0.118977,0.010104,0.101351,0.008607
45.28085,0.851816,0.118939,0.010132,0.101315,0.008631
45.28658,0.851781,0.118902,0.010160,0.101278,0.008654
45.29231,0.851745,0.118864,0.010188,0.101242,0.008678
45.29804,0.851709,0.118826,0.010216,0.101206,0.008701
45.30377,0.851674,0.118789,0.010244,0.101169,0.008725
45.30950,0.851638,0.118751,0.010272,0.101133,0.008748
45.31523,0.851603,0.118713,0.010300,0.101096,0.008772
45.32096,0.851567,0.118675,0.010328,0.101060,0.008795
45.32669,0.851532,0.118637,0.010356,0.101023,0.008819
45.33242,0.851496,0.118599,0.010384,0.100986,0.008842
45.33815,0.851461,0.118561,0.010412,0.100950,0.008865
45.34388,0.851425,0.118522,0.010440,0.100913,0.008889
45.34961,0.851389,0.118484,0.010468,0.100876,0.008912
45.35534,0.851354,0.118446,0.010496,0.100839,0.008935
45.36107,0.851318,0.118407,0.010523,0.100802,0.008959
45.36680,0.851283,0.118369,0.010551,0.100765,0.008982
45.37253,0.851247,0.118330,0.010579,0.100728,0.009005
45.37826,0.851212,0.118291,0.010607,0.100691,0.009029
45.38399,0.851176,0.118253,0.010634,0.100654,0.009052
45.38972,0.851140,0.118214,0.010662,0.100617,0.009075
45.39545,0.851105,0.118175,0.010690,0.100579,0.009098
45.40118,0.851069,0.118136,0.010718,0.100542,0.009121
45.40691,0.851034,0.118097,0.010745,0.100505,0.009145
45.41263,0.850998,0.118058,0.010773,0.100467,0.009168
45.41836,0.850962,0.118019,0.010800,0.100430,0.009191
45.42409,0.850927,0.117980,0.010828,0.100392,0.009214
45.42982,0.850891,0.117941,0.010856,0.100355,0.009237
45.43555,0.850856,0.117901,0.010883,0.100317,0.009260
45.44128,0.850820,0.117862,0.010911,0.100279,0.009283
45.44701,0.850784,0.117823,0.010938,0.100242,0.009306
45.45274,0.850749,0.117783,0.010966,0.100204,0.009329
45.45847,0.850713,0.117744,0.010993,0.100166,0.009352
45.46420,0.850677,0.117704,0.011021,0.100128,0.009375
45.46993,0.850642,0.117664,0.011048,0.100090,0.009398
45.47566,0.850606,0.117625,0.011075,0.100052,0.009421
45.48139,0.850570,0.117585,0.011103,0.100014,0.009444
45.48712,0.850535,0.117545,0.011130,0.099976,0.009467
45.49285,0.850499,0.117505,0.011157,0.099938,0.009489
45.49858,0.850463,0.117465,0.011185,0.099900,0.009512
45.50431,0.850428,0.117425,0.011212,0.099861,0.009535
45.51004,0.850392,0.117385,0.011239,0.099823,0.009558
45.51577,0.850356,0.117345,0.011267,0.099785,0.009581
45.52150,0.850321,0.117304,0.011294,0.099746,0.009603
45.52723,0.850285,0.117264,0.011321,0.099708,0.009626
45.53296,0.850249,0.117224,0.011348,0.099669,0.009649
45.53869,0.850214,0.117183,0.011375,0.099631,0.009671
45.54442,0.850178,0.117143,0.011402,0.099592,0.009694
45.55014,0.850142,0.117102,0.011430,0.099554,0.009717
45.55587,0.850107,0.117062,0.011457,0.099515,0.009739
45.56160,0.850071,0.117021,0.011484,0.099476,0.009762
45.56733,0.850035,0.116980,0.011511,0.099437,0.009785
45.57306,0.850000,0.116939,0.011538,0.099398,0.009807
45.57879,0.849964,0.116899,0.011565,0.099360,0.009830
45.58452,0.849928,0.116858,0.011592,0.099321,0.009852
45.59025,0.849892,0.116817,0.011619,0.099282,0.009875
45.59598,0.849857,0.116776,0.011646,0.099243,0.009897
45.60171,0.849821,0.116734,0.011673,0.099203,0.009920
45.60744,0.849785,0.116693,0.011700,0.099164,0.009942
45.61317,0.849750,0.116652,0.011726,0.099125,0.009965
45.61890,0.849714,0.116611,0.011753,0.099086,0.009987
45.62463,0.849678,0.116569,0.011780,0.099046,0.010009
45.63036,0.849642,0.116528,0.011807,0.099007,0.010032
45.63609,0.849607,0.116486,0.011834,0.098968,0.010054
45.64182,0.849571,0.116445,0.011861,0.098928,0.010076
45.64755,0.849535,0.116403,0.011887,0.098889,0.010099
45.65328,0.849499,0.116362,0.011914,0.098849,0.010121
45.65901,0.849464,0.116320,0.011941,0.098809,0.010143
45.66474,0.849428,0.116278,0.011967,0.098770,0.010165
45.67047,0.849392,0.116236,0.011994,0.098730,0.010188
45.67620,0.849356,0.116194,0.012021,0.098690,0.010210
45.68193,0.849321,0.116152,0.012047,0.098651,0.010232
45.68765,0.849285,0.116110,0.012074,0.098611,0.010254
45.69338,0.849249,0.116068,0.012101,0.098571,0.010276
45.69911,0.849213,0.116026,0.012127,0.098531,0.010299
45.70484,0.849177,0.115984,0.012154,0.098491,0.010321
45.71057,0.849142,0.115941,0.012180,0.098451,0.010343
45.71630,0.849106,0.115899,0.012207,0.098411,0.010365
45.72203,0.849070,0.115857,0.012233,0.098370,0.010387
45.72776,0.849034,0.115814,0.012260,0.098330,0.010409
45.73349,0.848998,0.115772,0.012286,0.098290,0.010431
45.73922,0.848963,0.115729,0.012312,0.098250,0.010453
45.74495,0.848927,0.115686,0.012339,0.098209,0.010475
45.75068,0.848891,0.115644,0.012365,0.098169,0.010497
45.75641,0.848855,0.115601,0.012392,0.098128,0.010519
45.76214,0.848819,0.115558,0.012418,0.098088,0.010541
45.76787,0.848784,0.115515,0.012444,0.098047,0.010562
45.77360,0.848748,0.115472,0.012470,0.098007,0.010584
45.77933,0.848712,0.115429,0.012497,0.097966,0.010606
45.78506,0.848676,0.115386,0.012523,0.097925,0.010628
45.79079,0.848640,0.115343,0.012549,0.097885,0.010650
45.79652,0.848604,0.115300,0.012575,0.097844,0.010672
45.80225,0.848568,0.115256,0.012602,0.097803,0.010693
45.80798,0.848533,0.115213,0.012628,0.097762,0.010715
45.81371,0.848497,0.115170,0.012654,0.097721,0.010737
45.81943,0.848461,0.115126,0.012680,0.097680,0.010758
45.82516,0.848425,0.115083,0.012706,0.097639,0.010780
45.83089,0.848389,0.115039,0.012732,0.097598,0.010802
45.83662,0.848353,0.114996,0.012758,0.097557,0.010823
45.84235,0.848317,0.114952,0.012784,0.097516,0.010845
45.84808,0.848282,0.114908,0.012810,0.097474,0.010867
45.85381,0.848246,0.114864,0.012836,0.097433,0.010888
45.85954,0.848210,0.114821,0.012862,0.097392,0.010910
45.86527,0.848174,0.114777,0.012888,0.097351,0.010931
45.87100,0.848138,0.114733,0.012914,0.097309,0.010953
45.87673,0.848102,0.114689,0.012940,0.097268,0.010974
45.88246,0.848066,0.114644,0.012966,0.097226,0.010996
45.88819,0.848030,0.114600,0.012992,0.097185,0.011017
45.89392,0.847995,0.114556,0.013017,0.097143,0.011039
45.89965,0.847959,0.114512,0.013043,0.097101,0.011060
45.90538,0.847923,0.114467,0.013069,0.097060,0.011082
45.91111,0.847887,0.114423,0.013095,0.097018,0.011103
45.91684,0.847851,0.114379,0.013121,0.096976,0.011124
45.92257,0.847815,0.114334,0.013146,0.096934,0.011146
45.92830,0.847779,0.114289,0.013172,0.096892,0.011167
45.93403,0.847743,0.114245,0.013198,0.096850,0.011188
45.93976,0.847707,0.114200,0.013223,0.096808,0.011210
45.94549,0.847671,0.114155,0.013249,0.096766,0.011231
45.95122,0.847635,0.114111,0.013275,0.096724,0.011252
45.95694,0.847599,0.114066,0.013300,0.096682,0.011273
45.96267,0.847563,0.114021,0.013326,0.096640,0.011294
45.96840,0.847527,0.113976,0.013351,0.096598,0.011316
45.97413,0.847492,0.113931,0.013377,0.096555,0.011337
45.97986,0.847456,0.113886,0.013402,0.096513,0.011358
45.98559,0.847420,0.113840,0.013428,0.096471,0.011379
45.99132,0.847384,0.113795,0.013453,0.096428,0.011400
45.99705,0.847348,0.113750,0.013479,0.096386,0.011421
46.00278,0.847312,0.113705,0.013504,0.096343,0.011442
46.00851,0.847276,0.113659,0.013530,0.096301,0.011463
46.01424,0.847240,0.113614,0.013555,0.096258,0.011484
46.01997,0.847204,0.113568,0.013580,0.096215,0.011505
46.02570,0.847168,0.113523,0.013606,0.096173,0.011526
46.03143,0.847132,0.113477,0.013631,0.096130,0.011547
46.03716,0.847096,0.113431,0.013656,0.096087,0.011568
46.04289,0.847060,0.113386,0.013682,0.096044,0.011589
46.04862,0.847024,0.113340,0.013707,0.096002,0.011610
46.05435,0.846988,0.113294,0.013732,0.095959,0.011631
46.06008,0.846952,0.113248,0.013757,0.095916,0.011652
46.06581,0.846916,0.113202,0.013782,0.095873,0.011673
46.07154,0.846880,0.113156,0.013808,0.095830,0.011693
46.07727,0.846844,0.113110,0.013833,0.095787,0.011714
46.08300,0.846808,0.113064,0.013858,0.095743,0.011735
46.08873,0.846772,0.113018,0.013883,0.095700,0.011756
46.09445,0.846736,0.112971,0.013908,0.095657,0.011776
46.10018,0.846700,0.112925,0.013933,0.095614,0.011797
46.10591,0.846664,0.112879,0.013958,0.095570,0.011818
46.11164,0.846628,0.112832,0.013983,0.095527,0.011838
46.11737,0.846592,0.112786,0.014008,0.095483,0.011859
46.12310,0.846556,0.112739,0.014033,0.095440,0.011880
46.12883,0.846520,0.112693,0.014058,0.095397,0.011900
46.13456,0.846484,0.112646,0.014083,0.095353,0.011921
46.14029,0.846447,0.112599,0.014108,0.095309,0.011942
46.14602,0.846411,0.112552,0.014133,0.095266,0.011962
46.15175,0.846375,0.112506,0.014158,0.095222,0.011983
46.15748,0.846339,0.112459,0.014182,0.095178,0.012003
46.16321,0.846303,0.112412,0.014207,0.095134,0.012024
46.16894,0.846267,0.112365,0.014232,0.095091,0.012044
46.17467,0.846231,0.112318,0.014257,0.095047,0.012065
46.18040,0.846195,0.112271,0.014282,0.095003,0.012085
46.18613,0.846159,0.112223,0.014306,0.094959,0.012105
46.19186,0.846123,0.112176,0.014331,0.094915,0.012126
46.19759,0.846087,0.112129,0.014356,0.094871,0.012146
46.20332,0.846051,0.112082,0.014380,0.094827,0.012166
46.20905,0.846015,0.112034,0.014405,0.094783,0.012187
46.21478,0.845979,0.111987,0.014430,0.094738,0.012207
46.22051,0.845942,0.111939,0.014454,0.094694,0.012227
46.22623,0.845906,0.111892,0.014479,0.094650,0.012248
46.23196,0.845870,0.111844,0.014503,0.094606,0.012268
46.23769,0.845834,0.111796,0.014528,0.094561,0.012288
46.24342,0.845798,0.111749,0.014552,0.094517,0.012308
46.24915,0.845762,0.111701,0.014577,0.094472,0.012329
46.25488,0.845726,0.111653,0.014601,0.094428,0.012349
46.26061,0.845690,0.111605,0.014626,0.094383,0.012369
46.26634,0.845653,0.111557,0.014650,0.094339,0.012389
46.27207,0.845617,0.111509,0.014675,0.094294,0.012409
46.27780,0.845581,0.111461,0.014699,0.094249,0.012429
46.28353,0.845545,0.111413,0.014723,0.094205,0.012449
46.28926,0.845509,0.111365,0.014748,0.094160,0.012469
46.29499,0.845473,0.111317,0.014772,0.094115,0.012489
46.30072,0.845437,0.111268,0.014796,0.094070,0.012509
46.30645,0.845401,0.111220,0.014821,0.094025,0.012529
46.31218,0.845364,0.111172,0.014845,0.093981,0.012549
46.31791,0.845328,0.111123,0.014869,0.093936,0.012569
46.32364,0.845292,0.111075,0.014893,0.093891,0.012589
46.32937,0.845256,0.111026,0.014917,0.093846,0.012609
46.33510,0.845220,0.110978,0.014942,0.093800,0.012629
46.34083,0.845184,0.110929,0.014966,0.093755,0.012649
46.34656,0.845147,0.110880,0.014990,0.093710,0.012669
46.35229,0.845111,0.110831,0.015014,0.093665,0.012688
46.35802,0.845075,0.110783,0.015038,0.093620,0.012708
46.36374,0.845039,0.110734,0.015062,0.093574,0.012728
46.36947,0.845003,0.110685,0.015086,0.093529,0.012748
46.37520,0.844966,0.110636,0.015110,0.093483,0.012768
46.38093,0.844930,0.110587,0.015134,0.093438,0.012787
46.38666,0.844894,0.110538,0.015158,0.093393,0.012807
46.39239,0.844858,0.110488,0.015182,0.093347,0.012827
46.39812,0.844822,0.110439,0.015206,0.093301,0.012846
46.40385,0.844785,0.110390,0.015230,0.093256,0.012866
46.40958,0.844749,0.110341,0.015254,0.093210,0.012886
46.41531,0.844713,0.110291,0.015278,0.093164,0.012905
46.42104,0.844677,0.110242,0.015302,0.093119,0.012925
46.42677,0.844641,0.110192,0.015325,0.093073,0.012944
46.43250,0.844604,0.110143,0.015349,0.093027,0.012964
46.43823,0.844568,0.110093,0.015373,0.092981,0.012983
46.44396,0.844532,0.110044,0.015397,0.092935,0.013003
46.44969,0.844496,0.109994,0.015420,0.092889,0.013022
46.45542,0.844459,0.109944,0.015444,0.092843,0.013042
46.46115,0.844423,0.109894,0.015468,0.092797,0.013061
46.46688,0.844387,0.109845,0.015491,0.092751,0.013081
46.47261,0.844351,0.109795,0.015515,0.092705,0.013100
46.47834,0.844314,0.109745,0.015539,0.092659,0.013120
46.48407,0.844278,0.109695,0.015562,0.092613,0.013139
46.48980,0.844242,0.109645,0.015586,0.092567,0.013158
46.49553,0.844206,0.109594,0.015609,0.092520,0.013178
46.50125,0.844169,0.109544,0.015633,0.092474,0.013197
46.50698,0.844133,0.109494,0.015657,0.092428,0.013216
46.51271,0.844097,0.109444,0.015680,0.092381,0.013235
46.51844,0.844061,0.109393,0.015704,0.092335,0.013255
46.52417,0.844024,0.109343,0.015727,0.092288,0.013274
46.52990,0.843988,0.109293,0.015750,0.092242,0.013293
46.53563,0.843952,0.109242,0.015774,0.092195,0.013312
46.54136,0.843915,0.109192,0.015797,0.092148,0.013331
46.54709,0.843879,0.109141,0.015821,0.092102,0.013351
46.55282,0.843843,0.109090,0.015844,0.092055,0.013370
46.55855,0.843806,0.109040,0.015867,0.092008,0.013389
46.56428,0.843770,0.108989,0.015891,0.091962,0.013408
46.57001,0.843734,0.108938,0.015914,0.091915,0.013427
46.57574,0.843698,0.108887,0.015937,0.091868,0.013446
46.58147,0.843661,0.108836,0.015960,0.091821,0.013465
46.58720,0.843625,0.108785,0.015983,0.091774,0.013484
46.59293,0.843589,0.108734,0.016007,0.091727,0.013503
46.59866,0.843552,0.108683,0.016030,0.091680,0.013522
46.60439,0.843516,0.108632,0.016053,0.091633,0.013541
46.61012,0.843480,0.108581,0.016076,0.091586,0.013560
46.61585,0.843443,0.108530,0.016099,0.091539,0.013579
46.62158,0.843407,0.108479,0.016122,0.091492,0.013598
46.62731,0.843371,0.108427,0.016145,0.091444,0.013617
46.63303,0.843334,0.108376,0.016168,0.091397,0.013635
46.63876,0.843298,0.108324,0.016191,0.091350,0.013654
46.64449,0.843262,0.108273,0.016214,0.091302,0.013673
46.65022,0.843225,0.108221,0.016237,0.091255,0.013692
46.65595,0.843189,0.108170,0.016260,0.091208,0.013711
46.66168,0.843152,0.108118,0.016283,0.091160,0.013729
46.66741,0.843116,0.108067,0.016306,0.091113,0.013748
46.67314,0.843080,0.108015,0.016329,0.091065,0.013767
46.67887,0.843043,0.107963,0.016352,0.091017,0.013785
46.68460,0.843007,0.107911,0.016375,0.090970,0.013804
46.69033,0.842971,0.107859,0.016398,0.090922,0.013823
46.69606,0.842934,0.107807,0.016420,0.090875,0.013841
46.70179,0.842898,0.107755,0.016443,0.090827,0.013860
46.70752,0.842861,0.107703,0.016466,0.090779,0.013878
46.71325,0.842825,0.107651,0.016489,0.090731,0.013897
46.71898,0.842789,0.107599,0.016511,0.090683,0.013916
46.72471,0.842752,0.107547,0.016534,0.090635,0.013934
46.73044,0.842716,0.107495,0.016557,0.090587,0.013953
46.73617,0.842679,0.107442,0.016579,0.090539,0.013971
46.74190,0.842643,0.107390,0.016602,0.090491,0.013990
46.74763,0.842607,0.107338,0.016625,0.090443,0.014008
46.75336,0.842570,0.107285,0.016647,0.090395,0.014026
46.75909,0.842534,0.107233,0.016670,0.090347,0.014045
46.76482,0.842497,0.107180,0.016692,0.090299,0.014063
46.77054,0.842461,0.107128,0.016715,0.090251,0.014082
46.77627,0.842424,0.107075,0.016737,0.090203,0.014100
46.78200,0.842388,0.107022,0.016760,0.090154,0.014118
46.78773,0.842352,0.106969,0.016782,0.090106,0.014137
46.79346,0.842315,0.106917,0.016805,0.090058,0.014155
46.79919,0.842279,0.106864,0.016827,0.090009,0.014173
46.80492,0.842242,0.106811,0.016849,0.089961,0.014191
46.81065,0.842206,0.106758,0.016872,0.089912,0.014210
46.81638,0.842169,0.106705,0.016894,0.089864,0.014228
46.82211,0.842133,0.106652,0.016916,0.089815,0.014246
46.82784,0.842096,0.106599,0.016939,0.089767,0.014264
46.83357,0.842060,0.106546,0.016961,0.089718,0.014282
46.83930,0.842023,0.106493,0.016983,0.089669,0.014300
46.84503,0.841987,0.106439,0.017006,0.089621,0.014318
46.85076,0.841951,0.106386,0.017028,0.089572,0.014337
46.85649,0.841914,0.106333,0.017050,0.089523,0.014355
46.86222,0.841878,0.106279,0.017072,0.089474,0.014373
46.86795,0.841841,0.106226,0.017094,0.089425,0.014391
46.87368,0.841805,0.106172,0.017116,0.089376,0.014409
46.87941,0.841768,0.106119,0.017139,0.089327,0.014427
46.88514,0.841732,0.106065,0.017161,0.089278,0.014445
46.89087,0.841695,0.106012,0.017183,0.089229,0.014463
46.89660,0.841659,0.105958,0.017205,0.089180,0.014480
46.90233,0.841622,0.105904,0.017227,0.089131,0.014498
46.90805,0.841586,0.105850,0.017249,0.089082,0.014516
46.91378,0.841549,0.105797,0.017271,0.089033,0.014534
46.91951,0.841513,0.105743,0.017293,0.088984,0.014552
46.92524,0.841476,0.105689,0.017315,0.088935,0.014570
46.93097,0.841439,0.105635,0.017336,0.088885,0.014588
46.93670,0.841403,0.105581,0.017358,0.088836,0.014605
46.94243,0.841366,0.105527,0.017380,0.088787,0.014623
46.94816,0.841330,0.105473,0.017402,0.088737,0.014641
46.95389,0.841293,0.105418,0.017424,0.088688,0.014659
46.95962,0.841257,0.105364,0.017446,0.088638,0.014676
46.96535,0.841220,0.105310,0.017467,0.088589,0.014694
46.97108,0.841184,0.105256,0.017489,0.088539,0.014712
46.97681,0.841147,0.105201,0.017511,0.088490,0.014729
46.98254,0.841111,0.105147,0.017533,0.088440,0.014747
46.98827,0.841074,0.105092,0.017554,0.088390,0.014765
46.99400,0.841037,0.105038,0.017576,0.088341,0.014782
46.99973,0.841001,0.104983,0.017598,0.088291,0.014800
47.00546,0.840964,0.104929,0.017619,0.088241,0.014817
47.01119,0.840928,0.104874,0.017641,0.088192,0.014835
47.01692,0.840891,0.104819,0.017663,0.088142,0.014852
47.02265,0.840855,0.104765,0.017684,0.088092,0.014870
47.02838,0.840818,0.104710,0.017706,0.088042,0.014887
47.03411,0.840781,0.104655,0.017727,0.087992,0.014905
47.03983,0.840745,0.104600,0.017749,0.087942,0.014922
47.04556,0.840708,0.104545,0.017770,0.087892,0.014939
47.05129,0.840672,0.104490,0.017792,0.087842,0.014957
47.05702,0.840635,0.104435,0.017813,0.087792,0.014974
47.06275,0.840598,0.104380,0.017834,0.087742,0.014992
47.06848,0.840562,0.104325,0.017856,0.087692,0.015009
47.07421,0.840525,0.104270,0.017877,0.087641,0.015026
47.07994,0.840489,0.104215,0.017899,0.087591,0.015044
47.08567,0.840452,0.104159,0.017920,0.087541,0.015061
47.09140,0.840415,0.104104,0.017941,0.087491,0.015078
47.09713,0.840379,0.104049,0.017962,0.087440,0.015095
47.10286,0.840342,0.103993,0.017984,0.087390,0.015112
47.10859,0.840306,0.103938,0.018005,0.087340,0.015130
47.11432,0.840269,0.103882,0.018026,0.087289,0.015147
47.12005,0.840232,0.103827,0.018047,0.087239,0.015164
47.12578,0.840196,0.103771,0.018069,0.087188,0.015181
47.13151,0.840159,0.103716,0.018090,0.087138,0.015198
47.13724,0.840122,0.103660,0.018111,0.087087,0.015215
47.14297,0.840086,0.103604,0.018132,0.087036,0.015232
47.14870,0.840049,0.103548,0.018153,0.086986,0.015249
47.15443,0.840012,0.103493,0.018174,0.086935,0.015266
47.16016,0.839976,0.103437,0.018195,0.086884,0.015283
47.16589,0.839939,0.103381,0.018216,0.086834,0.015300
47.17162,0.839902,0.103325,0.018237,0.086783,0.015317
47.17734,0.839866,0.103269,0.018258,0.086732,0.015334
47.18307,0.839829,0.103213,0.018279,0.086681,0.015351
47.18880,0.839792,0.103157,0.018300,0.086630,0.015368
47.19453,0.839756,0.103101,0.018321,0.086579,0.015385
47.20026,0.839719,0.103044,0.018342,0.086528,0.015402
47.20599,0.839682,0.102988,0.018363,0.086477,0.015419
47.21172,0.839646,0.102932,0.018383,0.086426,0.015436
47.21745,0.839609,0.102876,0.018404,0.086375,0.015452
47.22318,0.839572,0.102819,0.018425,0.086324,0.015469
47.22891,0.839535,0.102763,0.018446,0.086273,0.015486
47.23464,0.839499,0.102706,0.018467,0.086222,0.015503
47.24037,0.839462,0.102650,0.018487,0.086171,0.015519
47.24610,0.839425,0.102593,0.018508,0.086119,0.015536
47.25183,0.839389,0.102537,0.018529,0.086068,0.015553
47.25756,0.839352,0.102480,0.018549,0.086017,0.015570
47.26329,0.839315,0.102423,0.018570,0.085966,0.015586
47.26902,0.839278,0.102367,0.018591,0.085914,0.015603
47.27475,0.839242,0.102310,0.018611,0.085863,0.015619
47.28048,0.839205,0.102253,0.018632,0.085811,0.015636
47.28621,0.839168,0.102196,0.018653,0.085760,0.015653
47.29194,0.839132,0.102139,0.018673,0.085708,0.015669
47.29767,0.839095,0.102082,0.018694,0.085657,0.015686
47.30340,0.839058,0.102025,0.018714,0.085605,0.015702
47.30913,0.839021,0.101968,0.018735,0.085554,0.015719
47.31485,0.838985,0.101911,0.018755,0.085502,0.015735
47.32058,0.838948,0.101854,0.018775,0.085450,0.015752
47.32631,0.838911,0.101797,0.018796,0.085399,0.015768
47.33204,0.838874,0.101740,0.018816,0.085347,0.015785
47.33777,0.838838,0.101682,0.018837,0.085295,0.015801
47.34350,0.838801,0.101625,0.018857,0.085243,0.015817
47.34923,0.838764,0.101568,0.018877,0.085191,0.015834
47.35496,0.838727,0.101510,0.018898,0.085140,0.015850
47.36069,0.838690,0.101453,0.018918,0.085088,0.015866
47.36642,0.838654,0.101395,0.018938,0.085036,0.015883
47.37215,0.838617,0.101338,0.018958,0.084984,0.015899
47.37788,0.838580,0.101280,0.018979,0.084932,0.015915
47.38361,0.838543,0.101223,0.018999,0.084880,0.015931
47.38934,0.838506,0.101165,0.019019,0.084828,0.015948
47.39507,0.838470,0.101107,0.019039,0.084776,0.015964
47.40080,0.838433,0.101050,0.019059,0.084723,0.015980
47.40653,0.838396,0.100992,0.019079,0.084671,0.015996
47.41226,0.838359,0.100934,0.019100,0.084619,0.016012
47.41799,0.838322,0.100876,0.019120,0.084567,0.016028
47.42372,0.838286,0.100818,0.019140,0.084514,0.016044
47.42945,0.838249,0.100760,0.019160,0.084462,0.016061
47.43518,0.838212,0.100702,0.019180,0.084410,0.016077
47.44091,0.838175,0.100644,0.019200,0.084357,0.016093
47.44664,0.838138,0.100586,0.019220,0.084305,0.016109
47.45236,0.838101,0.100528,0.019240,0.084253,0.016125
47.45809,0.838065,0.100470,0.019259,0.084200,0.016141
47.46382,0.838028,0.100412,0.019279,0.084148,0.016157
47.46955,0.837991,0.100353,0.019299,0.084095,0.016173
47.47528,0.837954,0.100295,0.019319,0.084043,0.016189
47.48101,0.837917,0.100237,0.019339,0.083990,0.016204
47.48674,0.837880,0.100178,0.019359,0.083937,0.016220
47.49247,0.837844,0.100120,0.019379,0.083885,0.016236
47.49820,0.837807,0.100061,0.019398,0.083832,0.016252
47.50393,0.837770,0.100003,0.019418,0.083779,0.016268
47.50966,0.837733,0.099944,0.019438,0.083727,0.016284
47.51539,0.837696,0.099886,0.019457,0.083674,0.016299
47.52112,0.837659,0.099827,0.019477,0.083621,0.016315
47.52685,0.837622,0.099768,0.019497,0.083568,0.016331
47.53258,0.837585,0.099710,0.019516,0.083515,0.016347
47.53831,0.837549,0.099651,0.019536,0.083462,0.016362
47.54404,0.837512,0.099592,0.019556,0.083410,0.016378
47.54977,0.837475,0.099533,0.019575,0.083357,0.016394
47.55550,0.837438,0.099474,0.019595,0.083304,0.016409
47.56123,0.837401,0.099415,0.019614,0.083251,0.016425
47.56696,0.837364,0.099356,0.019634,0.083197,0.016441
47.57269,0.837327,0.099297,0.019653,0.083144,0.016456
47.57842,0.837290,0.099238,0.019673,0.083091,0.016472
47.58414,0.837253,0.099179,0.019692,0.083038,0.016487
47.58987,0.837216,0.099120,0.019712,0.082985,0.016503
47.59560,0.837180,0.099061,0.019731,0.082932,0.016518
47.60133,0.837143,0.099002,0.019750,0.082878,0.016534
47.60706,0.837106,0.098942,0.019770,0.082825,0.016549
47.61279,0.837069,0.098883,0.019789,0.082772,0.016565
47.61852,0.837032,0.098824,0.019808,0.082719,0.016580
47.62425,0.836995,0.098764,0.019828,0.082665,0.016596
47.62998,0.836958,0.098705,0.019847,0.082612,0.016611
47.63571,0.836921,0.098645,0.019866,0.082558,0.016627
47.64144,0.836884,0.098586,0.019886,0.082505,0.016642
47.64717,0.836847,0.098526,0.019905,0.082451,0.016657
47.65290,0.836810,0.098467,0.019924,0.082398,0.016673
47.65863,0.836773,0.098407,0.019943,0.082344,0.016688
47.66436,0.836736,0.098347,0.019962,0.082291,0.016703
47.67009,0.836699,0.098288,0.019981,0.082237,0.016718
47.67582,0.836662,0.098228,0.020000,0.082184,0.016734
47.68155,0.836625,0.098168,0.020020,0.082130,0.016749
47.68728,0.836588,0.098108,0.020039,0.082076,0.016764
47.69301,0.836551,0.098048,0.020058,0.082022,0.016779
47.69874,0.836514,0.097988,0.020077,0.081969,0.016794
47.70447,0.836477,0.097928,0.020096,0.081915,0.016810
47.71020,0.836440,0.097868,0.020115,0.081861,0.016825
47.71593,0.836403,0.097808,0.020134,0.081807,0.016840
47.72165,0.836366,0.097748,0.020152,0.081753,0.016855
47.72738,0.836329,0.097688,0.020171,0.081699,0.016870
47.73311,0.836292,0.097628,0.020190,0.081645,0.016885
47.73884,0.836255,0.097568,0.020209,0.081592,0.016900
47.74457,0.836218,0.097507,0.020228,0.081538,0.016915
47.75030,0.836181,0.097447,0.020247,0.081484,0.016930
47.75603,0.836144,0.097387,0.020266,0.081429,0.016945
47.76176,0.836107,0.097326,0.020284,0.081375,0.016960
47.76749,0.836070,0.097266,0.020303,0.081321,0.016975
47.77322,0.836033,0.097206,0.020322,0.081267,0.016990
47.77895,0.835996,0.097145,0.020341,0.081213,0.017005
47.78468,0.835959,0.097085,0.020359,0.081159,0.017020
47.79041,0.835922,0.097024,0.020378,0.081105,0.017034
47.79614,0.835885,0.096963,0.020397,0.081050,0.017049
47.80187,0.835848,0.096903,0.020415,0.080996,0.017064
47.80760,0.835811,0.096842,0.020434,0.080942,0.017079
47.81333,0.835774,0.096781,0.020452,0.080887,0.017094
47.81906,0.835737,0.096721,0.020471,0.080833,0.017108
47.82479,0.835700,0.096660,0.020490,0.080779,0.017123
47.83052,0.835663,0.096599,0.020508,0.080724,0.017138
47.83625,0.835626,0.096538,0.020527,0.080670,0.017153
47.84198,0.835589,0.096477,0.020545,0.080615,0.017167
47.84771,0.835552,0.096416,0.020563,0.080561,0.017182
47.85344,0.835515,0.096355,0.020582,0.080506,0.017196
47.85916,0.835478,0.096294,0.020600,0.080452,0.017211
47.86489,0.835441,0.096233,0.020619,0.080397,0.017226
47.87062,0.835403,0.096172,0.020637,0.080342,0.017240
47.87635,0.835366,0.096111,0.020655,0.080288,0.017255
47.88208,0.835329,0.096050,0.020674,0.080233,0.017269
47.88781,0.835292,0.095988,0.020692,0.080178,0.017284
47.89354,0.835255,0.095927,0.020710,0.080124,0.017298
47.89927,0.835218,0.095866,0.020729,0.080069,0.017313
47.90500,0.835181,0.095804,0.020747,0.080014,0.017327
47.91073,0.835144,0.095743,0.020765,0.079959,0.017342
47.91646,0.835107,0.095682,0.020783,0.079904,0.017356
47.92219,0.835070,0.095620,0.020801,0.079849,0.017371
47.92792,0.835032,0.095559,0.020820,0.079795,0.017385
47.93365,0.834995,0.095497,0.020838,0.079740,0.017399
47.93938,0.834958,0.095436,0.020856,0.079685,0.017414
47.94511,0.834921,0.095374,0.020874,0.079630,0.017428
47.95084,0.834884,0.095312,0.020892,0.079575,0.017442
47.95657,0.834847,0.095251,0.020910,0.079520,0.017457
47.96230,0.834810,0.095189,0.020928,0.079465,0.017471
47.96803,0.834773,0.095127,0.020946,0.079409,0.017485
47.97376,0.834735,0.095065,0.020964,0.079354,0.017500
47.97949,0.834698,0.095003,0.020982,0.079299,0.017514
47.98522,0.834661,0.094942,0.021000,0.079244,0.017528
47.99094,0.834624,0.094880,0.021018,0.079189,0.017542
47.99667,0.834587,0.094818,0.021036,0.079134,0.017556
48.00240,0.834550,0.094756,0.021054,0.079078,0.017570
48.00813,0.834513,0.094694,0.021072,0.079023,0.017585
48.01386,0.834475,0.094632,0.021089,0.078968,0.017599
48.01959,0.834438,0.094570,0.021107,0.078912,0.017613
48.02532,0.834401,0.094507,0.021125,0.078857,0.017627
48.03105,0.834364,0.094445,0.021143,0.078802,0.017641
48.03678,0.834327,0.094383,0.021161,0.078746,0.017655
48.04251,0.834290,0.094321,0.021178,0.078691,0.017669
48.04824,0.834252,0.094258,0.021196,0.078635,0.017683
48.05397,0.834215,0.094196,0.021214,0.078580,0.017697
48.05970,0.834178,0.094134,0.021231,0.078524,0.017711
48.06543,0.834141,0.094071,0.021249,0.078469,0.017725
48.07116,0.834104,0.094009,0.021267,0.078413,0.017739
48.07689,0.834066,0.093946,0.021284,0.078358,0.017752
48.08262,0.834029,0.093884,0.021302,0.078302,0.017766
48.08835,0.833992,0.093821,0.021319,0.078246,0.017780
48.09408,0.833955,0.093759,0.021337,0.078191,0.017794
48.09981,0.833918,0.093696,0.021354,0.078135,0.017808
48.10554,0.833880,0.093634,0.021372,0.078079,0.017822
48.11127,0.833843,0.093571,0.021389,0.078023,0.017835
48.11700,0.833806,0.093508,0.021407,0.077968,0.017849
48.12273,0.833769,0.093445,0.021424,0.077912,0.017863
48.12845,0.833731,0.093383,0.021442,0.077856,0.017877
48.13418,0.833694,0.093320,0.021459,0.077800,0.017890
48.13991,0.833657,0.093257,0.021477,0.077744,0.017904
48.14564,0.833620,0.093194,0.021494,0.077688,0.017918
48.15137,0.833582,0.093131,0.021511,0.077632,0.017931
48.15710,0.833545,0.093068,0.021528,0.077576,0.017945
48.16283,0.833508,0.093005,0.021546,0.077520,0.017959
48.16856,0.833471,0.092942,0.021563,0.077464,0.017972
48.17429,0.833433,0.092879,0.021580,0.077408,0.017986
48.18002,0.833396,0.092816,0.021598,0.077352,0.017999
48.18575,0.833359,0.092753,0.021615,0.077296,0.018013
48.19148,0.833322,0.092689,0.021632,0.077240,0.018026
48.19721,0.833284,0.092626,0.021649,0.077184,0.018040
48.20294,0.833247,0.092563,0.021666,0.077128,0.018053
48.20867,0.833210,0.092500,0.021683,0.077072,0.018067
48.21440,0.833173,0.092436,0.021700,0.077015,0.018080
48.22013,0.833135,0.092373,0.021717,0.076959,0.018094
48.22586,0.833098,0.092310,0.021735,0.076903,0.018107
48.23159,0.833061,0.092246,0.021752,0.076847,0.018120
48.23732,0.833023,0.092183,0.021769,0.076790,0.018134
48.24305,0.832986,0.092119,0.021786,0.076734,0.018147
48.24878,0.832949,0.092056,0.021803,0.076678,0.018160
48.25451,0.832911,0.091992,0.021819,0.076621,0.018174
48.26024,0.832874,0.091928,0.021836,0.076565,0.018187
48.26596,0.832837,0.091865,0.021853,0.076508,0.018200
48.27169,0.832800,0.091801,0.021870,0.076452,0.018213
48.27742,0.832762,0.091737,0.021887,0.076395,0.018227
48.28315,0.832725,0.091674,0.021904,0.076339,0.018240
48.28888,0.832688,0.091610,0.021921,0.076282,0.018253
48.29461,0.832650,0.091546,0.021938,0.076226,0.018266
48.30034,0.832613,0.091482,0.021954,0.076169,0.018279
48.30607,0.832576,0.091418,0.021971,0.076113,0.018293
48.31180,0.832538,0.091354,0.021988,0.076056,0.018306
48.31753,0.832501,0.091290,0.022005,0.075999,0.018319
48.32326,0.832464,0.091226,0.022021,0.075943,0.018332
48.32899,0.832426,0.091162,0.022038,0.075886,0.018345
48.33472,0.832389,0.091098,0.022055,0.075829,0.018358
48.34045,0.832352,0.091034,0.022071,0.075772,0.018371
48.34618,0.832314,0.090970,0.022088,0.075716,0.018384
48.35191,0.832277,0.090906,0.022104,0.075659,0.018397
48.35764,0.832239,0.090842,0.022121,0.075602,0.018410
48.36337,0.832202,0.090777,0.022137,0.075545,0.018423
48.36910,0.832165,0.090713,0.022154,0.075488,0.018436
48.37483,0.832127,0.090649,0.022170,0.075431,0.018449
48.38056,0.832090,0.090585,0.022187,0.075375,0.018462
48.38629,0.832053,0.090520,0.022203,0.075318,0.018474
48.39202,0.832015,0.090456,0.022220,0.075261,0.018487
48.39774,0.831978,0.090391,0.022236,0.075204,0.018500
48.40347,0.831940,0.090327,0.022253,0.075147,0.018513
48.40920,0.831903,0.090262,0.022269,0.075090,0.018526
48.41493,0.831866,0.090198,0.022285,0.075033,0.018538
48.42066,0.831828,0.090133,0.022302,0.074975,0.018551
48.42639,0.831791,0.090069,0.022318,0.074918,0.018564
48.43212,0.831753,0.090004,0.022334,0.074861,0.018577
48.43785,0.831716,0.089939,0.022351,0.074804,0.018589
48.44358,0.831679,0.089875,0.022367,0.074747,0.018602
48.44931,0.831641,0.089810,0.022383,0.074690,0.018615
48.45504,0.831604,0.089745,0.022399,0.074633,0.018627
48.46077,0.831566,0.089681,0.022416,0.074575,0.018640
48.46650,0.831529,0.089616,0.022432,0.074518,0.018653
48.47223,0.831491,0.089551,0.022448,0.074461,0.018665
48.47796,0.831454,0.089486,0.022464,0.074403,0.018678
48.48369,0.831417,0.089421,0.022480,0.074346,0.018690
48.48942,0.831379,0.089356,0.022496,0.074289,0.018703
48.49515,0.831342,0.089291,0.022512,0.074231,0.018715
48.50088,0.831304,0.089226,0.022528,0.074174,0.018728
48.50661,0.831267,0.089161,0.022544,0.074117,0.018740
48.51234,0.831229,0.089096,0.022560,0.074059,0.018753
48.51807,0.831192,0.089031,0.022576,0.074002,0.018765
48.52380,0.831154,0.088966,0.022592,0.073944,0.018778
48.52953,0.831117,0.088900,0.022608,0.073887,0.018790
48.53525,0.831080,0.088835,0.022624,0.073829,0.018802
48.54098,0.831042,0.088770,0.022640,0.073772,0.018815
48.54671,0.831005,0.088705,0.022656,0.073714,0.018827
48.55244,0.830967,0.088639,0.022672,0.073656,0.018839
48.55817,0.830930,0.088574,0.022688,0.073599,0.018852
48.56390,0.830892,0.088509,0.022703,0.073541,0.018864
48.56963,0.830855,0.088443,0.022719,0.073484,0.018876
48.57536,0.830817,0.088378,0.022735,0.073426,0.018889
48.58109,0.830780,0.088312,0.022751,0.073368,0.018901
48.58682,0.830742,0.088247,0.022766,0.073310,0.018913
48.59255,0.830705,0.088181,0.022782,0.073253,0.018925
48.59828,0.830667,0.088116,0.022798,0.073195,0.018937
48.60401,0.830630,0.088050,0.022813,0.073137,0.018950
48.60974,0.830592,0.087985,0.022829,0.073079,0.018962
48.61547,0.830555,0.087919,0.022845,0.073022,0.018974
48.62120,0.830517,0.087853,0.022860,0.072964,0.018986
48.62693,0.830480,0.087788,0.022876,0.072906,0.018998
48.63266,0.830442,0.087722,0.022891,0.072848,0.019010
48.63839,0.830405,0.087656,0.022907,0.072790,0.019022
48.64412,0.830367,0.087590,0.022923,0.072732,0.019034
48.64985,0.830330,0.087524,0.022938,0.072674,0.019046
48.65558,0.830292,0.087459,0.022953,0.072616,0.019058
48.66131,0.830254,0.087393,0.022969,0.072558,0.019070
48.66704,0.830217,0.087327,0.022984,0.072500,0.019082
48.67276,0.830179,0.087261,0.023000,0.072442,0.019094
48.67849,0.830142,0.087195,0.023015,0.072384,0.019106
48.68422,0.830104,0.087129,0.023031,0.072326,0.019118
48.68995,0.830067,0.087063,0.023046,0.072268,0.019130
48.69568,0.830029,0.086997,0.023061,0.072210,0.019142
48.70141,0.829992,0.086930,0.023077,0.072152,0.019153
48.70714,0.829954,0.086864,0.023092,0.072093,0.019165
48.71287,0.829916,0.086798,0.023107,0.072035,0.019177
48.71860,0.829879,0.086732,0.023122,0.071977,0.019189
48.72433,0.829841,0.086666,0.023138,0.071919,0.019201
48.73006,0.829804,0.086599,0.023153,0.071861,0.019212
48.73579,0.829766,0.086533,0.023168,0.071802,0.019224
48.74152,0.829729,0.086467,0.023183,0.071744,0.019236
48.74725,0.829691,0.086400,0.023198,0.071686,0.019247
48.75298,0.829653,0.086334,0.023213,0.071627,0.019259
48.75871,0.829616,0.086268,0.023229,0.071569,0.019271
48.76444,0.829578,0.086201,0.023244,0.071511,0.019282
48.77017,0.829541,0.086135,0.023259,0.071452,0.019294
48.77590,0.829503,0.086068,0.023274,0.071394,0.019306
48.78163,0.829465,0.086002,0.023289,0.071335,0.019317
48.78736,0.829428,0.085935,0.023304,0.071277,0.019329
48.79309,0.829390,0.085869,0.023319,0.071219,0.019340
48.79882,0.829353,0.085802,0.023334,0.071160,0.019352
48.80454,0.829315,0.085735,0.023349,0.071102,0.019363
48.81027,0.829277,0.085669,0.023364,0.071043,0.019375
48.81600,0.829240,0.085602,0.023378,0.070984,0.019386
48.82173,0.829202,0.085535,0.023393,0.070926,0.019398
48.82746,0.829164,0.085468,0.023408,0.070867,0.019409
48.83319,0.829127,0.085402,0.023423,0.070809,0.019421
48.83892,0.829089,0.085335,0.023438,0.070750,0.019432
48.84465,0.829051,0.085268,0.023453,0.070692,0.019443
48.85038,0.829014,0.085201,0.023467,0.070633,0.019455
48.85611,0.828976,0.085134,0.023482,0.070574,0.019466
48.86184,0.828938,0.085067,0.023497,0.070515,0.019477
48.86757,0.828901,0.085000,0.023512,0.070457,0.019489
48.87330,0.828863,0.084933,0.023526,0.070398,0.019500
48.87903,0.828826,0.084866,0.023541,0.070339,0.019511
48.88476,0.828788,0.084799,0.023556,0.070281,0.019523
48.89049,0.828750,0.084732,0.023570,0.070222,0.019534
48.89622,0.828712,0.084665,0.023585,0.070163,0.019545
48.90195,0.828675,0.084598,0.023599,0.070104,0.019556
48.90768,0.828637,0.084531,0.023614,0.070045,0.019567
48.91341,0.828599,0.084463,0.023628,0.069986,0.019579
48.91914,0.828562,0.084396,0.023643,0.069927,0.019590
48.92487,0.828524,0.084329,0.023658,0.069869,0.019601
48.93060,0.828486,0.084262,0.023672,0.069810,0.019612
48.93633,0.828449,0.084194,0.023686,0.069751,0.019623
48.94205,0.828411,0.084127,0.023701,0.069692,0.019634
48.94778,0.828373,0.084060,0.023715,0.069633,0.019645
48.95351,0.828336,0.083992,0.023730,0.069574,0.019656
48.95924,0.828298,0.083925,0.023744,0.069515,0.019667
48.96497,0.828260,0.083857,0.023758,0.069456,0.019678
48.97070,0.828222,0.083790,0.023773,0.069397,0.019689
48.97643,0.828185,0.083722,0.023787,0.069338,0.019700
48.98216,0.828147,0.083655,0.023801,0.069279,0.019711
48.98789,0.828109,0.083587,0.023816,0.069219,0.019722
48.99362,0.828072,0.083520,0.023830,0.069160,0.019733
48.99935,0.828034,0.083452,0.023844,0.069101,0.019744
49.00508,0.827996,0.083385,0.023858,0.069042,0.019755
49.01081,0.827958,0.083317,0.023873,0.068983,0.019766
49.01654,0.827921,0.083249,0.023887,0.068924,0.019776
49.02227,0.827883,0.083181,0.023901,0.068864,0.019787
49.02800,0.827845,0.083114,0.023915,0.068805,0.019798
49.03373,0.827807,0.083046,0.023929,0.068746,0.019809
49.03946,0.827770,0.082978,0.023943,0.068687,0.019820
49.04519,0.827732,0.082910,0.023957,0.068627,0.019830
49.05092,0.827694,0.082842,0.023971,0.068568,0.019841
49.05665,0.827656,0.082775,0.023985,0.068509,0.019852
49.06238,0.827619,0.082707,0.023999,0.068450,0.019862
49.06811,0.827581,0.082639,0.024013,0.068390,0.019873
49.07384,0.827543,0.082571,0.024027,0.068331,0.019884
49.07956,0.827505,0.082503,0.024041,0.068271,0.019894
49.08529,0.827467,0.082435,0.024055,0.068212,0.019905
49.09102,0.827430,0.082367,0.024069,0.068153,0.019916
49.09675,0.827392,0.082299,0.024083,0.068093,0.019926
49.10248,0.827354,0.082230,0.024097,0.068034,0.019937
49.10821,0.827316,0.082162,0.024111,0.067974,0.019947
49.11394,0.827278,0.082094,0.024125,0.067915,0.019958
49.11967,0.827241,0.082026,0.024138,0.067855,0.019968
49.12540,0.827203,0.081958,0.024152,0.067796,0.019979
49.13113,0.827165,0.081890,0.024166,0.067736,0.019989
49.13686,0.827127,0.081821,0.024180,0.067677,0.020000
49.14259,0.827089,0.081753,0.024193,0.067617,0.020010
49.14832,0.827052,0.081685,0.024207,0.067558,0.020021
49.15405,0.827014,0.081616,0.024221,0.067498,0.020031
49.15978,0.826976,0.081548,0.024235,0.067438,0.020041
49.16551,0.826938,0.081480,0.024248,0.067379,0.020052
49.17124,0.826900,0.081411,0.024262,0.067319,0.020062
49.17697,0.826862,0.081343,0.024275,0.067259,0.020072
49.18270,0.826825,0.081274,0.024289,0.067200,0.020083
49.18843,0.826787,0.081206,0.024303,0.067140,0.020093
49.19416,0.826749,0.081137,0.024316,0.067080,0.020103
49.19989,0.826711,0.081069,0.024330,0.067021,0.020114
49.20562,0.826673,0.081000,0.024343,0.066961,0.020124
49.21135,0.826635,0.080932,0.024357,0.066901,0.020134
49.21707,0.826597,0.080863,0.024370,0.066841,0.020144
49.22280,0.826560,0.080794,0.024383,0.066781,0.020154
49.22853,0.826522,0.080726,0.024397,0.066722,0.020165
49.23426,0.826484,0.080657,0.024410,0.066662,0.020175
49.23999,0.826446,0.080588,0.024424,0.066602,0.020185
49.24572,0.826408,0.080520,0.024437,0.066542,0.020195
49.25145,0.826370,0.080451,0.024450,0.066482,0.020205
49.25718,0.826332,0.080382,0.024464,0.066422,0.020215
49.26291,0.826295,0.080313,0.024477,0.066362,0.020225
49.26864,0.826257,0.080244,0.024490,0.066302,0.020235
49.27437,0.826219,0.080176,0.024504,0.066243,0.020245
49.28010,0.826181,0.080107,0.024517,0.066183,0.020255
49.28583,0.826143,0.080038,0.024530,0.066123,0.020265
49.29156,0.826105,0.079969,0.024543,0.066063,0.020275
49.29729,0.826067,0.079900,0.024556,0.066003,0.020285
49.30302,0.826029,0.079831,0.024570,0.065943,0.020295
49.30875,0.825991,0.079762,0.024583,0.065883,0.020305
49.31448,0.825953,0.079693,0.024596,0.065823,0.020315
49.32021,0.825915,0.079624,0.024609,0.065763,0.020325
49.32594,0.825878,0.079555,0.024622,0.065702,0.020335
49.33167,0.825840,0.079486,0.024635,0.065642,0.020345
49.33740,0.825802,0.079416,0.024648,0.065582,0.020354
49.34313,0.825764,0.079347,0.024661,0.065522,0.020364
49.34885,0.825726,0.079278,0.024674,0.065462,0.020374
49.35458,0.825688,0.079209,0.024687,0.065402,0.020384
49.36031,0.825650,0.079140,0.024700,0.065342,0.020394
49.36604,0.825612,0.079070,0.024713,0.065281,0.020403
49.37177,0.825574,0.079001,0.024726,0.065221,0.020413
49.37750,0.825536,0.078932,0.024739,0.065161,0.020423
49.38323,0.825498,0.078863,0.024752,0.065101,0.020432
49.38896,0.825460,0.078793,0.024764,0.065041,0.020442
49.39469,0.825422,0.078724,0.024777,0.064980,0.020452
49.40042,0.825384,0.078654,0.024790,0.064920,0.020461
49.40615,0.825346,0.078585,0.024803,0.064860,0.020471
49.41188,0.825308,0.078516,0.024816,0.064800,0.020481
49.41761,0.825270,0.078446,0.024828,0.064739,0.020490
49.42334,0.825232,0.078377,0.024841,0.064679,0.020500
49.42907,0.825194,0.078307,0.024854,0.064619,0.020509
49.43480,0.825156,0.078238,0.024867,0.064558,0.020519
49.44053,0.825118,0.078168,0.024879,0.064498,0.020528
49.44626,0.825081,0.078098,0.024892,0.064437,0.020538
49.45199,0.825043,0.078029,0.024905,0.064377,0.020547
49.45772,0.825005,0.077959,0.024917,0.064317,0.020557
49.46345,0.824967,0.077890,0.024930,0.064256,0.020566
49.46918,0.824929,0.077820,0.024942,0.064196,0.020576
49.47491,0.824891,0.077750,0.024955,0.064135,0.020585
49.48064,0.824853,0.077680,0.024967,0.064075,0.020594
49.48636,0.824814,0.077611,0.024980,0.064014,0.020604
49.49209,0.824776,0.077541,0.024992,0.063954,0.020613
49.49782,0.824738,0.077471,0.025005,0.063893,0.020622
49.50355,0.824700,0.077401,0.025017,0.063833,0.020632
49.50928,0.824662,0.077332,0.025030,0.063772,0.020641
49.51501,0.824624,0.077262,0.025042,0.063712,0.020650
49.52074,0.824586,0.077192,0.025055,0.063651,0.020660
49.52647,0.824548,0.077122,0.025067,0.063591,0.020669
49.53220,0.824510,0.077052,0.025079,0.063530,0.020678
49.53793,0.824472,0.076982,0.025092,0.063470,0.020687
49.54366,0.824434,0.076912,0.025104,0.063409,0.020697
49.54939,0.824396,0.076842,0.025116,0.063348,0.020706
49.55512,0.824358,0.076772,0.025129,0.063288,0.020715
49.56085,0.824320,0.076702,0.025141,0.063227,0.020724
49.56658,0.824282,0.076632,0.025153,0.063166,0.020733
49.57231,0.824244,0.076562,0.025165,0.063106,0.020742
49.57804,0.824206,0.076492,0.025177,0.063045,0.020751
49.58377,0.824168,0.076422,0.025190,0.062984,0.020760
49.58950,0.824130,0.076352,0.025202,0.062924,0.020769
49.59523,0.824092,0.076281,0.025214,0.062863,0.020779
49.60096,0.824054,0.076211,0.025226,0.062802,0.020788
49.60669,0.824016,0.076141,0.025238,0.062741,0.020797
49.61242,0.823977,0.076071,0.025250,0.062681,0.020806
49.61815,0.823939,0.076001,0.025262,0.062620,0.020815
49.62387,0.823901,0.075930,0.025274,0.062559,0.020823
49.62960,0.823863,0.075860,0.025286,0.062498,0.020832
49.63533,0.823825,0.075790,0.025298,0.062437,0.020841
49.64106,0.823787,0.075719,0.025310,0.062377,0.020850
49.64679,0.823749,0.075649,0.025322,0.062316,0.020859
49.65252,0.823711,0.075579,0.025334,0.062255,0.020868
49.65825,0.823673,0.075508,0.025346,0.062194,0.020877
49.66398,0.823635,0.075438,0.025358,0.062133,0.020886
49.66971,0.823596,0.075367,0.025370,0.062072,0.020894
49.67544,0.823558,0.075297,0.025382,0.062011,0.020903
49.68117,0.823520,0.075226,0.025393,0.061950,0.020912
49.68690,0.823482,0.075156,0.025405,0.061890,0.020921
49.69263,0.823444,0.075085,0.025417,0.061829,0.020930
49.69836,0.823406,0.075015,0.025429,0.061768,0.020938
49.70409,0.823368,0.074944,0.025441,0.061707,0.020947
49.70982,0.823330,0.074874,0.025452,0.061646,0.020956
49.71555,0.823291,0.074803,0.025464,0.061585,0.020964
49.72128,0.823253,0.074732,0.025476,0.061524,0.020973
49.72701,0.823215,0.074662,0.025487,0.061463,0.020982
49.73274,0.823177,0.074591,0.025499,0.061402,0.020990
49.73847,0.823139,0.074520,0.025511,0.061341,0.020999
49.74420,0.823101,0.074450,0.025522,0.061280,0.021007
49.74993,0.823062,0.074379,0.025534,0.061219,0.021016
49.75565,0.823024,0.074308,0.025546,0.061158,0.021025
49.76138,0.822986,0.074238,0.025557,0.061096,0.021033
49.76711,0.822948,0.074167,0.025569,0.061035,0.021042
49.77284,0.822910,0.074096,0.025580,0.060974,0.021050
49.77857,0.822872,0.074025,0.025592,0.060913,0.021059
49.78430,0.822833,0.073954,0.025603,0.060852,0.021067
49.79003,0.822795,0.073883,0.025615,0.060791,0.021076
49.79576,0.822757,0.073813,0.025626,0.060730,0.021084
49.80149,0.822719,0.073742,0.025637,0.060669,0.021092
49.80722,0.822681,0.073671,0.025649,0.060607,0.021101
49.81295,0.822643,0.073600,0.025660,0.060546,0.021109
49.81868,0.822604,0.073529,0.025672,0.060485,0.021118
49.82441,0.822566,0.073458,0.025683,0.060424,0.021126
49.83014,0.822528,0.073387,0.025694,0.060363,0.021134
49.83587,0.822490,0.073316,0.025706,0.060301,0.021143
49.84160,0.822451,0.073245,0.025717,0.060240,0.021151
49.84733,0.822413,0.073174,0.025728,0.060179,0.021159
49.85306,0.822375,0.073103,0.025739,0.060118,0.021167
49.85879,0.822337,0.073031,0.025751,0.060056,0.021176
49.86452,0.822299,0.072960,0.025762,0.059995,0.021184
49.87025,0.822260,0.072889,0.025773,0.059934,0.021192
49.87598,0.822222,0.072818,0.025784,0.059873,0.021200
49.88171,0.822184,0.072747,0.025795,0.059811,0.021209
49.88744,0.822146,0.072676,0.025806,0.059750,0.021217
49.89316,0.822107,0.072604,0.025818,0.059689,0.021225
49.89889,0.822069,0.072533,0.025829,0.059627,0.021233
49.90462,0.822031,0.072462,0.025840,0.059566,0.021241
49.91035,0.821993,0.072391,0.025851,0.059505,0.021249
49.91608,0.821954,0.072319,0.025862,0.059443,0.021257
49.92181,0.821916,0.072248,0.025873,0.059382,0.021265
49.92754,0.821878,0.072177,0.025884,0.059321,0.021273
49.93327,0.821840,0.072105,0.025895,0.059259,0.021281
49.93900,0.821801,0.072034,0.025906,0.059198,0.021289
49.94473,0.821763,0.071963,0.025917,0.059136,0.021297
49.95046,0.821725,0.071891,0.025928,0.059075,0.021305
49.95619,0.821687,0.071820,0.025938,0.059013,0.021313
49.96192,0.821648,0.071748,0.025949,0.058952,0.021321
49.96765,0.821610,0.071677,0.025960,0.058891,0.021329
49.97338,0.821572,0.071605,0.025971,0.058829,0.021337
49.97911,0.821533,0.071534,0.025982,0.058768,0.021345
49.98484,0.821495,0.071462,0.025993,0.058706,0.021353
49.99057,0.821457,0.071391,0.026003,0.058645,0.021361
49.99630,0.821419,0.071319,0.026014,0.058583,0.021369
50.00203,0.821380,0.071248,0.026025,0.058522,0.021376
50.00776,0.821342,0.071176,0.026036,0.058460,0.021384
50.01349,0.821304,0.071105,0.026046,0.058399,0.021392
50.01922,0.821265,0.071033,0.026057,0.058337,0.021400
50.02495,0.821227,0.070961,0.026068,0.058275,0.021407
50.03067,0.821189,0.070890,0.026078,0.058214,0.021415
50.03640,0.821150,0.070818,0.026089,0.058152,0.021423
50.04213,0.821112,0.070746,0.026100,0.058091,0.021431
50.04786,0.821074,0.070675,0.026110,0.058029,0.021438
50.05359,0.821035,0.070603,0.026121,0.057968,0.021446
50.05932,0.820997,0.070531,0.026131,0.057906,0.021454
50.06505,0.820959,0.070459,0.026142,0.057844,0.021461
50.07078,0.820920,0.070388,0.026152,0.057783,0.021469
50.07651,0.820882,0.070316,0.026163,0.057721,0.021477
50.08224,0.820844,0.070244,0.026173,0.057659,0.021484
50.08797,0.820805,0.070172,0.026184,0.057598,0.021492
50.09370,0.820767,0.070100,0.026194,0.057536,0.021499
50.09943,0.820729,0.070029,0.026205,0.057474,0.021507
50.10516,0.820690,0.069957,0.026215,0.057413,0.021514
50.11089,0.820652,0.069885,0.026225,0.057351,0.021522
50.11662,0.820614,0.069813,0.026236,0.057289,0.021529
50.12235,0.820575,0.069741,0.026246,0.057228,0.021537
50.12808,0.820537,0.069669,0.026256,0.057166,0.021544
50.13381,0.820498,0.069597,0.026267,0.057104,0.021552
50.13954,0.820460,0.069525,0.026277,0.057043,0.021559
50.14527,0.820422,0.069453,0.026287,0.056981,0.021567
50.15100,0.820383,0.069381,0.026297,0.056919,0.021574
50.15673,0.820345,0.069309,0.026308,0.056857,0.021581
50.16245,0.820307,0.069237,0.026318,0.056796,0.021589
50.16818,0.820268,0.069165,0.026328,0.056734,0.021596
50.17391,0.820230,0.069093,0.026338,0.056672,0.021603
50.17964,0.820191,0.069021,0.026348,0.056610,0.021611
50.18537,0.820153,0.068949,0.026358,0.056548,0.021618
50.19110,0.820114,0.068876,0.026368,0.056487,0.021625
50.19683,0.820076,0.068804,0.026379,0.056425,0.021632
50.20256,0.820038,0.068732,0.026389,0.056363,0.021640
50.20829,0.819999,0.068660,0.026399,0.056301,0.021647
50.21402,0.819961,0.068588,0.026409,0.056239,0.021654
50.21975,0.819922,0.068516,0.026419,0.056177,0.021661
50.22548,0.819884,0.068443,0.026429,0.056116,0.021668
50.23121,0.819846,0.068371,0.026439,0.056054,0.021676
50.23694,0.819807,0.068299,0.026449,0.055992,0.021683
50.24267,0.819769,0.068227,0.026458,0.055930,0.021690
50.24840,0.819730,0.068154,0.026468,0.055868,0.021697
50.25413,0.819692,0.068082,0.026478,0.055806,0.021704
50.25986,0.819653,0.068010,0.026488,0.055744,0.021711
50.26559,0.819615,0.067937,0.026498,0.055682,0.021718
50.27132,0.819576,0.067865,0.026508,0.055621,0.021725
50.27705,0.819538,0.067793,0.026518,0.055559,0.021732
50.28278,0.819500,0.067720,0.026527,0.055497,0.021739
50.28851,0.819461,0.067648,0.026537,0.055435,0.021746
50.29424,0.819423,0.067575,0.026547,0.055373,0.021753
50.29996,0.819384,0.067503,0.026557,0.055311,0.021760
50.30569,0.819346,0.067431,0.026566,0.055249,0.021767
50.31142,0.819307,0.067358,0.026576,0.055187,0.021774
50.31715,0.819269,0.067286,0.026586,0.055125,0.021781
50.32288,0.819230,0.067213,0.026596,0.055063,0.021788
50.32861,0.819192,0.067141,0.026605,0.055001,0.021795
50.33434,0.819153,0.067068,0.026615,0.054939,0.021802
50.34007,0.819115,0.066996,0.026624,0.054877,0.021808
50.34580,0.819076,0.066923,0.026634,0.054815,0.021815
50.35153,0.819038,0.066851,0.026644,0.054753,0.021822
50.35726,0.818999,0.066778,0.026653,0.054691,0.021829
50.36299,0.818961,0.066705,0.026663,0.054629,0.021836
50.36872,0.818922,0.066633,0.026672,0.054567,0.021842
50.37445,0.818884,0.066560,0.026682,0.054505,0.021849
50.38018,0.818845,0.066488,0.026691,0.054443,0.021856
50.38591,0.818807,0.066415,0.026701,0.054381,0.021863
50.39164,0.818768,0.066342,0.026710,0.054319,0.021869
50.39737,0.818730,0.066270,0.026719,0.054257,0.021876
50.40310,0.818691,0.066197,0.026729,0.054195,0.021883
50.40883,0.818653,0.066124,0.026738,0.054133,0.021889
50.41456,0.818614,0.066051,0.026748,0.054071,0.021896
50.42029,0.818576,0.065979,0.026757,0.054009,0.021903
50.42602,0.818537,0.065906,0.026766,0.053946,0.021909
50.43175,0.818498,0.065833,0.026775,0.053884,0.021916
50.43747,0.818460,0.065760,0.026785,0.053822,0.021922
50.44320,0.818421,0.065688,0.026794,0.053760,0.021929
50.44893,0.818383,0.065615,0.026803,0.053698,0.021935
50.45466,0.818344,0.065542,0.026813,0.053636,0.021942
50.46039,0.818306,0.065469,0.026822,0.053574,0.021948
50.46612,0.818267,0.065396,0.026831,0.053512,0.021955
50.47185,0.818229,0.065323,0.026840,0.053449,0.021961
50.47758,0.818190,0.065251,0.026849,0.053387,0.021968
50.48331,0.818151,0.065178,0.026858,0.053325,0.021974
50.48904,0.818113,0.065105,0.026867,0.053263,0.021981
50.49477,0.818074,0.065032,0.026877,0.053201,0.021987
50.50050,0.818036,0.064959,0.026886,0.053139,0.021993
50.50623,0.817997,0.064886,0.026895,0.053077,0.022000
50.51196,0.817959,0.064813,0.026904,0.053014,0.022006
50.51769,0.817920,0.064740,0.026913,0.052952,0.022012
50.52342,0.817881,0.064667,0.026922,0.052890,0.022019
50.52915,0.817843,0.064594,0.026931,0.052828,0.022025
50.53488,0.817804,0.064521,0.026940,0.052766,0.022031
50.54061,0.817766,0.064448,0.026949,0.052703,0.022038
50.54634,0.817727,0.064375,0.026958,0.052641,0.022044
50.55207,0.817688,0.064302,0.026967,0.052579,0.022050
50.55780,0.817650,0.064229,0.026975,0.052517,0.022056
50.56353,0.817611,0.064156,0.026984,0.052455,0.022063
50.56925,0.817573,0.064083,0.026993,0.052392,0.022069
50.57498,0.817534,0.064010,0.027002,0.052330,0.022075
50.58071,0.817495,0.063937,0.027011,0.052268,0.022081
50.58644,0.817457,0.063863,0.027020,0.052206,0.022087
50.59217,0.817418,0.063790,0.027028,0.052143,0.022093
50.59790,0.817379,0.063717,0.027037,0.052081,0.022100
50.60363,0.817341,0.063644,0.027046,0.052019,0.022106
50.60936,0.817302,0.063571,0.027055,0.051957,0.022112
50.61509,0.817263,0.063498,0.027063,0.051894,0.022118
50.62082,0.817225,0.063424,0.027072,0.051832,0.022124
50.62655,0.817186,0.063351,0.027081,0.051770,0.022130
50.63228,0.817148,0.063278,0.027089,0.051707,0.022136
50.63801,0.817109,0.063205,0.027098,0.051645,0.022142
50.64374,0.817070,0.063131,0.027107,0.051583,0.022148
50.64947,0.817032,0.063058,0.027115,0.051521,0.022154
50.65520,0.816993,0.062985,0.027124,0.051458,0.022160
50.66093,0.816954,0.062912,0.027132,0.051396,0.022166
50.66666,0.816916,0.062838,0.027141,0.051334,0.022172
50.67239,0.816877,0.062765,0.027149,0.051271,0.022178
50.67812,0.816838,0.062692,0.027158,0.051209,0.022184
50.68385,0.816800,0.062618,0.027166,0.051147,0.022189
50.68958,0.816761,0.062545,0.027175,0.051084,0.022195
50.69531,0.816722,0.062472,0.027183,0.051022,0.022201
50.70104,0.816683,0.062398,0.027192,0.050960,0.022207
50.70676,0.816645,0.062325,0.027200,0.050897,0.022213
50.71249,0.816606,0.062252,0.027208,0.050835,0.022219
50.71822,0.816567,0.062178,0.027217,0.050773,0.022224
50.72395,0.816529,0.062105,0.027225,0.050710,0.022230
50.72968,0.816490,0.062031,0.027233,0.050648,0.022236
50.73541,0.816451,0.061958,0.027242,0.050586,0.022242
50.74114,0.816413,0.061884,0.027250,0.050523,0.022247
50.74687,0.816374,0.061811,0.027258,0.050461,0.022253
50.75260,0.816335,0.061738,0.027267,0.050398,0.022259
50.75833,0.816296,0.061664,0.027275,0.050336,0.022264
50.76406,0.816258,0.061591,0.027283,0.050274,0.022270
50.76979,0.816219,0.061517,0.027291,0.050211,0.022276
50.77552,0.816180,0.061444,0.027299,0.050149,0.022281
50.78125,0.816141,0.061370,0.027308,0.050087,0.022287
50.78698,0.816103,0.061296,0.027316,0.050024,0.022292
50.79271,0.816064,0.061223,0.027324,0.049962,0.022298
50.79844,0.816025,0.061149,0.027332,0.049899,0.022304
50.80417,0.815986,0.061076,0.027340,0.049837,0.022309
50.80990,0.815948,0.061002,0.027348,0.049775,0.022315
50.81563,0.815909,0.060929,0.027356,0.049712,0.022320
50.82136,0.815870,0.060855,0.027364,0.049650,0.022326
50.82709,0.815831,0.060781,0.027372,0.049587,0.022331
50.83282,0.815793,0.060708,0.027380,0.049525,0.022337
50.83855,0.815754,0.060634,0.027388,0.049463,0.022342
50.84427,0.815715,0.060560,0.027396,0.049400,0.022348
50.85000,0.815676,0.060487,0.027404,0.049338,0.022353
50.85573,0.815638,0.060413,0.027412,0.049275,0.022358
50.86146,0.815599,0.060339,0.027420,0.049213,0.022364
50.86719,0.815560,0.060266,0.027428,0.049150,0.022369
50.87292,0.815521,0.060192,0.027436,0.049088,0.022374
50.87865,0.815482,0.060118,0.027444,0.049025,0.022380
50.88438,0.815444,0.060045,0.027451,0.048963,0.022385
50.89011,0.815405,0.059971,0.027459,0.048901,0.022390
50.89584,0.815366,0.059897,0.027467,0.048838,0.022396
50.90157,0.815327,0.059823,0.027475,0.048776,0.022401
50.90730,0.815288,0.059750,0.027483,0.048713,0.022406
50.91303,0.815250,0.059676,0.027490,0.048651,0.022412
50.91876,0.815211,0.059602,0.027498,0.048588,0.022417
50.92449,0.815172,0.059528,0.027506,0.048526,0.022422
50.93022,0.815133,0.059455,0.027514,0.048463,0.022427
50.93595,0.815094,0.059381,0.027521,0.048401,0.022432
50.94168,0.815056,0.059307,0.027529,0.048338,0.022438
50.94741,0.815017,0.059233,0.027536,0.048276,0.022443
50.95314,0.814978,0.059159,0.027544,0.048213,0.022448
50.95887,0.814939,0.059085,0.027552,0.048151,0.022453
50.96460,0.814900,0.059012,0.027559,0.048089,0.022458
50.97033,0.814861,0.058938,0.027567,0.048026,0.022463
50.97606,0.814823,0.058864,0.027574,0.047964,0.022468
50.98178,0.814784,0.058790,0.027582,0.047901,0.022473
50.98751,0.814745,0.058716,0.027589,0.047839,0.022478
50.99324,0.814706,0.058642,0.027597,0.047776,0.022483
50.99897,0.814667,0.058568,0.027604,0.047714,0.022488
51.00470,0.814628,0.058494,0.027612,0.047651,0.022493
51.01043,0.814589,0.058420,0.027619,0.047589,0.022498
51.01616,0.814551,0.058346,0.027627,0.047526,0.022503
51.02189,0.814512,0.058272,0.027634,0.047464,0.022508
51.02762,0.814473,0.058199,0.027642,0.047401,0.022513
51.03335,0.814434,0.058125,0.027649,0.047339,0.022518
51.03908,0.814395,0.058051,0.027656,0.047276,0.022523
51.04481,0.814356,0.057977,0.027664,0.047214,0.022528
51.05054,0.814317,0.057903,0.027671,0.047151,0.022533
51.05627,0.814278,0.057829,0.027678,0.047089,0.022538
51.06200,0.814240,0.057755,0.027685,0.047026,0.022543
51.06773,0.814201,0.057681,0.027693,0.046964,0.022547
51.07346,0.814162,0.057607,0.027700,0.046901,0.022552
51.07919,0.814123,0.057533,0.027707,0.046839,0.022557
51.08492,0.814084,0.057458,0.027714,0.046776,0.022562
51.09065,0.814045,0.057384,0.027722,0.046714,0.022567
51.09638,0.814006,0.057310,0.027729,0.046651,0.022571
51.10211,0.813967,0.057236,0.027736,0.046588,0.022576
51.10784,0.813928,0.057162,0.027743,0.046526,0.022581
51.11356,0.813889,0.057088,0.027750,0.046463,0.022586
51.11929,0.813850,0.057014,0.027757,0.046401,0.022590
51.12502,0.813812,0.056940,0.027764,0.046338,0.022595
51.13075,0.813773,0.056866,0.027771,0.046276,0.022600
51.13648,0.813734,0.056792,0.027778,0.046213,0.022604
51.14221,0.813695,0.056718,0.027785,0.046151,0.022609
51.14794,0.813656,0.056643,0.027792,0.046088,0.022613
51.15367,0.813617,0.056569,0.027799,0.046026,0.022618
51.15940,0.813578,0.056495,0.027806,0.045963,0.022623
51.16513,0.813539,0.056421,0.027813,0.045901,0.022627
51.17086,0.813500,0.056347,0.027820,0.045838,0.022632
51.17659,0.813461,0.056273,0.027827,0.045776,0.022636
51.18232,0.813422,0.056198,0.027834,0.045713,0.022641
51.18805,0.813383,0.056124,0.027841,0.045651,0.022645
51.19378,0.813344,0.056050,0.027848,0.045588,0.022650
51.19951,0.813305,0.055976,0.027855,0.045525,0.022654
51.20524,0.813266,0.055902,0.027862,0.045463,0.022659
51.21097,0.813227,0.055827,0.027868,0.045400,0.022663
51.21670,0.813188,0.055753,0.027875,0.045338,0.022668
51.22243,0.813149,0.055679,0.027882,0.045275,0.022672
51.22816,0.813110,0.055605,0.027889,0.045213,0.022677
51.23389,0.813071,0.055531,0.027895,0.045150,0.022681
51.23962,0.813032,0.055456,0.027902,0.045088,0.022685
51.24535,0.812993,0.055382,0.027909,0.045025,0.022690
51.25107,0.812954,0.055308,0.027916,0.044963,0.022694
51.25680,0.812915,0.055233,0.027922,0.044900,0.022698
51.26253,0.812876,0.055159,0.027929,0.044838,0.022703
51.26826,0.812837,0.055085,0.027935,0.044775,0.022707
51.27399,0.812798,0.055011,0.027942,0.044713,0.022711
51.27972,0.812759,0.054936,0.027949,0.044650,0.022716
51.28545,0.812720,0.054862,0.027955,0.044587,0.022720
51.29118,0.812681,0.054788,0.027962,0.044525,0.022724
51.29691,0.812642,0.054713,0.027968,0.044462,0.022728
51.30264,0.812603,0.054639,0.027975,0.044400,0.022733
51.30837,0.812564,0.054565,0.027981,0.044337,0.022737
51.31410,0.812525,0.054490,0.027988,0.044275,0.022741
51.31983,0.812486,0.054416,0.027994,0.044212,0.022745
51.32556,0.812447,0.054342,0.028001,0.044150,0.022749
51.33129,0.812408,0.054267,0.028007,0.044087,0.022753
51.33702,0.812369,0.054193,0.028014,0.044025,0.022757
51.34275,0.812330,0.054118,0.028020,0.043962,0.022762
51.34848,0.812291,0.054044,0.028027,0.043900,0.022766
51.35421,0.812252,0.053970,0.028033,0.043837,0.022770
51.35994,0.812213,0.053895,0.028039,0.043774,0.022774
51.36567,0.812174,0.053821,0.028046,0.043712,0.022778
51.37140,0.812135,0.053746,0.028052,0.043649,0.022782
51.37713,0.812096,0.053672,0.028058,0.043587,0.022786
51.38286,0.812057,0.053598,0.028064,0.043524,0.022790
51.38858,0.812018,0.053523,0.028071,0.043462,0.022794
51.39431,0.811979,0.053449,0.028077,0.043399,0.022798
51.40004,0.811939,0.053374,0.028083,0.043337,0.022802
51.40577,0.811900,0.053300,0.028089,0.043274,0.022806
51.41150,0.811861,0.053225,0.028096,0.043212,0.022810
51.41723,0.811822,0.053151,0.028102,0.043149,0.022814
51.42296,0.811783,0.053077,0.028108,0.043087,0.022818
51.42869,0.811744,0.053002,0.028114,0.043024,0.022821
51.43442,0.811705,0.052928,0.028120,0.042962,0.022825
51.44015,0.811666,0.052853,0.028126,0.042899,0.022829
51.44588,0.811627,0.052779,0.028132,0.042837,0.022833
51.45161,0.811588,0.052704,0.028139,0.042774,0.022837
51.45734,0.811549,0.052630,0.028145,0.042711,0.022841
51.46307,0.811509,0.052555,0.028151,0.042649,0.022844
51.46880,0.811470,0.052481,0.028157,0.042586,0.022848
51.47453,0.811431,0.052406,0.028163,0.042524,0.022852
51.48026,0.811392,0.052332,0.028169,0.042461,0.022856
51.48599,0.811353,0.052257,0.028175,0.042399,0.022860
51.49172,0.811314,0.052183,0.028181,0.042336,0.022863
51.49745,0.811275,0.052108,0.028186,0.042274,0.022867
51.50318,0.811236,0.052033,0.028192,0.042211,0.022871
51.50891,0.811196,0.051959,0.028198,0.042149,0.022874
51.51464,0.811157,0.051884,0.028204,0.042086,0.022878
51.52036,0.811118,0.051810,0.028210,0.042024,0.022882
51.52609,0.811079,0.051735,0.028216,0.041961,0.022885
51.53182,0.811040,0.051661,0.028222,0.041899,0.022889
51.53755,0.811001,0.051586,0.028228,0.041836,0.022893
51.54328,0.810962,0.051512,0.028233,0.041774,0.022896
51.54901,0.810922,0.051437,0.028239,0.041711,0.022900
51.55474,0.810883,0.051362,0.028245,0.041649,0.022903
51.56047,0.810844,0.051288,0.028251,0.041586,0.022907
51.56620,0.810805,0.051213,0.028256,0.041524,0.022910
51.57193,0.810766,0.051139,0.028262,0.041461,0.022914
51.57766,0.810727,0.051064,0.028268,0.041399,0.022917
51.58339,0.810687,0.050989,0.028273,0.041336,0.022921
51.58912,0.810648,0.050915,0.028279,0.041274,0.022924
51.59485,0.810609,0.050840,0.028285,0.041211,0.022928
51.60058,0.810570,0.050766,0.028290,0.041149,0.022931
51.60631,0.810531,0.050691,0.028296,0.041087,0.022935
51.61204,0.810492,0.050616,0.028302,0.041024,0.022938
51.61777,0.810452,0.050542,0.028307,0.040962,0.022942
51.62350,0.810413,0.050467,0.028313,0.040899,0.022945
51.62923,0.810374,0.050392,0.028318,0.040837,0.022948
51.63496,0.810335,0.050318,0.028324,0.040774,0.022952
51.64069,0.810296,0.050243,0.028329,0.040712,0.022955
51.64642,0.810256,0.050168,0.028335,0.040649,0.022958
51.65215,0.810217,0.050094,0.028340,0.040587,0.022962
51.65787,0.810178,0.050019,0.028346,0.040524,0.022965
51.66360,0.810139,0.049944,0.028351,0.040462,0.022968
51.66933,0.810099,0.049870,0.028357,0.040399,0.022972
51.67506,0.810060,0.049795,0.028362,0.040337,0.022975
51.68079,0.810021,0.049720,0.028367,0.040275,0.022978
51.68652,0.809982,0.049646,0.028373,0.040212,0.022981
51.69225,0.809943,0.049571,0.028378,0.040150,0.022985
51.69798,0.809903,0.049496,0.028383,0.040087,0.022988
51.70371,0.809864,0.049422,0.028389,0.040025,0.022991
51.70944,0.809825,0.049347,0.028394,0.039962,0.022994
51.71517,0.809786,0.049272,0.028399,0.039900,0.022997
51.72090,0.809746,0.049198,0.028405,0.039838,0.023000
51.72663,0.809707,0.049123,0.028410,0.039775,0.023004
51.73236,0.809668,0.049048,0.028415,0.039713,0.023007
51.73809,0.809629,0.048973,0.028420,0.039650,0.023010
51.74382,0.809589,0.048899,0.028425,0.039588,0.023013
51.74955,0.809550,0.048824,0.028431,0.039526,0.023016
51.75528,0.809511,0.048749,0.028436,0.039463,0.023019
51.76101,0.809472,0.048675,0.028441,0.039401,0.023022
51.76674,0.809432,0.048600,0.028446,0.039338,0.023025
51.77247,0.809393,0.048525,0.028451,0.039276,0.023028
51.77820,0.809354,0.048450,0.028456,0.039214,0.023031
51.78393,0.809314,0.048376,0.028461,0.039151,0.023034
51.78966,0.809275,0.048301,0.028466,0.039089,0.023037
51.79538,0.809236,0.048226,0.028471,0.039026,0.023040
51.80111,0.809197,0.048151,0.028476,0.038964,0.023043
51.80684,0.809157,0.048077,0.028481,0.038902,0.023046
51.81257,0.809118,0.048002,0.028486,0.038839,0.023049
51.81830,0.809079,0.047927,0.028491,0.038777,0.023052
51.82403,0.809039,0.047852,0.028496,0.038715,0.023055
51.82976,0.809000,0.047778,0.028501,0.038652,0.023058
51.83549,0.808961,0.047703,0.028506,0.038590,0.023060
51.84122,0.808921,0.047628,0.028511,0.038527,0.023063
51.84695,0.808882,0.047553,0.028516,0.038465,0.023066
51.85268,0.808843,0.047479,0.028521,0.038403,0.023069
51.85841,0.808803,0.047404,0.028526,0.038340,0.023072
51.86414,0.808764,0.047329,0.028531,0.038278,0.023075
51.86987,0.808725,0.047254,0.028536,0.038216,0.023077
51.87560,0.808685,0.047180,0.028540,0.038153,0.023080
51.88133,0.808646,0.047105,0.028545,0.038091,0.023083
51.88706,0.808607,0.047030,0.028550,0.038029,0.023086
51.89279,0.808567,0.046955,0.028555,0.037966,0.023088
51.89852,0.808528,0.046880,0.028559,0.037904,0.023091
51.90425,0.808489,0.046806,0.028564,0.037842,0.023094
51.90998,0.808449,0.046731,0.028569,0.037780,0.023096
51.91571,0.808410,0.046656,0.028574,0.037717,0.023099
51.92144,0.808371,0.046581,0.028578,0.037655,0.023102
51.92716,0.808331,0.046506,0.028583,0.037593,0.023104
51.93289,0.808292,0.046432,0.028588,0.037530,0.023107
51.93862,0.808253,0.046357,0.028592,0.037468,0.023110
51.94435,0.808213,0.046282,0.028597,0.037406,0.023112
51.95008,0.808174,0.046207,0.028601,0.037343,0.023115
51.95581,0.808135,0.046132,0.028606,0.037281,0.023117
51.96154,0.808095,0.046058,0.028611,0.037219,0.023120
51.96727,0.808056,0.045983,0.028615,0.037157,0.023123
51.97300,0.808016,0.045908,0.028620,0.037094,0.023125
51.97873,0.807977,0.045833,0.028624,0.037032,0.023128
51.98446,0.807938,0.045758,0.028629,0.036970,0.023130
51.99019,0.807898,0.045684,0.028633,0.036908,0.023133
51.99592,0.807859,0.045609,0.028638,0.036845,0.023135
52.00165,0.807819,0.045534,0.028642,0.036783,0.023138
52.00738,0.807780,0.045459,0.028646,0.036721,0.023140
52.01311,0.807741,0.045384,0.028651,0.036659,0.023142
52.01884,0.807701,0.045310,0.028655,0.036597,0.023145
52.02457,0.807662,0.045235,0.028660,0.036534,0.023147
52.03030,0.807622,0.045160,0.028664,0.036472,0.023150
52.03603,0.807583,0.045085,0.028668,0.036410,0.023152
52.04176,0.807544,0.045010,0.028673,0.036348,0.023154
52.04749,0.807504,0.044935,0.028677,0.036286,0.023157
52.05322,0.807465,0.044861,0.028681,0.036223,0.023159
52.05895,0.807425,0.044786,0.028686,0.036161,0.023161
52.06467,0.807386,0.044711,0.028690,0.036099,0.023164
52.07040,0.807346,0.044636,0.028694,0.036037,0.023166
52.07613,0.807307,0.044561,0.028698,0.035975,0.023168
52.08186,0.807267,0.044486,0.028702,0.035912,0.023171
52.08759,0.807228,0.044412,0.028707,0.035850,0.023173
52.09332,0.807189,0.044337,0.028711,0.035788,0.023175
52.09905,0.807149,0.044262,0.028715,0.035726,0.023177
52.10478,0.807110,0.044187,0.028719,0.035664,0.023180
52.11051,0.807070,0.044112,0.028723,0.035602,0.023182
52.11624,0.807031,0.044037,0.028727,0.035540,0.023184
52.12197,0.806991,0.043963,0.028732,0.035477,0.023186
52.12770,0.806952,0.043888,0.028736,0.035415,0.023188
52.13343,0.806912,0.043813,0.028740,0.035353,0.023190
52.13916,0.806873,0.043738,0.028744,0.035291,0.023193
52.14489,0.806833,0.043663,0.028748,0.035229,0.023195
52.15062,0.806794,0.043588,0.028752,0.035167,0.023197
52.15635,0.806754,0.043514,0.028756,0.035105,0.023199
52.16208,0.806715,0.043439,0.028760,0.035043,0.023201
52.16781,0.806675,0.043364,0.028764,0.034981,0.023203
52.17354,0.806636,0.043289,0.028768,0.034919,0.023205
52.17927,0.806596,0.043214,0.028772,0.034856,0.023207
52.18500,0.806557,0.043139,0.028776,0.034794,0.023209
52.19073,0.806517,0.043065,0.028779,0.034732,0.023211
52.19646,0.806478,0.042990,0.028783,0.034670,0.023213
52.20218,0.806438,0.042915,0.028787,0.034608,0.023215
52.20791,0.806399,0.042840,0.028791,0.034546,0.023217
52.21364,0.806359,0.042765,0.028795,0.034484,0.023219
52.21937,0.806320,0.042690,0.028799,0.034422,0.023221
52.22510,0.806280,0.042616,0.028803,0.034360,0.023223
52.23083,0.806241,0.042541,0.028806,0.034298,0.023225
52.23656,0.806201,0.042466,0.028810,0.034236,0.023227
52.24229,0.806162,0.042391,0.028814,0.034174,0.023229
52.24802,0.806122,0.042316,0.028818,0.034112,0.023231
52.25375,0.806083,0.042241,0.028821,0.034050,0.023232
52.25948,0.806043,0.042167,0.028825,0.033988,0.023234
52.26521,0.806004,0.042092,0.028829,0.033926,0.023236
52.27094,0.805964,0.042017,0.028832,0.033864,0.023238
52.27667,0.805925,0.041942,0.028836,0.033802,0.023240
52.28240,0.805885,0.041867,0.028840,0.033740,0.023242
52.28813,0.805845,0.041792,0.028843,0.033678,0.023243
52.29386,0.805806,0.041718,0.028847,0.033616,0.023245
52.29959,0.805766,0.041643,0.028851,0.033554,0.023247
52.30532,0.805727,0.041568,0.028854,0.033492,0.023249
52.31105,0.805687,0.041493,0.028858,0.033431,0.023250
52.31678,0.805648,0.041418,0.028861,0.033369,0.023252
52.32251,0.805608,0.041344,0.028865,0.033307,0.023254
52.32824,0.805569,0.041269,0.028868,0.033245,0.023255
52.33397,0.805529,0.041194,0.028872,0.033183,0.023257
52.33969,0.805489,0.041119,0.028875,0.033121,0.023259
52.34542,0.805450,0.041044,0.028879,0.033059,0.023260
52.35115,0.805410,0.040969,0.028882,0.032997,0.023262
52.35688,0.805371,0.040895,0.028886,0.032935,0.023264
52.36261,0.805331,0.040820,0.028889,0.032873,0.023265
52.36834,0.805291,0.040745,0.028893,0.032812,0.023267
52.37407,0.805252,0.040670,0.028896,0.032750,0.023268
52.37980,0.805212,0.040595,0.028899,0.032688,0.023270
52.38553,0.805173,0.040521,0.028903,0.032626,0.023272
52.39126,0.805133,0.040446,0.028906,0.032564,0.023273
52.39699,0.805093,0.040371,0.028909,0.032502,0.023275
52.40272,0.805054,0.040296,0.028913,0.032441,0.023276
52.40845,0.805014,0.040221,0.028916,0.032379,0.023278
52.41418,0.804975,0.040147,0.028919,0.032317,0.023279
52.41991,0.804935,0.040072,0.028922,0.032255,0.023281
52.42564,0.804895,0.039997,0.028926,0.032193,0.023282
52.43137,0.804856,0.039922,0.028929,0.032132,0.023284
52.43710,0.804816,0.039847,0.028932,0.032070,0.023285
52.44283,0.804776,0.039773,0.028935,0.032008,0.023286
52.44856,0.804737,0.039698,0.028939,0.031946,0.023288
52.45429,0.804697,0.039623,0.028942,0.031885,0.023289
52.46002,0.804657,0.039548,0.028945,0.031823,0.023291
52.46575,0.804618,0.039473,0.028948,0.031761,0.023292
52.47147,0.804578,0.039399,0.028951,0.031699,0.023293
52.47720,0.804539,0.039324,0.028954,0.031638,0.023295
52.48293,0.804499,0.039249,0.028957,0.031576,0.023296
52.48866,0.804459,0.039174,0.028960,0.031514,0.023297
52.49439,0.804420,0.039100,0.028963,0.031452,0.023299
52.50012,0.804380,0.039025,0.028966,0.031391,0.023300
52.50585,0.804340,0.038950,0.028969,0.031329,0.023301
52.51158,0.804301,0.038875,0.028973,0.031267,0.023303
52.51731,0.804261,0.038801,0.028976,0.031206,0.023304
52.52304,0.804221,0.038726,0.028978,0.031144,0.023305
52.52877,0.804181,0.038651,0.028981,0.031082,0.023306
52.53450,0.804142,0.038576,0.028984,0.031021,0.023308
52.54023,0.804102,0.038502,0.028987,0.030959,0.023309
52.54596,0.804062,0.038427,0.028990,0.030898,0.023310
52.55169,0.804023,0.038352,0.028993,0.030836,0.023311
52.55742,0.803983,0.038277,0.028996,0.030774,0.023312
52.56315,0.803943,0.038203,0.028999,0.030713,0.023313
52.56888,0.803904,0.038128,0.029002,0.030651,0.023315
52.57461,0.803864,0.038053,0.029005,0.030589,0.023316
52.58034,0.803824,0.037978,0.029007,0.030528,0.023317
52.58607,0.803785,0.037904,0.029010,0.030466,0.023318
52.59180,0.803745,0.037829,0.029013,0.030405,0.023319
52.59753,0.803705,0.037754,0.029016,0.030343,0.023320
52.60326,0.803665,0.037679,0.029019,0.030282,0.023321
52.60898,0.803626,0.037605,0.029021,0.030220,0.023322
52.61471,0.803586,0.037530,0.029024,0.030159,0.023323
52.62044,0.803546,0.037455,0.029027,0.030097,0.023324
52.62617,0.803506,0.037381,0.029029,0.030036,0.023325
52.63190,0.803467,0.037306,0.029032,0.029974,0.023326
52.63763,0.803427,0.037231,0.029035,0.029913,0.023327
52.64336,0.803387,0.037157,0.029037,0.029851,0.023328
52.64909,0.803347,0.037082,0.029040,0.029790,0.023329
52.65482,0.803308,0.037007,0.029043,0.029728,0.023330
52.66055,0.803268,0.036932,0.029045,0.029667,0.023331
52.66628,0.803228,0.036858,0.029048,0.029605,0.023332
52.67201,0.803188,0.036783,0.029050,0.029544,0.023333
52.67774,0.803149,0.036708,0.029053,0.029482,0.023334
52.68347,0.803109,0.036634,0.029056,0.029421,0.023335
52.68920,0.803069,0.036559,0.029058,0.029359,0.023336
52.69493,0.803029,0.036484,0.029061,0.029298,0.023337
52.70066,0.802990,0.036410,0.029063,0.029237,0.023337
52.70639,0.802950,0.036335,0.029066,0.029175,0.023338
52.71212,0.802910,0.036260,0.029068,0.029114,0.023339
52.71785,0.802870,0.036186,0.029071,0.029052,0.023340
52.72358,0.802831,0.036111,0.029073,0.028991,0.023341
52.72931,0.802791,0.036036,0.029075,0.028930,0.023341
52.73504,0.802751,0.035962,0.029078,0.028868,0.023342
52.74077,0.802711,0.035887,0.029080,0.028807,0.023343
52.74649,0.802671,0.035813,0.029083,0.028746,0.023344
52.75222,0.802632,0.035738,0.029085,0.028684,0.023344
52.75795,0.802592,0.035663,0.029087,0.028623,0.023345
52.76368,0.802552,0.035589,0.029090,0.028562,0.023346
52.76941,0.802512,0.035514,0.029092,0.028500,0.023347
52.77514,0.802472,0.035439,0.029094,0.028439,0.023347
52.78087,0.802432,0.035365,0.029096,0.028378,0.023348
52.78660,0.802393,0.035290,0.029099,0.028317,0.023349
52.79233,0.802353,0.035216,0.029101,0.028255,0.023349
52.79806,0.802313,0.035141,0.029103,0.028194,0.023350
52.80379,0.802273,0.035066,0.029105,0.028133,0.023351
52.80952,0.802233,0.034992,0.029108,0.028072,0.023351
52.81525,0.802194,0.034917,0.029110,0.028010,0.023352
52.82098,0.802154,0.034843,0.029112,0.027949,0.023352
52.82671,0.802114,0.034768,0.029114,0.027888,0.023353
52.83244,0.802074,0.034694,0.029116,0.027827,0.023353
52.83817,0.802034,0.034619,0.029118,0.027766,0.023354
52.84390,0.801994,0.034544,0.029121,0.027704,0.023355
52.84963,0.801954,0.034470,0.029123,0.027643,0.023355
52.85536,0.801915,0.034395,0.029125,0.027582,0.023356
52.86109,0.801875,0.034321,0.029127,0.027521,0.023356
52.86682,0.801835,0.034246,0.029129,0.027460,0.023357
52.87255,0.801795,0.034172,0.029131,0.027399,0.023357
52.87827,0.801755,0.034097,0.029133,0.027338,0.023358
52.88400,0.801715,0.034023,0.029135,0.027277,0.023358
52.88973,0.801675,0.033948,0.029137,0.027215,0.023358
52.89546,0.801636,0.033874,0.029139,0.027154,0.023359
52.90119,0.801596,0.033799,0.029141,0.027093,0.023359
52.90692,0.801556,0.033725,0.029143,0.027032,0.023360
52.91265,0.801516,0.033650,0.029145,0.026971,0.023360
52.91838,0.801476,0.033576,0.029147,0.026910,0.023360
52.92411,0.801436,0.033501,0.029149,0.026849,0.023361
52.92984,0.801396,0.033427,0.029151,0.026788,0.023361
52.93557,0.801356,0.033352,0.029152,0.026727,0.023361
52.94130,0.801316,0.033278,0.029154,0.026666,0.023362
52.94703,0.801277,0.033203,0.029156,0.026605,0.023362
52.95276,0.801237,0.033129,0.029158,0.026544,0.023362
52.95849,0.801197,0.033054,0.029160,0.026483,0.023363
52.96422,0.801157,0.032980,0.029162,0.026422,0.023363
52.96995,0.801117,0.032905,0.029163,0.026361,0.023363
52.97568,0.801077,0.032831,0.029165,0.026300,0.023363
52.98141,0.801037,0.032757,0.029167,0.026239,0.023364
52.98714,0.800997,0.032682,0.029169,0.026178,0.023364
52.99287,0.800957,0.032608,0.029170,0.026117,0.023364
52.99860,0.800917,0.032533,0.029172,0.026056,0.023364
53.00433,0.800877,0.032459,0.029174,0.025996,0.023365
53.01006,0.800837,0.032384,0.029175,0.025935,0.023365
53.01578,0.800797,0.032310,0.029177,0.025874,0.023365
53.02151,0.800758,0.032236,0.029179,0.025813,0.023365
53.02724,0.800718,0.032161,0.029180,0.025752,0.023365
53.03297,0.800678,0.032087,0.029182,0.025691,0.023365
53.03870,0.800638,0.032013,0.029184,0.025630,0.023365
53.04443,0.800598,0.031938,0.029185,0.025570,0.023366
53.05016,0.800558,0.031864,0.029187,0.025509,0.023366
53.05589,0.800518,0.031789,0.029188,0.025448,0.023366
53.06162,0.800478,0.031715,0.029190,0.025387,0.023366
53.06735,0.800438,0.031641,0.029191,0.025326,0.023366
53.07308,0.800398,0.031566,0.029193,0.025266,0.023366
53.07881,0.800358,0.031492,0.029194,0.025205,0.023366
53.08454,0.800318,0.031418,0.029196,0.025144,0.023366
53.09027,0.800278,0.031343,0.029197,0.025083,0.023366
53.09600,0.800238,0.031269,0.029199,0.025023,0.023366
53.10173,0.800198,0.031195,0.029200,0.024962,0.023366
53.10746,0.800158,0.031120,0.029202,0.024901,0.023366
53.11319,0.800118,0.031046,0.029203,0.024841,0.023366
53.11892,0.800078,0.030972,0.029205,0.024780,0.023366
53.12465,0.800038,0.030898,0.029206,0.024719,0.023366
53.13038,0.799998,0.030823,0.029207,0.024659,0.023366
53.13611,0.799958,0.030749,0.029209,0.024598,0.023366
53.14184,0.799918,0.030675,0.029210,0.024537,0.023366
53.14757,0.799878,0.030601,0.029211,0.024477,0.023365
53.15329,0.799838,0.030526,0.029213,0.024416,0.023365
53.15902,0.799798,0.030452,0.029214,0.024356,0.023365
53.16475,0.799758,0.030378,0.029215,0.024295,0.023365
53.17048,0.799718,0.030304,0.029216,0.024234,0.023365
53.17621,0.799678,0.030229,0.029218,0.024174,0.023365
53.18194,0.799638,0.030155,0.029219,0.024113,0.023365
53.18767,0.799598,0.030081,0.029220,0.024053,0.023364
53.19340,0.799558,0.030007,0.029221,0.023992,0.023364
53.19913,0.799518,0.029933,0.029223,0.023932,0.023364
53.20486,0.799478,0.029858,0.029224,0.023871,0.023364
53.21059,0.799438,0.029784,0.029225,0.023811,0.023364
53.21632,0.799398,0.029710,0.029226,0.023750,0.023363
53.22205,0.799358,0.029636,0.029227,0.023690,0.023363
53.22778,0.799318,0.029562,0.029228,0.023629,0.023363
53.23351,0.799278,0.029488,0.029229,0.023569,0.023362
53.23924,0.799238,0.029413,0.029231,0.023508,0.023362
53.24497,0.799197,0.029339,0.029232,0.023448,0.023362
53.25070,0.799157,0.029265,0.029233,0.023387,0.023362
53.25643,0.799117,0.029191,0.029234,0.023327,0.023361
53.26216,0.799077,0.029117,0.029235,0.023267,0.023361
53.26789,0.799037,0.029043,0.029236,0.023206,0.023360
53.27362,0.798997,0.028969,0.029237,0.023146,0.023360
53.27935,0.798957,0.028895,0.029238,0.023086,0.023360
53.28507,0.798917,0.028820,0.029239,0.023025,0.023359
53.29080,0.798877,0.028746,0.029240,0.022965,0.023359
53.29653,0.798837,0.028672,0.029241,0.022905,0.023359
53.30226,0.798797,0.028598,0.029242,0.022844,0.023358
53.30799,0.798757,0.028524,0.029243,0.022784,0.023358
53.31372,0.798717,0.028450,0.029243,0.022724,0.023357
53.31945,0.798676,0.028376,0.029244,0.022663,0.023357
53.32518,0.798636,0.028302,0.029245,0.022603,0.023356
53.33091,0.798596,0.028228,0.029246,0.022543,0.023356
53.33664,0.798556,0.028154,0.029247,0.022483,0.023355
53.34237,0.798516,0.028080,0.029248,0.022422,0.023355
53.34810,0.798476,0.028006,0.029249,0.022362,0.023354
53.35383,0.798436,0.027932,0.029249,0.022302,0.023354
53.35956,0.798396,0.027858,0.029250,0.022242,0.023353
53.36529,0.798356,0.027784,0.029251,0.022182,0.023353
53.37102,0.798315,0.027710,0.029252,0.022121,0.023352
53.37675,0.798275,0.027636,0.029252,0.022061,0.023352
53.38248,0.798235,0.027562,0.029253,0.022001,0.023351
53.38821,0.798195,0.027488,0.029254,0.021941,0.023350
53.39394,0.798155,0.027414,0.029255,0.021881,0.023350
53.39967,0.798115,0.027340,0.029255,0.021821,0.023349
53.40540,0.798075,0.027266,0.029256,0.021761,0.023348
53.41113,0.798034,0.027193,0.029257,0.021701,0.023348
53.41686,0.797994,0.027119,0.029257,0.021641,0.023347
53.42258,0.797954,0.027045,0.029258,0.021580,0.023346
53.42831,0.797914,0.026971,0.029259,0.021520,0.023346
53.43404,0.797874,0.026897,0.029259,0.021460,0.023345
53.43977,0.797834,0.026823,0.029260,0.021400,0.023344
53.44550,0.797794,0.026749,0.029260,0.021340,0.023344
53.45123,0.797753,0.026675,0.029261,0.021280,0.023343
53.45696,0.797713,0.026602,0.029261,0.021220,0.023342
53.46269,0.797673,0.026528,0.029262,0.021160,0.023341
53.46842,0.797633,0.026454,0.029263,0.021100,0.023341
53.47415,0.797593,0.026380,0.029263,0.021041,0.023340
53.47988,0.797553,0.026306,0.029264,0.020981,0.023339
53.48561,0.797512,0.026232,0.029264,0.020921,0.023338
53.49134,0.797472,0.026159,0.029264,0.020861,0.023338
53.49707,0.797432,0.026085,0.029265,0.020801,0.023337
53.50280,0.797392,0.026011,0.029265,0.020741,0.023336
53.50853,0.797352,0.025937,0.029266,0.020681,0.023335
53.51426,0.797311,0.025864,0.029266,0.020621,0.023334
53.51999,0.797271,0.025790,0.029267,0.020561,0.023333
53.52572,0.797231,0.025716,0.029267,0.020502,0.023333
53.53145,0.797191,0.025642,0.029267,0.020442,0.023332
53.53718,0.797151,0.025569,0.029268,0.020382,0.023331
53.54291,0.797110,0.025495,0.029268,0.020322,0.023330
53.54864,0.797070,0.025421,0.029268,0.020262,0.023329
53.55437,0.797030,0.025348,0.029269,0.020203,0.023328
53.56009,0.796990,0.025274,0.029269,0.020143,0.023327
53.56582,0.796949,0.025200,0.029269,0.020083,0.023326
53.57155,0.796909,0.025126,0.029270,0.020024,0.023325
53.57728,0.796869,0.025053,0.029270,0.019964,0.023324
53.58301,0.796829,0.024979,0.029270,0.019904,0.023323
53.58874,0.796789,0.024906,0.029270,0.019844,0.023322
53.59447,0.796748,0.024832,0.029270,0.019785,0.023321
53.60020,0.796708,0.024758,0.029271,0.019725,0.023320
53.60593,0.796668,0.024685,0.029271,0.019665,0.023319
53.61166,0.796628,0.024611,0.029271,0.019606,0.023318
53.61739,0.796587,0.024537,0.029271,0.019546,0.023317
53.62312,0.796547,0.024464,0.029271,0.019487,0.023316
53.62885,0.796507,0.024390,0.029271,0.019427,0.023315
53.63458,0.796467,0.024317,0.029272,0.019367,0.023314
53.64031,0.796426,0.024243,0.029272,0.019308,0.023313
53.64604,0.796386,0.024170,0.029272,0.019248,0.023312
53.65177,0.796346,0.024096,0.029272,0.019189,0.023310
53.65750,0.796305,0.024023,0.029272,0.019129,0.023309
53.66323,0.796265,0.023949,0.029272,0.019070,0.023308
53.66896,0.796225,0.023876,0.029272,0.019010,0.023307
53.67469,0.796185,0.023802,0.029272,0.018951,0.023306
53.68042,0.796144,0.023729,0.029272,0.018891,0.023305
53.68615,0.796104,0.023655,0.029272,0.018832,0.023304
53.69187,0.796064,0.023582,0.029272,0.018773,0.023302
53.69760,0.796023,0.023508,0.029272,0.018713,0.023301
53.70333,0.795983,0.023435,0.029272,0.018654,0.023300
53.70906,0.795943,0.023361,0.029272,0.018594,0.023299
53.71479,0.795903,0.023288,0.029272,0.018535,0.023297
53.72052,0.795862,0.023214,0.029272,0.018476,0.023296
53.72625,0.795822,0.023141,0.029272,0.018416,0.023295
53.73198,0.795782,0.023068,0.029271,0.018357,0.023294
53.73771,0.795741,0.022994,0.029271,0.018298,0.023292
53.74344,0.795701,0.022921,0.029271,0.018238,0.023291
53.74917,0.795661,0.022848,0.029271,0.018179,0.023290
53.75490,0.795620,0.022774,0.029271,0.018120,0.023288
53.76063,0.795580,0.022701,0.029271,0.018060,0.023287
53.76636,0.795540,0.022628,0.029270,0.018001,0.023286
53.77209,0.795499,0.022554,0.029270,0.017942,0.023284
53.77782,0.795459,0.022481,0.029270,0.017883,0.023283
53.78355,0.795419,0.022408,0.029270,0.017823,0.023282
53.78928,0.795378,0.022334,0.029270,0.017764,0.023280
53.79501,0.795338,0.022261,0.029269,0.017705,0.023279
53.80074,0.795298,0.022188,0.029269,0.017646,0.023278
53.80647,0.795257,0.022115,0.029269,0.017587,0.023276
53.81220,0.795217,0.022041,0.029268,0.017528,0.023275
53.81793,0.795177,0.021968,0.029268,0.017468,0.023273
53.82366,0.795136,0.021895,0.029268,0.017409,0.023272
53.82938,0.795096,0.021822,0.029267,0.017350,0.023270
53.83511,0.795056,0.021748,0.029267,0.017291,0.023269
53.84084,0.795015,0.021675,0.029267,0.017232,0.023267
53.84657,0.794975,0.021602,0.029266,0.017173,0.023266
53.85230,0.794934,0.021529,0.029266,0.017114,0.023264
53.85803,0.794894,0.021456,0.029265,0.017055,0.023263
53.86376,0.794854,0.021383,0.029265,0.016996,0.023261
53.86949,0.794813,0.021309,0.029265,0.016937,0.023260
53.87522,0.794773,0.021236,0.029264,0.016878,0.023258
53.88095,0.794732,0.021163,0.029264,0.016819,0.023257
53.88668,0.794692,0.021090,0.029263,0.016760,0.023255
53.89241,0.794652,0.021017,0.029263,0.016701,0.023254
53.89814,0.794611,0.020944,0.029262,0.016642,0.023252
53.90387,0.794571,0.020871,0.029262,0.016583,0.023250
53.90960,0.794530,0.020798,0.029261,0.016524,0.023249
53.91533,0.794490,0.020725,0.029261,0.016466,0.023247
53.92106,0.794450,0.020652,0.029260,0.016407,0.023246
53.92679,0.794409,0.020579,0.029259,0.016348,0.023244
53.93252,0.794369,0.020506,0.029259,0.016289,0.023242
53.93825,0.794328,0.020433,0.029258,0.016230,0.023241
53.94398,0.794288,0.020360,0.029258,0.016171,0.023239
53.94971,0.794248,0.020287,0.029257,0.016113,0.023237
53.95544,0.794207,0.020214,0.029256,0.016054,0.023236
53.96117,0.794167,0.020141,0.029256,0.015995,0.023234
53.96689,0.794126,0.020068,0.029255,0.015936,0.023232
53.97262,0.794086,0.019995,0.029254,0.015878,0.023230
53.97835,0.794045,0.019922,0.029254,0.015819,0.023229
53.98408,0.794005,0.019849,0.029253,0.015760,0.023227
53.98981,0.793965,0.019776,0.029252,0.015702,0.023225
53.99554,0.793924,0.019703,0.029252,0.015643,0.023223
54.00127,0.793884,0.019630,0.029251,0.015584,0.023222
54.00700,0.793843,0.019557,0.029250,0.015526,0.023220
54.01273,0.793803,0.019485,0.029249,0.015467,0.023218
54.01846,0.793762,0.019412,0.029248,0.015408,0.023216
54.02419,0.793722,0.019339,0.029248,0.015350,0.023215
54.02992,0.793681,0.019266,0.029247,0.015291,0.023213
54.03565,0.793641,0.019193,0.029246,0.015233,0.023211
54.04138,0.793600,0.019121,0.029245,0.015174,0.023209
54.04711,0.793560,0.019048,0.029244,0.015116,0.023207
54.05284,0.793519,0.018975,0.029243,0.015057,0.023205
54.05857,0.793479,0.018902,0.029243,0.014998,0.023203
54.06430,0.793439,0.018829,0.029242,0.014940,0.023201
54.07003,0.793398,0.018757,0.029241,0.014882,0.023200
54.07576,0.793358,0.018684,0.029240,0.014823,0.023198
54.08149,0.793317,0.018611,0.029239,0.014765,0.023196
54.08722,0.793277,0.018539,0.029238,0.014706,0.023194
54.09295,0.793236,0.018466,0.029237,0.014648,0.023192
54.09868,0.793196,0.018393,0.029236,0.014589,0.023190
54.10440,0.793155,0.018321,0.029235,0.014531,0.023188
54.11013,0.793115,0.018248,0.029234,0.014473,0.023186
54.11586,0.793074,0.018175,0.029233,0.014414,0.023184
54.12159,0.793034,0.018103,0.029232,0.014356,0.023182
54.12732,0.792993,0.018030,0.029231,0.014298,0.023180
54.13305,0.792952,0.017957,0.029230,0.014239,0.023178
54.13878,0.792912,0.017885,0.029229,0.014181,0.023176
54.14451,0.792871,0.017812,0.029228,0.014123,0.023174
54.15024,0.792831,0.017740,0.029227,0.014065,0.023172
54.15597,0.792790,0.017667,0.029226,0.014006,0.023170
54.16170,0.792750,0.017595,0.029225,0.013948,0.023168
54.16743,0.792709,0.017522,0.029223,0.013890,0.023166
54.17316,0.792669,0.017450,0.029222,0.013832,0.023164
54.17889,0.792628,0.017377,0.029221,0.013774,0.023162
54.18462,0.792588,0.017305,0.029220,0.013715,0.023159
54.19035,0.792547,0.017232,0.029219,0.013657,0.023157
54.19608,0.792507,0.017160,0.029218,0.013599,0.023155
54.20181,0.792466,0.017087,0.029216,0.013541,0.023153
54.20754,0.792425,0.017015,0.029215,0.013483,0.023151
54.21327,0.792385,0.016942,0.029214,0.013425,0.023149
54.21900,0.792344,0.016870,0.029213,0.013367,0.023147
54.22473,0.792304,0.016798,0.029211,0.013309,0.023144
54.23046,0.792263,0.016725,0.029210,0.013251,0.023142
54.23618,0.792223,0.016653,0.029209,0.013193,0.023140
54.24191,0.792182,0.016580,0.029208,0.013135,0.023138
54.24764,0.792142,0.016508,0.029206,0.013077,0.023136
54.25337,0.792101,0.016436,0.029205,0.013019,0.023133
54.25910,0.792060,0.016363,0.029204,0.012961,0.023131
54.26483,0.792020,0.016291,0.029202,0.012903,0.023129
54.27056,0.791979,0.016219,0.029201,0.012845,0.023127
54.27629,0.791939,0.016147,0.029200,0.012787,0.023124
54.28202,0.791898,0.016074,0.029198,0.012729,0.023122
54.28775,0.791857,0.016002,0.029197,0.012671,0.023120
54.29348,0.791817,0.015930,0.029195,0.012614,0.023117
54.29921,0.791776,0.015858,0.029194,0.012556,0.023115
54.30494,0.791736,0.015785,0.029193,0.012498,0.023113
54.31067,0.791695,0.015713,0.029191,0.012440,0.023110
54.31640,0.791654,0.015641,0.029190,0.012382,0.023108
54.32213,0.791614,0.015569,0.029188,0.012325,0.023106
54.32786,0.791573,0.015497,0.029187,0.012267,0.023103
54.33359,0.791533,0.015425,0.029185,0.012209,0.023101
54.33932,0.791492,0.015352,0.029184,0.012151,0.023099
54.34505,0.791451,0.015280,0.029182,0.012094,0.023096
54.35078,0.791411,0.015208,0.029181,0.012036,0.023094
54.35651,0.791370,0.015136,0.029179,0.011978,0.023092
54.36224,0.791329,0.015064,0.029178,0.011921,0.023089
54.36797,0.791289,0.014992,0.029176,0.011863,0.023087
54.37369,0.791248,0.014920,0.029174,0.011805,0.023084
54.37942,0.791207,0.014848,0.029173,0.011748,0.023082
54.38515,0.791167,0.014776,0.029171,0.011690,0.023079
54.39088,0.791126,0.014704,0.029170,0.011633,0.023077
54.39661,0.791086,0.014632,0.029168,0.011575,0.023074
54.40234,0.791045,0.014560,0.029166,0.011518,0.023072
54.40807,0.791004,0.014488,0.029165,0.011460,0.023069
54.41380,0.790964,0.014416,0.029163,0.011403,0.023067
54.41953,0.790923,0.014344,0.029161,0.011345,0.023064
54.42526,0.790882,0.014272,0.029160,0.011288,0.023062
54.43099,0.790842,0.014200,0.029158,0.011230,0.023059
54.43672,0.790801,0.014128,0.029156,0.011173,0.023057
54.44245,0.790760,0.014056,0.029154,0.011115,0.023054
54.44818,0.790720,0.013985,0.029153,0.011058,0.023052
54.45391,0.790679,0.013913,0.029151,0.011001,0.023049
54.45964,0.790638,0.013841,0.029149,0.010943,0.023046
54.46537,0.790597,0.013769,0.029147,0.010886,0.023044
54.47110,0.790557,0.013697,0.029146,0.010828,0.023041
54.47683,0.790516,0.013625,0.029144,0.010771,0.023039
54.48256,0.790475,0.013554,0.029142,0.010714,0.023036
54.48829,0.790435,0.013482,0.029140,0.010657,0.023033
54.49402,0.790394,0.013410,0.029138,0.010599,0.023031
54.49975,0.790353,0.013338,0.029136,0.010542,0.023028
54.50548,0.790313,0.013267,0.029135,0.010485,0.023025
54.51120,0.790272,0.013195,0.029133,0.010428,0.023023
54.51693,0.790231,0.013123,0.029131,0.010370,0.023020
54.52266,0.790190,0.013052,0.029129,0.010313,0.023017
54.52839,0.790150,0.012980,0.029127,0.010256,0.023015
54.53412,0.790109,0.012908,0.029125,0.010199,0.023012
54.53985,0.790068,0.012837,0.029123,0.010142,0.023009
54.54558,0.790028,0.012765,0.029121,0.010085,0.023007
54.55131,0.789987,0.012693,0.029119,0.010028,0.023004
54.55704,0.789946,0.012622,0.029117,0.009971,0.023001
54.56277,0.789905,0.012550,0.029115,0.009914,0.022998
54.56850,0.789865,0.012479,0.029113,0.009857,0.022996
54.57423,0.789824,0.012407,0.029111,0.009799,0.022993
54.57996,0.789783,0.012336,0.029109,0.009742,0.022990
54.58569,0.789742,0.012264,0.029107,0.009686,0.022987
54.59142,0.789702,0.012193,0.029105,0.009629,0.022984
54.59715,0.789661,0.012121,0.029103,0.009572,0.022982
54.60288,0.789620,0.012050,0.029101,0.009515,0.022979
54.60861,0.789579,0.011978,0.029099,0.009458,0.022976
54.61434,0.789539,0.011907,0.029097,0.009401,0.022973
54.62007,0.789498,0.011835,0.029095,0.009344,0.022970
54.62580,0.789457,0.011764,0.029093,0.009287,0.022967
54.63153,0.789416,0.011693,0.029090,0.009230,0.022964
54.63726,0.789376,0.011621,0.029088,0.009173,0.022962
54.64298,0.789335,0.011550,0.029086,0.009117,0.022959
54.64871,0.789294,0.011478,0.029084,0.009060,0.022956
54.65444,0.789253,0.011407,0.029082,0.009003,0.022953
54.66017,0.789212,0.011336,0.029080,0.008946,0.022950
54.66590,0.789172,0.011264,0.029077,0.008890,0.022947
54.67163,0.789131,0.011193,0.029075,0.008833,0.022944
54.67736,0.789090,0.011122,0.029073,0.008776,0.022941
54.68309,0.789049,0.011051,0.029071,0.008719,0.022938
54.68882,0.789008,0.010979,0.029068,0.008663,0.022935
54.69455,0.788968,0.010908,0.029066,0.008606,0.022932
54.70028,0.788927,0.010837,0.029064,0.008550,0.022929
54.70601,0.788886,0.010766,0.029062,0.008493,0.022926
54.71174,0.788845,0.010695,0.029059,0.008436,0.022923
54.71747,0.788804,0.010623,0.029057,0.008380,0.022920
54.72320,0.788764,0.010552,0.029055,0.008323,0.022917
54.72893,0.788723,0.010481,0.029052,0.008267,0.022914
54.73466,0.788682,0.010410,0.029050,0.008210,0.022911
54.74039,0.788641,0.010339,0.029048,0.008154,0.022908
54.74612,0.788600,0.010268,0.029045,0.008097,0.022905
54.75185,0.788559,0.010197,0.029043,0.008041,0.022902
54.75758,0.788519,0.010126,0.029040,0.007984,0.022899
54.76331,0.788478,0.010055,0.029038,0.007928,0.022896
54.76904,0.788437,0.009984,0.029036,0.007871,0.022893
54.77477,0.788396,0.009913,0.029033,0.007815,0.022890
54.78049,0.788355,0.009842,0.029031,0.007759,0.022886
54.78622,0.788314,0.009771,0.029028,0.007702,0.022883
54.79195,0.788274,0.009700,0.029026,0.007646,0.022880
54.79768,0.788233,0.009629,0.029023,0.007590,0.022877
54.80341,0.788192,0.009558,0.029021,0.007533,0.022874
54.80914,0.788151,0.009487,0.029018,0.007477,0.022871
54.81487,0.788110,0.009416,0.029016,0.007421,0.022868
54.82060,0.788069,0.009345,0.029013,0.007365,0.022864
54.82633,0.788028,0.009274,0.029011,0.007308,0.022861
54.83206,0.787987,0.009203,0.029008,0.007252,0.022858
54.83779,0.787947,0.009132,0.029006,0.007196,0.022855
54.84352,0.787906,0.009062,0.029003,0.007140,0.022852
54.84925,0.787865,0.008991,0.029000,0.007084,0.022848
54.85498,0.787824,0.008920,0.028998,0.007027,0.022845
54.86071,0.787783,0.008849,0.028995,0.006971,0.022842
54.86644,0.787742,0.008778,0.028992,0.006915,0.022839
54.87217,0.787701,0.008708,0.028990,0.006859,0.022835
54.87790,0.787660,0.008637,0.028987,0.006803,0.022832
54.88363,0.787620,0.008566,0.028985,0.006747,0.022829
54.88936,0.787579,0.008496,0.028982,0.006691,0.022826
54.89509,0.787538,0.008425,0.028979,0.006635,0.022822
54.90082,0.787497,0.008354,0.028977,0.006579,0.022819
54.90655,0.787456,0.008284,0.028974,0.006523,0.022816
54.91228,0.787415,0.008213,0.028971,0.006467,0.022812
54.91800,0.787374,0.008142,0.028968,0.006411,0.022809
54.92373,0.787333,0.008072,0.028966,0.006355,0.022806
54.92946,0.787292,0.008001,0.028963,0.006299,0.022802
54.93519,0.787251,0.007931,0.028960,0.006243,0.022799
54.94092,0.787210,0.007860,0.028957,0.006188,0.022796
54.94665,0.787169,0.007790,0.028955,0.006132,0.022792
54.95238,0.787129,0.007719,0.028952,0.006076,0.022789
54.95811,0.787088,0.007649,0.028949,0.006020,0.022785
54.96384,0.787047,0.007578,0.028946,0.005964,0.022782
54.96957,0.787006,0.007508,0.028943,0.005909,0.022779
54.97530,0.786965,0.007437,0.028940,0.005853,0.022775
54.98103,0.786924,0.007367,0.028938,0.005797,0.022772
54.98676,0.786883,0.007296,0.028935,0.005741,0.022768
54.99249,0.786842,0.007226,0.028932,0.005686,0.022765
54.99822,0.786801,0.007156,0.028929,0.005630,0.022761
55.00395,0.786760,0.007085,0.028926,0.005574,0.022758
55.00968,0.786719,0.007015,0.028923,0.005519,0.022754
55.01541,0.786678,0.006945,0.028920,0.005463,0.022751
55.02114,0.786637,0.006874,0.028917,0.005408,0.022747
55.02687,0.786596,0.006804,0.028914,0.005352,0.022744
55.03260,0.786555,0.006734,0.028911,0.005296,0.022740
55.03833,0.786514,0.006663,0.028908,0.005241,0.022737
55.04406,0.786473,0.006593,0.028905,0.005185,0.022733
55.04978,0.786432,0.006523,0.028902,0.005130,0.022730
55.05551,0.786391,0.006453,0.028899,0.005074,0.022726
55.06124,0.786350,0.006383,0.028896,0.005019,0.022723
55.06697,0.786309,0.006312,0.028893,0.004963,0.022719
55.07270,0.786268,0.006242,0.028890,0.004908,0.022716
55.07843,0.786227,0.006172,0.028887,0.004853,0.022712
55.08416,0.786186,0.006102,0.028884,0.004797,0.022708
55.08989,0.786145,0.006032,0.028881,0.004742,0.022705
55.09562,0.786104,0.005962,0.028878,0.004687,0.022701
55.10135,0.786063,0.005892,0.028875,0.004631,0.022698
55.10708,0.786022,0.005822,0.028872,0.004576,0.022694
55.11281,0.785981,0.005752,0.028869,0.004521,0.022690
55.11854,0.785940,0.005682,0.028866,0.004465,0.022687
55.12427,0.785899,0.005612,0.028862,0.004410,0.022683
55.13000,0.785858,0.005542,0.028859,0.004355,0.022679
55.13573,0.785817,0.005472,0.028856,0.004300,0.022676
55.14146,0.785776,0.005402,0.028853,0.004245,0.022672
55.14719,0.785735,0.005332,0.028850,0.004189,0.022668
55.15292,0.785694,0.005262,0.028847,0.004134,0.022665
55.15865,0.785653,0.005192,0.028843,0.004079,0.022661
55.16438,0.785612,0.005122,0.028840,0.004024,0.022657
55.17011,0.785571,0.005052,0.028837,0.003969,0.022653
55.17584,0.785530,0.004982,0.028834,0.003914,0.022650
55.18157,0.785489,0.004913,0.028830,0.003859,0.022646
55.18729,0.785448,0.004843,0.028827,0.003804,0.022642
55.19302,0.785407,0.004773,0.028824,0.003749,0.022638
55.19875,0.785366,0.004703,0.028821,0.003694,0.022635
55.20448,0.785325,0.004633,0.028817,0.003639,0.022631
55.21021,0.785284,0.004564,0.028814,0.003584,0.022627
55.21594,0.785243,0.004494,0.028811,0.003529,0.022623
55.22167,0.785201,0.004424,0.028807,0.003474,0.022620
55.22740,0.785160,0.004355,0.028804,0.003419,0.022616
55.23313,0.785119,0.004285,0.028801,0.003364,0.022612
55.23886,0.785078,0.004215,0.028797,0.003309,0.022608
55.24459,0.785037,0.004146,0.028794,0.003254,0.022604
55.25032,0.784996,0.004076,0.028791,0.003200,0.022600
55.25605,0.784955,0.004006,0.028787,0.003145,0.022597
55.26178,0.784914,0.003937,0.028784,0.003090,0.022593
55.26751,0.784873,0.003867,0.028780,0.003035,0.022589
55.27324,0.784832,0.003798,0.028777,0.002981,0.022585
55.27897,0.784791,0.003728,0.028773,0.002926,0.022581
55.28470,0.784750,0.003659,0.028770,0.002871,0.022577
55.29043,0.784708,0.003589,0.028766,0.002817,0.022573
55.29616,0.784667,0.003520,0.028763,0.002762,0.022569
55.30189,0.784626,0.003450,0.028760,0.002707,0.022565
55.30762,0.784585,0.003381,0.028756,0.002653,0.022562
55.31335,0.784544,0.003311,0.028753,0.002598,0.022558
55.31908,0.784503,0.003242,0.028749,0.002543,0.022554
55.32480,0.784462,0.003173,0.028745,0.002489,0.022550
55.33053,0.784421,0.003103,0.028742,0.002434,0.022546
55.33626,0.784380,0.003034,0.028738,0.002380,0.022542
55.34199,0.784338,0.002965,0.028735,0.002325,0.022538
55.34772,0.784297,0.002895,0.028731,0.002271,0.022534
55.35345,0.784256,0.002826,0.028728,0.002216,0.022530
55.35918,0.784215,0.002757,0.028724,0.002162,0.022526
55.36491,0.784174,0.002688,0.028720,0.002108,0.022522
55.37064,0.784133,0.002618,0.028717,0.002053,0.022518
55.37637,0.784092,0.002549,0.028713,0.001999,0.022514
55.38210,0.784050,0.002480,0.028710,0.001944,0.022510
55.38783,0.784009,0.002411,0.028706,0.001890,0.022506
55.39356,0.783968,0.002342,0.028702,0.001836,0.022502
55.39929,0.783927,0.002272,0.028699,0.001781,0.022498
55.40502,0.783886,0.002203,0.028695,0.001727,0.022494
55.41075,0.783845,0.002134,0.028691,0.001673,0.022489
55.41648,0.783803,0.002065,0.028688,0.001619,0.022485
55.42221,0.783762,0.001996,0.028684,0.001564,0.022481
55.42794,0.783721,0.001927,0.028680,0.001510,0.022477
55.43367,0.783680,0.001858,0.028676,0.001456,0.022473
55.43940,0.783639,0.001789,0.028673,0.001402,0.022469
55.44513,0.783598,0.001720,0.028669,0.001348,0.022465
55.45086,0.783556,0.001651,0.028665,0.001294,0.022461
55.45658,0.783515,0.001582,0.028661,0.001240,0.022457
55.46231,0.783474,0.001513,0.028658,0.001186,0.022452
55.46804,0.783433,0.001444,0.028654,0.001131,0.022448
55.47377,0.783392,0.001375,0.028650,0.001077,0.022444
55.47950,0.783351,0.001307,0.028646,0.001023,0.022440
55.48523,0.783309,0.001238,0.028642,0.000969,0.022436
55.49096,0.783268,0.001169,0.028638,0.000915,0.022432
55.49669,0.783227,0.001100,0.028635,0.000862,0.022427
55.50242,0.783186,0.001031,0.028631,0.000808,0.022423
55.50815,0.783144,0.000962,0.028627,0.000754,0.022419
55.51388,0.783103,0.000894,0.028623,0.000700,0.022415
55.51961,0.783062,0.000825,0.028619,0.000646,0.022411
55.52534,0.783021,0.000756,0.028615,0.000592,0.022406
55.53107,0.782980,0.000687,0.028611,0.000538,0.022402
55.53680,0.782938,0.000619,0.028607,0.000484,0.022398
55.54253,0.782897,0.000550,0.028603,0.000431,0.022394
55.54826,0.782856,0.000481,0.028599,0.000377,0.022389
55.55399,0.782815,0.000413,0.028595,0.000323,0.022385
55.55972,0.782773,0.000344,0.028592,0.000269,0.022381
55.56545,0.782732,0.000276,0.028588,0.000216,0.022376
55.57118,0.782691,0.000207,0.028584,0.000162,0.022372
55.57691,0.782650,0.000139,0.028580,0.000108,0.022368
55.58264,0.782609,0.000070,0.028576,0.000055,0.022363
55.58837,0.782567,0.000002,0.028572,0.000001,0.022359
55.59409,0.782526,0.000067,0.028567,0.000052,0.022355
55.59982,0.782485,0.000135,0.028563,0.000106,0.022350
55.60555,0.782444,0.000204,0.028559,0.000160,0.022346
55.61128,0.782402,0.000272,0.028555,0.000213,0.022342
55.61701,0.782361,0.000341,0.028551,0.000267,0.022337
55.62274,0.782320,0.000409,0.028547,0.000320,0.022333
55.62847,0.782278,0.000478,0.028543,0.000374,0.022329
55.63420,0.782237,0.000546,0.028539,0.000427,0.022324
55.63993,0.782196,0.000614,0.028535,0.000480,0.022320
55.64566,0.782155,0.000683,0.028531,0.000534,0.022315
55.65139,0.782113,0.000751,0.028527,0.000587,0.022311
55.65712,0.782072,0.000819,0.028522,0.000641,0.022307
55.66285,0.782031,0.000887,0.028518,0.000694,0.022302
55.66858,0.781989,0.000956,0.028514,0.000747,0.022298
55.67431,0.781948,0.001024,0.028510,0.000801,0.022293
55.68004,0.781907,0.001092,0.028506,0.000854,0.022289
55.68577,0.781866,0.001160,0.028502,0.000907,0.022284
55.69150,0.781824,0.001228,0.028497,0.000960,0.022280
55.69723,0.781783,0.001296,0.028493,0.001014,0.022275
55.70296,0.781742,0.001365,0.028489,0.001067,0.022271
55.70869,0.781700,0.001433,0.028485,0.001120,0.022266
55.71442,0.781659,0.001501,0.028480,0.001173,0.022262
55.72015,0.781618,0.001569,0.028476,0.001226,0.022257
55.72588,0.781576,0.001637,0.028472,0.001279,0.022253
55.73160,0.781535,0.001705,0.028468,0.001332,0.022248
55.73733,0.781494,0.001773,0.028463,0.001386,0.022244
55.74306,0.781452,0.001841,0.028459,0.001439,0.022239
55.74879,0.781411,0.001909,0.028455,0.001492,0.022235
55.75452,0.781370,0.001977,0.028450,0.001545,0.022230
55.76025,0.781329,0.002045,0.028446,0.001598,0.022226
55.76598,0.781287,0.002113,0.028442,0.001651,0.022221
55.77171,0.781246,0.002180,0.028437,0.001703,0.022217
55.77744,0.781204,0.002248,0.028433,0.001756,0.022212
55.78317,0.781163,0.002316,0.028429,0.001809,0.022207
55.78890,0.781122,0.002384,0.028424,0.001862,0.022203
55.79463,0.781080,0.002452,0.028420,0.001915,0.022198
55.80036,0.781039,0.002520,0.028415,0.001968,0.022194
55.80609,0.780998,0.002587,0.028411,0.002021,0.022189
55.81182,0.780956,0.002655,0.028407,0.002074,0.022184
55.81755,0.780915,0.002723,0.028402,0.002126,0.022180
55.82328,0.780874,0.002790,0.028398,0.002179,0.022175
55.82901,0.780832,0.002858,0.028393,0.002232,0.022170
55.83474,0.780791,0.002926,0.028389,0.002284,0.022166
55.84047,0.780750,0.002993,0.028384,0.002337,0.022161
55.84620,0.780708,0.003061,0.028380,0.002390,0.022156
55.85193,0.780667,0.003129,0.028375,0.002442,0.022152
55.85766,0.780625,0.003196,0.028371,0.002495,0.022147
55.86339,0.780584,0.003264,0.028366,0.002548,0.022142
55.86911,0.780543,0.003331,0.028362,0.002600,0.022138
55.87484,0.780501,0.003399,0.028357,0.002653,0.022133
55.88057,0.780460,0.003466,0.028353,0.002705,0.022128
55.88630,0.780418,0.003534,0.028348,0.002758,0.022123
55.89203,0.780377,0.003601,0.028344,0.002810,0.022119
55.89776,0.780336,0.003669,0.028339,0.002863,0.022114
55.90349,0.780294,0.003736,0.028335,0.002915,0.022109
55.90922,0.780253,0.003804,0.028330,0.002968,0.022105
55.91495,0.780211,0.003871,0.028325,0.003020,0.022100
55.92068,0.780170,0.003938,0.028321,0.003072,0.022095
55.92641,0.780129,0.004006,0.028316,0.003125,0.022090
55.93214,0.780087,0.004073,0.028311,0.003177,0.022085
55.93787,0.780046,0.004140,0.028307,0.003230,0.022081
55.94360,0.780004,0.004207,0.028302,0.003282,0.022076
55.94933,0.779963,0.004275,0.028298,0.003334,0.022071
55.95506,0.779922,0.004342,0.028293,0.003386,0.022066
55.96079,0.779880,0.004409,0.028288,0.003439,0.022061
55.96652,0.779839,0.004476,0.028283,0.003491,0.022057
55.97225,0.779797,0.004543,0.028279,0.003543,0.022052
55.97798,0.779756,0.004611,0.028274,0.003595,0.022047
55.98371,0.779714,0.004678,0.028269,0.003647,0.022042
55.98944,0.779673,0.004745,0.028265,0.003699,0.022037
55.99517,0.779631,0.004812,0.028260,0.003751,0.022032
56.00089,0.779590,0.004879,0.028255,0.003804,0.022027
56.00662,0.779549,0.004946,0.028250,0.003856,0.022023
56.01235,0.779507,0.005013,0.028246,0.003908,0.022018
56.01808,0.779466,0.005080,0.028241,0.003960,0.022013
56.02381,0.779424,0.005147,0.028236,0.004012,0.022008
56.02954,0.779383,0.005214,0.028231,0.004064,0.022003
56.03527,0.779341,0.005281,0.028226,0.004116,0.021998
56.04100,0.779300,0.005348,0.028222,0.004168,0.021993
56.04673,0.779258,0.005415,0.028217,0.004219,0.021988
56.05246,0.779217,0.005482,0.028212,0.004271,0.021983
56.05819,0.779175,0.005548,0.028207,0.004323,0.021978
56.06392,0.779134,0.005615,0.028202,0.004375,0.021973
56.06965,0.779092,0.005682,0.028197,0.004427,0.021968
56.07538,0.779051,0.005749,0.028193,0.004479,0.021963
56.08111,0.779009,0.005816,0.028188,0.004530,0.021958
56.08684,0.778968,0.005882,0.028183,0.004582,0.021953
56.09257,0.778926,0.005949,0.028178,0.004634,0.021948
56.09830,0.778885,0.006016,0.028173,0.004686,0.021943
56.10403,0.778843,0.006082,0.028168,0.004737,0.021938
56.10976,0.778802,0.006149,0.028163,0.004789,0.021933
56.11549,0.778760,0.006216,0.028158,0.004841,0.021928
56.12122,0.778719,0.006282,0.028153,0.004892,0.021923
56.12695,0.778677,0.006349,0.028148,0.004944,0.021918
56.13268,0.778636,0.006415,0.028143,0.004995,0.021913
56.13840,0.778594,0.006482,0.028138,0.005047,0.021908
56.14413,0.778553,0.006549,0.028133,0.005098,0.021903
56.14986,0.778511,0.006615,0.028128,0.005150,0.021898
56.15559,0.778470,0.006682,0.028123,0.005201,0.021893
56.16132,0.778428,0.006748,0.028118,0.005253,0.021888
56.16705,0.778387,0.006814,0.028113,0.005304,0.021883
56.17278,0.778345,0.006881,0.028108,0.005356,0.021878
56.17851,0.778304,0.006947,0.028103,0.005407,0.021873
56.18424,0.778262,0.007014,0.028098,0.005458,0.021868
56.18997,0.778221,0.007080,0.028093,0.005510,0.021863
56.19570,0.778179,0.007146,0.028088,0.005561,0.021857
56.20143,0.778137,0.007213,0.028083,0.005612,0.021852
56.20716,0.778096,0.007279,0.028078,0.005664,0.021847
56.21289,0.778054,0.007345,0.028073,0.005715,0.021842
56.21862,0.778013,0.007411,0.028068,0.005766,0.021837
56.22435,0.777971,0.007478,0.028062,0.005817,0.021832
56.23008,0.777930,0.007544,0.028057,0.005869,0.021827
56.23581,0.777888,0.007610,0.028052,0.005920,0.021821
56.24154,0.777847,0.007676,0.028047,0.005971,0.021816
56.24727,0.777805,0.007742,0.028042,0.006022,0.021811
56.25300,0.777763,0.007808,0.028037,0.006073,0.021806
56.25873,0.777722,0.007875,0.028031,0.006124,0.021801
56.26446,0.777680,0.007941,0.028026,0.006175,0.021795
56.27019,0.777639,0.008007,0.028021,0.006226,0.021790
56.27591,0.777597,0.008073,0.028016,0.006277,0.021785
56.28164,0.777555,0.008139,0.028011,0.006328,0.021780
56.28737,0.777514,0.008205,0.028005,0.006379,0.021775
56.29310,0.777472,0.008271,0.028000,0.006430,0.021769
56.29883,0.777431,0.008337,0.027995,0.006481,0.021764
56.30456,0.777389,0.008402,0.027990,0.006532,0.021759
56.31029,0.777347,0.008468,0.027984,0.006583,0.021754
56.31602,0.777306,0.008534,0.027979,0.006634,0.021748
56.32175,0.777264,0.008600,0.027974,0.006685,0.021743
56.32748,0.777223,0.008666,0.027969,0.006735,0.021738
56.33321,0.777181,0.008732,0.027963,0.006786,0.021733
56.33894,0.777139,0.008798,0.027958,0.006837,0.021727
56.34467,0.777098,0.008863,0.027953,0.006888,0.021722
56.35040,0.777056,0.008929,0.027947,0.006938,0.021717
56.35613,0.777015,0.008995,0.027942,0.006989,0.021711
56.36186,0.776973,0.009060,0.027937,0.007040,0.021706
56.36759,0.776931,0.009126,0.027931,0.007090,0.021701
56.37332,0.776890,0.009192,0.027926,0.007141,0.021695
56.37905,0.776848,0.009257,0.027921,0.007192,0.021690
56.38478,0.776806,0.009323,0.027915,0.007242,0.021685
56.39051,0.776765,0.009389,0.027910,0.007293,0.021679
56.39624,0.776723,0.009454,0.027904,0.007343,0.021674
56.40197,0.776681,0.009520,0.027899,0.007394,0.021669
56.40769,0.776640,0.009585,0.027894,0.007444,0.021663
56.41342,0.776598,0.009651,0.027888,0.007495,0.021658
56.41915,0.776557,0.009716,0.027883,0.007545,0.021652
56.42488,0.776515,0.009782,0.027877,0.007596,0.021647
56.43061,0.776473,0.009847,0.027872,0.007646,0.021642
56.43634,0.776432,0.009912,0.027866,0.007696,0.021636
56.44207,0.776390,0.009978,0.027861,0.007747,0.021631
56.44780,0.776348,0.010043,0.027855,0.007797,0.021625
56.45353,0.776307,0.010109,0.027850,0.007847,0.021620
56.45926,0.776265,0.010174,0.027844,0.007898,0.021615
56.46499,0.776223,0.010239,0.027839,0.007948,0.021609
56.47072,0.776182,0.010304,0.027833,0.007998,0.021604
56.47645,0.776140,0.010370,0.027828,0.008048,0.021598
56.48218,0.776098,0.010435,0.027822,0.008099,0.021593
56.48791,0.776056,0.010500,0.027817,0.008149,0.021587
56.49364,0.776015,0.010565,0.027811,0.008199,0.021582
56.49937,0.775973,0.010630,0.027806,0.008249,0.021576
56.50510,0.775931,0.010696,0.027800,0.008299,0.021571
56.51083,0.775890,0.010761,0.027794,0.008349,0.021565
56.51656,0.775848,0.010826,0.027789,0.008399,0.021560
56.52229,0.775806,0.010891,0.027783,0.008449,0.021554
56.52802,0.775765,0.010956,0.027778,0.008499,0.021549
56.53375,0.775723,0.011021,0.027772,0.008549,0.021543
56.53948,0.775681,0.011086,0.027766,0.008599,0.021538
56.54520,0.775639,0.011151,0.027761,0.008649,0.021532
56.55093,0.775598,0.011216,0.027755,0.008699,0.021527
56.55666,0.775556,0.011281,0.027749,0.008749,0.021521
56.56239,0.775514,0.011346,0.027744,0.008799,0.021516
56.56812,0.775473,0.011411,0.027738,0.008849,0.021510
56.57385,0.775431,0.011475,0.027732,0.008898,0.021505
56.57958,0.775389,0.011540,0.027727,0.008948,0.021499
56.58531,0.775347,0.011605,0.027721,0.008998,0.021493
56.59104,0.775306,0.011670,0.027715,0.009048,0.021488
56.59677,0.775264,0.011735,0.027710,0.009097,0.021482
56.60250,0.775222,0.011799,0.027704,0.009147,0.021477
56.60823,0.775180,0.011864,0.027698,0.009197,0.021471
56.61396,0.775139,0.011929,0.027692,0.009246,0.021465
56.61969,0.775097,0.011993,0.027687,0.009296,0.021460
56.62542,0.775055,0.012058,0.027681,0.009346,0.021454
56.63115,0.775013,0.012123,0.027675,0.009395,0.021449
56.63688,0.774972,0.012187,0.027669,0.009445,0.021443
56.64261,0.774930,0.012252,0.027664,0.009494,0.021437
56.64834,0.774888,0.012317,0.027658,0.009544,0.021432
56.65407,0.774846,0.012381,0.027652,0.009593,0.021426
56.65980,0.774805,0.012446,0.027646,0.009643,0.021420
56.66553,0.774763,0.012510,0.027640,0.009692,0.021415
56.67126,0.774721,0.012575,0.027635,0.009742,0.021409
56.67699,0.774679,0.012639,0.027629,0.009791,0.021403
56.68271,0.774637,0.012703,0.027623,0.009841,0.021398
56.68844,0.774596,0.012768,0.027617,0.009890,0.021392
56.69417,0.774554,0.012832,0.027611,0.009939,0.021386
56.69990,0.774512,0.012897,0.027605,0.009989,0.021381
56.70563,0.774470,0.012961,0.027599,0.010038,0.021375
56.71136,0.774429,0.013025,0.027593,0.010087,0.021369
56.71709,0.774387,0.013089,0.027588,0.010136,0.021363
56.72282,0.774345,0.013154,0.027582,0.010186,0.021358
56.72855,0.774303,0.013218,0.027576,0.010235,0.021352
56.73428,0.774261,0.013282,0.027570,0.010284,0.021346
56.74001,0.774220,0.013346,0.027564,0.010333,0.021341
56.74574,0.774178,0.013411,0.027558,0.010382,0.021335
56.75147,0.774136,0.013475,0.027552,0.010431,0.021329
56.75720,0.774094,0.013539,0.027546,0.010480,0.021323
56.76293,0.774052,0.013603,0.027540,0.010529,0.021317
56.76866,0.774010,0.013667,0.027534,0.010578,0.021312
56.77439,0.773969,0.013731,0.027528,0.010627,0.021306
56.78012,0.773927,0.013795,0.027522,0.010676,0.021300
56.78585,0.773885,0.013859,0.027516,0.010725,0.021294
56.79158,0.773843,0.013923,0.027510,0.010774,0.021289
56.79731,0.773801,0.013987,0.027504,0.010823,0.021283
56.80304,0.773759,0.014051,0.027498,0.010872,0.021277
56.80877,0.773718,0.014115,0.027492,0.010921,0.021271
56.81449,0.773676,0.014179,0.027486,0.010970,0.021265
56.82022,0.773634,0.014243,0.027480,0.011019,0.021259
56.82595,0.773592,0.014306,0.027474,0.011067,0.021254
56.83168,0.773550,0.014370,0.027468,0.011116,0.021248
56.83741,0.773508,0.014434,0.027462,0.011165,0.021242
56.84314,0.773466,0.014498,0.027456,0.011214,0.021236
56.84887,0.773425,0.014561,0.027450,0.011262,0.021230
56.85460,0.773383,0.014625,0.027443,0.011311,0.021224
56.86033,0.773341,0.014689,0.027437,0.011360,0.021218
56.86606,0.773299,0.014753,0.027431,0.011408,0.021213
56.87179,0.773257,0.014816,0.027425,0.011457,0.021207
56.87752,0.773215,0.014880,0.027419,0.011505,0.021201
56.88325,0.773173,0.014943,0.027413,0.011554,0.021195
56.88898,0.773132,0.015007,0.027407,0.011602,0.021189
56.89471,0.773090,0.015071,0.027401,0.011651,0.021183
56.90044,0.773048,0.015134,0.027394,0.011699,0.021177
56.90617,0.773006,0.015198,0.027388,0.011748,0.021171
56.91190,0.772964,0.015261,0.027382,0.011796,0.021165
56.91763,0.772922,0.015324,0.027376,0.011845,0.021159
56.92336,0.772880,0.015388,0.027370,0.011893,0.021153
56.92909,0.772838,0.015451,0.027363,0.011941,0.021148
56.93482,0.772796,0.015515,0.027357,0.011990,0.021142
56.94055,0.772755,0.015578,0.027351,0.012038,0.021136
56.94628,0.772713,0.015641,0.027345,0.012086,0.021130
56.95200,0.772671,0.015705,0.027339,0.012135,0.021124
56.95773,0.772629,0.015768,0.027332,0.012183,0.021118
56.96346,0.772587,0.015831,0.027326,0.012231,0.021112
56.96919,0.772545,0.015895,0.027320,0.012279,0.021106
56.97492,0.772503,0.015958,0.027313,0.012327,0.021100
56.98065,0.772461,0.016021,0.027307,0.012376,0.021094
56.98638,0.772419,0.016084,0.027301,0.012424,0.021088
56.99211,0.772377,0.016147,0.027295,0.012472,0.021082
56.99784,0.772335,0.016210,0.027288,0.012520,0.021076
57.00357,0.772293,0.016273,0.027282,0.012568,0.021070
57.00930,0.772251,0.016336,0.027276,0.012616,0.021064
57.01503,0.772210,0.016400,0.027269,0.012664,0.021058
57.02076,0.772168,0.016463,0.027263,0.012712,0.021052
57.02649,0.772126,0.016526,0.027257,0.012760,0.021046
57.03222,0.772084,0.016589,0.027250,0.012808,0.021039
57.03795,0.772042,0.016651,0.027244,0.012856,0.021033
57.04368,0.772000,0.016714,0.027238,0.012904,0.021027
57.04941,0.771958,0.016777,0.027231,0.012951,0.021021
57.05514,0.771916,0.016840,0.027225,0.012999,0.021015
57.06087,0.771874,0.016903,0.027218,0.013047,0.021009
57.06660,0.771832,0.016966,0.027212,0.013095,0.021003
57.07233,0.771790,0.017029,0.027206,0.013143,0.020997
57.07806,0.771748,0.017091,0.027199,0.013190,0.020991
57.08379,0.771706,0.017154,0.027193,0.013238,0.020985
57.08951,0.771664,0.017217,0.027186,0.013286,0.020979
57.09524,0.771622,0.017280,0.027180,0.013333,0.020973
57.10097,0.771580,0.017342,0.027173,0.013381,0.020966
57.10670,0.771538,0.017405,0.027167,0.013429,0.020960
57.11243,0.771496,0.017468,0.027160,0.013476,0.020954
57.11816,0.771454,0.017530,0.027154,0.013524,0.020948
57.12389,0.771412,0.017593,0.027147,0.013571,0.020942
57.12962,0.771370,0.017655,0.027141,0.013619,0.020936
57.13535,0.771328,0.017718,0.027134,0.013666,0.020930
57.14108,0.771286,0.017780,0.027128,0.013714,0.020923
57.14681,0.771244,0.017843,0.027121,0.013761,0.020917
57.15254,0.771202,0.017905,0.027115,0.013809,0.020911
57.15827,0.771160,0.017968,0.027108,0.013856,0.020905
57.16400,0.771118,0.018030,0.027102,0.013903,0.020899
57.16973,0.771076,0.018093,0.027095,0.013951,0.020893
57.17546,0.771034,0.018155,0.027089,0.013998,0.020886
57.18119,0.770992,0.018217,0.027082,0.014045,0.020880
57.18692,0.770950,0.018280,0.027076,0.014093,0.020874
57.19265,0.770908,0.018342,0.027069,0.014140,0.020868
57.19838,0.770866,0.018404,0.027062,0.014187,0.020862
57.20411,0.770824,0.018466,0.027056,0.014234,0.020855
57.20984,0.770782,0.018529,0.027049,0.014281,0.020849
57.21557,0.770740,0.018591,0.027043,0.014329,0.020843
57.22129,0.770698,0.018653,0.027036,0.014376,0.020837
57.22702,0.770656,0.018715,0.027029,0.014423,0.020830
57.23275,0.770614,0.018777,0.027023,0.014470,0.020824
57.23848,0.770572,0.018839,0.027016,0.014517,0.020818
57.24421,0.770530,0.018901,0.027009,0.014564,0.020812
57.24994,0.770488,0.018963,0.027003,0.014611,0.020805
57.25567,0.770446,0.019025,0.026996,0.014658,0.020799
57.26140,0.770404,0.019087,0.026989,0.014705,0.020793
57.26713,0.770361,0.019149,0.026983,0.014752,0.020786
57.27286,0.770319,0.019211,0.026976,0.014799,0.020780
57.27859,0.770277,0.019273,0.026969,0.014846,0.020774
57.28432,0.770235,0.019335,0.026963,0.014893,0.020768
57.29005,0.770193,0.019397,0.026956,0.014939,0.020761
57.29578,0.770151,0.019459,0.026949,0.014986,0.020755
57.30151,0.770109,0.019521,0.026943,0.015033,0.020749
57.30724,0.770067,0.019582,0.026936,0.015080,0.020742
57.31297,0.770025,0.019644,0.026929,0.015126,0.020736
57.31870,0.769983,0.019706,0.026922,0.015173,0.020730
57.32443,0.769941,0.019768,0.026916,0.015220,0.020723
57.33016,0.769899,0.019829,0.026909,0.015267,0.020717
57.33589,0.769857,0.019891,0.026902,0.015313,0.020711
57.34162,0.769814,0.019953,0.026895,0.015360,0.020704
57.34735,0.769772,0.020014,0.026888,0.015406,0.020698
57.35308,0.769730,0.020076,0.026882,0.015453,0.020692
57.35880,0.769688,0.020137,0.026875,0.015499,0.020685
57.36453,0.769646,0.020199,0.026868,0.015546,0.020679
57.37026,0.769604,0.020260,0.026861,0.015592,0.020672
57.37599,0.769562,0.020322,0.026854,0.015639,0.020666
57.38172,0.769520,0.020383,0.026848,0.015685,0.020660
57.38745,0.769478,0.020445,0.026841,0.015732,0.020653
57.39318,0.769436,0.020506,0.026834,0.015778,0.020647
57.39891,0.769393,0.020568,0.026827,0.015825,0.020641
57.40464,0.769351,0.020629,0.026820,0.015871,0.020634
57.41037,0.769309,0.020690,0.026813,0.015917,0.020628
57.41610,0.769267,0.020752,0.026806,0.015963,0.020621
57.42183,0.769225,0.020813,0.026800,0.016010,0.020615
57.42756,0.769183,0.020874,0.026793,0.016056,0.020608
57.43329,0.769141,0.020935,0.026786,0.016102,0.020602
57.43902,0.769098,0.020997,0.026779,0.016148,0.020596
57.44475,0.769056,0.021058,0.026772,0.016195,0.020589
57.45048,0.769014,0.021119,0.026765,0.016241,0.020583
57.45621,0.768972,0.021180,0.026758,0.016287,0.020576
57.46194,0.768930,0.021241,0.026751,0.016333,0.020570
57.46767,0.768888,0.021302,0.026744,0.016379,0.020563
57.47340,0.768846,0.021363,0.026737,0.016425,0.020557
57.47913,0.768803,0.021424,0.026730,0.016471,0.020550
57.48486,0.768761,0.021485,0.026723,0.016517,0.020544
57.49059,0.768719,0.021546,0.026716,0.016563,0.020537
57.49631,0.768677,0.021607,0.026709,0.016609,0.020531
57.50204,0.768635,0.021668,0.026702,0.016655,0.020524
57.50777,0.768593,0.021729,0.026695,0.016701,0.020518
57.51350,0.768550,0.021790,0.026688,0.016747,0.020511
57.51923,0.768508,0.021851,0.026681,0.016793,0.020505
57.52496,0.768466,0.021912,0.026674,0.016838,0.020498
57.53069,0.768424,0.021972,0.026667,0.016884,0.020492
57.53642,0.768382,0.022033,0.026660,0.016930,0.020485
57.54215,0.768339,0.022094,0.026653,0.016976,0.020479
57.54788,0.768297,0.022155,0.026646,0.017021,0.020472
57.55361,0.768255,0.022215,0.026639,0.017067,0.020466
57.55934,0.768213,0.022276,0.026632,0.017113,0.020459
57.56507,0.768171,0.022337,0.026625,0.017158,0.020453
57.57080,0.768129,0.022397,0.026618,0.017204,0.020446
57.57653,0.768086,0.022458,0.026611,0.017250,0.020439
57.58226,0.768044,0.022519,0.026604,0.017295,0.020433
57.58799,0.768002,0.022579,0.026597,0.017341,0.020426
57.59372,0.767960,0.022640,0.026589,0.017386,0.020420
57.59945,0.767917,0.022700,0.026582,0.017432,0.020413
57.60518,0.767875,0.022761,0.026575,0.017477,0.020406
57.61091,0.767833,0.022821,0.026568,0.017523,0.020400
57.61664,0.767791,0.022881,0.026561,0.017568,0.020393
57.62237,0.767749,0.022942,0.026554,0.017614,0.020387
57.62810,0.767706,0.023002,0.026547,0.017659,0.020380
57.63382,0.767664,0.023063,0.026540,0.017704,0.020373
57.63955,0.767622,0.023123,0.026532,0.017750,0.020367
57.64528,0.767580,0.023183,0.026525,0.017795,0.020360
57.65101,0.767537,0.023243,0.026518,0.017840,0.020354
57.65674,0.767495,0.023304,0.026511,0.017885,0.020347
57.66247,0.767453,0.023364,0.026504,0.017931,0.020340
57.66820,0.767411,0.023424,0.026496,0.017976,0.020334
57.67393,0.767368,0.023484,0.026489,0.018021,0.020327
57.67966,0.767326,0.023544,0.026482,0.018066,0.020320
57.68539,0.767284,0.023604,0.026475,0.018111,0.020314
57.69112,0.767242,0.023665,0.026468,0.018156,0.020307
57.69685,0.767199,0.023725,0.026460,0.018201,0.020300
57.70258,0.767157,0.023785,0.026453,0.018247,0.020294
57.70831,0.767115,0.023845,0.026446,0.018292,0.020287
57.71404,0.767073,0.023905,0.026439,0.018337,0.020280
57.71977,0.767030,0.023965,0.026431,0.018382,0.020274
57.72550,0.766988,0.024024,0.026424,0.018426,0.020267
57.73123,0.766946,0.024084,0.026417,0.018471,0.020260
57.73696,0.766904,0.024144,0.026410,0.018516,0.020254
57.74269,0.766861,0.024204,0.026402,0.018561,0.020247
57.74842,0.766819,0.024264,0.026395,0.018606,0.020240
57.75415,0.766777,0.024324,0.026388,0.018651,0.020233
57.75988,0.766734,0.024383,0.026380,0.018696,0.020227
57.76560,0.766692,0.024443,0.026373,0.018740,0.020220
57.77133,0.766650,0.024503,0.026366,0.018785,0.020213
57.77706,0.766607,0.024563,0.026358,0.018830,0.020206
57.78279,0.766565,0.024622,0.026351,0.018875,0.020200
57.78852,0.766523,0.024682,0.026344,0.018919,0.020193
57.79425,0.766481,0.024742,0.026336,0.018964,0.020186
57.79998,0.766438,0.024801,0.026329,0.019009,0.020179
57.80571,0.766396,0.024861,0.026322,0.019053,0.020173
57.81144,0.766354,0.024920,0.026314,0.019098,0.020166
57.81717,0.766311,0.024980,0.026307,0.019142,0.020159
57.82290,0.766269,0.025039,0.026299,0.019187,0.020152
57.82863,0.766227,0.025099,0.026292,0.019231,0.020146
57.83436,0.766184,0.025158,0.026285,0.019276,0.020139
57.84009,0.766142,0.025218,0.026277,0.019320,0.020132
57.84582,0.766100,0.025277,0.026270,0.019365,0.020125
57.85155,0.766057,0.025336,0.026262,0.019409,0.020118
57.85728,0.766015,0.025396,0.026255,0.019453,0.020112
57.86301,0.765973,0.025455,0.026247,0.019498,0.020105
57.86874,0.765930,0.025514,0.026240,0.019542,0.020098
57.87447,0.765888,0.025573,0.026233,0.019586,0.020091
57.88020,0.765846,0.025633,0.026225,0.019631,0.020084
57.88593,0.765803,0.025692,0.026218,0.019675,0.020078
57.89166,0.765761,0.025751,0.026210,0.019719,0.020071
57.89739,0.765719,0.025810,0.026203,0.019763,0.020064
57.90311,0.765676,0.025869,0.026195,0.019807,0.020057
57.90884,0.765634,0.025928,0.026188,0.019852,0.020050
57.91457,0.765592,0.025987,0.026180,0.019896,0.020043
57.92030,0.765549,0.026046,0.026173,0.019940,0.020037
57.92603,0.765507,0.026105,0.026165,0.019984,0.020030
57.93176,0.765464,0.026164,0.026158,0.020028,0.020023
57.93749,0.765422,0.026223,0.026150,0.020072,0.020016
57.94322,0.765380,0.026282,0.026143,0.020116,0.020009
57.94895,0.765337,0.026341,0.026135,0.020160,0.020002
57.95468,0.765295,0.026400,0.026128,0.020204,0.019995
57.96041,0.765253,0.026459,0.026120,0.020248,0.019988
57.96614,0.765210,0.026518,0.026112,0.020292,0.019982
57.97187,0.765168,0.026577,0.026105,0.020336,0.019975
57.97760,0.765125,0.026635,0.026097,0.020379,0.019968
57.98333,0.765083,0.026694,0.026090,0.020423,0.019961
57.98906,0.765041,0.026753,0.026082,0.020467,0.019954
57.99479,0.764998,0.026812,0.026075,0.020511,0.019947
58.00052,0.764956,0.026870,0.026067,0.020554,0.019940
58.00625,0.764913,0.026929,0.026059,0.020598,0.019933
58.01198,0.764871,0.026987,0.026052,0.020642,0.019926
58.01771,0.764829,0.027046,0.026044,0.020686,0.019919
58.02344,0.764786,0.027105,0.026037,0.020729,0.019912
58.02917,0.764744,0.027163,0.026029,0.020773,0.019905
58.03490,0.764701,0.027222,0.026021,0.020816,0.019899
58.04062,0.764659,0.027280,0.026014,0.020860,0.019892
58.04635,0.764616,0.027339,0.026006,0.020904,0.019885
58.05208,0.764574,0.027397,0.025998,0.020947,0.019878
58.05781,0.764532,0.027455,0.025991,0.020990,0.019871
58.06354,0.764489,0.027514,0.025983,0.021034,0.019864
58.06927,0.764447,0.027572,0.025975,0.021077,0.019857
58.07500,0.764404,0.027630,0.025968,0.021121,0.019850
58.08073,0.764362,0.027689,0.025960,0.021164,0.019843
58.08646,0.764319,0.027747,0.025952,0.021208,0.019836
58.09219,0.764277,0.027805,0.025945,0.021251,0.019829
58.09792,0.764235,0.027863,0.025937,0.021294,0.019822
58.10365,0.764192,0.027922,0.025929,0.021337,0.019815
58.10938,0.764150,0.027980,0.025921,0.021381,0.019808
58.11511,0.764107,0.028038,0.025914,0.021424,0.019801
58.12084,0.764065,0.028096,0.025906,0.021467,0.019794
58.12657,0.764022,0.028154,0.025898,0.021510,0.019787
58.13230,0.763980,0.028212,0.025890,0.021553,0.019780
58.13803,0.763937,0.028270,0.025883,0.021597,0.019773
58.14376,0.763895,0.028328,0.025875,0.021640,0.019766
58.14949,0.763852,0.028386,0.025867,0.021683,0.019759
58.15522,0.763810,0.028444,0.025859,0.021726,0.019752
58.16095,0.763767,0.028502,0.025852,0.021769,0.019745
58.16668,0.763725,0.028560,0.025844,0.021812,0.019738
58.17240,0.763683,0.028618,0.025836,0.021855,0.019731
58.17813,0.763640,0.028676,0.025828,0.021898,0.019724
58.18386,0.763598,0.028733,0.025820,0.021941,0.019716
58.18959,0.763555,0.028791,0.025813,0.021984,0.019709
58.19532,0.763513,0.028849,0.025805,0.022027,0.019702
58.20105,0.763470,0.028907,0.025797,0.022069,0.019695
58.20678,0.763428,0.028964,0.025789,0.022112,0.019688
58.21251,0.763385,0.029022,0.025781,0.022155,0.019681
58.21824,0.763343,0.029080,0.025774,0.022198,0.019674
58.22397,0.763300,0.029137,0.025766,0.022241,0.019667
58.22970,0.763258,0.029195,0.025758,0.022283,0.019660
58.23543,0.763215,0.029252,0.025750,0.022326,0.019653
58.24116,0.763173,0.029310,0.025742,0.022369,0.019646
58.24689,0.763130,0.029368,0.025734,0.022411,0.019639
58.25262,0.763088,0.029425,0.025726,0.022454,0.019631
58.25835,0.763045,0.029482,0.025718,0.022496,0.019624
58.26408,0.763002,0.029540,0.025711,0.022539,0.019617
58.26981,0.762960,0.029597,0.025703,0.022582,0.019610
58.27554,0.762917,0.029655,0.025695,0.022624,0.019603
58.28127,0.762875,0.029712,0.025687,0.022667,0.019596
58.28700,0.762832,0.029769,0.025679,0.022709,0.019589
58.29273,0.762790,0.029827,0.025671,0.022751,0.019582
58.29846,0.762747,0.029884,0.025663,0.022794,0.019574
58.30419,0.762705,0.029941,0.025655,0.022836,0.019567
58.30991,0.762662,0.029998,0.025647,0.022879,0.019560
58.31564,0.762620,0.030056,0.025639,0.022921,0.019553
58.32137,0.762577,0.030113,0.025631,0.022963,0.019546
58.32710,0.762535,0.030170,0.025623,0.023006,0.019539
58.33283,0.762492,0.030227,0.025615,0.023048,0.019532
58.33856,0.762449,0.030284,0.025607,0.023090,0.019524
58.34429,0.762407,0.030341,0.025599,0.023132,0.019517
58.35002,0.762364,0.030398,0.025591,0.023174,0.019510
58.35575,0.762322,0.030455,0.025583,0.023217,0.019503
58.36148,0.762279,0.030512,0.025575,0.023259,0.019496
58.36721,0.762237,0.030569,0.025567,0.023301,0.019488
58.37294,0.762194,0.030626,0.025559,0.023343,0.019481
58.37867,0.762151,0.030683,0.025551,0.023385,0.019474
58.38440,0.762109,0.030740,0.025543,0.023427,0.019467
58.39013,0.762066,0.030797,0.025535,0.023469,0.019460
58.39586,0.762024,0.030853,0.025527,0.023511,0.019452
58.40159,0.761981,0.030910,0.025519,0.023553,0.019445
58.40732,0.761939,0.030967,0.025511,0.023595,0.019438
58.41305,0.761896,0.031024,0.025503,0.023637,0.019431
58.41878,0.761853,0.031080,0.025495,0.023679,0.019424
58.42451,0.761811,0.031137,0.025487,0.023720,0.019416
58.43024,0.761768,0.031194,0.025479,0.023762,0.019409
58.43597,0.761726,0.031250,0.025471,0.023804,0.019402
58.44170,0.761683,0.031307,0.025463,0.023846,0.019395
58.44742,0.761640,0.031363,0.025455,0.023888,0.019387
58.45315,0.761598,0.031420,0.025447,0.023929,0.019380
58.45888,0.761555,0.031476,0.025439,0.023971,0.019373
58.46461,0.761513,0.031533,0.025431,0.024013,0.019366
58.47034,0.761470,0.031589,0.025422,0.024054,0.019358
58.47607,0.761427,0.031646,0.025414,0.024096,0.019351
58.48180,0.761385,0.031702,0.025406,0.024138,0.019344
58.48753,0.761342,0.031759,0.025398,0.024179,0.019337
58.49326,0.761299,0.031815,0.025390,0.024221,0.019329
58.49899,0.761257,0.031871,0.025382,0.024262,0.019322
58.50472,0.761214,0.031928,0.025374,0.024304,0.019315
58.51045,0.761172,0.031984,0.025365,0.024345,0.019307
58.51618,0.761129,0.032040,0.025357,0.024387,0.019300
58.52191,0.761086,0.032096,0.025349,0.024428,0.019293
58.52764,0.761044,0.032152,0.025341,0.024469,0.019286
58.53337,0.761001,0.032209,0.025333,0.024511,0.019278
58.53910,0.760958,0.032265,0.025325,0.024552,0.019271
58.54483,0.760916,0.032321,0.025316,0.024593,0.019264
58.55056,0.760873,0.032377,0.025308,0.024635,0.019256
58.55629,0.760830,0.032433,0.025300,0.024676,0.019249
58.56202,0.760788,0.032489,0.025292,0.024717,0.019242
58.56775,0.760745,0.032545,0.025284,0.024758,0.019234
58.57348,0.760702,0.032601,0.025275,0.024800,0.019227
58.57920,0.760660,0.032657,0.025267,0.024841,0.019220
58.58493,0.760617,0.032713,0.025259,0.024882,0.019212
58.59066,0.760574,0.032769,0.025251,0.024923,0.019205
58.59639,0.760532,0.032824,0.025243,0.024964,0.019198
58.60212,0.760489,0.032880,0.025234,0.025005,0.019190
58.60785,0.760446,0.032936,0.025226,0.025046,0.019183
58.61358,0.760404,0.032992,0.025218,0.025087,0.019176
58.61931,0.760361,0.033047,0.025210,0.025128,0.019168
58.62504,0.760318,0.033103,0.025201,0.025169,0.019161
58.63077,0.760276,0.033159,0.025193,0.025210,0.019154
58.63650,0.760233,0.033215,0.025185,0.025251,0.019146
58.64223,0.760190,0.033270,0.025176,0.025292,0.019139
58.64796,0.760147,0.033326,0.025168,0.025332,0.019131
58.65369,0.760105,0.033381,0.025160,0.025373,0.019124
58.65942,0.760062,0.033437,0.025152,0.025414,0.019117
58.66515,0.760019,0.033492,0.025143,0.025455,0.019109
58.67088,0.759977,0.033548,0.025135,0.025496,0.019102
58.67661,0.759934,0.033603,0.025127,0.025536,0.019095
58.68234,0.759891,0.033659,0.025118,0.025577,0.019087
58.68807,0.759849,0.033714,0.025110,0.025618,0.019080
58.69380,0.759806,0.033770,0.025102,0.025658,0.019072
58.69953,0.759763,0.033825,0.025093,0.025699,0.019065
58.70526,0.759720,0.033880,0.025085,0.025739,0.019058
58.71099,0.759678,0.033936,0.025077,0.025780,0.019050
58.71671,0.759635,0.033991,0.025068,0.025821,0.019043
58.72244,0.759592,0.034046,0.025060,0.025861,0.019035
58.72817,0.759549,0.034101,0.025051,0.025902,0.019028
58.73390,0.759507,0.034156,0.025043,0.025942,0.019020
58.73963,0.759464,0.034212,0.025035,0.025982,0.019013
58.74536,0.759421,0.034267,0.025026,0.026023,0.019006
58.75109,0.759378,0.034322,0.025018,0.026063,0.018998
58.75682,0.759336,0.034377,0.025010,0.026104,0.018991
58.76255,0.759293,0.034432,0.025001,0.026144,0.018983
58.76828,0.759250,0.034487,0.024993,0.026184,0.018976
58.77401,0.759207,0.034542,0.024984,0.026224,0.018968
58.77974,0.759165,0.034597,0.024976,0.026265,0.018961
58.78547,0.759122,0.034652,0.024968,0.026305,0.018953
58.79120,0.759079,0.034707,0.024959,0.026345,0.018946
58.79693,0.759036,0.034762,0.024951,0.026385,0.018938
58.80266,0.758994,0.034816,0.024942,0.026425,0.018931
58.80839,0.758951,0.034871,0.024934,0.026466,0.018924
58.81412,0.758908,0.034926,0.024925,0.026506,0.018916
58.81985,0.758865,0.034981,0.024917,0.026546,0.018909
58.82558,0.758823,0.035036,0.024908,0.026586,0.018901
58.83131,0.758780,0.035090,0.024900,0.026626,0.018894
58.83704,0.758737,0.035145,0.024891,0.026666,0.018886
58.84277,0.758694,0.035200,0.024883,0.026706,0.018879
58.84850,0.758651,0.035254,0.024875,0.026746,0.018871
58.85422,0.758609,0.035309,0.024866,0.026786,0.018864
58.85995,0.758566,0.035363,0.024858,0.026825,0.018856
58.86568,0.758523,0.035418,0.024849,0.026865,0.018849
58.87141,0.758480,0.035472,0.024841,0.026905,0.018841
58.87714,0.758437,0.035527,0.024832,0.026945,0.018834
58.88287,0.758395,0.035581,0.024824,0.026985,0.018826
58.88860,0.758352,0.035636,0.024815,0.027024,0.018818
58.89433,0.758309,0.035690,0.024806,0.027064,0.018811
58.90006,0.758266,0.035745,0.024798,0.027104,0.018803
58.90579,0.758223,0.035799,0.024789,0.027144,0.018796
58.91152,0.758181,0.035853,0.024781,0.027183,0.018788
58.91725,0.758138,0.035908,0.024772,0.027223,0.018781
58.92298,0.758095,0.035962,0.024764,0.027262,0.018773
58.92871,0.758052,0.036016,0.024755,0.027302,0.018766
58.93444,0.758009,0.036070,0.024747,0.027342,0.018758
58.94017,0.757966,0.036124,0.024738,0.027381,0.018751
58.94590,0.757924,0.036179,0.024730,0.027421,0.018743
58.95163,0.757881,0.036233,0.024721,0.027460,0.018736
58.95736,0.757838,0.036287,0.024712,0.027500,0.018728
58.96309,0.757795,0.036341,0.024704,0.027539,0.018720
58.96882,0.757752,0.036395,0.024695,0.027578,0.018713
58.97455,0.757709,0.036449,0.024687,0.027618,0.018705
58.98028,0.757667,0.036503,0.024678,0.027657,0.018698
58.98601,0.757624,0.036557,0.024669,0.027696,0.018690
58.99173,0.757581,0.036611,0.024661,0.027736,0.018683
58.99746,0.757538,0.036665,0.024652,0.027775,0.018675
59.00319,0.757495,0.036719,0.024644,0.027814,0.018667
59.00892,0.757452,0.036772,0.024635,0.027853,0.018660
59.01465,0.757409,0.036826,0.024626,0.027893,0.018652
59.02038,0.757367,0.036880,0.024618,0.027932,0.018645
59.02611,0.757324,0.036934,0.024609,0.027971,0.018637
59.03184,0.757281,0.036987,0.024600,0.028010,0.018629
59.03757,0.757238,0.037041,0.024592,0.028049,0.018622
59.04330,0.757195,0.037095,0.024583,0.028088,0.018614
59.04903,0.757152,0.037148,0.024574,0.028127,0.018607
59.05476,0.757109,0.037202,0.024566,0.028166,0.018599
59.06049,0.757066,0.037256,0.024557,0.028205,0.018591
59.06622,0.757024,0.037309,0.024548,0.028244,0.018584
59.07195,0.756981,0.037363,0.024540,0.028283,0.018576
59.07768,0.756938,0.037416,0.024531,0.028322,0.018568
59.08341,0.756895,0.037470,0.024522,0.028361,0.018561
59.08914,0.756852,0.037523,0.024514,0.028399,0.018553
59.09487,0.756809,0.037577,0.024505,0.028438,0.018545
59.10060,0.756766,0.037630,0.024496,0.028477,0.018538
59.10633,0.756723,0.037683,0.024487,0.028516,0.018530
59.11206,0.756680,0.037737,0.024479,0.028555,0.018523
59.11779,0.756637,0.037790,0.024470,0.028593,0.018515
59.12351,0.756595,0.037843,0.024461,0.028632,0.018507
59.12924,0.756552,0.037897,0.024453,0.028671,0.018500
59.13497,0.756509,0.037950,0.024444,0.028709,0.018492
59.14070,0.756466,0.038003,0.024435,0.028748,0.018484
59.14643,0.756423,0.038056,0.024426,0.028786,0.018477
59.15216,0.756380,0.038109,0.024418,0.028825,0.018469
59.15789,0.756337,0.038162,0.024409,0.028864,0.018461
59.16362,0.756294,0.038215,0.024400,0.028902,0.018454
59.16935,0.756251,0.038268,0.024391,0.028941,0.018446
59.17508,0.756208,0.038321,0.024382,0.028979,0.018438
59.18081,0.756165,0.038374,0.024374,0.029017,0.018431
59.18654,0.756122,0.038427,0.024365,0.029056,0.018423
59.19227,0.756079,0.038480,0.024356,0.029094,0.018415
59.19800,0.756036,0.038533,0.024347,0.029133,0.018407
59.20373,0.755993,0.038586,0.024339,0.029171,0.018400
59.20946,0.755951,0.038639,0.024330,0.029209,0.018392
59.21519,0.755908,0.038692,0.024321,0.029247,0.018384
59.22092,0.755865,0.038745,0.024312,0.029286,0.018377
59.22665,0.755822,0.038797,0.024303,0.029324,0.018369
59.23238,0.755779,0.038850,0.024294,0.029362,0.018361
59.23811,0.755736,0.038903,0.024286,0.029400,0.018354
59.24384,0.755693,0.038956,0.024277,0.029438,0.018346
59.24957,0.755650,0.039008,0.024268,0.029477,0.018338
59.25530,0.755607,0.039061,0.024259,0.029515,0.018330
59.26102,0.755564,0.039113,0.024250,0.029553,0.018323
59.26675,0.755521,0.039166,0.024241,0.029591,0.018315
59.27248,0.755478,0.039218,0.024233,0.029629,0.018307
59.27821,0.755435,0.039271,0.024224,0.029667,0.018299
59.28394,0.755392,0.039323,0.024215,0.029705,0.018292
59.28967,0.755349,0.039376,0.024206,0.029743,0.018284
59.29540,0.755306,0.039428,0.024197,0.029780,0.018276
59.30113,0.755263,0.039481,0.024188,0.029818,0.018268
59.30686,0.755220,0.039533,0.024179,0.029856,0.018261
59.31259,0.755177,0.039585,0.024170,0.029894,0.018253
59.31832,0.755134,0.039638,0.024162,0.029932,0.018245
59.32405,0.755091,0.039690,0.024153,0.029970,0.018237
59.32978,0.755048,0.039742,0.024144,0.030007,0.018230
59.33551,0.755005,0.039795,0.024135,0.030045,0.018222
59.34124,0.754962,0.039847,0.024126,0.030083,0.018214
59.34697,0.754919,0.039899,0.024117,0.030120,0.018206
59.35270,0.754876,0.039951,0.024108,0.030158,0.018199
59.35843,0.754833,0.040003,0.024099,0.030196,0.018191
59.36416,0.754790,0.040055,0.024090,0.030233,0.018183
59.36989,0.754747,0.040107,0.024081,0.030271,0.018175
59.37562,0.754704,0.040159,0.024072,0.030308,0.018167
59.38135,0.754661,0.040211,0.024063,0.030346,0.018160
59.38708,0.754618,0.040263,0.024054,0.030383,0.018152
59.39281,0.754575,0.040315,0.024045,0.030421,0.018144
59.39853,0.754532,0.040367,0.024036,0.030458,0.018136
59.40426,0.754489,0.040419,0.024028,0.030496,0.018128
59.40999,0.754446,0.040471,0.024019,0.030533,0.018121
59.41572,0.754403,0.040523,0.024010,0.030570,0.018113
59.42145,0.754360,0.040574,0.024001,0.030608,0.018105
59.42718,0.754317,0.040626,0.023992,0.030645,0.018097
59.43291,0.754273,0.040678,0.023983,0.030682,0.018089
59.43864,0.754230,0.040730,0.023974,0.030720,0.018082
59.44437,0.754187,0.040781,0.023965,0.030757,0.018074
59.45010,0.754144,0.040833,0.023956,0.030794,0.018066
59.45583,0.754101,0.040885,0.023947,0.030831,0.018058
59.46156,0.754058,0.040936,0.023938,0.030868,0.018050
59.46729,0.754015,0.040988,0.023929,0.030905,0.018043
59.47302,0.753972,0.041039,0.023920,0.030943,0.018035
59.47875,0.753929,0.041091,0.023911,0.030980,0.018027
59.48448,0.753886,0.041142,0.023902,0.031017,0.018019
59.49021,0.753843,0.041194,0.023892,0.031054,0.018011
59.49594,0.753800,0.041245,0.023883,0.031091,0.018003
59.50167,0.753757,0.041297,0.023874,0.031128,0.017996
59.50740,0.753714,0.041348,0.023865,0.031165,0.017988
59.51313,0.753670,0.041399,0.023856,0.031201,0.017980
59.51886,0.753627,0.041451,0.023847,0.031238,0.017972
59.52459,0.753584,0.041502,0.023838,0.031275,0.017964
59.53031,0.753541,0.041553,0.023829,0.031312,0.017956
59.53604,0.753498,0.041604,0.023820,0.031349,0.017948
59.54177,0.753455,0.041656,0.023811,0.031386,0.017941
59.54750,0.753412,0.041707,0.023802,0.031422,0.017933
59.55323,0.753369,0.041758,0.023793,0.031459,0.017925
59.55896,0.753326,0.041809,0.023784,0.031496,0.017917
59.56469,0.753283,0.041860,0.023775,0.031532,0.017909
59.57042,0.753239,0.041911,0.023766,0.031569,0.017901
59.57615,0.753196,0.041962,0.023756,0.031606,0.017893
59.58188,0.753153,0.042013,0.023747,0.031642,0.017885
59.58761,0.753110,0.042064,0.023738,0.031679,0.017878
59.59334,0.753067,0.042115,0.023729,0.031715,0.017870
59.59907,0.753024,0.042166,0.023720,0.031752,0.017862
59.60480,0.752981,0.042217,0.023711,0.031788,0.017854
59.61053,0.752938,0.042268,0.023702,0.031825,0.017846
59.61626,0.752894,0.042319,0.023693,0.031861,0.017838
59.62199,0.752851,0.042369,0.023684,0.031898,0.017830
59.62772,0.752808,0.042420,0.023674,0.031934,0.017822
59.63345,0.752765,0.042471,0.023665,0.031971,0.017814
59.63918,0.752722,0.042522,0.023656,0.032007,0.017806
59.64491,0.752679,0.042572,0.023647,0.032043,0.017799
59.65064,0.752636,0.042623,0.023638,0.032080,0.017791
59.65637,0.752593,0.042674,0.023629,0.032116,0.017783
59.66210,0.752549,0.042724,0.023619,0.032152,0.017775
59.66782,0.752506,0.042775,0.023610,0.032188,0.017767
59.67355,0.752463,0.042825,0.023601,0.032224,0.017759
59.67928,0.752420,0.042876,0.023592,0.032261,0.017751
59.68501,0.752377,0.042926,0.023583,0.032297,0.017743
59.69074,0.752334,0.042977,0.023574,0.032333,0.017735
59.69647,0.752290,0.043027,0.023564,0.032369,0.017727
59.70220,0.752247,0.043077,0.023555,0.032405,0.017719
59.70793,0.752204,0.043128,0.023546,0.032441,0.017711
59.71366,0.752161,0.043178,0.023537,0.032477,0.017703
59.71939,0.752118,0.043228,0.023528,0.032513,0.017696
59.72512,0.752075,0.043279,0.023518,0.032549,0.017688
59.73085,0.752031,0.043329,0.023509,0.032585,0.017680
59.73658,0.751988,0.043379,0.023500,0.032621,0.017672
59.74231,0.751945,0.043429,0.023491,0.032656,0.017664
59.74804,0.751902,0.043480,0.023481,0.032692,0.017656
59.75377,0.751859,0.043530,0.023472,0.032728,0.017648
59.75950,0.751815,0.043580,0.023463,0.032764,0.017640
59.76523,0.751772,0.043630,0.023454,0.032800,0.017632
59.77096,0.751729,0.043680,0.023445,0.032835,0.017624
59.77669,0.751686,0.043730,0.023435,0.032871,0.017616
59.78242,0.751643,0.043780,0.023426,0.032907,0.017608
59.78815,0.751599,0.043830,0.023417,0.032942,0.017600
59.79388,0.751556,0.043880,0.023408,0.032978,0.017592
59.79961,0.751513,0.043930,0.023398,0.033014,0.017584
59.80533,0.751470,0.043980,0.023389,0.033049,0.017576
59.81106,0.751427,0.044029,0.023380,0.033085,0.017568
59.81679,0.751383,0.044079,0.023370,0.033120,0.017560
59.82252,0.751340,0.044129,0.023361,0.033156,0.017552
59.82825,0.751297,0.044179,0.023352,0.033191,0.017544
59.83398,0.751254,0.044228,0.023343,0.033227,0.017536
59.83971,0.751210,0.044278,0.023333,0.033262,0.017528
59.84544,0.751167,0.044328,0.023324,0.033298,0.017520
59.85117,0.751124,0.044377,0.023315,0.033333,0.017512
59.85690,0.751081,0.044427,0.023305,0.033368,0.017504
59.86263,0.751037,0.044477,0.023296,0.033404,0.017496
59.86836,0.750994,0.044526,0.023287,0.033439,0.017488
59.87409,0.750951,0.044576,0.023277,0.033474,0.017480
59.87982,0.750908,0.044625,0.023268,0.033509,0.017472
59.88555,0.750864,0.044675,0.023259,0.033545,0.017464
59.89128,0.750821,0.044724,0.023249,0.033580,0.017456
59.89701,0.750778,0.044774,0.023240,0.033615,0.017448
59.90274,0.750735,0.044823,0.023231,0.033650,0.017440
59.90847,0.750691,0.044872,0.023221,0.033685,0.017432
59.91420,0.750648,0.044922,0.023212,0.033720,0.017424
59.91993,0.750605,0.044971,0.023203,0.033755,0.017416
59.92566,0.750562,0.045020,0.023193,0.033790,0.017408
59.93139,0.750518,0.045069,0.023184,0.033825,0.017400
59.93711,0.750475,0.045119,0.023175,0.033860,0.017392
59.94284,0.750432,0.045168,0.023165,0.033895,0.017384
59.94857,0.750389,0.045217,0.023156,0.033930,0.017376
59.95430,0.750345,0.045266,0.023147,0.033965,0.017368
59.96003,0.750302,0.045315,0.023137,0.034000,0.017360
59.96576,0.750259,0.045364,0.023128,0.034035,0.017352
59.97149,0.750215,0.045413,0.023118,0.034070,0.017344
59.97722,0.750172,0.045462,0.023109,0.034104,0.017336
59.98295,0.750129,0.045511,0.023100,0.034139,0.017328
59.98868,0.750086,0.045560,0.023090,0.034174,0.017320
59.99441,0.750042,0.045609,0.023081,0.034209,0.017312
60.00014,0.749999,0.045658,0.023071,0.034243,0.017304
60.00587,0.749956,0.045707,0.023062,0.034278,0.017296
60.01160,0.749912,0.045756,0.023053,0.034313,0.017287
60.01733,0.749869,0.045804,0.023043,0.034347,0.017279
60.02306,0.749826,0.045853,0.023034,0.034382,0.017271
60.02879,0.749782,0.045902,0.023024,0.034416,0.017263
60.03452,0.749739,0.045951,0.023015,0.034451,0.017255
60.04025,0.749696,0.045999,0.023006,0.034486,0.017247
60.04598,0.749652,0.046048,0.022996,0.034520,0.017239
60.05171,0.749609,0.046097,0.022987,0.034554,0.017231
60.05744,0.749566,0.046145,0.022977,0.034589,0.017223
60.06317,0.749522,0.046194,0.022968,0.034623,0.017215
60.06890,0.749479,0.046242,0.022958,0.034658,0.017207
60.07462,0.749436,0.046291,0.022949,0.034692,0.017199
60.08035,0.749392,0.046339,0.022939,0.034726,0.017191
60.08608,0.749349,0.046388,0.022930,0.034761,0.017183
60.09181,0.749306,0.046436,0.022920,0.034795,0.017174
60.09754,0.749262,0.046485,0.022911,0.034829,0.017166
60.10327,0.749219,0.046533,0.022902,0.034863,0.017158
60.10900,0.749176,0.046581,0.022892,0.034898,0.017150
60.11473,0.749132,0.046630,0.022883,0.034932,0.017142
60.12046,0.749089,0.046678,0.022873,0.034966,0.017134
60.12619,0.749046,0.046726,0.022864,0.035000,0.017126
60.13192,0.749002,0.046774,0.022854,0.035034,0.017118
60.13765,0.748959,0.046823,0.022845,0.035068,0.017110
60.14338,0.748916,0.046871,0.022835,0.035102,0.017102
60.14911,0.748872,0.046919,0.022826,0.035136,0.017093
60.15484,0.748829,0.046967,0.022816,0.035170,0.017085
60.16057,0.748786,0.047015,0.022807,0.035204,0.017077
60.16630,0.748742,0.047063,0.022797,0.035238,0.017069
60.17203,0.748699,0.047111,0.022788,0.035272,0.017061
60.17776,0.748655,0.047159,0.022778,0.035306,0.017053
60.18349,0.748612,0.047207,0.022769,0.035340,0.017045
60.18922,0.748569,0.047255,0.022759,0.035374,0.017037
60.19495,0.748525,0.047303,0.022750,0.035407,0.017029
60.20068,0.748482,0.047351,0.022740,0.035441,0.017020
60.20641,0.748438,0.047399,0.022730,0.035475,0.017012
60.21213,0.748395,0.047446,0.022721,0.035509,0.017004
60.21786,0.748352,0.047494,0.022711,0.035542,0.016996
60.22359,0.748308,0.047542,0.022702,0.035576,0.016988
60.22932,0.748265,0.047590,0.022692,0.035610,0.016980
60.23505,0.748221,0.047637,0.022683,0.035643,0.016972
60.24078,0.748178,0.047685,0.022673,0.035677,0.016964
60.24651,0.748135,0.047733,0.022664,0.035710,0.016955
60.25224,0.748091,0.047780,0.022654,0.035744,0.016947
60.25797,0.748048,0.047828,0.022644,0.035777,0.016939
60.26370,0.748004,0.047875,0.022635,0.035811,0.016931
60.26943,0.747961,0.047923,0.022625,0.035844,0.016923
60.27516,0.747918,0.047970,0.022616,0.035878,0.016915
60.28089,0.747874,0.048018,0.022606,0.035911,0.016907
60.28662,0.747831,0.048065,0.022597,0.035945,0.016898
60.29235,0.747787,0.048113,0.022587,0.035978,0.016890
60.29808,0.747744,0.048160,0.022577,0.036011,0.016882
60.30381,0.747700,0.048207,0.022568,0.036045,0.016874
60.30954,0.747657,0.048255,0.022558,0.036078,0.016866
60.31527,0.747614,0.048302,0.022549,0.036111,0.016858
60.32100,0.747570,0.048349,0.022539,0.036144,0.016849
60.32673,0.747527,0.048396,0.022529,0.036178,0.016841
60.33246,0.747483,0.048444,0.022520,0.036211,0.016833
60.33819,0.747440,0.048491,0.022510,0.036244,0.016825
60.34391,0.747396,0.048538,0.022500,0.036277,0.016817
60.34964,0.747353,0.048585,0.022491,0.036310,0.016809
60.35537,0.747309,0.048632,0.022481,0.036343,0.016800
60.36110,0.747266,0.048679,0.022472,0.036376,0.016792
60.36683,0.747223,0.048726,0.022462,0.036409,0.016784
60.37256,0.747179,0.048773,0.022452,0.036442,0.016776
60.37829,0.747136,0.048820,0.022443,0.036475,0.016768
60.38402,0.747092,0.048867,0.022433,0.036508,0.016760
60.38975,0.747049,0.048914,0.022423,0.036541,0.016751
60.39548,0.747005,0.048961,0.022414,0.036574,0.016743
60.40121,0.746962,0.049008,0.022404,0.036607,0.016735
60.40694,0.746918,0.049055,0.022394,0.036640,0.016727
60.41267,0.746875,0.049101,0.022385,0.036673,0.016719
60.41840,0.746831,0.049148,0.022375,0.036705,0.016710
60.42413,0.746788,0.049195,0.022365,0.036738,0.016702
60.42986,0.746744,0.049242,0.022356,0.036771,0.016694
60.43559,0.746701,0.049288,0.022346,0.036804,0.016686
60.44132,0.746657,0.049335,0.022336,0.036836,0.016678
60.44705,0.746614,0.049382,0.022327,0.036869,0.016669
60.45278,0.746570,0.049428,0.022317,0.036902,0.016661
60.45851,0.746527,0.049475,0.022307,0.036934,0.016653
60.46424,0.746483,0.049521,0.022298,0.036967,0.016645
60.46997,0.746440,0.049568,0.022288,0.036999,0.016637
60.47570,0.746396,0.049614,0.022278,0.037032,0.016628
60.48142,0.746353,0.049661,0.022269,0.037064,0.016620
60.48715,0.746309,0.049707,0.022259,0.037097,0.016612
60.49288,0.746266,0.049753,0.022249,0.037129,0.016604
60.49861,0.746222,0.049800,0.022239,0.037162,0.016596
60.50434,0.746179,0.049846,0.022230,0.037194,0.016587
60.51007,0.746135,0.049892,0.022220,0.037227,0.016579
60.51580,0.746092,0.049939,0.022210,0.037259,0.016571
60.52153,0.746048,0.049985,0.022201,0.037291,0.016563
60.52726,0.746005,0.050031,0.022191,0.037323,0.016555
60.53299,0.745961,0.050077,0.022181,0.037356,0.016546
60.53872,0.745918,0.050123,0.022171,0.037388,0.016538
60.54445,0.745874,0.050170,0.022162,0.037420,0.016530
60.55018,0.745831,0.050216,0.022152,0.037452,0.016522
60.55591,0.745787,0.050262,0.022142,0.037485,0.016513
60.56164,0.745743,0.050308,0.022132,0.037517,0.016505
60.56737,0.745700,0.050354,0.022123,0.037549,0.016497
60.57310,0.745656,0.050400,0.022113,0.037581,0.016489
60.57883,0.745613,0.050446,0.022103,0.037613,0.016480
60.58456,0.745569,0.050492,0.022093,0.037645,0.016472
60.59029,0.745526,0.050538,0.022084,0.037677,0.016464
60.59602,0.745482,0.050583,0.022074,0.037709,0.016456
60.60175,0.745439,0.050629,0.022064,0.037741,0.016447
60.60748,0.745395,0.050675,0.022054,0.037773,0.016439
60.61321,0.745351,0.050721,0.022045,0.037805,0.016431
60.61893,0.745308,0.050767,0.022035,0.037837,0.016423
60.62466,0.745264,0.050812,0.022025,0.037869,0.016414
60.63039,0.745221,0.050858,0.022015,0.037900,0.016406
60.63612,0.745177,0.050904,0.022005,0.037932,0.016398
60.64185,0.745134,0.050949,0.021996,0.037964,0.016390
60.64758,0.745090,0.050995,0.021986,0.037996,0.016381
60.65331,0.745046,0.051040,0.021976,0.038027,0.016373
60.65904,0.745003,0.051086,0.021966,0.038059,0.016365
60.66477,0.744959,0.051131,0.021957,0.038091,0.016357
60.67050,0.744916,0.051177,0.021947,0.038122,0.016348
60.67623,0.744872,0.051222,0.021937,0.038154,0.016340
60.68196,0.744829,0.051268,0.021927,0.038186,0.016332
60.68769,0.744785,0.051313,0.021917,0.038217,0.016324
60.69342,0.744741,0.051358,0.021907,0.038249,0.016315
60.69915,0.744698,0.051404,0.021898,0.038280,0.016307
60.70488,0.744654,0.051449,0.021888,0.038312,0.016299
60.71061,0.744610,0.051494,0.021878,0.038343,0.016291
60.71634,0.744567,0.051540,0.021868,0.038375,0.016282
60.72207,0.744523,0.051585,0.021858,0.038406,0.016274
60.72780,0.744480,0.051630,0.021849,0.038438,0.016266
60.73353,0.744436,0.051675,0.021839,0.038469,0.016258
60.73926,0.744392,0.051720,0.021829,0.038500,0.016249
60.74499,0.744349,0.051765,0.021819,0.038532,0.016241
60.75072,0.744305,0.051810,0.021809,0.038563,0.016233
60.75644,0.744262,0.051856,0.021799,0.038594,0.016224
60.76217,0.744218,0.051901,0.021789,0.038625,0.016216
60.76790,0.744174,0.051946,0.021780,0.038657,0.016208
60.77363,0.744131,0.051990,0.021770,0.038688,0.016200
60.77936,0.744087,0.052035,0.021760,0.038719,0.016191
60.78509,0.744043,0.052080,0.021750,0.038750,0.016183
60.79082,0.744000,0.052125,0.021740,0.038781,0.016175
60.79655,0.743956,0.052170,0.021730,0.038812,0.016166
60.80228,0.743912,0.052215,0.021720,0.038843,0.016158
60.80801,0.743869,0.052260,0.021711,0.038874,0.016150
60.81374,0.743825,0.052304,0.021701,0.038905,0.016142
60.81947,0.743781,0.052349,0.021691,0.038936,0.016133
60.82520,0.743738,0.052394,0.021681,0.038967,0.016125
60.83093,0.743694,0.052438,0.021671,0.038998,0.016117
60.83666,0.743651,0.052483,0.021661,0.039029,0.016108
60.84239,0.743607,0.052528,0.021651,0.039060,0.016100
60.84812,0.743563,0.052572,0.021641,0.039091,0.016092
60.85385,0.743520,0.052617,0.021631,0.039122,0.016083
60.85958,0.743476,0.052661,0.021622,0.039152,0.016075
60.86531,0.743432,0.052706,0.021612,0.039183,0.016067
60.87104,0.743389,0.052750,0.021602,0.039214,0.016059
60.87677,0.743345,0.052795,0.021592,0.039245,0.016050
60.88250,0.743301,0.052839,0.021582,0.039275,0.016042
60.88822,0.743257,0.052883,0.021572,0.039306,0.016034
60.89395,0.743214,0.052928,0.021562,0.039337,0.016025
60.89968,0.743170,0.052972,0.021552,0.039367,0.016017
60.90541,0.743126,0.053016,0.021542,0.039398,0.016009
60.91114,0.743083,0.053061,0.021532,0.039428,0.016000
60.91687,0.743039,0.053105,0.021522,0.039459,0.015992
60.92260,0.742995,0.053149,0.021512,0.039489,0.015984
60.92833,0.742952,0.053193,0.021503,0.039520,0.015975
60.93406,0.742908,0.053237,0.021493,0.039550,0.015967
60.93979,0.742864,0.053281,0.021483,0.039581,0.015959
60.94552,0.742821,0.053325,0.021473,0.039611,0.015950
60.95125,0.742777,0.053369,0.021463,0.039642,0.015942
60.95698,0.742733,0.053414,0.021453,0.039672,0.015934
60.96271,0.742689,0.053457,0.021443,0.039702,0.015925
60.96844,0.742646,0.053501,0.021433,0.039733,0.015917
60.97417,0.742602,0.053545,0.021423,0.039763,0.015909
60.97990,0.742558,0.053589,0.021413,0.039793,0.015900
60.98563,0.742514,0.053633,0.021403,0.039823,0.015892
60.99136,0.742471,0.053677,0.021393,0.039854,0.015884
60.99709,0.742427,0.053721,0.021383,0.039884,0.015875
61.00282,0.742383,0.053765,0.021373,0.039914,0.015867
61.00855,0.742340,0.053808,0.021363,0.039944,0.015859
61.01428,0.742296,0.053852,0.021353,0.039974,0.015850
61.02001,0.742252,0.053896,0.021343,0.040004,0.015842
61.02573,0.742208,0.053939,0.021333,0.040034,0.015834
61.03146,0.742165,0.053983,0.021323,0.040064,0.015825
61.03719,0.742121,0.054027,0.021313,0.040094,0.015817
61.04292,0.742077,0.054070,0.021303,0.040124,0.015809
61.04865,0.742033,0.054114,0.021293,0.040154,0.015800
61.05438,0.741990,0.054157,0.021283,0.040184,0.015792
61.06011,0.741946,0.054201,0.021273,0.040214,0.015784
61.06584,0.741902,0.054244,0.021263,0.040244,0.015775
61.07157,0.741858,0.054288,0.021253,0.040274,0.015767
61.07730,0.741815,0.054331,0.021243,0.040304,0.015759
61.08303,0.741771,0.054374,0.021233,0.040333,0.015750
61.08876,0.741727,0.054418,0.021223,0.040363,0.015742
61.09449,0.741683,0.054461,0.021213,0.040393,0.015734
61.10022,0.741640,0.054504,0.021203,0.040423,0.015725
61.10595,0.741596,0.054548,0.021193,0.040452,0.015717
61.11168,0.741552,0.054591,0.021183,0.040482,0.015709
61.11741,0.741508,0.054634,0.021173,0.040512,0.015700
61.12314,0.741464,0.054677,0.021163,0.040541,0.015692
61.12887,0.741421,0.054720,0.021153,0.040571,0.015683
61.13460,0.741377,0.054764,0.021143,0.040600,0.015675
61.14033,0.741333,0.054807,0.021133,0.040630,0.015667
61.14606,0.741289,0.054850,0.021123,0.040659,0.015658
61.15179,0.741245,0.054893,0.021113,0.040689,0.015650
61.15752,0.741202,0.054936,0.021103,0.040718,0.015642
61.16324,0.741158,0.054979,0.021093,0.040748,0.015633
61.16897,0.741114,0.055022,0.021083,0.040777,0.015625
61.17470,0.741070,0.055064,0.021073,0.040807,0.015617
61.18043,0.741026,0.055107,0.021063,0.040836,0.015608
61.18616,0.740983,0.055150,0.021053,0.040865,0.015600
61.19189,0.740939,0.055193,0.021043,0.040895,0.015591
61.19762,0.740895,0.055236,0.021033,0.040924,0.015583
61.20335,0.740851,0.055279,0.021023,0.040953,0.015575
61.20908,0.740807,0.055321,0.021013,0.040982,0.015566
61.21481,0.740764,0.055364,0.021003,0.041012,0.015558
61.22054,0.740720,0.055407,0.020993,0.041041,0.015550
61.22627,0.740676,0.055449,0.020983,0.041070,0.015541
61.23200,0.740632,0.055492,0.020972,0.041099,0.015533
61.23773,0.740588,0.055534,0.020962,0.041128,0.015524
61.24346,0.740544,0.055577,0.020952,0.041157,0.015516
61.24919,0.740501,0.055620,0.020942,0.041186,0.015508
61.25492,0.740457,0.055662,0.020932,0.041215,0.015499
61.26065,0.740413,0.055705,0.020922,0.041244,0.015491
61.26638,0.740369,0.055747,0.020912,0.041273,0.015483
61.27211,0.740325,0.055789,0.020902,0.041302,0.015474
61.27784,0.740281,0.055832,0.020892,0.041331,0.015466
61.28357,0.740238,0.055874,0.020882,0.041360,0.015457
61.28930,0.740194,0.055916,0.020872,0.041389,0.015449
61.29502,0.740150,0.055959,0.020862,0.041418,0.015441
61.30075,0.740106,0.056001,0.020851,0.041447,0.015432
61.30648,0.740062,0.056043,0.020841,0.041475,0.015424
61.31221,0.740018,0.056085,0.020831,0.041504,0.015416
61.31794,0.739974,0.056128,0.020821,0.041533,0.015407
61.32367,0.739931,0.056170,0.020811,0.041562,0.015399
61.32940,0.739887,0.056212,0.020801,0.041590,0.015390
61.33513,0.739843,0.056254,0.020791,0.041619,0.015382
61.34086,0.739799,0.056296,0.020781,0.041648,0.015374
61.34659,0.739755,0.056338,0.020771,0.041676,0.015365
61.35232,0.739711,0.056380,0.020761,0.041705,0.015357
61.35805,0.739667,0.056422,0.020750,0.041734,0.015348
61.36378,0.739623,0.056464,0.020740,0.041762,0.015340
61.36951,0.739580,0.056506,0.020730,0.041791,0.015332
61.37524,0.739536,0.056548,0.020720,0.041819,0.015323
61.38097,0.739492,0.056590,0.020710,0.041848,0.015315
61.38670,0.739448,0.056631,0.020700,0.041876,0.015306
61.39243,0.739404,0.056673,0.020690,0.041904,0.015298
61.39816,0.739360,0.056715,0.020680,0.041933,0.015290
61.40389,0.739316,0.056757,0.020669,0.041961,0.015281
61.40962,0.739272,0.056798,0.020659,0.041990,0.015273
61.41535,0.739228,0.056840,0.020649,0.042018,0.015264
61.42108,0.739184,0.056882,0.020639,0.042046,0.015256
61.42681,0.739141,0.056923,0.020629,0.042074,0.015248
61.43253,0.739097,0.056965,0.020619,0.042103,0.015239
61.43826,0.739053,0.057007,0.020609,0.042131,0.015231
61.44399,0.739009,0.057048,0.020598,0.042159,0.015222
61.44972,0.738965,0.057090,0.020588,0.042187,0.015214
61.45545,0.738921,0.057131,0.020578,0.042215,0.015206
61.46118,0.738877,0.057173,0.020568,0.042243,0.015197
61.46691,0.738833,0.057214,0.020558,0.042272,0.015189
61.47264,0.738789,0.057255,0.020548,0.042300,0.015180
61.47837,0.738745,0.057297,0.020537,0.042328,0.015172
61.48410,0.738701,0.057338,0.020527,0.042356,0.015164
61.48983,0.738657,0.057379,0.020517,0.042384,0.015155
61.49556,0.738613,0.057421,0.020507,0.042412,0.015147
61.50129,0.738569,0.057462,0.020497,0.042440,0.015138
61.50702,0.738526,0.057503,0.020487,0.042467,0.015130
61.51275,0.738482,0.057544,0.020476,0.042495,0.015121
61.51848,0.738438,0.057585,0.020466,0.042523,0.015113
61.52421,0.738394,0.057626,0.020456,0.042551,0.015105
61.52994,0.738350,0.057668,0.020446,0.042579,0.015096
61.53567,0.738306,0.057709,0.020436,0.042607,0.015088
61.54140,0.738262,0.057750,0.020425,0.042634,0.015079
61.54713,0.738218,0.057791,0.020415,0.042662,0.015071
61.55286,0.738174,0.057832,0.020405,0.042690,0.015063
61.55859,0.738130,0.057873,0.020395,0.042718,0.015054
61.56432,0.738086,0.057914,0.020385,0.042745,0.015046
61.57004,0.738042,0.057954,0.020375,0.042773,0.015037
61.57577,0.737998,0.057995,0.020364,0.042800,0.015029
61.58150,0.737954,0.058036,0.020354,0.042828,0.015020
61.58723,0.737910,0.058077,0.020344,0.042856,0.015012
61.59296,0.737866,0.058118,0.020334,0.042883,0.015004
61.59869,0.737822,0.058158,0.020324,0.042911,0.014995
61.60442,0.737778,0.058199,0.020313,0.042938,0.014987
61.61015,0.737734,0.058240,0.020303,0.042966,0.014978
61.61588,0.737690,0.058281,0.020293,0.042993,0.014970
61.62161,0.737646,0.058321,0.020283,0.043020,0.014961
61.62734,0.737602,0.058362,0.020272,0.043048,0.014953
61.63307,0.737558,0.058402,0.020262,0.043075,0.014945
61.63880,0.737514,0.058443,0.020252,0.043102,0.014936
61.64453,0.737470,0.058483,0.020242,0.043130,0.014928
61.65026,0.737426,0.058524,0.020232,0.043157,0.014919
61.65599,0.737382,0.058564,0.020221,0.043184,0.014911
61.66172,0.737338,0.058605,0.020211,0.043212,0.014902
61.66745,0.737294,0.058645,0.020201,0.043239,0.014894
61.67318,0.737250,0.058686,0.020191,0.043266,0.014886
61.67891,0.737206,0.058726,0.020180,0.043293,0.014877
61.68464,0.737162,0.058766,0.020170,0.043320,0.014869
61.69037,0.737118,0.058806,0.020160,0.043347,0.014860
61.69610,0.737074,0.058847,0.020150,0.043374,0.014852
61.70182,0.737030,0.058887,0.020139,0.043401,0.014843
61.70755,0.736986,0.058927,0.020129,0.043428,0.014835
61.71328,0.736942,0.058967,0.020119,0.043455,0.014827
61.71901,0.736898,0.059007,0.020109,0.043482,0.014818
61.72474,0.736854,0.059048,0.020099,0.043509,0.014810
61.73047,0.736810,0.059088,0.020088,0.043536,0.014801
61.73620,0.736766,0.059128,0.020078,0.043563,0.014793
61.74193,0.736722,0.059168,0.020068,0.043590,0.014784
61.74766,0.736678,0.059208,0.020057,0.043617,0.014776
61.75339,0.736634,0.059248,0.020047,0.043644,0.014767
61.75912,0.736590,0.059288,0.020037,0.043671,0.014759
61.76485,0.736546,0.059327,0.020027,0.043697,0.014751
61.77058,0.736502,0.059367,0.020016,0.043724,0.014742
61.77631,0.736458,0.059407,0.020006,0.043751,0.014734
61.78204,0.736414,0.059447,0.019996,0.043778,0.014725
61.78777,0.736369,0.059487,0.019986,0.043804,0.014717
61.79350,0.736325,0.059527,0.019975,0.043831,0.014708
61.79923,0.736281,0.059566,0.019965,0.043858,0.014700
61.80496,0.736237,0.059606,0.019955,0.043884,0.014692
61.81069,0.736193,0.059646,0.019945,0.043911,0.014683
61.81642,0.736149,0.059685,0.019934,0.043937,0.014675
61.82215,0.736105,0.059725,0.019924,0.043964,0.014666
61.82788,0.736061,0.059764,0.019914,0.043990,0.014658
61.83361,0.736017,0.059804,0.019903,0.044017,0.014649
61.83933,0.735973,0.059844,0.019893,0.044043,0.014641
61.84506,0.735929,0.059883,0.019883,0.044070,0.014632
61.85079,0.735885,0.059923,0.019873,0.044096,0.014624
61.85652,0.735841,0.059962,0.019862,0.044122,0.014615
61.86225,0.735796,0.060001,0.019852,0.044149,0.014607
61.86798,0.735752,0.060041,0.019842,0.044175,0.014599
61.87371,0.735708,0.060080,0.019831,0.044201,0.014590
61.87944,0.735664,0.060119,0.019821,0.044228,0.014582
61.88517,0.735620,0.060159,0.019811,0.044254,0.014573
61.89090,0.735576,0.060198,0.019801,0.044280,0.014565
61.89663,0.735532,0.060237,0.019790,0.044306,0.014556
61.90236,0.735488,0.060276,0.019780,0.044333,0.014548
61.90809,0.735444,0.060316,0.019770,0.044359,0.014539
61.91382,0.735400,0.060355,0.019759,0.044385,0.014531
61.91955,0.735355,0.060394,0.019749,0.044411,0.014523
61.92528,0.735311,0.060433,0.019739,0.044437,0.014514
61.93101,0.735267,0.060472,0.019728,0.044463,0.014506
61.93674,0.735223,0.060511,0.019718,0.044489,0.014497
61.94247,0.735179,0.060550,0.019708,0.044515,0.014489
61.94820,0.735135,0.060589,0.019697,0.044541,0.014480
61.95393,0.735091,0.060628,0.019687,0.044567,0.014472
61.95966,0.735047,0.060667,0.019677,0.044593,0.014463
61.96539,0.735002,0.060706,0.019667,0.044619,0.014455
61.97112,0.734958,0.060745,0.019656,0.044645,0.014446
61.97684,0.734914,0.060784,0.019646,0.044671,0.014438
61.98257,0.734870,0.060822,0.019636,0.044696,0.014430
61.98830,0.734826,0.060861,0.019625,0.044722,0.014421
61.99403,0.734782,0.060900,0.019615,0.044748,0.014413
61.99976,0.734738,0.060939,0.019605,0.044774,0.014404
62.00549,0.734693,0.060977,0.019594,0.044800,0.014396
62.01122,0.734649,0.061016,0.019584,0.044825,0.014387
62.01695,0.734605,0.061055,0.019574,0.044851,0.014379
62.02268,0.734561,0.061093,0.019563,0.044877,0.014370
62.02841,0.734517,0.061132,0.019553,0.044902,0.014362
62.03414,0.734473,0.061170,0.019543,0.044928,0.014353
62.03987,0.734429,0.061209,0.019532,0.044953,0.014345
62.04560,0.734384,0.061247,0.019522,0.044979,0.014337
62.05133,0.734340,0.061286,0.019512,0.045005,0.014328
62.05706,0.734296,0.061324,0.019501,0.045030,0.014320
62.06279,0.734252,0.061362,0.019491,0.045056,0.014311
62.06852,0.734208,0.061401,0.019480,0.045081,0.014303
62.07425,0.734163,0.061439,0.019470,0.045106,0.014294
62.07998,0.734119,0.061478,0.019460,0.045132,0.014286
62.08571,0.734075,0.061516,0.019449,0.045157,0.014277
62.09144,0.734031,0.061554,0.019439,0.045183,0.014269
62.09717,0.733987,0.061592,0.019429,0.045208,0.014260
62.10290,0.733943,0.061630,0.019418,0.045233,0.014252
62.10862,0.733898,0.061669,0.019408,0.045259,0.014244
62.11435,0.733854,0.061707,0.019398,0.045284,0.014235
62.12008,0.733810,0.061745,0.019387,0.045309,0.014227
62.12581,0.733766,0.061783,0.019377,0.045334,0.014218
62.13154,0.733722,0.061821,0.019367,0.045359,0.014210
62.13727,0.733677,0.061859,0.019356,0.045385,0.014201
62.14300,0.733633,0.061897,0.019346,0.045410,0.014193
62.14873,0.733589,0.061935,0.019335,0.045435,0.014184
62.15446,0.733545,0.061973,0.019325,0.045460,0.014176
62.16019,0.733501,0.062011,0.019315,0.045485,0.014167
62.16592,0.733456,0.062049,0.019304,0.045510,0.014159
62.17165,0.733412,0.062087,0.019294,0.045535,0.014150
62.17738,0.733368,0.062124,0.019284,0.045560,0.014142
62.18311,0.733324,0.062162,0.019273,0.045585,0.014134
62.18884,0.733279,0.062200,0.019263,0.045610,0.014125
62.19457,0.733235,0.062238,0.019252,0.045635,0.014117
62.20030,0.733191,0.062275,0.019242,0.045660,0.014108
62.20603,0.733147,0.062313,0.019232,0.045685,0.014100
62.21176,0.733103,0.062351,0.019221,0.045709,0.014091
62.21749,0.733058,0.062388,0.019211,0.045734,0.014083
62.22322,0.733014,0.062426,0.019201,0.045759,0.014074
62.22895,0.732970,0.062463,0.019190,0.045784,0.014066
62.23468,0.732926,0.062501,0.019180,0.045809,0.014057
62.24041,0.732881,0.062538,0.019169,0.045833,0.014049
62.24613,0.732837,0.062576,0.019159,0.045858,0.014040
62.25186,0.732793,0.062613,0.019149,0.045883,0.014032
62.25759,0.732749,0.062651,0.019138,0.045907,0.014023
62.26332,0.732704,0.062688,0.019128,0.045932,0.014015
62.26905,0.732660,0.062726,0.019117,0.045957,0.014007
62.27478,0.732616,0.062763,0.019107,0.045981,0.013998
62.28051,0.732572,0.062800,0.019097,0.046006,0.013990
62.28624,0.732527,0.062837,0.019086,0.046030,0.013981
62.29197,0.732483,0.062875,0.019076,0.046055,0.013973
62.29770,0.732439,0.062912,0.019065,0.046079,0.013964
62.30343,0.732395,0.062949,0.019055,0.046104,0.013956
62.30916,0.732350,0.062986,0.019045,0.046128,0.013947
62.31489,0.732306,0.063023,0.019034,0.046152,0.013939
62.32062,0.732262,0.063061,0.019024,0.046177,0.013930
62.32635,0.732217,0.063098,0.019013,0.046201,0.013922
62.33208,0.732173,0.063135,0.019003,0.046225,0.013913
62.33781,0.732129,0.063172,0.018993,0.046250,0.013905
62.34354,0.732085,0.063209,0.018982,0.046274,0.013897
62.34927,0.732040,0.063246,0.018972,0.046298,0.013888
62.35500,0.731996,0.063283,0.018961,0.046323,0.013880
62.36073,0.731952,0.063319,0.018951,0.046347,0.013871
62.36646,0.731907,0.063356,0.018940,0.046371,0.013863
62.37219,0.731863,0.063393,0.018930,0.046395,0.013854
62.37792,0.731819,0.063430,0.018920,0.046419,0.013846
62.38364,0.731774,0.063467,0.018909,0.046443,0.013837
62.38937,0.731730,0.063503,0.018899,0.046467,0.013829
62.39510,0.731686,0.063540,0.018888,0.046491,0.013820
62.40083,0.731642,0.063577,0.018878,0.046516,0.013812
62.40656,0.731597,0.063614,0.018868,0.046540,0.013803
62.41229,0.731553,0.063650,0.018857,0.046564,0.013795
62.41802,0.731509,0.063687,0.018847,0.046587,0.013787
62.42375,0.731464,0.063723,0.018836,0.046611,0.013778
62.42948,0.731420,0.063760,0.018826,0.046635,0.013770
62.43521,0.731376,0.063797,0.018815,0.046659,0.013761
62.44094,0.731331,0.063833,0.018805,0.046683,0.013753
62.44667,0.731287,0.063869,0.018795,0.046707,0.013744
62.45240,0.731243,0.063906,0.018784,0.046731,0.013736
62.45813,0.731198,0.063942,0.018774,0.046755,0.013727
62.46386,0.731154,0.063979,0.018763,0.046778,0.013719
62.46959,0.731110,0.064015,0.018753,0.046802,0.013710
62.47532,0.731065,0.064051,0.018742,0.046826,0.013702
62.48105,0.731021,0.064088,0.018732,0.046849,0.013693
62.48678,0.730977,0.064124,0.018721,0.046873,0.013685
62.49251,0.730932,0.064160,0.018711,0.046897,0.013676
62.49824,0.730888,0.064196,0.018701,0.046920,0.013668
62.50397,0.730844,0.064233,0.018690,0.046944,0.013660
62.50970,0.730799,0.064269,0.018680,0.046968,0.013651
62.51543,0.730755,0.064305,0.018669,0.046991,0.013643
62.52115,0.730711,0.064341,0.018659,0.047015,0.013634
62.52688,0.730666,0.064377,0.018648,0.047038,0.013626
62.53261,0.730622,0.064413,0.018638,0.047062,0.013617
62.53834,0.730577,0.064449,0.018627,0.047085,0.013609
62.54407,0.730533,0.064485,0.018617,0.047108,0.013600
62.54980,0.730489,0.064521,0.018607,0.047132,0.013592
62.55553,0.730444,0.064557,0.018596,0.047155,0.013583
62.56126,0.730400,0.064593,0.018586,0.047179,0.013575
62.56699,0.730356,0.064629,0.018575,0.047202,0.013566
62.57272,0.730311,0.064665,0.018565,0.047225,0.013558
62.57845,0.730267,0.064700,0.018554,0.047249,0.013550
62.58418,0.730222,0.064736,0.018544,0.047272,0.013541
62.58991,0.730178,0.064772,0.018533,0.047295,0.013533
62.59564,0.730134,0.064808,0.018523,0.047318,0.013524
62.60137,0.730089,0.064843,0.018512,0.047341,0.013516
62.60710,0.730045,0.064879,0.018502,0.047365,0.013507
62.61283,0.730001,0.064915,0.018491,0.047388,0.013499
62.61856,0.729956,0.064950,0.018481,0.047411,0.013490
62.62429,0.729912,0.064986,0.018471,0.047434,0.013482
62.63002,0.729867,0.065021,0.018460,0.047457,0.013473
62.63575,0.729823,0.065057,0.018450,0.047480,0.013465
62.64148,0.729778,0.065092,0.018439,0.047503,0.013456
62.64721,0.729734,0.065128,0.018429,0.047526,0.013448
62.65293,0.729690,0.065163,0.018418,0.047549,0.013440
62.65866,0.729645,0.065199,0.018408,0.047572,0.013431
62.66439,0.729601,0.065234,0.018397,0.047595,0.013423
62.67012,0.729556,0.065270,0.018387,0.047618,0.013414
62.67585,0.729512,0.065305,0.018376,0.047641,0.013406
62.68158,0.729468,0.065340,0.018366,0.047664,0.013397
62.68731,0.729423,0.065375,0.018355,0.047686,0.013389
62.69304,0.729379,0.065411,0.018345,0.047709,0.013380
62.69877,0.729334,0.065446,0.018334,0.047732,0.013372
62.70450,0.729290,0.065481,0.018324,0.047755,0.013363
62.71023,0.729245,0.065516,0.018313,0.047777,0.013355
62.71596,0.729201,0.065551,0.018303,0.047800,0.013347
62.72169,0.729157,0.065586,0.018292,0.047823,0.013338
62.72742,0.729112,0.065622,0.018282,0.047845,0.013330
62.73315,0.729068,0.065657,0.018271,0.047868,0.013321
62.73888,0.729023,0.065692,0.018261,0.047891,0.013313
62.74461,0.728979,0.065727,0.018251,0.047913,0.013304
62.75034,0.728934,0.065762,0.018240,0.047936,0.013296
62.75607,0.728890,0.065796,0.018230,0.047958,0.013287
62.76180,0.728845,0.065831,0.018219,0.047981,0.013279
62.76753,0.728801,0.065866,0.018209,0.048003,0.013270
62.77326,0.728757,0.065901,0.018198,0.048026,0.013262
62.77899,0.728712,0.065936,0.018188,0.048048,0.013254
62.78472,0.728668,0.065971,0.018177,0.048071,0.013245
62.79044,0.728623,0.066005,0.018167,0.048093,0.013237
62.79617,0.728579,0.066040,0.018156,0.048115,0.013228
62.80190,0.728534,0.066075,0.018146,0.048138,0.013220
62.80763,0.728490,0.066110,0.018135,0.048160,0.013211
62.81336,0.728445,0.066144,0.018125,0.048182,0.013203
62.81909,0.728401,0.066179,0.018114,0.048205,0.013194
62.82482,0.728356,0.066213,0.018104,0.048227,0.013186
62.83055,0.728312,0.066248,0.018093,0.048249,0.013177
62.83628,0.728267,0.066283,0.018083,0.048271,0.013169
62.84201,0.728223,0.066317,0.018072,0.048294,0.013161
62.84774,0.728178,0.066351,0.018062,0.048316,0.013152
62.85347,0.728134,0.066386,0.018051,0.048338,0.013144
62.85920,0.728089,0.066420,0.018041,0.048360,0.013135
62.86493,0.728045,0.066455,0.018030,0.048382,0.013127
62.87066,0.728000,0.066489,0.018020,0.048404,0.013118
62.87639,0.727956,0.066523,0.018009,0.048426,0.013110
62.88212,0.727911,0.066558,0.017999,0.048448,0.013101
62.88785,0.727867,0.066592,0.017988,0.048470,0.013093
62.89358,0.727822,0.066626,0.017978,0.048492,0.013085
62.89931,0.727778,0.066661,0.017967,0.048514,0.013076
62.90504,0.727733,0.066695,0.017957,0.048536,0.013068
62.91077,0.727689,0.066729,0.017946,0.048558,0.013059
62.91650,0.727644,0.066763,0.017936,0.048580,0.013051
62.92223,0.727600,0.066797,0.017925,0.048602,0.013042
62.92795,0.727555,0.066831,0.017915,0.048623,0.013034
62.93368,0.727511,0.066865,0.017904,0.048645,0.013025
62.93941,0.727466,0.066899,0.017894,0.048667,0.013017
62.94514,0.727422,0.066933,0.017883,0.048689,0.013009
62.95087,0.727377,0.066967,0.017873,0.048710,0.013000
62.95660,0.727333,0.067001,0.017862,0.048732,0.012992
62.96233,0.727288,0.067035,0.017852,0.048754,0.012983
62.96806,0.727244,0.067069,0.017841,0.048775,0.012975
62.97379,0.727199,0.067103,0.017830,0.048797,0.012966
62.97952,0.727154,0.067137,0.017820,0.048819,0.012958
62.98525,0.727110,0.067170,0.017809,0.048840,0.012949
62.99098,0.727065,0.067204,0.017799,0.048862,0.012941
62.99671,0.727021,0.067238,0.017788,0.048883,0.012933
63.00244,0.726976,0.067272,0.017778,0.048905,0.012924
63.00817,0.726932,0.067305,0.017767,0.048926,0.012916
63.01390,0.726887,0.067339,0.017757,0.048948,0.012907
63.01963,0.726843,0.067373,0.017746,0.048969,0.012899
63.02536,0.726798,0.067406,0.017736,0.048991,0.012890
63.03109,0.726753,0.067440,0.017725,0.049012,0.012882
63.03682,0.726709,0.067473,0.017715,0.049034,0.012873
63.04255,0.726664,0.067507,0.017704,0.049055,0.012865
63.04828,0.726620,0.067540,0.017694,0.049076,0.012857
63.05401,0.726575,0.067574,0.017683,0.049098,0.012848
63.05973,0.726531,0.067607,0.017673,0.049119,0.012840
63.06546,0.726486,0.067641,0.017662,0.049140,0.012831
63.07119,0.726442,0.067674,0.017652,0.049161,0.012823
63.07692,0.726397,0.067707,0.017641,0.049182,0.012814
63.08265,0.726352,0.067741,0.017631,0.049204,0.012806
63.08838,0.726308,0.067774,0.017620,0.049225,0.012798
63.09411,0.726263,0.067807,0.017610,0.049246,0.012789
63.09984,0.726219,0.067841,0.017599,0.049267,0.012781
63.10557,0.726174,0.067874,0.017588,0.049288,0.012772
63.11130,0.726129,0.067907,0.017578,0.049309,0.012764
63.11703,0.726085,0.067940,0.017567,0.049330,0.012755
63.12276,0.726040,0.067973,0.017557,0.049351,0.012747
63.12849,0.725996,0.068006,0.017546,0.049372,0.012739
63.13422,0.725951,0.068039,0.017536,0.049393,0.012730
63.13995,0.725906,0.068072,0.017525,0.049414,0.012722
63.14568,0.725862,0.068105,0.017515,0.049435,0.012713
63.15141,0.725817,0.068138,0.017504,0.049456,0.012705
63.15714,0.725773,0.068171,0.017494,0.049477,0.012696
63.16287,0.725728,0.068204,0.017483,0.049498,0.012688
63.16860,0.725683,0.068237,0.017473,0.049519,0.012680
63.17433,0.725639,0.068270,0.017462,0.049539,0.012671
63.18006,0.725594,0.068303,0.017452,0.049560,0.012663
63.18579,0.725549,0.068336,0.017441,0.049581,0.012654
63.19152,0.725505,0.068369,0.017430,0.049602,0.012646
63.19724,0.725460,0.068401,0.017420,0.049622,0.012637
63.20297,0.725416,0.068434,0.017409,0.049643,0.012629
63.20870,0.725371,0.068467,0.017399,0.049664,0.012621
63.21443,0.725326,0.068499,0.017388,0.049684,0.012612
63.22016,0.725282,0.068532,0.017378,0.049705,0.012604
63.22589,0.725237,0.068565,0.017367,0.049726,0.012595
63.23162,0.725192,0.068597,0.017357,0.049746,0.012587
63.23735,0.725148,0.068630,0.017346,0.049767,0.012579
63.24308,0.725103,0.068662,0.017336,0.049787,0.012570
63.24881,0.725058,0.068695,0.017325,0.049808,0.012562
63.25454,0.725014,0.068727,0.017315,0.049828,0.012553
63.26027,0.724969,0.068760,0.017304,0.049849,0.012545
63.26600,0.724925,0.068792,0.017293,0.049869,0.012536
63.27173,0.724880,0.068825,0.017283,0.049890,0.012528
63.27746,0.724835,0.068857,0.017272,0.049910,0.012520
63.28319,0.724791,0.068889,0.017262,0.049930,0.012511
63.28892,0.724746,0.068922,0.017251,0.049951,0.012503
63.29465,0.724701,0.068954,0.017241,0.049971,0.012494
63.30038,0.724657,0.068986,0.017230,0.049991,0.012486
63.30611,0.724612,0.069018,0.017220,0.050012,0.012478
63.31184,0.724567,0.069051,0.017209,0.050032,0.012469
63.31757,0.724523,0.069083,0.017199,0.050052,0.012461
63.32330,0.724478,0.069115,0.017188,0.050072,0.012452
63.32903,0.724433,0.069147,0.017177,0.050092,0.012444
63.33475,0.724389,0.069179,0.017167,0.050113,0.012436
63.34048,0.724344,0.069211,0.017156,0.050133,0.012427
63.34621,0.724299,0.069243,0.017146,0.050153,0.012419
63.35194,0.724254,0.069275,0.017135,0.050173,0.012410
63.35767,0.724210,0.069307,0.017125,0.050193,0.012402
63.36340,0.724165,0.069339,0.017114,0.050213,0.012394
63.36913,0.724120,0.069371,0.017104,0.050233,0.012385
63.37486,0.724076,0.069403,0.017093,0.050253,0.012377
63.38059,0.724031,0.069435,0.017083,0.050273,0.012368
63.38632,0.723986,0.069467,0.017072,0.050293,0.012360
63.39205,0.723942,0.069499,0.017061,0.050313,0.012352
63.39778,0.723897,0.069530,0.017051,0.050333,0.012343
63.40351,0.723852,0.069562,0.017040,0.050353,0.012335
63.40924,0.723807,0.069594,0.017030,0.050373,0.012326
63.41497,0.723763,0.069626,0.017019,0.050392,0.012318
63.42070,0.723718,0.069657,0.017009,0.050412,0.012310
63.42643,0.723673,0.069689,0.016998,0.050432,0.012301
63.43216,0.723629,0.069721,0.016988,0.050452,0.012293
63.43789,0.723584,0.069752,0.016977,0.050472,0.012284
63.44362,0.723539,0.069784,0.016967,0.050491,0.012276
63.44935,0.723494,0.069815,0.016956,0.050511,0.012268
63.45508,0.723450,0.069847,0.016945,0.050531,0.012259
63.46081,0.723405,0.069878,0.016935,0.050550,0.012251
63.46653,0.723360,0.069910,0.016924,0.050570,0.012242
63.47226,0.723315,0.069941,0.016914,0.050590,0.012234
63.47799,0.723271,0.069973,0.016903,0.050609,0.012226
63.48372,0.723226,0.070004,0.016893,0.050629,0.012217
63.48945,0.723181,0.070035,0.016882,0.050648,0.012209
63.49518,0.723137,0.070067,0.016872,0.050668,0.012200
63.50091,0.723092,0.070098,0.016861,0.050687,0.012192
63.50664,0.723047,0.070129,0.016850,0.050707,0.012184
63.51237,0.723002,0.070160,0.016840,0.050726,0.012175
63.51810,0.722958,0.070192,0.016829,0.050746,0.012167
63.52383,0.722913,0.070223,0.016819,0.050765,0.012159
63.52956,0.722868,0.070254,0.016808,0.050784,0.012150
63.53529,0.722823,0.070285,0.016798,0.050804,0.012142
63.54102,0.722778,0.070316,0.016787,0.050823,0.012133
63.54675,0.722734,0.070347,0.016777,0.050842,0.012125
63.55248,0.722689,0.070378,0.016766,0.050862,0.012117
63.55821,0.722644,0.070409,0.016755,0.050881,0.012108
63.56394,0.722599,0.070440,0.016745,0.050900,0.012100
63.56967,0.722555,0.070471,0.016734,0.050919,0.012091
63.57540,0.722510,0.070502,0.016724,0.050938,0.012083
63.58113,0.722465,0.070533,0.016713,0.050958,0.012075
63.58686,0.722420,0.070564,0.016703,0.050977,0.012066
63.59259,0.722376,0.070595,0.016692,0.050996,0.012058
63.59832,0.722331,0.070626,0.016682,0.051015,0.012050
63.60404,0.722286,0.070656,0.016671,0.051034,0.012041
63.60977,0.722241,0.070687,0.016660,0.051053,0.012033
63.61550,0.722196,0.070718,0.016650,0.051072,0.012024
63.62123,0.722152,0.070749,0.016639,0.051091,0.012016
63.62696,0.722107,0.070779,0.016629,0.051110,0.012008
63.63269,0.722062,0.070810,0.016618,0.051129,0.011999
63.63842,0.722017,0.070841,0.016608,0.051148,0.011991
63.64415,0.721972,0.070871,0.016597,0.051167,0.011983
63.64988,0.721928,0.070902,0.016587,0.051186,0.011974
63.65561,0.721883,0.070932,0.016576,0.051205,0.011966
63.66134,0.721838,0.070963,0.016565,0.051224,0.011958
63.66707,0.721793,0.070993,0.016555,0.051242,0.011949
63.67280,0.721748,0.071024,0.016544,0.051261,0.011941
63.67853,0.721704,0.071054,0.016534,0.051280,0.011932
63.68426,0.721659,0.071085,0.016523,0.051299,0.011924
63.68999,0.721614,0.071115,0.016513,0.051318,0.011916
63.69572,0.721569,0.071145,0.016502,0.051336,0.011907
63.70145,0.721524,0.071176,0.016492,0.051355,0.011899
63.70718,0.721479,0.071206,0.016481,0.051374,0.011891
63.71291,0.721435,0.071236,0.016470,0.051392,0.011882
63.71864,0.721390,0.071266,0.016460,0.051411,0.011874
63.72437,0.721345,0.071297,0.016449,0.051430,0.011866
63.73010,0.721300,0.071327,0.016439,0.051448,0.011857
63.73583,0.721255,0.071357,0.016428,0.051467,0.011849
63.74155,0.721210,0.071387,0.016418,0.051485,0.011841
63.74728,0.721166,0.071417,0.016407,0.051504,0.011832
63.75301,0.721121,0.071447,0.016397,0.051522,0.011824
63.75874,0.721076,0.071477,0.016386,0.051541,0.011816
63.76447,0.721031,0.071507,0.016375,0.051559,0.011807
63.77020,0.720986,0.071537,0.016365,0.051578,0.011799
63.77593,0.720941,0.071567,0.016354,0.051596,0.011790
63.78166,0.720897,0.071597,0.016344,0.051614,0.011782
63.78739,0.720852,0.071627,0.016333,0.051633,0.011774
63.79312,0.720807,0.071657,0.016323,0.051651,0.011765
63.79885,0.720762,0.071687,0.016312,0.051669,0.011757
63.80458,0.720717,0.071717,0.016302,0.051688,0.011749
63.81031,0.720672,0.071747,0.016291,0.051706,0.011740
63.81604,0.720627,0.071776,0.016280,0.051724,0.011732
63.82177,0.720582,0.071806,0.016270,0.051742,0.011724
63.82750,0.720538,0.071836,0.016259,0.051760,0.011715
63.83323,0.720493,0.071866,0.016249,0.051779,0.011707
63.83896,0.720448,0.071895,0.016238,0.051797,0.011699
63.84469,0.720403,0.071925,0.016228,0.051815,0.011690
63.85042,0.720358,0.071955,0.016217,0.051833,0.011682
63.85615,0.720313,0.071984,0.016206,0.051851,0.011674
63.86188,0.720268,0.072014,0.016196,0.051869,0.011665
63.86761,0.720223,0.072043,0.016185,0.051887,0.011657
63.87334,0.720179,0.072073,0.016175,0.051905,0.011649
63.87906,0.720134,0.072102,0.016164,0.051923,0.011640
63.88479,0.720089,0.072132,0.016154,0.051941,0.011632
63.89052,0.720044,0.072161,0.016143,0.051959,0.011624
63.89625,0.719999,0.072191,0.016133,0.051977,0.011615
63.90198,0.719954,0.072220,0.016122,0.051995,0.011607
63.90771,0.719909,0.072249,0.016111,0.052013,0.011599
63.91344,0.719864,0.072279,0.016101,0.052031,0.011590
63.91917,0.719819,0.072308,0.016090,0.052049,0.011582
63.92490,0.719774,0.072337,0.016080,0.052066,0.011574
63.93063,0.719730,0.072366,0.016069,0.052084,0.011566
63.93636,0.719685,0.072396,0.016059,0.052102,0.011557
63.94209,0.719640,0.072425,0.016048,0.052120,0.011549
63.94782,0.719595,0.072454,0.016038,0.052137,0.011541
63.95355,0.719550,0.072483,0.016027,0.052155,0.011532
63.95928,0.719505,0.072512,0.016016,0.052173,0.011524
63.96501,0.719460,0.072541,0.016006,0.052191,0.011516
63.97074,0.719415,0.072570,0.015995,0.052208,0.011507
63.97647,0.719370,0.072599,0.015985,0.052226,0.011499
63.98220,0.719325,0.072628,0.015974,0.052243,0.011491
63.98793,0.719280,0.072657,0.015964,0.052261,0.011482
63.99366,0.719235,0.072686,0.015953,0.052279,0.011474
63.99939,0.719190,0.072715,0.015943,0.052296,0.011466
64.00512,0.719145,0.072744,0.015932,0.052314,0.011457
64.01084,0.719101,0.072773,0.015922,0.052331,0.011449
64.01657,0.719056,0.072802,0.015911,0.052348,0.011441
64.02230,0.719011,0.072831,0.015900,0.052366,0.011433
64.02803,0.718966,0.072859,0.015890,0.052383,0.011424
64.03376,0.718921,0.072888,0.015879,0.052401,0.011416
64.03949,0.718876,0.072917,0.015869,0.052418,0.011408
64.04522,0.718831,0.072945,0.015858,0.052435,0.011399
64.05095,0.718786,0.072974,0.015848,0.052453,0.011391
64.05668,0.718741,0.073003,0.015837,0.052470,0.011383
64.06241,0.718696,0.073031,0.015827,0.052487,0.011374
64.06814,0.718651,0.073060,0.015816,0.052505,0.011366
64.07387,0.718606,0.073089,0.015805,0.052522,0.011358
64.07960,0.718561,0.073117,0.015795,0.052539,0.011350
64.08533,0.718516,0.073146,0.015784,0.052556,0.011341
64.09106,0.718471,0.073174,0.015774,0.052573,0.011333
64.09679,0.718426,0.073203,0.015763,0.052591,0.011325
64.10252,0.718381,0.073231,0.015753,0.052608,0.011316
64.10825,0.718336,0.073259,0.015742,0.052625,0.011308
64.11398,0.718291,0.073288,0.015732,0.052642,0.011300
64.11971,0.718246,0.073316,0.015721,0.052659,0.011292
64.12544,0.718201,0.073344,0.015711,0.052676,0.011283
64.13117,0.718156,0.073373,0.015700,0.052693,0.011275
64.13690,0.718111,0.073401,0.015689,0.052710,0.011267
64.14263,0.718066,0.073429,0.015679,0.052727,0.011258
64.14835,0.718021,0.073457,0.015668,0.052744,0.011250
64.15408,0.717976,0.073486,0.015658,0.052761,0.011242
64.15981,0.717931,0.073514,0.015647,0.052778,0.011234
64.16554,0.717886,0.073542,0.015637,0.052795,0.011225
64.17127,0.717841,0.073570,0.015626,0.052812,0.011217
64.17700,0.717796,0.073598,0.015616,0.052828,0.011209
64.18273,0.717751,0.073626,0.015605,0.052845,0.011201
64.18846,0.717706,0.073654,0.015594,0.052862,0.011192
64.19419,0.717661,0.073682,0.015584,0.052879,0.011184
64.19992,0.717616,0.073710,0.015573,0.052896,0.011176
64.20565,0.717571,0.073738,0.015563,0.052912,0.011167
64.21138,0.717526,0.073766,0.015552,0.052929,0.011159
64.21711,0.717481,0.073794,0.015542,0.052946,0.011151
64.22284,0.717436,0.073822,0.015531,0.052962,0.011143
64.22857,0.717391,0.073850,0.015521,0.052979,0.011134
64.23430,0.717346,0.073877,0.015510,0.052996,0.011126
64.24003,0.717301,0.073905,0.015500,0.053012,0.011118
64.24576,0.717256,0.073933,0.015489,0.053029,0.011110
64.25149,0.717211,0.073961,0.015479,0.053045,0.011101
64.25722,0.717166,0.073988,0.015468,0.053062,0.011093
64.26295,0.717121,0.074016,0.015457,0.053079,0.011085
64.26868,0.717076,0.074044,0.015447,0.053095,0.011077
64.27441,0.717031,0.074071,0.015436,0.053111,0.011068
64.28014,0.716986,0.074099,0.015426,0.053128,0.011060
64.28586,0.716941,0.074127,0.015415,0.053144,0.011052
64.29159,0.716896,0.074154,0.015405,0.053161,0.011044
64.29732,0.716851,0.074182,0.015394,0.053177,0.011035
64.30305,0.716806,0.074209,0.015384,0.053194,0.011027
64.30878,0.716760,0.074237,0.015373,0.053210,0.011019
64.31451,0.716715,0.074264,0.015363,0.053226,0.011011
64.32024,0.716670,0.074291,0.015352,0.053243,0.011002
64.32597,0.716625,0.074319,0.015342,0.053259,0.010994
64.33170,0.716580,0.074346,0.015331,0.053275,0.010986
64.33743,0.716535,0.074374,0.015320,0.053291,0.010978
64.34316,0.716490,0.074401,0.015310,0.053308,0.010969
64.34889,0.716445,0.074428,0.015299,0.053324,0.010961
64.35462,0.716400,0.074455,0.015289,0.053340,0.010953
64.36035,0.716355,0.074483,0.015278,0.053356,0.010945
64.36608,0.716310,0.074510,0.015268,0.053372,0.010936
64.37181,0.716265,0.074537,0.015257,0.053388,0.010928
64.37754,0.716220,0.074564,0.015247,0.053404,0.010920
64.38327,0.716175,0.074591,0.015236,0.053420,0.010912
64.38900,0.716129,0.074618,0.015226,0.053436,0.010904
64.39473,0.716084,0.074645,0.015215,0.053452,0.010895
64.40046,0.716039,0.074673,0.015205,0.053468,0.010887
64.40619,0.715994,0.074700,0.015194,0.053484,0.010879
64.41192,0.715949,0.074727,0.015184,0.053500,0.010871
64.41764,0.715904,0.074753,0.015173,0.053516,0.010862
64.42337,0.715859,0.074780,0.015163,0.053532,0.010854
64.42910,0.715814,0.074807,0.015152,0.053548,0.010846
64.43483,0.715769,0.074834,0.015141,0.053564,0.010838
64.44056,0.715724,0.074861,0.015131,0.053580,0.010830
64.44629,0.715678,0.074888,0.015120,0.053596,0.010821
64.45202,0.715633,0.074915,0.015110,0.053611,0.010813
64.45775,0.715588,0.074942,0.015099,0.053627,0.010805
64.46348,0.715543,0.074968,0.015089,0.053643,0.010797
64.46921,0.715498,0.074995,0.015078,0.053659,0.010788
64.47494,0.715453,0.075022,0.015068,0.053674,0.010780
64.48067,0.715408,0.075048,0.015057,0.053690,0.010772
64.48640,0.715363,0.075075,0.015047,0.053706,0.010764
64.49213,0.715318,0.075102,0.015036,0.053722,0.010756
64.49786,0.715272,0.075128,0.015026,0.053737,0.010747
64.50359,0.715227,0.075155,0.015015,0.053753,0.010739
64.50932,0.715182,0.075181,0.015005,0.053768,0.010731
64.51505,0.715137,0.075208,0.014994,0.053784,0.010723
64.52078,0.715092,0.075234,0.014984,0.053799,0.010715
64.52651,0.715047,0.075261,0.014973,0.053815,0.010706
64.53224,0.715002,0.075287,0.014963,0.053831,0.010698
64.53797,0.714956,0.075314,0.014952,0.053846,0.010690
64.54370,0.714911,0.075340,0.014942,0.053861,0.010682
64.54943,0.714866,0.075366,0.014931,0.053877,0.010674
64.55515,0.714821,0.075393,0.014921,0.053892,0.010666
64.56088,0.714776,0.075419,0.014910,0.053908,0.010657
64.56661,0.714731,0.075445,0.014899,0.053923,0.010649
64.57234,0.714686,0.075472,0.014889,0.053938,0.010641
64.57807,0.714640,0.075498,0.014878,0.053954,0.010633
64.58380,0.714595,0.075524,0.014868,0.053969,0.010625
64.58953,0.714550,0.075550,0.014857,0.053984,0.010616
64.59526,0.714505,0.075576,0.014847,0.054000,0.010608
64.60099,0.714460,0.075602,0.014836,0.054015,0.010600
64.60672,0.714415,0.075629,0.014826,0.054030,0.010592
64.61245,0.714369,0.075655,0.014815,0.054045,0.010584
64.61818,0.714324,0.075681,0.014805,0.054061,0.010575
64.62391,0.714279,0.075707,0.014794,0.054076,0.010567
64.62964,0.714234,0.075733,0.014784,0.054091,0.010559
64.63537,0.714189,0.075759,0.014773,0.054106,0.010551
64.64110,0.714144,0.075785,0.014763,0.054121,0.010543
64.64683,0.714098,0.075811,0.014752,0.054136,0.010535
64.65256,0.714053,0.075836,0.014742,0.054151,0.010526
64.65829,0.714008,0.075862,0.014731,0.054166,0.010518
64.66402,0.713963,0.075888,0.014721,0.054181,0.010510
64.66975,0.713918,0.075914,0.014710,0.054196,0.010502
64.67548,0.713872,0.075940,0.014700,0.054211,0.010494
64.68121,0.713827,0.075965,0.014689,0.054226,0.010486
64.68694,0.713782,0.075991,0.014679,0.054241,0.010477
64.69266,0.713737,0.076017,0.014668,0.054256,0.010469
64.69839,0.713692,0.076043,0.014658,0.054271,0.010461
64.70412,0.713646,0.076068,0.014647,0.054286,0.010453
64.70985,0.713601,0.076094,0.014637,0.054301,0.010445
64.71558,0.713556,0.076119,0.014626,0.054316,0.010437
64.72131,0.713511,0.076145,0.014616,0.054330,0.010429
64.72704,0.713466,0.076171,0.014605,0.054345,0.010420
64.73277,0.713420,0.076196,0.014595,0.054360,0.010412
64.73850,0.713375,0.076222,0.014584,0.054375,0.010404
64.74423,0.713330,0.076247,0.014574,0.054389,0.010396
64.74996,0.713285,0.076273,0.014563,0.054404,0.010388
64.75569,0.713239,0.076298,0.014553,0.054419,0.010380
64.76142,0.713194,0.076323,0.014542,0.054433,0.010372
64.76715,0.713149,0.076349,0.014532,0.054448,0.010363
64.77288,0.713104,0.076374,0.014521,0.054463,0.010355
64.77861,0.713059,0.076399,0.014511,0.054477,0.010347
64.78434,0.713013,0.076425,0.014500,0.054492,0.010339
64.79007,0.712968,0.076450,0.014490,0.054506,0.010331
64.79580,0.712923,0.076475,0.014479,0.054521,0.010323
64.80153,0.712878,0.076500,0.014469,0.054535,0.010315
64.80726,0.712832,0.076526,0.014459,0.054550,0.010306
64.81299,0.712787,0.076551,0.014448,0.054564,0.010298
64.81872,0.712742,0.076576,0.014438,0.054579,0.010290
64.82444,0.712697,0.076601,0.014427,0.054593,0.010282
64.83017,0.712651,0.076626,0.014417,0.054608,0.010274
64.83590,0.712606,0.076651,0.014406,0.054622,0.010266
64.84163,0.712561,0.076676,0.014396,0.054636,0.010258
64.84736,0.712516,0.076701,0.014385,0.054651,0.010250
64.85309,0.712470,0.076726,0.014375,0.054665,0.010242
64.85882,0.712425,0.076751,0.014364,0.054679,0.010233
64.86455,0.712380,0.076776,0.014354,0.054694,0.010225
64.87028,0.712335,0.076801,0.014343,0.054708,0.010217
64.87601,0.712289,0.076826,0.014333,0.054722,0.010209
64.88174,0.712244,0.076851,0.014322,0.054736,0.010201
64.88747,0.712199,0.076876,0.014312,0.054751,0.010193
64.89320,0.712153,0.076900,0.014301,0.054765,0.010185
64.89893,0.712108,0.076925,0.014291,0.054779,0.010177
64.90466,0.712063,0.076950,0.014280,0.054793,0.010169
64.91039,0.712018,0.076975,0.014270,0.054807,0.010160
64.91612,0.711972,0.076999,0.014259,0.054821,0.010152
64.92185,0.711927,0.077024,0.014249,0.054835,0.010144
64.92758,0.711882,0.077049,0.014239,0.054850,0.010136
64.93331,0.711836,0.077073,0.014228,0.054864,0.010128
64.93904,0.711791,0.077098,0.014218,0.054878,0.010120
64.94477,0.711746,0.077122,0.014207,0.054892,0.010112
64.95050,0.711701,0.077147,0.014197,0.054906,0.010104
64.95623,0.711655,0.077172,0.014186,0.054920,0.010096
64.96195,0.711610,0.077196,0.014176,0.054933,0.010088
64.96768,0.711565,0.077220,0.014165,0.054947,0.010079
64.97341,0.711519,0.077245,0.014155,0.054961,0.010071
64.97914,0.711474,0.077269,0.014144,0.054975,0.010063
64.98487,0.711429,0.077294,0.014134,0.054989,0.010055
64.99060,0.711383,0.077318,0.014123,0.055003,0.010047
64.99633,0.711338,0.077342,0.014113,0.055017,0.010039
65.00206,0.711293,0.077367,0.014102,0.055030,0.010031
65.00779,0.711248,0.077391,0.014092,0.055044,0.010023
65.01352,0.711202,0.077415,0.014082,0.055058,0.010015
65.01925,0.711157,0.077440,0.014071,0.055072,0.010007
65.02498,0.711112,0.077464,0.014061,0.055085,0.009999
65.03071,0.711066,0.077488,0.014050,0.055099,0.009991
65.03644,0.711021,0.077512,0.014040,0.055113,0.009983
65.04217,0.710976,0.077536,0.014029,0.055126,0.009975
65.04790,0.710930,0.077560,0.014019,0.055140,0.009966
65.05363,0.710885,0.077584,0.014008,0.055154,0.009958
65.05936,0.710840,0.077609,0.013998,0.055167,0.009950
65.06509,0.710794,0.077633,0.013988,0.055181,0.009942
65.07082,0.710749,0.077657,0.013977,0.055194,0.009934
65.07655,0.710704,0.077681,0.013967,0.055208,0.009926
65.08228,0.710658,0.077705,0.013956,0.055221,0.009918
65.08801,0.710613,0.077728,0.013946,0.055235,0.009910
65.09374,0.710567,0.077752,0.013935,0.055248,0.009902
65.09946,0.710522,0.077776,0.013925,0.055262,0.009894
65.10519,0.710477,0.077800,0.013914,0.055275,0.009886
65.11092,0.710431,0.077824,0.013904,0.055289,0.009878
65.11665,0.710386,0.077848,0.013894,0.055302,0.009870
65.12238,0.710341,0.077872,0.013883,0.055315,0.009862
65.12811,0.710295,0.077895,0.013873,0.055329,0.009854
65.13384,0.710250,0.077919,0.013862,0.055342,0.009846
65.13957,0.710205,0.077943,0.013852,0.055355,0.009838
65.14530,0.710159,0.077966,0.013841,0.055369,0.009830
65.15103,0.710114,0.077990,0.013831,0.055382,0.009822
65.15676,0.710069,0.078014,0.013821,0.055395,0.009814
65.16249,0.710023,0.078037,0.013810,0.055408,0.009805
65.16822,0.709978,0.078061,0.013800,0.055421,0.009797
65.17395,0.709932,0.078084,0.013789,0.055435,0.009789
65.17968,0.709887,0.078108,0.013779,0.055448,0.009781
65.18541,0.709842,0.078131,0.013768,0.055461,0.009773
65.19114,0.709796,0.078155,0.013758,0.055474,0.009765
65.19687,0.709751,0.078178,0.013748,0.055487,0.009757
65.20260,0.709705,0.078202,0.013737,0.055500,0.009749
65.20833,0.709660,0.078225,0.013727,0.055513,0.009741
65.21406,0.709615,0.078249,0.013716,0.055526,0.009733
65.21979,0.709569,0.078272,0.013706,0.055539,0.009725
65.22552,0.709524,0.078295,0.013695,0.055552,0.009717
65.23124,0.709478,0.078319,0.013685,0.055565,0.009709
65.23697,0.709433,0.078342,0.013675,0.055578,0.009701
65.24270,0.709388,0.078365,0.013664,0.055591,0.009693
65.24843,0.709342,0.078388,0.013654,0.055604,0.009685
65.25416,0.709297,0.078412,0.013643,0.055617,0.009677
65.25989,0.709251,0.078435,0.013633,0.055630,0.009669
65.26562,0.709206,0.078458,0.013622,0.055643,0.009661
65.27135,0.709161,0.078481,0.013612,0.055656,0.009653
65.27708,0.709115,0.078504,0.013602,0.055668,0.009645
65.28281,0.709070,0.078527,0.013591,0.055681,0.009637
65.28854,0.709024,0.078550,0.013581,0.055694,0.009629
65.29427,0.708979,0.078573,0.013570,0.055707,0.009621
65.30000,0.708934,0.078596,0.013560,0.055720,0.009613
65.30573,0.708888,0.078619,0.013550,0.055732,0.009605
65.31146,0.708843,0.078642,0.013539,0.055745,0.009597
65.31719,0.708797,0.078665,0.013529,0.055758,0.009589
65.32292,0.708752,0.078688,0.013518,0.055770,0.009581
65.32865,0.708706,0.078711,0.013508,0.055783,0.009573
65.33438,0.708661,0.078734,0.013498,0.055796,0.009565
65.34011,0.708616,0.078757,0.013487,0.055808,0.009557
65.34584,0.708570,0.078779,0.013477,0.055821,0.009549
65.35157,0.708525,0.078802,0.013466,0.055833,0.009541
65.35730,0.708479,0.078825,0.013456,0.055846,0.009533
65.36303,0.708434,0.078848,0.013446,0.055858,0.009525
65.36875,0.708388,0.078870,0.013435,0.055871,0.009517
65.37448,0.708343,0.078893,0.013425,0.055883,0.009509
65.38021,0.708297,0.078916,0.013414,0.055896,0.009501
65.38594,0.708252,0.078938,0.013404,0.055908,0.009493
65.39167,0.708206,0.078961,0.013394,0.055921,0.009486
65.39740,0.708161,0.078983,0.013383,0.055933,0.009478
65.40313,0.708116,0.079006,0.013373,0.055945,0.009470
65.40886,0.708070,0.079029,0.013363,0.055958,0.009462
65.41459,0.708025,0.079051,0.013352,0.055970,0.009454
65.42032,0.707979,0.079074,0.013342,0.055982,0.009446
65.42605,0.707934,0.079096,0.013331,0.055995,0.009438
65.43178,0.707888,0.079118,0.013321,0.056007,0.009430
65.43751,0.707843,0.079141,0.013311,0.056019,0.009422
65.44324,0.707797,0.079163,0.013300,0.056032,0.009414
65.44897,0.707752,0.079186,0.013290,0.056044,0.009406
65.45470,0.707706,0.079208,0.013280,0.056056,0.009398
65.46043,0.707661,0.079230,0.013269,0.056068,0.009390
65.46616,0.707615,0.079252,0.013259,0.056080,0.009382
65.47189,0.707570,0.079275,0.013248,0.056092,0.009374
65.47762,0.707524,0.079297,0.013238,0.056105,0.009366
65.48335,0.707479,0.079319,0.013228,0.056117,0.009358
65.48908,0.707433,0.079341,0.013217,0.056129,0.009350
65.49481,0.707388,0.079364,0.013207,0.056141,0.009342
65.50054,0.707342,0.079386,0.013197,0.056153,0.009334
65.50626,0.707297,0.079408,0.013186,0.056165,0.009327
65.51199,0.707251,0.079430,0.013176,0.056177,0.009319
65.51772,0.707206,0.079452,0.013165,0.056189,0.009311
65.52345,0.707160,0.079474,0.013155,0.056201,0.009303
65.52918,0.707115,0.079496,0.013145,0.056213,0.009295
65.53491,0.707069,0.079518,0.013134,0.056225,0.009287
65.54064,0.707024,0.079540,0.013124,0.056237,0.009279
65.54637,0.706978,0.079562,0.013114,0.056248,0.009271
65.55210,0.706933,0.079584,0.013103,0.056260,0.009263
65.55783,0.706887,0.079606,0.013093,0.056272,0.009255
65.56356,0.706842,0.079627,0.013083,0.056284,0.009247
65.56929,0.706796,0.079649,0.013072,0.056296,0.009239
65.57502,0.706751,0.079671,0.013062,0.056308,0.009231
65.58075,0.706705,0.079693,0.013052,0.056319,0.009224
65.58648,0.706660,0.079715,0.013041,0.056331,0.009216
65.59221,0.706614,0.079736,0.013031,0.056343,0.009208
65.59794,0.706569,0.079758,0.013020,0.056355,0.009200
65.60367,0.706523,0.079780,0.013010,0.056366,0.009192
65.60940,0.706478,0.079801,0.013000,0.056378,0.009184
65.61513,0.706432,0.079823,0.012989,0.056390,0.009176
65.62086,0.706386,0.079845,0.012979,0.056401,0.009168
65.62659,0.706341,0.079866,0.012969,0.056413,0.009160
65.63232,0.706295,0.079888,0.012958,0.056424,0.009152
65.63805,0.706250,0.079909,0.012948,0.056436,0.009145
65.64377,0.706204,0.079931,0.012938,0.056448,0.009137
65.64950,0.706159,0.079952,0.012927,0.056459,0.009129
65.65523,0.706113,0.079974,0.012917,0.056471,0.009121
65.66096,0.706068,0.079995,0.012907,0.056482,0.009113
65.66669,0.706022,0.080017,0.012896,0.056494,0.009105
65.67242,0.705976,0.080038,0.012886,0.056505,0.009097
65.67815,0.705931,0.080060,0.012876,0.056517,0.009089
65.68388,0.705885,0.080081,0.012865,0.056528,0.009082
65.68961,0.705840,0.080102,0.012855,0.056539,0.009074
65.69534,0.705794,0.080124,0.012845,0.056551,0.009066
65.70107,0.705749,0.080145,0.012834,0.056562,0.009058
65.70680,0.705703,0.080166,0.012824,0.056573,0.009050
65.71253,0.705658,0.080187,0.012814,0.056585,0.009042
65.71826,0.705612,0.080208,0.012804,0.056596,0.009034
65.72399,0.705566,0.080230,0.012793,0.056607,0.009026
65.72972,0.705521,0.080251,0.012783,0.056619,0.009019
65.73545,0.705475,0.080272,0.012773,0.056630,0.009011
65.74118,0.705430,0.080293,0.012762,0.056641,0.009003
65.74691,0.705384,0.080314,0.012752,0.056652,0.008995
65.75264,0.705338,0.080335,0.012742,0.056663,0.008987
65.75837,0.705293,0.080356,0.012731,0.056675,0.008979
65.76410,0.705247,0.080377,0.012721,0.056686,0.008971
65.76983,0.705202,0.080398,0.012711,0.056697,0.008964
65.77555,0.705156,0.080419,0.012700,0.056708,0.008956
65.78128,0.705110,0.080440,0.012690,0.056719,0.008948
65.78701,0.705065,0.080461,0.012680,0.056730,0.008940
65.79274,0.705019,0.080482,0.012670,0.056741,0.008932
65.79847,0.704974,0.080503,0.012659,0.056752,0.008924
65.80420,0.704928,0.080524,0.012649,0.056763,0.008917
65.80993,0.704882,0.080544,0.012639,0.056774,0.008909
65.81566,0.704837,0.080565,0.012628,0.056785,0.008901
65.82139,0.704791,0.080586,0.012618,0.056796,0.008893
65.82712,0.704746,0.080607,0.012608,0.056807,0.008885
65.83285,0.704700,0.080627,0.012597,0.056818,0.008877
65.83858,0.704654,0.080648,0.012587,0.056829,0.008870
65.84431,0.704609,0.080669,0.012577,0.056840,0.008862
65.85004,0.704563,0.080689,0.012567,0.056851,0.008854
65.85577,0.704518,0.080710,0.012556,0.056862,0.008846
65.86150,0.704472,0.080731,0.012546,0.056872,0.008838
65.86723,0.704426,0.080751,0.012536,0.056883,0.008830
65.87296,0.704381,0.080772,0.012525,0.056894,0.008823
65.87869,0.704335,0.080792,0.012515,0.056905,0.008815
65.88442,0.704289,0.080813,0.012505,0.056916,0.008807
65.89015,0.704244,0.080833,0.012495,0.056926,0.008799
65.89588,0.704198,0.080854,0.012484,0.056937,0.008791
65.90161,0.704152,0.080874,0.012474,0.056948,0.008784
65.90734,0.704107,0.080895,0.012464,0.056958,0.008776
65.91306,0.704061,0.080915,0.012453,0.056969,0.008768
65.91879,0.704016,0.080935,0.012443,0.056980,0.008760
65.92452,0.703970,0.080956,0.012433,0.056990,0.008752
65.93025,0.703924,0.080976,0.012423,0.057001,0.008745
65.93598,0.703879,0.080996,0.012412,0.057011,0.008737
65.94171,0.703833,0.081016,0.012402,0.057022,0.008729
65.94744,0.703787,0.081037,0.012392,0.057033,0.008721
65.95317,0.703742,0.081057,0.012382,0.057043,0.008713
65.95890,0.703696,0.081077,0.012371,0.057054,0.008706
65.96463,0.703650,0.081097,0.012361,0.057064,0.008698
65.97036,0.703605,0.081117,0.012351,0.057075,0.008690
65.97609,0.703559,0.081138,0.012341,0.057085,0.008682
65.98182,0.703513,0.081158,0.012330,0.057095,0.008675
65.98755,0.703468,0.081178,0.012320,0.057106,0.008667
65.99328,0.703422,0.081198,0.012310,0.057116,0.008659
65.99901,0.703376,0.081218,0.012300,0.057127,0.008651
66.00474,0.703331,0.081238,0.012289,0.057137,0.008643
66.01047,0.703285,0.081258,0.012279,0.057147,0.008636
66.01620,0.703239,0.081278,0.012269,0.057158,0.008628
66.02193,0.703194,0.081298,0.012259,0.057168,0.008620
66.02766,0.703148,0.081317,0.012248,0.057178,0.008612
66.03339,0.703102,0.081337,0.012238,0.057188,0.008605
66.03912,0.703056,0.081357,0.012228,0.057199,0.008597
66.04485,0.703011,0.081377,0.012218,0.057209,0.008589
66.05057,0.702965,0.081397,0.012207,0.057219,0.008581
66.05630,0.702919,0.081417,0.012197,0.057229,0.008574
66.06203,0.702874,0.081436,0.012187,0.057240,0.008566
66.06776,0.702828,0.081456,0.012177,0.057250,0.008558
66.07349,0.702782,0.081476,0.012166,0.057260,0.008550
66.07922,0.702737,0.081496,0.012156,0.057270,0.008543
66.08495,0.702691,0.081515,0.012146,0.057280,0.008535
66.09068,0.702645,0.081535,0.012136,0.057290,0.008527
66.09641,0.702599,0.081554,0.012126,0.057300,0.008519
66.10214,0.702554,0.081574,0.012115,0.057310,0.008512
66.10787,0.702508,0.081594,0.012105,0.057320,0.008504
66.11360,0.702462,0.081613,0.012095,0.057330,0.008496
66.11933,0.702417,0.081633,0.012085,0.057340,0.008488
66.12506,0.702371,0.081652,0.012074,0.057350,0.008481
66.13079,0.702325,0.081672,0.012064,0.057360,0.008473
66.13652,0.702279,0.081691,0.012054,0.057370,0.008465
66.14225,0.702234,0.081711,0.012044,0.057380,0.008458
66.14798,0.702188,0.081730,0.012034,0.057390,0.008450
66.15371,0.702142,0.081749,0.012023,0.057400,0.008442
66.15944,0.702096,0.081769,0.012013,0.057410,0.008434
66.16517,0.702051,0.081788,0.012003,0.057419,0.008427
66.17090,0.702005,0.081807,0.011993,0.057429,0.008419
66.17663,0.701959,0.081827,0.011983,0.057439,0.008411
66.18235,0.701914,0.081846,0.011972,0.057449,0.008404
66.18808,0.701868,0.081865,0.011962,0.057459,0.008396
66.19381,0.701822,0.081884,0.011952,0.057468,0.008388
66.19954,0.701776,0.081904,0.011942,0.057478,0.008380
66.20527,0.701731,0.081923,0.011932,0.057488,0.008373
66.21100,0.701685,0.081942,0.011921,0.057497,0.008365
66.21673,0.701639,0.081961,0.011911,0.057507,0.008357
66.22246,0.701593,0.081980,0.011901,0.057517,0.008350
66.22819,0.701548,0.081999,0.011891,0.057526,0.008342
66.23392,0.701502,0.082018,0.011881,0.057536,0.008334
66.23965,0.701456,0.082037,0.011870,0.057546,0.008327
66.24538,0.701410,0.082056,0.011860,0.057555,0.008319
66.25111,0.701364,0.082075,0.011850,0.057565,0.008311
66.25684,0.701319,0.082094,0.011840,0.057574,0.008304
66.26257,0.701273,0.082113,0.011830,0.057584,0.008296
66.26830,0.701227,0.082132,0.011819,0.057593,0.008288
66.27403,0.701181,0.082151,0.011809,0.057603,0.008280
66.27976,0.701136,0.082170,0.011799,0.057612,0.008273
66.28549,0.701090,0.082189,0.011789,0.057622,0.008265
66.29122,0.701044,0.082208,0.011779,0.057631,0.008257
66.29695,0.700998,0.082226,0.011769,0.057640,0.008250
66.30268,0.700953,0.082245,0.011758,0.057650,0.008242
66.30841,0.700907,0.082264,0.011748,0.057659,0.008234
66.31414,0.700861,0.082283,0.011738,0.057669,0.008227
66.31986,0.700815,0.082301,0.011728,0.057678,0.008219
66.32559,0.700769,0.082320,0.011718,0.057687,0.008211
66.33132,0.700724,0.082339,0.011708,0.057697,0.008204
66.33705,0.700678,0.082357,0.011697,0.057706,0.008196
66.34278,0.700632,0.082376,0.011687,0.057715,0.008188
66.34851,0.700586,0.082394,0.011677,0.057724,0.008181
66.35424,0.700540,0.082413,0.011667,0.057734,0.008173
66.35997,0.700495,0.082432,0.011657,0.057743,0.008166
66.36570,0.700449,0.082450,0.011647,0.057752,0.008158
66.37143,0.700403,0.082469,0.011637,0.057761,0.008150
66.37716,0.700357,0.082487,0.011626,0.057770,0.008143
66.38289,0.700311,0.082505,0.011616,0.057780,0.008135
66.38862,0.700266,0.082524,0.011606,0.057789,0.008127
66.39435,0.700220,0.082542,0.011596,0.057798,0.008120
66.40008,0.700174,0.082561,0.011586,0.057807,0.008112
66.40581,0.700128,0.082579,0.011576,0.057816,0.008104
66.41154,0.700082,0.082597,0.011566,0.057825,0.008097
66.41727,0.700036,0.082616,0.011555,0.057834,0.008089
66.42300,0.699991,0.082634,0.011545,0.057843,0.008082
66.42873,0.699945,0.082652,0.011535,0.057852,0.008074
66.43446,0.699899,0.082670,0.011525,0.057861,0.008066
66.44019,0.699853,0.082689,0.011515,0.057870,0.008059
66.44592,0.699807,0.082707,0.011505,0.057879,0.008051
66.45165,0.699761,0.082725,0.011495,0.057888,0.008043
66.45737,0.699716,0.082743,0.011484,0.057897,0.008036
66.46310,0.699670,0.082761,0.011474,0.057906,0.008028
66.46883,0.699624,0.082779,0.011464,0.057914,0.008021
66.47456,0.699578,0.082798,0.011454,0.057923,0.008013
66.48029,0.699532,0.082816,0.011444,0.057932,0.008005
66.48602,0.699486,0.082834,0.011434,0.057941,0.007998
66.49175,0.699441,0.082852,0.011424,0.057950,0.007990
66.49748,0.699395,0.082870,0.011414,0.057959,0.007983
66.50321,0.699349,0.082888,0.011404,0.057967,0.007975
66.50894,0.699303,0.082906,0.011393,0.057976,0.007967
66.51467,0.699257,0.082923,0.011383,0.057985,0.007960
66.52040,0.699211,0.082941,0.011373,0.057994,0.007952
66.52613,0.699165,0.082959,0.011363,0.058002,0.007945
66.53186,0.699120,0.082977,0.011353,0.058011,0.007937
66.53759,0.699074,0.082995,0.011343,0.058020,0.007930
66.54332,0.699028,0.083013,0.011333,0.058028,0.007922
66.54905,0.698982,0.083030,0.011323,0.058037,0.007914
66.55478,0.698936,0.083048,0.011313,0.058045,0.007907
66.56051,0.698890,0.083066,0.011303,0.058054,0.007899
66.56624,0.698844,0.083084,0.011292,0.058063,0.007892
66.57197,0.698798,0.083101,0.011282,0.058071,0.007884
66.57770,0.698753,0.083119,0.011272,0.058080,0.007877
66.58343,0.698707,0.083137,0.011262,0.058088,0.007869
66.58915,0.698661,0.083154,0.011252,0.058097,0.007861
66.59488,0.698615,0.083172,0.011242,0.058105,0.007854
66.60061,0.698569,0.083190,0.011232,0.058114,0.007846
66.60634,0.698523,0.083207,0.011222,0.058122,0.007839
66.61207,0.698477,0.083225,0.011212,0.058130,0.007831
66.61780,0.698431,0.083242,0.011202,0.058139,0.007824
66.62353,0.698385,0.083260,0.011192,0.058147,0.007816
66.62926,0.698340,0.083277,0.011182,0.058156,0.007809
66.63499,0.698294,0.083295,0.011171,0.058164,0.007801
66.64072,0.698248,0.083312,0.011161,0.058172,0.007793
66.64645,0.698202,0.083329,0.011151,0.058181,0.007786
66.65218,0.698156,0.083347,0.011141,0.058189,0.007778
66.65791,0.698110,0.083364,0.011131,0.058197,0.007771
66.66364,0.698064,0.083381,0.011121,0.058206,0.007763
66.66937,0.698018,0.083399,0.011111,0.058214,0.007756
66.67510,0.697972,0.083416,0.011101,0.058222,0.007748
66.68083,0.697926,0.083433,0.011091,0.058230,0.007741
66.68656,0.697880,0.083450,0.011081,0.058238,0.007733
66.69229,0.697835,0.083468,0.011071,0.058247,0.007726
66.69802,0.697789,0.083485,0.011061,0.058255,0.007718
66.70375,0.697743,0.083502,0.011051,0.058263,0.007711
66.70948,0.697697,0.083519,0.011041,0.058271,0.007703
66.71521,0.697651,0.083536,0.011031,0.058279,0.007696
66.72094,0.697605,0.083553,0.011021,0.058287,0.007688
66.72666,0.697559,0.083571,0.011011,0.058295,0.007681
66.73239,0.697513,0.083588,0.011001,0.058303,0.007673
66.73812,0.697467,0.083605,0.010991,0.058311,0.007666
66.74385,0.697421,0.083622,0.010980,0.058319,0.007658
66.74958,0.697375,0.083639,0.010970,0.058328,0.007651
66.75531,0.697329,0.083656,0.010960,0.058335,0.007643
66.76104,0.697283,0.083673,0.010950,0.058343,0.007636
66.76677,0.697237,0.083689,0.010940,0.058351,0.007628
66.77250,0.697191,0.083706,0.010930,0.058359,0.007621
66.77823,0.697146,0.083723,0.010920,0.058367,0.007613
66.78396,0.697100,0.083740,0.010910,0.058375,0.007606
66.78969,0.697054,0.083757,0.010900,0.058383,0.007598
66.79542,0.697008,0.083774,0.010890,0.058391,0.007591
66.80115,0.696962,0.083791,0.010880,0.058399,0.007583
66.80688,0.696916,0.083807,0.010870,0.058407,0.007576
66.81261,0.696870,0.083824,0.010860,0.058414,0.007568
66.81834,0.696824,0.083841,0.010850,0.058422,0.007561
66.82407,0.696778,0.083857,0.010840,0.058430,0.007553
66.82980,0.696732,0.083874,0.010830,0.058438,0.007546
66.83553,0.696686,0.083891,0.010820,0.058446,0.007538
66.84126,0.696640,0.083907,0.010810,0.058453,0.007531
66.84699,0.696594,0.083924,0.010800,0.058461,0.007523
66.85272,0.696548,0.083941,0.010790,0.058469,0.007516
66.85845,0.696502,0.083957,0.010780,0.058476,0.007508
66.86417,0.696456,0.083974,0.010770,0.058484,0.007501
66.86990,0.696410,0.083990,0.010760,0.058492,0.007493
66.87563,0.696364,0.084007,0.010750,0.058499,0.007486
66.88136,0.696318,0.084023,0.010740,0.058507,0.007479
66.88709,0.696272,0.084040,0.010730,0.058515,0.007471
66.89282,0.696226,0.084056,0.010720,0.058522,0.007464
66.89855,0.696180,0.084073,0.010710,0.058530,0.007456
66.90428,0.696134,0.084089,0.010700,0.058537,0.007449
66.91001,0.696088,0.084105,0.010690,0.058545,0.007441
66.91574,0.696042,0.084122,0.010680,0.058552,0.007434
66.92147,0.695996,0.084138,0.010670,0.058560,0.007426
66.92720,0.695950,0.084154,0.010660,0.058567,0.007419
66.93293,0.695904,0.084171,0.010650,0.058575,0.007412
66.93866,0.695858,0.084187,0.010640,0.058582,0.007404
66.94439,0.695812,0.084203,0.010630,0.058590,0.007397
66.95012,0.695766,0.084219,0.010620,0.058597,0.007389
66.95585,0.695720,0.084235,0.010610,0.058604,0.007382
66.96158,0.695674,0.084252,0.010600,0.058612,0.007374
66.96731,0.695628,0.084268,0.010590,0.058619,0.007367
66.97304,0.695582,0.084284,0.010581,0.058626,0.007360
66.97877,0.695536,0.084300,0.010571,0.058634,0.007352
66.98450,0.695490,0.084316,0.010561,0.058641,0.007345
66.99023,0.695444,0.084332,0.010551,0.058648,0.007337
66.99595,0.695398,0.084348,0.010541,0.058656,0.007330
67.00168,0.695352,0.084364,0.010531,0.058663,0.007323
67.00741,0.695306,0.084380,0.010521,0.058670,0.007315
67.01314,0.695260,0.084396,0.010511,0.058677,0.007308
67.01887,0.695214,0.084412,0.010501,0.058684,0.007300
67.02460,0.695168,0.084428,0.010491,0.058692,0.007293
67.03033,0.695122,0.084444,0.010481,0.058699,0.007286
67.03606,0.695076,0.084460,0.010471,0.058706,0.007278
67.04179,0.695030,0.084476,0.010461,0.058713,0.007271
67.04752,0.694984,0.084492,0.010451,0.058720,0.007263
67.05325,0.694938,0.084507,0.010441,0.058727,0.007256
67.05898,0.694892,0.084523,0.010431,0.058734,0.007249
67.06471,0.694846,0.084539,0.010421,0.058742,0.007241
67.07044,0.694800,0.084555,0.010411,0.058749,0.007234
67.07617,0.694754,0.084570,0.010402,0.058756,0.007227
67.08190,0.694707,0.084586,0.010392,0.058763,0.007219
67.08763,0.694661,0.084602,0.010382,0.058770,0.007212
67.09336,0.694615,0.084617,0.010372,0.058777,0.007204
67.09909,0.694569,0.084633,0.010362,0.058784,0.007197
67.10482,0.694523,0.084649,0.010352,0.058791,0.007190
67.11055,0.694477,0.084664,0.010342,0.058797,0.007182
67.11628,0.694431,0.084680,0.010332,0.058804,0.007175
67.12201,0.694385,0.084695,0.010322,0.058811,0.007168
67.12774,0.694339,0.084711,0.010312,0.058818,0.007160
67.13346,0.694293,0.084727,0.010302,0.058825,0.007153
67.13919,0.694247,0.084742,0.010292,0.058832,0.007146
67.14492,0.694201,0.084758,0.010283,0.058839,0.007138
67.15065,0.694155,0.084773,0.010273,0.058846,0.007131
67.15638,0.694109,0.084788,0.010263,0.058852,0.007123
67.16211,0.694063,0.084804,0.010253,0.058859,0.007116
67.16784,0.694016,0.084819,0.010243,0.058866,0.007109
67.17357,0.693970,0.084835,0.010233,0.058873,0.007101
67.17930,0.693924,0.084850,0.010223,0.058879,0.007094
67.18503,0.693878,0.084865,0.010213,0.058886,0.007087
67.19076,0.693832,0.084880,0.010203,0.058893,0.007079
67.19649,0.693786,0.084896,0.010194,0.058900,0.007072
67.20222,0.693740,0.084911,0.010184,0.058906,0.007065
67.20795,0.693694,0.084926,0.010174,0.058913,0.007057
67.21368,0.693648,0.084941,0.010164,0.058919,0.007050
67.21941,0.693602,0.084957,0.010154,0.058926,0.007043
67.22514,0.693556,0.084972,0.010144,0.058933,0.007036
67.23087,0.693509,0.084987,0.010134,0.058939,0.007028
67.23660,0.693463,0.085002,0.010124,0.058946,0.007021
67.24233,0.693417,0.085017,0.010115,0.058952,0.007014
67.24806,0.693371,0.085032,0.010105,0.058959,0.007006
67.25379,0.693325,0.085047,0.010095,0.058965,0.006999
67.25952,0.693279,0.085062,0.010085,0.058972,0.006992
67.26525,0.693233,0.085077,0.010075,0.058978,0.006984
67.27097,0.693187,0.085092,0.010065,0.058985,0.006977
67.27670,0.693141,0.085107,0.010055,0.058991,0.006970
67.28243,0.693094,0.085122,0.010046,0.058998,0.006962
67.28816,0.693048,0.085137,0.010036,0.059004,0.006955
67.29389,0.693002,0.085152,0.010026,0.059011,0.006948
67.29962,0.692956,0.085167,0.010016,0.059017,0.006941
67.30535,0.692910,0.085182,0.010006,0.059023,0.006933
67.31108,0.692864,0.085197,0.009996,0.059030,0.006926
67.31681,0.692818,0.085212,0.009986,0.059036,0.006919
67.32254,0.692772,0.085226,0.009977,0.059042,0.006912
67.32827,0.692725,0.085241,0.009967,0.059049,0.006904
67.33400,0.692679,0.085256,0.009957,0.059055,0.006897
67.33973,0.692633,0.085271,0.009947,0.059061,0.006890
67.34546,0.692587,0.085285,0.009937,0.059068,0.006882
67.35119,0.692541,0.085300,0.009927,0.059074,0.006875
67.35692,0.692495,0.085315,0.009918,0.059080,0.006868
67.36265,0.692449,0.085329,0.009908,0.059086,0.006861
67.36838,0.692402,0.085344,0.009898,0.059092,0.006853
67.37411,0.692356,0.085359,0.009888,0.059099,0.006846
67.37984,0.692310,0.085373,0.009878,0.059105,0.006839
67.38557,0.692264,0.085388,0.009868,0.059111,0.006832
67.39130,0.692218,0.085402,0.009859,0.059117,0.006824
67.39703,0.692172,0.085417,0.009849,0.059123,0.006817
67.40276,0.692125,0.085431,0.009839,0.059129,0.006810
67.40848,0.692079,0.085446,0.009829,0.059135,0.006803
67.41421,0.692033,0.085460,0.009819,0.059141,0.006795
67.41994,0.691987,0.085475,0.009810,0.059147,0.006788
67.42567,0.691941,0.085489,0.009800,0.059154,0.006781
67.43140,0.691895,0.085504,0.009790,0.059160,0.006774
67.43713,0.691848,0.085518,0.009780,0.059166,0.006766
67.44286,0.691802,0.085532,0.009770,0.059172,0.006759
67.44859,0.691756,0.085547,0.009761,0.059177,0.006752
67.45432,0.691710,0.085561,0.009751,0.059183,0.006745
67.46005,0.691664,0.085575,0.009741,0.059189,0.006738
67.46578,0.691618,0.085590,0.009731,0.059195,0.006730
67.47151,0.691571,0.085604,0.009721,0.059201,0.006723
67.47724,0.691525,0.085618,0.009712,0.059207,0.006716
67.48297,0.691479,0.085632,0.009702,0.059213,0.006709
67.48870,0.691433,0.085647,0.009692,0.059219,0.006701
67.49443,0.691387,0.085661,0.009682,0.059225,0.006694
67.50016,0.691340,0.085675,0.009673,0.059230,0.006687
67.50589,0.691294,0.085689,0.009663,0.059236,0.006680
67.51162,0.691248,0.085703,0.009653,0.059242,0.006673
67.51735,0.691202,0.085717,0.009643,0.059248,0.006665
67.52308,0.691156,0.085731,0.009634,0.059254,0.006658
67.52881,0.691109,0.085745,0.009624,0.059259,0.006651
67.53454,0.691063,0.085759,0.009614,0.059265,0.006644
67.54026,0.691017,0.085773,0.009604,0.059271,0.006637
67.54599,0.690971,0.085787,0.009594,0.059277,0.006629
67.55172,0.690925,0.085801,0.009585,0.059282,0.006622
67.55745,0.690878,0.085815,0.009575,0.059288,0.006615
67.56318,0.690832,0.085829,0.009565,0.059294,0.006608
67.56891,0.690786,0.085843,0.009555,0.059299,0.006601
67.57464,0.690740,0.085857,0.009546,0.059305,0.006594
67.58037,0.690694,0.085871,0.009536,0.059310,0.006586
67.58610,0.690647,0.085885,0.009526,0.059316,0.006579
67.59183,0.690601,0.085898,0.009516,0.059322,0.006572
67.59756,0.690555,0.085912,0.009507,0.059327,0.006565
67.60329,0.690509,0.085926,0.009497,0.059333,0.006558
67.60902,0.690462,0.085940,0.009487,0.059338,0.006551
67.61475,0.690416,0.085953,0.009478,0.059344,0.006543
67.62048,0.690370,0.085967,0.009468,0.059349,0.006536
67.62621,0.690324,0.085981,0.009458,0.059355,0.006529
67.63194,0.690277,0.085995,0.009448,0.059360,0.006522
67.63767,0.690231,0.086008,0.009439,0.059366,0.006515
67.64340,0.690185,0.086022,0.009429,0.059371,0.006508
67.64913,0.690139,0.086035,0.009419,0.059376,0.006501
67.65486,0.690093,0.086049,0.009409,0.059382,0.006493
67.66059,0.690046,0.086063,0.009400,0.059387,0.006486
67.66632,0.690000,0.086076,0.009390,0.059393,0.006479
67.67205,0.689954,0.086090,0.009380,0.059398,0.006472
67.67777,0.689908,0.086103,0.009371,0.059403,0.006465
67.68350,0.689861,0.086117,0.009361,0.059409,0.006458
67.68923,0.689815,0.086130,0.009351,0.059414,0.006451
67.69496,0.689769,0.086144,0.009342,0.059419,0.006443
67.70069,0.689722,0.086157,0.009332,0.059424,0.006436
67.70642,0.689676,0.086170,0.009322,0.059430,0.006429
67.71215,0.689630,0.086184,0.009312,0.059435,0.006422
67.71788,0.689584,0.086197,0.009303,0.059440,0.006415
67.72361,0.689537,0.086210,0.009293,0.059445,0.006408
67.72934,0.689491,0.086224,0.009283,0.059451,0.006401
67.73507,0.689445,0.086237,0.009274,0.059456,0.006394
67.74080,0.689399,0.086250,0.009264,0.059461,0.006387
67.74653,0.689352,0.086264,0.009254,0.059466,0.006379
67.75226,0.689306,0.086277,0.009245,0.059471,0.006372
67.75799,0.689260,0.086290,0.009235,0.059476,0.006365
67.76372,0.689214,0.086303,0.009225,0.059481,0.006358
67.76945,0.689167,0.086316,0.009216,0.059486,0.006351
67.77518,0.689121,0.086330,0.009206,0.059492,0.006344
67.78091,0.689075,0.086343,0.009196,0.059497,0.006337
67.78664,0.689028,0.086356,0.009187,0.059502,0.006330
67.79237,0.688982,0.086369,0.009177,0.059507,0.006323
67.79810,0.688936,0.086382,0.009167,0.059512,0.006316
67.80383,0.688889,0.086395,0.009158,0.059517,0.006309
67.80956,0.688843,0.086408,0.009148,0.059522,0.006302
67.81528,0.688797,0.086421,0.009138,0.059527,0.006294
67.82101,0.688751,0.086434,0.009129,0.059532,0.006287
67.82674,0.688704,0.086447,0.009119,0.059536,0.006280
67.83247,0.688658,0.086460,0.009109,0.059541,0.006273
67.83820,0.688612,0.086473,0.009100,0.059546,0.006266
67.84393,0.688565,0.086486,0.009090,0.059551,0.006259
67.84966,0.688519,0.086499,0.009080,0.059556,0.006252
67.85539,0.688473,0.086512,0.009071,0.059561,0.006245
67.86112,0.688426,0.086524,0.009061,0.059566,0.006238
67.86685,0.688380,0.086537,0.009052,0.059571,0.006231
67.87258,0.688334,0.086550,0.009042,0.059575,0.006224
67.87831,0.688287,0.086563,0.009032,0.059580,0.006217
67.88404,0.688241,0.086576,0.009023,0.059585,0.006210
67.88977,0.688195,0.086588,0.009013,0.059590,0.006203
67.89550,0.688149,0.086601,0.009003,0.059594,0.006196
67.90123,0.688102,0.086614,0.008994,0.059599,0.006189
67.90696,0.688056,0.086627,0.008984,0.059604,0.006182
67.91269,0.688010,0.086639,0.008975,0.059609,0.006175
67.91842,0.687963,0.086652,0.008965,0.059613,0.006168
67.92415,0.687917,0.086664,0.008955,0.059618,0.006161
67.92988,0.687871,0.086677,0.008946,0.059623,0.006153
67.93561,0.687824,0.086690,0.008936,0.059627,0.006146
67.94134,0.687778,0.086702,0.008926,0.059632,0.006139
67.94706,0.687732,0.086715,0.008917,0.059636,0.006132
67.95279,0.687685,0.086727,0.008907,0.059641,0.006125
67.95852,0.687639,0.086740,0.008898,0.059646,0.006118
67.96425,0.687592,0.086752,0.008888,0.059650,0.006111
67.96998,0.687546,0.086765,0.008878,0.059655,0.006104
67.97571,0.687500,0.086777,0.008869,0.059659,0.006097
67.98144,0.687453,0.086790,0.008859,0.059664,0.006090
67.98717,0.687407,0.086802,0.008850,0.059668,0.006083
67.99290,0.687361,0.086814,0.008840,0.059673,0.006076
67.99863,0.687314,0.086827,0.008831,0.059677,0.006069
68.00436,0.687268,0.086839,0.008821,0.059682,0.006062
68.01009,0.687222,0.086852,0.008811,0.059686,0.006055
68.01582,0.687175,0.086864,0.008802,0.059691,0.006048
68.02155,0.687129,0.086876,0.008792,0.059695,0.006041
68.02728,0.687083,0.086888,0.008783,0.059699,0.006034
68.03301,0.687036,0.086901,0.008773,0.059704,0.006027
68.03874,0.686990,0.086913,0.008764,0.059708,0.006020
68.04447,0.686943,0.086925,0.008754,0.059713,0.006013
68.05020,0.686897,0.086937,0.008744,0.059717,0.006007
68.05593,0.686851,0.086949,0.008735,0.059721,0.006000
68.06166,0.686804,0.086962,0.008725,0.059726,0.005993
68.06739,0.686758,0.086974,0.008716,0.059730,0.005986
68.07312,0.686712,0.086986,0.008706,0.059734,0.005979
68.07885,0.686665,0.086998,0.008697,0.059738,0.005972
68.08457,0.686619,0.087010,0.008687,0.059743,0.005965
68.09030,0.686572,0.087022,0.008678,0.059747,0.005958
68.09603,0.686526,0.087034,0.008668,0.059751,0.005951
68.10176,0.686480,0.087046,0.008658,0.059755,0.005944
68.10749,0.686433,0.087058,0.008649,0.059760,0.005937
68.11322,0.686387,0.087070,0.008639,0.059764,0.005930
68.11895,0.686340,0.087082,0.008630,0.059768,0.005923
68.12468,0.686294,0.087094,0.008620,0.059772,0.005916
68.13041,0.686248,0.087106,0.008611,0.059776,0.005909
68.13614,0.686201,0.087118,0.008601,0.059780,0.005902
68.14187,0.686155,0.087130,0.008592,0.059784,0.005895
68.14760,0.686108,0.087141,0.008582,0.059788,0.005888
68.15333,0.686062,0.087153,0.008573,0.059793,0.005881
68.15906,0.686016,0.087165,0.008563,0.059797,0.005874
68.16479,0.685969,0.087177,0.008554,0.059801,0.005868
68.17052,0.685923,0.087189,0.008544,0.059805,0.005861
68.17625,0.685876,0.087200,0.008535,0.059809,0.005854
68.18198,0.685830,0.087212,0.008525,0.059813,0.005847
68.18771,0.685784,0.087224,0.008516,0.059817,0.005840
68.19344,0.685737,0.087236,0.008506,0.059821,0.005833
68.19917,0.685691,0.087247,0.008497,0.059825,0.005826
68.20490,0.685644,0.087259,0.008487,0.059829,0.005819
68.21063,0.685598,0.087271,0.008478,0.059832,0.005812
68.21636,0.685551,0.087282,0.008468,0.059836,0.005805
68.22208,0.685505,0.087294,0.008459,0.059840,0.005798
68.22781,0.685459,0.087305,0.008449,0.059844,0.005792
68.23354,0.685412,0.087317,0.008440,0.059848,0.005785
68.23927,0.685366,0.087328,0.008430,0.059852,0.005778
68.24500,0.685319,0.087340,0.008421,0.059856,0.005771
68.25073,0.685273,0.087351,0.008411,0.059860,0.005764
68.25646,0.685226,0.087363,0.008402,0.059863,0.005757
68.26219,0.685180,0.087374,0.008392,0.059867,0.005750
68.26792,0.685133,0.087386,0.008383,0.059871,0.005743
68.27365,0.685087,0.087397,0.008373,0.059875,0.005736
68.27938,0.685041,0.087409,0.008364,0.059878,0.005730
68.28511,0.684994,0.087420,0.008354,0.059882,0.005723
68.29084,0.684948,0.087431,0.008345,0.059886,0.005716
68.29657,0.684901,0.087443,0.008336,0.059890,0.005709
68.30230,0.684855,0.087454,0.008326,0.059893,0.005702
68.30803,0.684808,0.087465,0.008317,0.059897,0.005695
68.31376,0.684762,0.087477,0.008307,0.059901,0.005688
68.31949,0.684715,0.087488,0.008298,0.059904,0.005682
68.32522,0.684669,0.087499,0.008288,0.059908,0.005675
68.33095,0.684622,0.087510,0.008279,0.059912,0.005668
68.33668,0.684576,0.087522,0.008269,0.059915,0.005661
68.34241,0.684529,0.087533,0.008260,0.059919,0.005654
68.34814,0.684483,0.087544,0.008251,0.059922,0.005647
68.35386,0.684437,0.087555,0.008241,0.059926,0.005640
68.35959,0.684390,0.087566,0.008232,0.059929,0.005634
68.36532,0.684344,0.087577,0.008222,0.059933,0.005627
68.37105,0.684297,0.087588,0.008213,0.059937,0.005620
68.37678,0.684251,0.087600,0.008203,0.059940,0.005613
68.38251,0.684204,0.087611,0.008194,0.059944,0.005606
68.38824,0.684158,0.087622,0.008185,0.059947,0.005599
68.39397,0.684111,0.087633,0.008175,0.059950,0.005593
68.39970,0.684065,0.087644,0.008166,0.059954,0.005586
68.40543,0.684018,0.087655,0.008156,0.059957,0.005579
68.41116,0.683972,0.087666,0.008147,0.059961,0.005572
68.41689,0.683925,0.087677,0.008137,0.059964,0.005565
68.42262,0.683879,0.087687,0.008128,0.059968,0.005559
68.42835,0.683832,0.087698,0.008119,0.059971,0.005552
68.43408,0.683786,0.087709,0.008109,0.059974,0.005545
68.43981,0.683739,0.087720,0.008100,0.059978,0.005538
68.44554,0.683693,0.087731,0.008090,0.059981,0.005531
68.45127,0.683646,0.087742,0.008081,0.059984,0.005525
68.45700,0.683600,0.087753,0.008072,0.059988,0.005518
68.46273,0.683553,0.087763,0.008062,0.059991,0.005511
68.46846,0.683507,0.087774,0.008053,0.059994,0.005504
68.47419,0.683460,0.087785,0.008043,0.059998,0.005497
68.47992,0.683414,0.087796,0.008034,0.060001,0.005491
68.48565,0.683367,0.087806,0.008025,0.060004,0.005484
68.49137,0.683321,0.087817,0.008015,0.060007,0.005477
68.49710,0.683274,0.087828,0.008006,0.060010,0.005470
68.50283,0.683228,0.087838,0.007997,0.060014,0.005463
68.50856,0.683181,0.087849,0.007987,0.060017,0.005457
68.51429,0.683135,0.087860,0.007978,0.060020,0.005450
68.52002,0.683088,0.087870,0.007969,0.060023,0.005443
68.52575,0.683042,0.087881,0.007959,0.060026,0.005436
68.53148,0.682995,0.087891,0.007950,0.060029,0.005430
68.53721,0.682948,0.087902,0.007940,0.060032,0.005423
68.54294,0.682902,0.087912,0.007931,0.060036,0.005416
68.54867,0.682855,0.087923,0.007922,0.060039,0.005409
68.55440,0.682809,0.087933,0.007912,0.060042,0.005403
68.56013,0.682762,0.087944,0.007903,0.060045,0.005396
68.56586,0.682716,0.087954,0.007894,0.060048,0.005389
68.57159,0.682669,0.087965,0.007884,0.060051,0.005382
68.57732,0.682623,0.087975,0.007875,0.060054,0.005376
68.58305,0.682576,0.087986,0.007866,0.060057,0.005369
68.58878,0.682530,0.087996,0.007856,0.060060,0.005362
68.59451,0.682483,0.088006,0.007847,0.060063,0.005355
68.60024,0.682436,0.088017,0.007838,0.060066,0.005349
68.60597,0.682390,0.088027,0.007828,0.060069,0.005342
68.61170,0.682343,0.088037,0.007819,0.060072,0.005335
68.61743,0.682297,0.088048,0.007810,0.060075,0.005329
68.62316,0.682250,0.088058,0.007800,0.060077,0.005322
68.62888,0.682204,0.088068,0.007791,0.060080,0.005315
68.63461,0.682157,0.088078,0.007782,0.060083,0.005308
68.64034,0.682111,0.088089,0.007772,0.060086,0.005302
68.64607,0.682064,0.088099,0.007763,0.060089,0.005295
68.65180,0.682017,0.088109,0.007754,0.060092,0.005288
68.65753,0.681971,0.088119,0.007744,0.060095,0.005282
68.66326,0.681924,0.088129,0.007735,0.060097,0.005275
68.66899,0.681878,0.088139,0.007726,0.060100,0.005268
68.67472,0.681831,0.088149,0.007717,0.060103,0.005261
68.68045,0.681785,0.088159,0.007707,0.060106,0.005255
68.68618,0.681738,0.088169,0.007698,0.060108,0.005248
68.69191,0.681691,0.088180,0.007689,0.060111,0.005241
68.69764,0.681645,0.088190,0.007679,0.060114,0.005235
68.70337,0.681598,0.088200,0.007670,0.060117,0.005228
68.70910,0.681552,0.088210,0.007661,0.060119,0.005221
68.71483,0.681505,0.088219,0.007652,0.060122,0.005215
68.72056,0.681458,0.088229,0.007642,0.060125,0.005208
68.72629,0.681412,0.088239,0.007633,0.060127,0.005201
68.73202,0.681365,0.088249,0.007624,0.060130,0.005195
68.73775,0.681319,0.088259,0.007614,0.060133,0.005188
68.74348,0.681272,0.088269,0.007605,0.060135,0.005181
68.74921,0.681225,0.088279,0.007596,0.060138,0.005175
68.75494,0.681179,0.088289,0.007587,0.060140,0.005168
68.76066,0.681132,0.088299,0.007577,0.060143,0.005161
68.76639,0.681086,0.088308,0.007568,0.060146,0.005155
68.77212,0.681039,0.088318,0.007559,0.060148,0.005148
68.77785,0.680992,0.088328,0.007550,0.060151,0.005141
68.78358,0.680946,0.088338,0.007540,0.060153,0.005135
68.78931,0.680899,0.088347,0.007531,0.060156,0.005128
68.79504,0.680853,0.088357,0.007522,0.060158,0.005121
68.80077,0.680806,0.088367,0.007513,0.060161,0.005115
68.80650,0.680759,0.088376,0.007503,0.060163,0.005108
68.81223,0.680713,0.088386,0.007494,0.060166,0.005101
68.81796,0.680666,0.088396,0.007485,0.060168,0.005095
68.82369,0.680620,0.088405,0.007476,0.060170,0.005088
68.82942,0.680573,0.088415,0.007467,0.060173,0.005082
68.83515,0.680526,0.088424,0.007457,0.060175,0.005075
68.84088,0.680480,0.088434,0.007448,0.060178,0.005068
68.84661,0.680433,0.088444,0.007439,0.060180,0.005062
68.85234,0.680386,0.088453,0.007430,0.060182,0.005055
68.85807,0.680340,0.088463,0.007420,0.060185,0.005048
68.86380,0.680293,0.088472,0.007411,0.060187,0.005042
68.86953,0.680246,0.088482,0.007402,0.060189,0.005035
68.87526,0.680200,0.088491,0.007393,0.060192,0.005029
68.88099,0.680153,0.088500,0.007384,0.060194,0.005022
68.88672,0.680107,0.088510,0.007374,0.060196,0.005015
68.89245,0.680060,0.088519,0.007365,0.060198,0.005009
68.89817,0.680013,0.088529,0.007356,0.060201,0.005002
68.90390,0.679967,0.088538,0.007347,0.060203,0.004996
68.90963,0.679920,0.088547,0.007338,0.060205,0.004989
68.91536,0.679873,0.088557,0.007328,0.060207,0.004982
68.92109,0.679827,0.088566,0.007319,0.060209,0.004976
68.92682,0.679780,0.088575,0.007310,0.060212,0.004969
68.93255,0.679733,0.088584,0.007301,0.060214,0.004963
68.93828,0.679687,0.088594,0.007292,0.060216,0.004956
68.94401,0.679640,0.088603,0.007282,0.060218,0.004949
68.94974,0.679593,0.088612,0.007273,0.060220,0.004943
68.95547,0.679547,0.088621,0.007264,0.060222,0.004936
68.96120,0.679500,0.088631,0.007255,0.060224,0.004930
68.96693,0.679453,0.088640,0.007246,0.060227,0.004923
68.97266,0.679407,0.088649,0.007237,0.060229,0.004917
68.97839,0.679360,0.088658,0.007227,0.060231,0.004910
68.98412,0.679313,0.088667,0.007218,0.060233,0.004903
68.98985,0.679267,0.088676,0.007209,0.060235,0.004897
68.99558,0.679220,0.088685,0.007200,0.060237,0.004890
69.00131,0.679173,0.088694,0.007191,0.060239,0.004884
69.00704,0.679127,0.088703,0.007182,0.060241,0.004877
69.01277,0.679080,0.088712,0.007173,0.060243,0.004871
69.01850,0.679033,0.088721,0.007163,0.060245,0.004864
69.02423,0.678987,0.088730,0.007154,0.060247,0.004858
69.02996,0.678940,0.088739,0.007145,0.060249,0.004851
69.03568,0.678893,0.088748,0.007136,0.060251,0.004845
69.04141,0.678847,0.088757,0.007127,0.060252,0.004838
69.04714,0.678800,0.088766,0.007118,0.060254,0.004832
69.05287,0.678753,0.088775,0.007109,0.060256,0.004825
69.05860,0.678706,0.088784,0.007099,0.060258,0.004818
69.06433,0.678660,0.088793,0.007090,0.060260,0.004812
69.07006,0.678613,0.088802,0.007081,0.060262,0.004805
69.07579,0.678566,0.088810,0.007072,0.060264,0.004799
69.08152,0.678520,0.088819,0.007063,0.060266,0.004792
69.08725,0.678473,0.088828,0.007054,0.060267,0.004786
69.09298,0.678426,0.088837,0.007045,0.060269,0.004779
69.09871,0.678380,0.088845,0.007036,0.060271,0.004773
69.10444,0.678333,0.088854,0.007027,0.060273,0.004766
69.11017,0.678286,0.088863,0.007017,0.060274,0.004760
69.11590,0.678239,0.088872,0.007008,0.060276,0.004753
69.12163,0.678193,0.088880,0.006999,0.060278,0.004747
69.12736,0.678146,0.088889,0.006990,0.060280,0.004740
69.13309,0.678099,0.088898,0.006981,0.060281,0.004734
69.13882,0.678053,0.088906,0.006972,0.060283,0.004727
69.14455,0.678006,0.088915,0.006963,0.060285,0.004721
69.15028,0.677959,0.088923,0.006954,0.060286,0.004714
69.15601,0.677912,0.088932,0.006945,0.060288,0.004708
69.16174,0.677866,0.088941,0.006936,0.060290,0.004701
69.16747,0.677819,0.088949,0.006927,0.060291,0.004695
69.17319,0.677772,0.088958,0.006918,0.060293,0.004688
69.17892,0.677725,0.088966,0.006908,0.060295,0.004682
69.18465,0.677679,0.088975,0.006899,0.060296,0.004676
69.19038,0.677632,0.088983,0.006890,0.060298,0.004669
69.19611,0.677585,0.088992,0.006881,0.060299,0.004663
69.20184,0.677538,0.089000,0.006872,0.060301,0.004656
69.20757,0.677492,0.089008,0.006863,0.060302,0.004650
69.21330,0.677445,0.089017,0.006854,0.060304,0.004643
69.21903,0.677398,0.089025,0.006845,0.060305,0.004637
69.22476,0.677351,0.089034,0.006836,0.060307,0.004630
69.23049,0.677305,0.089042,0.006827,0.060308,0.004624
69.23622,0.677258,0.089050,0.006818,0.060310,0.004617
69.24195,0.677211,0.089058,0.006809,0.060311,0.004611
69.24768,0.677164,0.089067,0.006800,0.060313,0.004605
69.25341,0.677118,0.089075,0.006791,0.060314,0.004598
69.25914,0.677071,0.089083,0.006782,0.060316,0.004592
69.26487,0.677024,0.089092,0.006773,0.060317,0.004585
69.27060,0.676977,0.089100,0.006764,0.060319,0.004579
69.27633,0.676931,0.089108,0.006755,0.060320,0.004572
69.28206,0.676884,0.089116,0.006746,0.060321,0.004566
69.28779,0.676837,0.089124,0.006737,0.060323,0.004560
69.29352,0.676790,0.089133,0.006728,0.060324,0.004553
69.29925,0.676744,0.089141,0.006719,0.060325,0.004547
69.30497,0.676697,0.089149,0.006710,0.060327,0.004540
69.31070,0.676650,0.089157,0.006701,0.060328,0.004534
69.31643,0.676603,0.089165,0.006692,0.060329,0.004528
69.32216,0.676556,0.089173,0.006683,0.060331,0.004521
69.32789,0.676510,0.089181,0.006674,0.060332,0.004515
69.33362,0.676463,0.089189,0.006665,0.060333,0.004508
69.33935,0.676416,0.089197,0.006656,0.060334,0.004502
69.34508,0.676369,0.089205,0.006647,0.060336,0.004496
69.35081,0.676323,0.089213,0.006638,0.060337,0.004489
69.35654,0.676276,0.089221,0.006629,0.060338,0.004483
69.36227,0.676229,0.089229,0.006620,0.060339,0.004476
69.36800,0.676182,0.089237,0.006611,0.060340,0.004470
69.37373,0.676135,0.089245,0.006602,0.060342,0.004464
69.37946,0.676089,0.089253,0.006593,0.060343,0.004457
69.38519,0.676042,0.089261,0.006584,0.060344,0.004451
69.39092,0.675995,0.089268,0.006575,0.060345,0.004444
69.39665,0.675948,0.089276,0.006566,0.060346,0.004438
69.40238,0.675901,0.089284,0.006557,0.060347,0.004432
69.40811,0.675855,0.089292,0.006548,0.060348,0.004425
69.41384,0.675808,0.089300,0.006539,0.060349,0.004419
69.41957,0.675761,0.089308,0.006530,0.060351,0.004413
69.42530,0.675714,0.089315,0.006521,0.060352,0.004406
69.43103,0.675667,0.089323,0.006512,0.060353,0.004400
69.43676,0.675621,0.089331,0.006503,0.060354,0.004394
69.44248,0.675574,0.089338,0.006494,0.060355,0.004387
69.44821,0.675527,0.089346,0.006485,0.060356,0.004381
69.45394,0.675480,0.089354,0.006476,0.060357,0.004375
69.45967,0.675433,0.089361,0.006467,0.060358,0.004368
69.46540,0.675386,0.089369,0.006458,0.060359,0.004362
69.47113,0.675340,0.089377,0.006449,0.060360,0.004355
69.47686,0.675293,0.089384,0.006440,0.060361,0.004349
69.48259,0.675246,0.089392,0.006431,0.060362,0.004343
69.48832,0.675199,0.089400,0.006423,0.060362,0.004337
69.49405,0.675152,0.089407,0.006414,0.060363,0.004330
69.49978,0.675105,0.089415,0.006405,0.060364,0.004324
69.50551,0.675059,0.089422,0.006396,0.060365,0.004318
69.51124,0.675012,0.089430,0.006387,0.060366,0.004311
69.51697,0.674965,0.089437,0.006378,0.060367,0.004305
69.52270,0.674918,0.089445,0.006369,0.060368,0.004299
69.52843,0.674871,0.089452,0.006360,0.060369,0.004292
69.53416,0.674824,0.089459,0.006351,0.060369,0.004286
69.53989,0.674778,0.089467,0.006342,0.060370,0.004280
69.54562,0.674731,0.089474,0.006333,0.060371,0.004273
69.55135,0.674684,0.089482,0.006325,0.060372,0.004267
69.55708,0.674637,0.089489,0.006316,0.060373,0.004261
69.56281,0.674590,0.089496,0.006307,0.060373,0.004254
69.56854,0.674543,0.089504,0.006298,0.060374,0.004248
69.57427,0.674497,0.089511,0.006289,0.060375,0.004242
69.57999,0.674450,0.089518,0.006280,0.060376,0.004236
69.58572,0.674403,0.089526,0.006271,0.060376,0.004229
69.59145,0.674356,0.089533,0.006262,0.060377,0.004223
69.59718,0.674309,0.089540,0.006253,0.060378,0.004217
69.60291,0.674262,0.089547,0.006245,0.060378,0.004210
69.60864,0.674215,0.089555,0.006236,0.060379,0.004204
69.61437,0.674168,0.089562,0.006227,0.060380,0.004198
69.62010,0.674122,0.089569,0.006218,0.060380,0.004192
69.62583,0.674075,0.089576,0.006209,0.060381,0.004185
69.63156,0.674028,0.089583,0.006200,0.060382,0.004179
69.63729,0.673981,0.089590,0.006191,0.060382,0.004173
69.64302,0.673934,0.089598,0.006183,0.060383,0.004167
69.64875,0.673887,0.089605,0.006174,0.060383,0.004160
69.65448,0.673840,0.089612,0.006165,0.060384,0.004154
69.66021,0.673793,0.089619,0.006156,0.060385,0.004148
69.66594,0.673747,0.089626,0.006147,0.060385,0.004142
69.67167,0.673700,0.089633,0.006138,0.060386,0.004135
69.67740,0.673653,0.089640,0.006129,0.060386,0.004129
69.68313,0.673606,0.089647,0.006121,0.060387,0.004123
69.68886,0.673559,0.089654,0.006112,0.060387,0.004117
69.69459,0.673512,0.089661,0.006103,0.060388,0.004110
69.70032,0.673465,0.089668,0.006094,0.060388,0.004104
69.70605,0.673418,0.089675,0.006085,0.060389,0.004098
69.71177,0.673371,0.089682,0.006077,0.060389,0.004092
69.71750,0.673325,0.089689,0.006068,0.060390,0.004086
69.72323,0.673278,0.089696,0.006059,0.060390,0.004079
69.72896,0.673231,0.089702,0.006050,0.060390,0.004073
69.73469,0.673184,0.089709,0.006041,0.060391,0.004067
69.74042,0.673137,0.089716,0.006032,0.060391,0.004061
69.74615,0.673090,0.089723,0.006024,0.060392,0.004054
69.75188,0.673043,0.089730,0.006015,0.060392,0.004048
69.75761,0.672996,0.089737,0.006006,0.060392,0.004042
69.76334,0.672949,0.089743,0.005997,0.060393,0.004036
69.76907,0.672902,0.089750,0.005988,0.060393,0.004030
69.77480,0.672855,0.089757,0.005980,0.060393,0.004023
69.78053,0.672809,0.089764,0.005971,0.060394,0.004017
69.78626,0.672762,0.089770,0.005962,0.060394,0.004011
69.79199,0.672715,0.089777,0.005953,0.060394,0.004005
69.79772,0.672668,0.089784,0.005945,0.060395,0.003999
69.80345,0.672621,0.089790,0.005936,0.060395,0.003993
69.80918,0.672574,0.089797,0.005927,0.060395,0.003986
69.81491,0.672527,0.089804,0.005918,0.060395,0.003980
69.82064,0.672480,0.089810,0.005909,0.060396,0.003974
69.82637,0.672433,0.089817,0.005901,0.060396,0.003968
69.83210,0.672386,0.089823,0.005892,0.060396,0.003962
69.83783,0.672339,0.089830,0.005883,0.060396,0.003955
69.84356,0.672292,0.089836,0.005874,0.060396,0.003949
69.84928,0.672245,0.089843,0.005866,0.060397,0.003943
69.85501,0.672198,0.089849,0.005857,0.060397,0.003937
69.86074,0.672152,0.089856,0.005848,0.060397,0.003931
69.86647,0.672105,0.089862,0.005839,0.060397,0.003925
69.87220,0.672058,0.089869,0.005831,0.060397,0.003919
69.87793,0.672011,0.089875,0.005822,0.060397,0.003912
69.88366,0.671964,0.089882,0.005813,0.060397,0.003906
69.88939,0.671917,0.089888,0.005804,0.060397,0.003900
69.89512,0.671870,0.089895,0.005796,0.060397,0.003894
69.90085,0.671823,0.089901,0.005787,0.060398,0.003888
69.90658,0.671776,0.089907,0.005778,0.060398,0.003882
69.91231,0.671729,0.089914,0.005770,0.060398,0.003876
69.91804,0.671682,0.089920,0.005761,0.060398,0.003869
69.92377,0.671635,0.089926,0.005752,0.060398,0.003863
69.92950,0.671588,0.089933,0.005743,0.060398,0.003857
69.93523,0.671541,0.089939,0.005735,0.060398,0.003851
69.94096,0.671494,0.089945,0.005726,0.060398,0.003845
69.94669,0.671447,0.089952,0.005717,0.060398,0.003839
69.95242,0.671400,0.089958,0.005709,0.060398,0.003833
69.95815,0.671353,0.089964,0.005700,0.060398,0.003827
69.96388,0.671306,0.089970,0.005691,0.060398,0.003821
69.96961,0.671259,0.089976,0.005682,0.060397,0.003814
69.97534,0.671212,0.089983,0.005674,0.060397,0.003808
69.98107,0.671165,0.089989,0.005665,0.060397,0.003802
69.98679,0.671118,0.089995,0.005656,0.060397,0.003796
69.99252,0.671071,0.090001,0.005648,0.060397,0.003790
69.99825,0.671024,0.090007,0.005639,0.060397,0.003784
70.00398,0.670977,0.090013,0.005630,0.060397,0.003778
70.00971,0.670930,0.090019,0.005622,0.060397,0.003772
70.01544,0.670883,0.090025,0.005613,0.060397,0.003766
70.02117,0.670836,0.090031,0.005604,0.060396,0.003760
70.02690,0.670789,0.090037,0.005596,0.060396,0.003754
70.03263,0.670742,0.090043,0.005587,0.060396,0.003747
70.03836,0.670695,0.090049,0.005578,0.060396,0.003741
70.04409,0.670648,0.090055,0.005570,0.060396,0.003735
70.04982,0.670601,0.090061,0.005561,0.060395,0.003729
70.05555,0.670554,0.090067,0.005552,0.060395,0.003723
70.06128,0.670507,0.090073,0.005544,0.060395,0.003717
70.06701,0.670460,0.090079,0.005535,0.060395,0.003711
70.07274,0.670413,0.090085,0.005526,0.060394,0.003705
70.07847,0.670366,0.090091,0.005518,0.060394,0.003699
70.08420,0.670319,0.090097,0.005509,0.060394,0.003693
70.08993,0.670272,0.090103,0.005501,0.060393,0.003687
70.09566,0.670225,0.090109,0.005492,0.060393,0.003681
70.10139,0.670178,0.090114,0.005483,0.060393,0.003675
70.10712,0.670131,0.090120,0.005475,0.060392,0.003669
70.11285,0.670084,0.090126,0.005466,0.060392,0.003663
70.11857,0.670037,0.090132,0.005457,0.060392,0.003657
70.12430,0.669990,0.090138,0.005449,0.060391,0.003651
70.13003,0.669943,0.090143,0.005440,0.060391,0.003645
70.13576,0.669896,0.090149,0.005432,0.060391,0.003639
70.14149,0.669849,0.090155,0.005423,0.060390,0.003633
70.14722,0.669802,0.090160,0.005414,0.060390,0.003627
70.15295,0.669755,0.090166,0.005406,0.060389,0.003620
70.15868,0.669708,0.090172,0.005397,0.060389,0.003614
70.16441,0.669661,0.090178,0.005388,0.060388,0.003608
70.17014,0.669614,0.090183,0.005380,0.060388,0.003602
70.17587,0.669567,0.090189,0.005371,0.060387,0.003596
70.18160,0.669520,0.090194,0.005363,0.060387,0.003590
70.18733,0.669473,0.090200,0.005354,0.060386,0.003584
70.19306,0.669426,0.090206,0.005346,0.060386,0.003578
70.19879,0.669379,0.090211,0.005337,0.060385,0.003572
70.20452,0.669332,0.090217,0.005328,0.060385,0.003566
70.21025,0.669285,0.090222,0.005320,0.060384,0.003560
70.21598,0.669238,0.090228,0.005311,0.060384,0.003554
70.22171,0.669191,0.090233,0.005303,0.060383,0.003548
70.22744,0.669144,0.090239,0.005294,0.060383,0.003542
70.23317,0.669097,0.090244,0.005286,0.060382,0.003537
70.23890,0.669050,0.090250,0.005277,0.060381,0.003531
70.24463,0.669002,0.090255,0.005268,0.060381,0.003525
70.25036,0.668955,0.090261,0.005260,0.060380,0.003519
70.25608,0.668908,0.090266,0.005251,0.060380,0.003513
70.26181,0.668861,0.090271,0.005243,0.060379,0.003507
70.26754,0.668814,0.090277,0.005234,0.060378,0.003501
70.27327,0.668767,0.090282,0.005226,0.060378,0.003495
70.27900,0.668720,0.090287,0.005217,0.060377,0.003489
70.28473,0.668673,0.090293,0.005209,0.060376,0.003483
70.29046,0.668626,0.090298,0.005200,0.060376,0.003477
70.29619,0.668579,0.090303,0.005191,0.060375,0.003471
70.30192,0.668532,0.090309,0.005183,0.060374,0.003465
70.30765,0.668485,0.090314,0.005174,0.060373,0.003459
70.31338,0.668438,0.090319,0.005166,0.060373,0.003453
70.31911,0.668391,0.090324,0.005157,0.060372,0.003447
70.32484,0.668344,0.090330,0.005149,0.060371,0.003441
70.33057,0.668296,0.090335,0.005140,0.060370,0.003435
70.33630,0.668249,0.090340,0.005132,0.060370,0.003429
70.34203,0.668202,0.090345,0.005123,0.060369,0.003423
70.34776,0.668155,0.090350,0.005115,0.060368,0.003417
70.35349,0.668108,0.090356,0.005106,0.060367,0.003412
70.35922,0.668061,0.090361,0.005098,0.060366,0.003406
70.36495,0.668014,0.090366,0.005089,0.060366,0.003400
70.37068,0.667967,0.090371,0.005081,0.060365,0.003394
70.37641,0.667920,0.090376,0.005072,0.060364,0.003388
70.38214,0.667873,0.090381,0.005064,0.060363,0.003382
70.38787,0.667826,0.090386,0.005055,0.060362,0.003376
70.39359,0.667778,0.090391,0.005047,0.060361,0.003370
70.39932,0.667731,0.090396,0.005038,0.060360,0.003364
70.40505,0.667684,0.090401,0.005030,0.060360,0.003358
70.41078,0.667637,0.090406,0.005021,0.060359,0.003352
70.41651,0.667590,0.090411,0.005013,0.060358,0.003347
70.42224,0.667543,0.090416,0.005004,0.060357,0.003341
70.42797,0.667496,0.090421,0.004996,0.060356,0.003335
70.43370,0.667449,0.090426,0.004987,0.060355,0.003329
70.43943,0.667402,0.090431,0.004979,0.060354,0.003323
70.44516,0.667354,0.090436,0.004971,0.060353,0.003317
70.45089,0.667307,0.090441,0.004962,0.060352,0.003311
70.45662,0.667260,0.090446,0.004954,0.060351,0.003305
70.46235,0.667213,0.090451,0.004945,0.060350,0.003299
70.46808,0.667166,0.090455,0.004937,0.060349,0.003294
70.47381,0.667119,0.090460,0.004928,0.060348,0.003288
70.47954,0.667072,0.090465,0.004920,0.060347,0.003282
70.48527,0.667025,0.090470,0.004911,0.060346,0.003276
70.49100,0.666977,0.090475,0.004903,0.060345,0.003270
70.49673,0.666930,0.090479,0.004895,0.060344,0.003264
70.50246,0.666883,0.090484,0.004886,0.060342,0.003258
70.50819,0.666836,0.090489,0.004878,0.060341,0.003253
70.51392,0.666789,0.090494,0.004869,0.060340,0.003247
70.51965,0.666742,0.090498,0.004861,0.060339,0.003241
70.52538,0.666695,0.090503,0.004852,0.060338,0.003235
70.53110,0.666648,0.090508,0.004844,0.060337,0.003229
70.53683,0.666600,0.090513,0.004836,0.060336,0.003223
70.54256,0.666553,0.090517,0.004827,0.060335,0.003218
70.54829,0.666506,0.090522,0.004819,0.060333,0.003212
70.55402,0.666459,0.090526,0.004810,0.060332,0.003206
70.55975,0.666412,0.090531,0.004802,0.060331,0.003200
70.56548,0.666365,0.090536,0.004794,0.060330,0.003194
70.57121,0.666318,0.090540,0.004785,0.060329,0.003188
70.57694,0.666270,0.090545,0.004777,0.060327,0.003183
70.58267,0.666223,0.090549,0.004768,0.060326,0.003177
70.58840,0.666176,0.090554,0.004760,0.060325,0.003171
70.59413,0.666129,0.090558,0.004752,0.060324,0.003165
70.59986,0.666082,0.090563,0.004743,0.060322,0.003159
70.60559,0.666035,0.090567,0.004735,0.060321,0.003154
70.61132,0.665987,0.090572,0.004726,0.060320,0.003148
70.61705,0.665940,0.090576,0.004718,0.060318,0.003142
70.62278,0.665893,0.090581,0.004710,0.060317,0.003136
70.62851,0.665846,0.090585,0.004701,0.060316,0.003130
70.63424,0.665799,0.090590,0.004693,0.060315,0.003125
70.63997,0.665752,0.090594,0.004685,0.060313,0.003119
70.64570,0.665704,0.090599,0.004676,0.060312,0.003113
70.65143,0.665657,0.090603,0.004668,0.060310,0.003107
70.65716,0.665610,0.090607,0.004660,0.060309,0.003101
70.66288,0.665563,0.090612,0.004651,0.060308,0.003096
70.66861,0.665516,0.090616,0.004643,0.060306,0.003090
70.67434,0.665468,0.090620,0.004634,0.060305,0.003084
70.68007,0.665421,0.090625,0.004626,0.060304,0.003078
70.68580,0.665374,0.090629,0.004618,0.060302,0.003073
70.69153,0.665327,0.090633,0.004609,0.060301,0.003067
70.69726,0.665280,0.090637,0.004601,0.060299,0.003061
70.70299,0.665233,0.090642,0.004593,0.060298,0.003055
70.70872,0.665185,0.090646,0.004584,0.060296,0.003050
70.71445,0.665138,0.090650,0.004576,0.060295,0.003044
70.72018,0.665091,0.090654,0.004568,0.060293,0.003038
70.72591,0.665044,0.090659,0.004560,0.060292,0.003032
70.73164,0.664997,0.090663,0.004551,0.060290,0.003027
70.73737,0.664949,0.090667,0.004543,0.060289,0.003021
70.74310,0.664902,0.090671,0.004535,0.060287,0.003015
70.74883,0.664855,0.090675,0.004526,0.060286,0.003009
70.75456,0.664808,0.090679,0.004518,0.060284,0.003004
70.76029,0.664761,0.090683,0.004510,0.060283,0.002998
70.76602,0.664713,0.090687,0.004501,0.060281,0.002992
70.77175,0.664666,0.090692,0.004493,0.060280,0.002986
70.77748,0.664619,0.090696,0.004485,0.060278,0.002981
70.78321,0.664572,0.090700,0.004476,0.060276,0.002975
70.78894,0.664525,0.090704,0.004468,0.060275,0.002969
70.79467,0.664477,0.090708,0.004460,0.060273,0.002964
70.80039,0.664430,0.090712,0.004452,0.060272,0.002958
70.80612,0.664383,0.090716,0.004443,0.060270,0.002952
70.81185,0.664336,0.090720,0.004435,0.060268,0.002946
70.81758,0.664288,0.090724,0.004427,0.060267,0.002941
70.82331,0.664241,0.090728,0.004419,0.060265,0.002935
70.82904,0.664194,0.090732,0.004410,0.060263,0.002929
70.83477,0.664147,0.090735,0.004402,0.060262,0.002924
70.84050,0.664099,0.090739,0.004394,0.060260,0.002918
70.84623,0.664052,0.090743,0.004385,0.060258,0.002912
70.85196,0.664005,0.090747,0.004377,0.060257,0.002907
70.85769,0.663958,0.090751,0.004369,0.060255,0.002901
70.86342,0.663911,0.090755,0.004361,0.060253,0.002895
70.86915,0.663863,0.090759,0.004352,0.060251,0.002889
70.87488,0.663816,0.090762,0.004344,0.060250,0.002884
70.88061,0.663769,0.090766,0.004336,0.060248,0.002878
70.88634,0.663722,0.090770,0.004328,0.060246,0.002872
70.89207,0.663674,0.090774,0.004320,0.060244,0.002867
70.89780,0.663627,0.090778,0.004311,0.060242,0.002861
70.90353,0.663580,0.090781,0.004303,0.060241,0.002855
70.90926,0.663533,0.090785,0.004295,0.060239,0.002850
70.91499,0.663485,0.090789,0.004287,0.060237,0.002844
70.92072,0.663438,0.090793,0.004278,0.060235,0.002838
70.92645,0.663391,0.090796,0.004270,0.060233,0.002833
70.93218,0.663344,0.090800,0.004262,0.060232,0.002827
70.93790,0.663296,0.090804,0.004254,0.060230,0.002822
70.94363,0.663249,0.090807,0.004246,0.060228,0.002816
70.94936,0.663202,0.090811,0.004237,0.060226,0.002810
70.95509,0.663155,0.090815,0.004229,0.060224,0.002805
70.96082,0.663107,0.090818,0.004221,0.060222,0.002799
70.96655,0.663060,0.090822,0.004213,0.060220,0.002793
70.97228,0.663013,0.090825,0.004205,0.060218,0.002788
70.97801,0.662965,0.090829,0.004196,0.060216,0.002782
70.98374,0.662918,0.090832,0.004188,0.060214,0.002776
70.98947,0.662871,0.090836,0.004180,0.060213,0.002771
70.99520,0.662824,0.090840,0.004172,0.060211,0.002765
71.00093,0.662776,0.090843,0.004164,0.060209,0.002760
71.00666,0.662729,0.090847,0.004155,0.060207,0.002754
71.01239,0.662682,0.090850,0.004147,0.060205,0.002748
71.01812,0.662635,0.090853,0.004139,0.060203,0.002743
71.02385,0.662587,0.090857,0.004131,0.060201,0.002737
71.02958,0.662540,0.090860,0.004123,0.060199,0.002732
71.03531,0.662493,0.090864,0.004115,0.060197,0.002726
71.04104,0.662445,0.090867,0.004106,0.060195,0.002720
71.04677,0.662398,0.090871,0.004098,0.060193,0.002715
71.05250,0.662351,0.090874,0.004090,0.060190,0.002709
71.05823,0.662304,0.090877,0.004082,0.060188,0.002704
71.06396,0.662256,0.090881,0.004074,0.060186,0.002698
71.06968,0.662209,0.090884,0.004066,0.060184,0.002692
71.07541,0.662162,0.090887,0.004058,0.060182,0.002687
71.08114,0.662114,0.090891,0.004049,0.060180,0.002681
71.08687,0.662067,0.090894,0.004041,0.060178,0.002676
71.09260,0.662020,0.090897,0.004033,0.060176,0.002670
71.09833,0.661972,0.090901,0.004025,0.060174,0.002664
71.10406,0.661925,0.090904,0.004017,0.060172,0.002659
71.10979,0.661878,0.090907,0.004009,0.060169,0.002653
71.11552,0.661831,0.090910,0.004001,0.060167,0.002648
71.12125,0.661783,0.090914,0.003993,0.060165,0.002642
71.12698,0.661736,0.090917,0.003984,0.060163,0.002637
71.13271,0.661689,0.090920,0.003976,0.060161,0.002631
71.13844,0.661641,0.090923,0.003968,0.060159,0.002626
71.14417,0.661594,0.090926,0.003960,0.060156,0.002620
71.14990,0.661547,0.090930,0.003952,0.060154,0.002614
71.15563,0.661499,0.090933,0.003944,0.060152,0.002609
71.16136,0.661452,0.090936,0.003936,0.060150,0.002603
71.16709,0.661405,0.090939,0.003928,0.060147,0.002598
71.17282,0.661357,0.090942,0.003920,0.060145,0.002592
71.17855,0.661310,0.090945,0.003912,0.060143,0.002587
71.18428,0.661263,0.090948,0.003903,0.060141,0.002581
71.19001,0.661215,0.090951,0.003895,0.060138,0.002576
71.19574,0.661168,0.090954,0.003887,0.060136,0.002570
71.20147,0.661121,0.090957,0.003879,0.060134,0.002565
71.20719,0.661073,0.090960,0.003871,0.060132,0.002559
71.21292,0.661026,0.090963,0.003863,0.060129,0.002554
71.21865,0.660979,0.090966,0.003855,0.060127,0.002548
71.22438,0.660931,0.090969,0.003847,0.060125,0.002543
71.23011,0.660884,0.090972,0.003839,0.060122,0.002537
71.23584,0.660837,0.090975,0.003831,0.060120,0.002532
71.24157,0.660789,0.090978,0.003823,0.060117,0.002526
71.24730,0.660742,0.090981,0.003815,0.060115,0.002521
71.25303,0.660695,0.090984,0.003807,0.060113,0.002515
71.25876,0.660647,0.090987,0.003799,0.060110,0.002510
71.26449,0.660600,0.090990,0.003791,0.060108,0.002504
71.27022,0.660553,0.090993,0.003783,0.060106,0.002499
71.27595,0.660505,0.090996,0.003775,0.060103,0.002493
71.28168,0.660458,0.090999,0.003767,0.060101,0.002488
71.28741,0.660411,0.091001,0.003758,0.060098,0.002482
71.29314,0.660363,0.091004,0.003750,0.060096,0.002477
71.29887,0.660316,0.091007,0.003742,0.060093,0.002471
71.30460,0.660268,0.091010,0.003734,0.060091,0.002466
71.31033,0.660221,0.091013,0.003726,0.060088,0.002460
71.31606,0.660174,0.091015,0.003718,0.060086,0.002455
71.32179,0.660126,0.091018,0.003710,0.060083,0.002449
71.32752,0.660079,0.091021,0.003702,0.060081,0.002444
71.33325,0.660032,0.091024,0.003694,0.060078,0.002438
71.33898,0.659984,0.091026,0.003686,0.060076,0.002433
71.34470,0.659937,0.091029,0.003678,0.060073,0.002427
71.35043,0.659890,0.091032,0.003670,0.060071,0.002422
71.35616,0.659842,0.091034,0.003662,0.060068,0.002417
71.36189,0.659795,0.091037,0.003654,0.060066,0.002411
71.36762,0.659747,0.091040,0.003646,0.060063,0.002406
71.37335,0.659700,0.091042,0.003638,0.060061,0.002400
71.37908,0.659653,0.091045,0.003630,0.060058,0.002395
71.38481,0.659605,0.091048,0.003622,0.060055,0.002389
71.39054,0.659558,0.091050,0.003614,0.060053,0.002384
71.39627,0.659510,0.091053,0.003606,0.060050,0.002378
71.40200,0.659463,0.091055,0.003598,0.060048,0.002373
71.40773,0.659416,0.091058,0.003591,0.060045,0.002368
71.41346,0.659368,0.091060,0.003583,0.060042,0.002362
71.41919,0.659321,0.091063,0.003575,0.060040,0.002357
71.42492,0.659274,0.091066,0.003567,0.060037,0.002351
71.43065,0.659226,0.091068,0.003559,0.060034,0.002346
71.43638,0.659179,0.091071,0.003551,0.060032,0.002341
71.44211,0.659131,0.091073,0.003543,0.060029,0.002335
71.44784,0.659084,0.091075,0.003535,0.060026,0.002330
71.45357,0.659037,0.091078,0.003527,0.060024,0.002324
71.45930,0.658989,0.091080,0.003519,0.060021,0.002319
71.46503,0.658942,0.091083,0.003511,0.060018,0.002314
71.47076,0.658894,0.091085,0.003503,0.060016,0.002308
71.47648,0.658847,0.091088,0.003495,0.060013,0.002303
71.48221,0.658800,0.091090,0.003487,0.060010,0.002297
71.48794,0.658752,0.091092,0.003479,0.060007,0.002292
71.49367,0.658705,0.091095,0.003471,0.060005,0.002287
71.49940,0.658657,0.091097,0.003463,0.060002,0.002281
71.50513,0.658610,0.091099,0.003455,0.059999,0.002276
71.51086,0.658562,0.091102,0.003448,0.059996,0.002270
71.51659,0.658515,0.091104,0.003440,0.059993,0.002265
71.52232,0.658468,0.091106,0.003432,0.059991,0.002260
71.52805,0.658420,0.091109,0.003424,0.059988,0.002254
71.53378,0.658373,0.091111,0.003416,0.059985,0.002249
71.53951,0.658325,0.091113,0.003408,0.059982,0.002244
71.54524,0.658278,0.091116,0.003400,0.059979,0.002238
71.55097,0.658230,0.091118,0.003392,0.059976,0.002233
71.55670,0.658183,0.091120,0.003384,0.059974,0.002228
71.56243,0.658136,0.091122,0.003376,0.059971,0.002222
71.56816,0.658088,0.091124,0.003369,0.059968,0.002217
71.57389,0.658041,0.091127,0.003361,0.059965,0.002211
71.57962,0.657993,0.091129,0.003353,0.059962,0.002206
71.58535,0.657946,0.091131,0.003345,0.059959,0.002201
71.59108,0.657898,0.091133,0.003337,0.059956,0.002195
71.59681,0.657851,0.091135,0.003329,0.059953,0.002190
71.60254,0.657804,0.091137,0.003321,0.059950,0.002185
71.60827,0.657756,0.091139,0.003313,0.059948,0.002179
71.61399,0.657709,0.091142,0.003306,0.059945,0.002174
71.61972,0.657661,0.091144,0.003298,0.059942,0.002169
71.62545,0.657614,0.091146,0.003290,0.059939,0.002163
71.63118,0.657566,0.091148,0.003282,0.059936,0.002158
71.63691,0.657519,0.091150,0.003274,0.059933,0.002153
71.64264,0.657471,0.091152,0.003266,0.059930,0.002148
71.64837,0.657424,0.091154,0.003259,0.059927,0.002142
71.65410,0.657376,0.091156,0.003251,0.059924,0.002137
71.65983,0.657329,0.091158,0.003243,0.059921,0.002132
71.66556,0.657282,0.091160,0.003235,0.059918,0.002126
71.67129,0.657234,0.091162,0.003227,0.059915,0.002121
71.67702,0.657187,0.091164,0.003219,0.059912,0.002116
71.68275,0.657139,0.091166,0.003212,0.059909,0.002110
71.68848,0.657092,0.091168,0.003204,0.059906,0.002105
71.69421,0.657044,0.091170,0.003196,0.059902,0.002100
71.69994,0.656997,0.091172,0.003188,0.059899,0.002095
71.70567,0.656949,0.091173,0.003180,0.059896,0.002089
71.71140,0.656902,0.091175,0.003172,0.059893,0.002084
71.71713,0.656854,0.091177,0.003165,0.059890,0.002079
71.72286,0.656807,0.091179,0.003157,0.059887,0.002073
71.72859,0.656759,0.091181,0.003149,0.059884,0.002068
71.73432,0.656712,0.091183,0.003141,0.059881,0.002063
71.74005,0.656664,0.091185,0.003133,0.059878,0.002058
71.74578,0.656617,0.091186,0.003126,0.059875,0.002052
71.75150,0.656569,0.091188,0.003118,0.059871,0.002047
71.75723,0.656522,0.091190,0.003110,0.059868,0.002042
71.76296,0.656474,0.091192,0.003102,0.059865,0.002037
71.76869,0.656427,0.091194,0.003095,0.059862,0.002031
71.77442,0.656379,0.091195,0.003087,0.059859,0.002026
71.78015,0.656332,0.091197,0.003079,0.059856,0.002021
71.78588,0.656284,0.091199,0.003071,0.059852,0.002016
71.79161,0.656237,0.091200,0.003063,0.059849,0.002010
71.79734,0.656189,0.091202,0.003056,0.059846,0.002005
71.80307,0.656142,0.091204,0.003048,0.059843,0.002000
71.80880,0.656095,0.091206,0.003040,0.059839,0.001995
71.81453,0.656047,0.091207,0.003032,0.059836,0.001989
71.82026,0.655999,0.091209,0.003025,0.059833,0.001984
71.82599,0.655952,0.091210,0.003017,0.059830,0.001979
71.83172,0.655904,0.091212,0.003009,0.059826,0.001974
71.83745,0.655857,0.091214,0.003001,0.059823,0.001968
71.84318,0.655809,0.091215,0.002994,0.059820,0.001963
71.84891,0.655762,0.091217,0.002986,0.059817,0.001958
71.85464,0.655714,0.091219,0.002978,0.059813,0.001953
71.86037,0.655667,0.091220,0.002970,0.059810,0.001948
71.86610,0.655619,0.091222,0.002963,0.059807,0.001942
71.87183,0.655572,0.091223,0.002955,0.059803,0.001937
71.87756,0.655524,0.091225,0.002947,0.059800,0.001932
71.88328,0.655477,0.091226,0.002940,0.059797,0.001927
71.88901,0.655429,0.091228,0.002932,0.059793,0.001922
71.89474,0.655382,0.091229,0.002924,0.059790,0.001916
71.90047,0.655334,0.091231,0.002916,0.059787,0.001911
71.90620,0.655287,0.091232,0.002909,0.059783,0.001906
71.91193,0.655239,0.091234,0.002901,0.059780,0.001901
71.91766,0.655192,0.091235,0.002893,0.059776,0.001896
71.92339,0.655144,0.091237,0.002886,0.059773,0.001890
71.92912,0.655097,0.091238,0.002878,0.059770,0.001885
71.93485,0.655049,0.091239,0.002870,0.059766,0.001880
71.94058,0.655002,0.091241,0.002863,0.059763,0.001875
71.94631,0.654954,0.091242,0.002855,0.059759,0.001870
71.95204,0.654906,0.091244,0.002847,0.059756,0.001865
71.95777,0.654859,0.091245,0.002839,0.059753,0.001859
71.96350,0.654811,0.091246,0.002832,0.059749,0.001854
71.96923,0.654764,0.091248,0.002824,0.059746,0.001849
71.97496,0.654716,0.091249,0.002816,0.059742,0.001844
71.98069,0.654669,0.091250,0.002809,0.059739,0.001839
71.98642,0.654621,0.091252,0.002801,0.059735,0.001834
71.99215,0.654574,0.091253,0.002793,0.059732,0.001829
71.99788,0.654526,0.091254,0.002786,0.059728,0.001823
72.00361,0.654479,0.091255,0.002778,0.059725,0.001818
72.00934,0.654431,0.091257,0.002770,0.059721,0.001813
72.01507,0.654383,0.091258,0.002763,0.059718,0.001808
72.02079,0.654336,0.091259,0.002755,0.059714,0.001803
72.02652,0.654288,0.091260,0.002748,0.059711,0.001798
72.03225,0.654241,0.091262,0.002740,0.059707,0.001793
72.03798,0.654193,0.091263,0.002732,0.059703,0.001787
72.04371,0.654146,0.091264,0.002725,0.059700,0.001782
72.04944,0.654098,0.091265,0.002717,0.059696,0.001777
72.05517,0.654051,0.091266,0.002709,0.059693,0.001772
72.06090,0.654003,0.091267,0.002702,0.059689,0.001767
72.06663,0.653955,0.091269,0.002694,0.059686,0.001762
72.07236,0.653908,0.091270,0.002686,0.059682,0.001757
72.07809,0.653860,0.091271,0.002679,0.059678,0.001752
72.08382,0.653813,0.091272,0.002671,0.059675,0.001746
72.08955,0.653765,0.091273,0.002664,0.059671,0.001741
72.09528,0.653718,0.091274,0.002656,0.059667,0.001736
72.10101,0.653670,0.091275,0.002648,0.059664,0.001731
72.10674,0.653622,0.091276,0.002641,0.059660,0.001726
72.11247,0.653575,0.091277,0.002633,0.059657,0.001721
72.11820,0.653527,0.091278,0.002626,0.059653,0.001716
72.12393,0.653480,0.091279,0.002618,0.059649,0.001711
72.12966,0.653432,0.091280,0.002610,0.059645,0.001706
72.13539,0.653384,0.091281,0.002603,0.059642,0.001701
72.14112,0.653337,0.091282,0.002595,0.059638,0.001696
72.14685,0.653289,0.091283,0.002588,0.059634,0.001691
72.15258,0.653242,0.091284,0.002580,0.059631,0.001685
72.15830,0.653194,0.091285,0.002573,0.059627,0.001680
72.16403,0.653146,0.091286,0.002565,0.059623,0.001675
72.16976,0.653099,0.091287,0.002557,0.059619,0.001670
72.17549,0.653051,0.091288,0.002550,0.059616,0.001665
72.18122,0.653004,0.091289,0.002542,0.059612,0.001660
72.18695,0.652956,0.091290,0.002535,0.059608,0.001655
72.19268,0.652908,0.091291,0.002527,0.059604,0.001650
72.19841,0.652861,0.091292,0.002520,0.059601,0.001645
72.20414,0.652813,0.091292,0.002512,0.059597,0.001640
72.20987,0.652766,0.091293,0.002505,0.059593,0.001635
72.21560,0.652718,0.091294,0.002497,0.059589,0.001630
72.22133,0.652670,0.091295,0.002489,0.059586,0.001625
72.22706,0.652623,0.091296,0.002482,0.059582,0.001620
72.23279,0.652575,0.091297,0.002474,0.059578,0.001615
72.23852,0.652528,0.091297,0.002467,0.059574,0.001610
72.24425,0.652480,0.091298,0.002459,0.059570,0.001605
72.24998,0.652432,0.091299,0.002452,0.059566,0.001600
72.25571,0.652385,0.091300,0.002444,0.059563,0.001595
72.26144,0.652337,0.091300,0.002437,0.059559,0.001590
72.26717,0.652289,0.091301,0.002429,0.059555,0.001585
72.27290,0.652242,0.091302,0.002422,0.059551,0.001580
72.27863,0.652194,0.091303,0.002414,0.059547,0.001575
72.28436,0.652147,0.091303,0.002407,0.059543,0.001569
72.29009,0.652099,0.091304,0.002399,0.059539,0.001564
72.29581,0.652051,0.091305,0.002392,0.059535,0.001559
72.30154,0.652004,0.091305,0.002384,0.059531,0.001554
72.30727,0.651956,0.091306,0.002377,0.059527,0.001549
72.31300,0.651908,0.091307,0.002369,0.059524,0.001544
72.31873,0.651861,0.091307,0.002362,0.059520,0.001539
72.32446,0.651813,0.091308,0.002354,0.059516,0.001534
72.33019,0.651766,0.091309,0.002347,0.059512,0.001530
72.33592,0.651718,0.091309,0.002339,0.059508,0.001525
72.34165,0.651670,0.091310,0.002332,0.059504,0.001520
72.34738,0.651623,0.091310,0.002324,0.059500,0.001515
72.35311,0.651575,0.091311,0.002317,0.059496,0.001510
72.35884,0.651527,0.091311,0.002309,0.059492,0.001505
72.36457,0.651480,0.091312,0.002302,0.059488,0.001500
72.37030,0.651432,0.091312,0.002294,0.059484,0.001495
72.37603,0.651384,0.091313,0.002287,0.059480,0.001490
72.38176,0.651337,0.091314,0.002279,0.059476,0.001485
72.38749,0.651289,0.091314,0.002272,0.059472,0.001480
72.39322,0.651241,0.091314,0.002265,0.059468,0.001475
72.39895,0.651194,0.091315,0.002257,0.059464,0.001470
72.40468,0.651146,0.091315,0.002250,0.059460,0.001465
72.41041,0.651098,0.091316,0.002242,0.059456,0.001460
72.41614,0.651051,0.091316,0.002235,0.059452,0.001455
72.42187,0.651003,0.091317,0.002227,0.059447,0.001450
72.42759,0.650955,0.091317,0.002220,0.059443,0.001445
72.43332,0.650908,0.091318,0.002213,0.059439,0.001440
72.43905,0.650860,0.091318,0.002205,0.059435,0.001435
72.44478,0.650812,0.091318,0.002198,0.059431,0.001430
72.45051,0.650765,0.091319,0.002190,0.059427,0.001425
72.45624,0.650717,0.091319,0.002183,0.059423,0.001420
72.46197,0.650669,0.091320,0.002175,0.059419,0.001415
72.46770,0.650622,0.091320,0.002168,0.059415,0.001411
72.47343,0.650574,0.091320,0.002161,0.059411,0.001406
72.47916,0.650526,0.091321,0.002153,0.059406,0.001401
72.48489,0.650479,0.091321,0.002146,0.059402,0.001396
72.49062,0.650431,0.091321,0.002138,0.059398,0.001391
72.49635,0.650383,0.091321,0.002131,0.059394,0.001386
72.50208,0.650336,0.091322,0.002124,0.059390,0.001381
72.50781,0.650288,0.091322,0.002116,0.059386,0.001376
72.51354,0.650240,0.091322,0.002109,0.059381,0.001371
72.51927,0.650193,0.091322,0.002101,0.059377,0.001366
72.52500,0.650145,0.091323,0.002094,0.059373,0.001361
72.53073,0.650097,0.091323,0.002087,0.059369,0.001357
72.53646,0.650049,0.091323,0.002079,0.059365,0.001352
72.54219,0.650002,0.091323,0.002072,0.059360,0.001347
72.54792,0.649954,0.091324,0.002065,0.059356,0.001342
72.55365,0.649906,0.091324,0.002057,0.059352,0.001337
72.55938,0.649859,0.091324,0.002050,0.059348,0.001332
72.56510,0.649811,0.091324,0.002042,0.059343,0.001327
72.57083,0.649763,0.091324,0.002035,0.059339,0.001322
72.57656,0.649716,0.091324,0.002028,0.059335,0.001317
72.58229,0.649668,0.091324,0.002020,0.059331,0.001313
72.58802,0.649620,0.091325,0.002013,0.059326,0.001308
72.59375,0.649572,0.091325,0.002006,0.059322,0.001303
72.59948,0.649525,0.091325,0.001998,0.059318,0.001298
72.60521,0.649477,0.091325,0.001991,0.059313,0.001293
72.61094,0.649429,0.091325,0.001984,0.059309,0.001288
72.61667,0.649382,0.091325,0.001976,0.059305,0.001283
72.62240,0.649334,0.091325,0.001969,0.059300,0.001279
72.62813,0.649286,0.091325,0.001962,0.059296,0.001274
72.63386,0.649238,0.091325,0.001954,0.059292,0.001269
72.63959,0.649191,0.091325,0.001947,0.059287,0.001264
72.64532,0.649143,0.091325,0.001940,0.059283,0.001259
72.65105,0.649095,0.091325,0.001932,0.059279,0.001254
72.65678,0.649048,0.091325,0.001925,0.059274,0.001250
72.66251,0.649000,0.091325,0.001918,0.059270,0.001245
72.66824,0.648952,0.091325,0.001911,0.059266,0.001240
72.67397,0.648904,0.091325,0.001903,0.059261,0.001235
72.67970,0.648857,0.091325,0.001896,0.059257,0.001230
72.68543,0.648809,0.091325,0.001889,0.059252,0.001225
72.69116,0.648761,0.091325,0.001881,0.059248,0.001221
72.69689,0.648713,0.091325,0.001874,0.059244,0.001216
72.70261,0.648666,0.091325,0.001867,0.059239,0.001211
72.70834,0.648618,0.091325,0.001859,0.059235,0.001206
72.71407,0.648570,0.091325,0.001852,0.059230,0.001201
72.71980,0.648522,0.091324,0.001845,0.059226,0.001196
72.72553,0.648475,0.091324,0.001838,0.059221,0.001192
72.73126,0.648427,0.091324,0.001830,0.059217,0.001187
72.73699,0.648379,0.091324,0.001823,0.059213,0.001182
72.74272,0.648331,0.091324,0.001816,0.059208,0.001177
72.74845,0.648284,0.091324,0.001809,0.059204,0.001172
72.75418,0.648236,0.091323,0.001801,0.059199,0.001168
72.75991,0.648188,0.091323,0.001794,0.059195,0.001163
72.76564,0.648140,0.091323,0.001787,0.059190,0.001158
72.77137,0.648093,0.091323,0.001780,0.059186,0.001153
72.77710,0.648045,0.091323,0.001772,0.059181,0.001149
72.78283,0.647997,0.091322,0.001765,0.059177,0.001144
72.78856,0.647949,0.091322,0.001758,0.059172,0.001139
72.79429,0.647902,0.091322,0.001751,0.059168,0.001134
72.80002,0.647854,0.091322,0.001743,0.059163,0.001129
72.80575,0.647806,0.091321,0.001736,0.059158,0.001125
72.81148,0.647758,0.091321,0.001729,0.059154,0.001120
72.81721,0.647711,0.091321,0.001722,0.059149,0.001115
72.82294,0.647663,0.091320,0.001714,0.059145,0.001110
72.82867,0.647615,0.091320,0.001707,0.059140,0.001106
72.83439,0.647567,0.091320,0.001700,0.059136,0.001101
72.84012,0.647519,0.091319,0.001693,0.059131,0.001096
72.84585,0.647472,0.091319,0.001686,0.059126,0.001091
72.85158,0.647424,0.091319,0.001678,0.059122,0.001087
72.85731,0.647376,0.091318,0.001671,0.059117,0.001082
72.86304,0.647328,0.091318,0.001664,0.059113,0.001077
72.86877,0.647281,0.091317,0.001657,0.059108,0.001072
72.87450,0.647233,0.091317,0.001650,0.059103,0.001068
72.88023,0.647185,0.091317,0.001642,0.059099,0.001063
72.88596,0.647137,0.091316,0.001635,0.059094,0.001058
72.89169,0.647089,0.091316,0.001628,0.059090,0.001053
72.89742,0.647042,0.091315,0.001621,0.059085,0.001049
72.90315,0.646994,0.091315,0.001614,0.059080,0.001044
72.90888,0.646946,0.091314,0.001607,0.059076,0.001039
72.91461,0.646898,0.091314,0.001599,0.059071,0.001035
72.92034,0.646851,0.091313,0.001592,0.059066,0.001030
72.92607,0.646803,0.091313,0.001585,0.059061,0.001025
72.93180,0.646755,0.091312,0.001578,0.059057,0.001020
72.93753,0.646707,0.091312,0.001571,0.059052,0.001016
72.94326,0.646659,0.091311,0.001564,0.059047,0.001011
72.94899,0.646612,0.091311,0.001556,0.059043,0.001006
72.95472,0.646564,0.091310,0.001549,0.059038,0.001002
72.96045,0.646516,0.091310,0.001542,0.059033,0.000997
72.96618,0.646468,0.091309,0.001535,0.059029,0.000992
72.97190,0.646420,0.091309,0.001528,0.059024,0.000988
72.97763,0.646372,0.091308,0.001521,0.059019,0.000983
72.98336,0.646325,0.091307,0.001513,0.059014,0.000978
72.98909,0.646277,0.091307,0.001506,0.059010,0.000974
72.99482,0.646229,0.091306,0.001499,0.059005,0.000969
73.00055,0.646181,0.091306,0.001492,0.059000,0.000964
73.00628,0.646133,0.091305,0.001485,0.058995,0.000959
73.01201,0.646086,0.091304,0.001478,0.058990,0.000955
73.01774,0.646038,0.091304,0.001471,0.058986,0.000950
73.02347,0.645990,0.091303,0.001464,0.058981,0.000945
73.02920,0.645942,0.091302,0.001457,0.058976,0.000941
73.03493,0.645894,0.091302,0.001449,0.058971,0.000936
73.04066,0.645846,0.091301,0.001442,0.058966,0.000932
73.04639,0.645799,0.091300,0.001435,0.058962,0.000927
73.05212,0.645751,0.091300,0.001428,0.058957,0.000922
73.05785,0.645703,0.091299,0.001421,0.058952,0.000918
73.06358,0.645655,0.091298,0.001414,0.058947,0.000913
73.06931,0.645607,0.091297,0.001407,0.058942,0.000908
73.07504,0.645560,0.091297,0.001400,0.058937,0.000904
73.08077,0.645512,0.091296,0.001393,0.058933,0.000899
73.08650,0.645464,0.091295,0.001386,0.058928,0.000894
73.09223,0.645416,0.091294,0.001378,0.058923,0.000890
73.09796,0.645368,0.091293,0.001371,0.058918,0.000885
73.10369,0.645320,0.091293,0.001364,0.058913,0.000880
73.10941,0.645272,0.091292,0.001357,0.058908,0.000876
73.11514,0.645225,0.091291,0.001350,0.058903,0.000871
73.12087,0.645177,0.091290,0.001343,0.058898,0.000867
73.12660,0.645129,0.091289,0.001336,0.058893,0.000862
73.13233,0.645081,0.091289,0.001329,0.058889,0.000857
73.13806,0.645033,0.091288,0.001322,0.058884,0.000853
73.14379,0.644985,0.091287,0.001315,0.058879,0.000848
73.14952,0.644938,0.091286,0.001308,0.058874,0.000843
73.15525,0.644890,0.091285,0.001301,0.058869,0.000839
73.16098,0.644842,0.091284,0.001294,0.058864,0.000834
73.16671,0.644794,0.091283,0.001287,0.058859,0.000830
73.17244,0.644746,0.091282,0.001280,0.058854,0.000825
73.17817,0.644698,0.091281,0.001273,0.058849,0.000820
73.18390,0.644650,0.091280,0.001266,0.058844,0.000816
73.18963,0.644603,0.091279,0.001259,0.058839,0.000811
73.19536,0.644555,0.091279,0.001252,0.058834,0.000807
73.20109,0.644507,0.091278,0.001245,0.058829,0.000802
73.20682,0.644459,0.091277,0.001238,0.058824,0.000798
73.21255,0.644411,0.091276,0.001231,0.058819,0.000793
73.21828,0.644363,0.091275,0.001224,0.058814,0.000788
73.22401,0.644315,0.091274,0.001217,0.058809,0.000784
73.22974,0.644267,0.091273,0.001210,0.058804,0.000779
73.23547,0.644220,0.091272,0.001202,0.058799,0.000775
73.24119,0.644172,0.091271,0.001195,0.058794,0.000770
73.24692,0.644124,0.091269,0.001189,0.058789,0.000766
73.25265,0.644076,0.091268,0.001182,0.058784,0.000761
73.25838,0.644028,0.091267,0.001175,0.058779,0.000756
73.26411,0.643980,0.091266,0.001168,0.058774,0.000752
73.26984,0.643932,0.091265,0.001161,0.058769,0.000747
73.27557,0.643884,0.091264,0.001154,0.058764,0.000743
73.28130,0.643837,0.091263,0.001147,0.058758,0.000738
73.28703,0.643789,0.091262,0.001140,0.058753,0.000734
73.29276,0.643741,0.091261,0.001133,0.058748,0.000729
73.29849,0.643693,0.091260,0.001126,0.058743,0.000725
73.30422,0.643645,0.091259,0.001119,0.058738,0.000720
73.30995,0.643597,0.091257,0.001112,0.058733,0.000716
73.31568,0.643549,0.091256,0.001105,0.058728,0.000711
73.32141,0.643501,0.091255,0.001098,0.058723,0.000706
73.32714,0.643453,0.091254,0.001091,0.058718,0.000702
73.33287,0.643406,0.091253,0.001084,0.058712,0.000697
73.33860,0.643358,0.091252,0.001077,0.058707,0.000693
73.34433,0.643310,0.091250,0.001070,0.058702,0.000688
73.35006,0.643262,0.091249,0.001063,0.058697,0.000684
73.35579,0.643214,0.091248,0.001056,0.058692,0.000679
73.36152,0.643166,0.091247,0.001049,0.058687,0.000675
73.36725,0.643118,0.091245,0.001042,0.058682,0.000670
73.37298,0.643070,0.091244,0.001035,0.058676,0.000666
73.37870,0.643022,0.091243,0.001028,0.058671,0.000661
73.38443,0.642974,0.091242,0.001022,0.058666,0.000657
73.39016,0.642926,0.091240,0.001015,0.058661,0.000652
73.39589,0.642879,0.091239,0.001008,0.058656,0.000648
73.40162,0.642831,0.091238,0.001001,0.058650,0.000643
73.40735,0.642783,0.091236,0.000994,0.058645,0.000639
73.41308,0.642735,0.091235,0.000987,0.058640,0.000634
73.41881,0.642687,0.091234,0.000980,0.058635,0.000630
73.42454,0.642639,0.091232,0.000973,0.058630,0.000625
73.43027,0.642591,0.091231,0.000966,0.058624,0.000621
73.43600,0.642543,0.091230,0.000959,0.058619,0.000616
73.44173,0.642495,0.091228,0.000952,0.058614,0.000612
73.44746,0.642447,0.091227,0.000946,0.058609,0.000607
73.45319,0.642399,0.091226,0.000939,0.058603,0.000603
73.45892,0.642351,0.091224,0.000932,0.058598,0.000599
73.46465,0.642303,0.091223,0.000925,0.058593,0.000594
73.47038,0.642256,0.091221,0.000918,0.058588,0.000590
73.47611,0.642208,0.091220,0.000911,0.058582,0.000585
73.48184,0.642160,0.091219,0.000904,0.058577,0.000581
73.48757,0.642112,0.091217,0.000897,0.058572,0.000576
73.49330,0.642064,0.091216,0.000891,0.058566,0.000572
73.49903,0.642016,0.091214,0.000884,0.058561,0.000567
73.50476,0.641968,0.091213,0.000877,0.058556,0.000563
73.51049,0.641920,0.091211,0.000870,0.058550,0.000558
73.51621,0.641872,0.091210,0.000863,0.058545,0.000554
73.52194,0.641824,0.091208,0.000856,0.058540,0.000550
73.52767,0.641776,0.091207,0.000849,0.058534,0.000545
73.53340,0.641728,0.091205,0.000843,0.058529,0.000541
73.53913,0.641680,0.091204,0.000836,0.058524,0.000536
73.54486,0.641632,0.091202,0.000829,0.058518,0.000532
73.55059,0.641584,0.091201,0.000822,0.058513,0.000527
73.55632,0.641536,0.091199,0.000815,0.058508,0.000523
73.56205,0.641488,0.091198,0.000808,0.058502,0.000519
73.56778,0.641440,0.091196,0.000802,0.058497,0.000514
73.57351,0.641392,0.091195,0.000795,0.058492,0.000510
73.57924,0.641345,0.091193,0.000788,0.058486,0.000505
73.58497,0.641297,0.091191,0.000781,0.058481,0.000501
73.59070,0.641249,0.091190,0.000774,0.058475,0.000497
73.59643,0.641201,0.091188,0.000767,0.058470,0.000492
73.60216,0.641153,0.091187,0.000761,0.058465,0.000488
73.60789,0.641105,0.091185,0.000754,0.058459,0.000483
73.61362,0.641057,0.091183,0.000747,0.058454,0.000479
73.61935,0.641009,0.091182,0.000740,0.058448,0.000475
73.62508,0.640961,0.091180,0.000733,0.058443,0.000470
73.63081,0.640913,0.091178,0.000727,0.058437,0.000466
73.63654,0.640865,0.091177,0.000720,0.058432,0.000461
73.64227,0.640817,0.091175,0.000713,0.058427,0.000457
73.64799,0.640769,0.091173,0.000706,0.058421,0.000453
73.65372,0.640721,0.091172,0.000700,0.058416,0.000448
73.65945,0.640673,0.091170,0.000693,0.058410,0.000444
73.66518,0.640625,0.091168,0.000686,0.058405,0.000439
73.67091,0.640577,0.091167,0.000679,0.058399,0.000435
73.67664,0.640529,0.091165,0.000672,0.058394,0.000431
73.68237,0.640481,0.091163,0.000666,0.058388,0.000426
73.68810,0.640433,0.091161,0.000659,0.058383,0.000422
73.69383,0.640385,0.091160,0.000652,0.058377,0.000418
73.69956,0.640337,0.091158,0.000645,0.058372,0.000413
73.70529,0.640289,0.091156,0.000639,0.058366,0.000409
73.71102,0.640241,0.091154,0.000632,0.058361,0.000405
73.71675,0.640193,0.091153,0.000625,0.058355,0.000400
73.72248,0.640145,0.091151,0.000618,0.058350,0.000396
73.72821,0.640097,0.091149,0.000612,0.058344,0.000392
73.73394,0.640049,0.091147,0.000605,0.058339,0.000387
73.73967,0.640001,0.091145,0.000598,0.058333,0.000383
73.74540,0.639953,0.091144,0.000592,0.058328,0.000379
73.75113,0.639905,0.091142,0.000585,0.058322,0.000374
73.75686,0.639857,0.091140,0.000578,0.058316,0.000370
73.76259,0.639809,0.091138,0.000571,0.058311,0.000366
73.76832,0.639761,0.091136,0.000565,0.058305,0.000361
73.77405,0.639713,0.091134,0.000558,0.058300,0.000357
73.77978,0.639665,0.091132,0.000551,0.058294,0.000353
73.78550,0.639617,0.091130,0.000544,0.058289,0.000348
73.79123,0.639569,0.091129,0.000538,0.058283,0.000344
73.79696,0.639521,0.091127,0.000531,0.058277,0.000340
73.80269,0.639473,0.091125,0.000524,0.058272,0.000335
73.80842,0.639425,0.091123,0.000518,0.058266,0.000331
73.81415,0.639377,0.091121,0.000511,0.058261,0.000327
73.81988,0.639329,0.091119,0.000504,0.058255,0.000322
73.82561,0.639281,0.091117,0.000498,0.058249,0.000318
73.83134,0.639233,0.091115,0.000491,0.058244,0.000314
73.83707,0.639185,0.091113,0.000484,0.058238,0.000310
73.84280,0.639137,0.091111,0.000478,0.058232,0.000305
73.84853,0.639089,0.091109,0.000471,0.058227,0.000301
73.85426,0.639041,0.091107,0.000464,0.058221,0.000297
73.85999,0.638993,0.091105,0.000458,0.058216,0.000292
73.86572,0.638945,0.091103,0.000451,0.058210,0.000288
73.87145,0.638897,0.091101,0.000444,0.058204,0.000284
73.87718,0.638849,0.091099,0.000438,0.058199,0.000280
73.88291,0.638801,0.091097,0.000431,0.058193,0.000275
73.88864,0.638753,0.091095,0.000424,0.058187,0.000271
73.89437,0.638705,0.091093,0.000418,0.058182,0.000267
73.90010,0.638657,0.091091,0.000411,0.058176,0.000262
73.90583,0.638608,0.091089,0.000404,0.058170,0.000258
73.91156,0.638560,0.091087,0.000398,0.058164,0.000254
73.91729,0.638512,0.091085,0.000391,0.058159,0.000250
73.92301,0.638464,0.091083,0.000384,0.058153,0.000245
73.92874,0.638416,0.091081,0.000378,0.058147,0.000241
73.93447,0.638368,0.091078,0.000371,0.058142,0.000237
73.94020,0.638320,0.091076,0.000364,0.058136,0.000233
73.94593,0.638272,0.091074,0.000358,0.058130,0.000228
73.95166,0.638224,0.091072,0.000351,0.058124,0.000224
73.95739,0.638176,0.091070,0.000345,0.058119,0.000220
73.96312,0.638128,0.091068,0.000338,0.058113,0.000216
73.96885,0.638080,0.091066,0.000331,0.058107,0.000211
73.97458,0.638032,0.091063,0.000325,0.058101,0.000207
73.98031,0.637984,0.091061,0.000318,0.058096,0.000203
73.98604,0.637936,0.091059,0.000312,0.058090,0.000199
73.99177,0.637888,0.091057,0.000305,0.058084,0.000195
73.99750,0.637840,0.091055,0.000298,0.058078,0.000190
74.00323,0.637792,0.091052,0.000292,0.058073,0.000186
74.00896,0.637744,0.091050,0.000285,0.058067,0.000182
74.01469,0.637695,0.091048,0.000279,0.058061,0.000178
74.02042,0.637647,0.091046,0.000272,0.058055,0.000173
74.02615,0.637599,0.091044,0.000265,0.058049,0.000169
74.03188,0.637551,0.091041,0.000259,0.058044,0.000165
74.03761,0.637503,0.091039,0.000252,0.058038,0.000161
74.04334,0.637455,0.091037,0.000246,0.058032,0.000157
74.04907,0.637407,0.091035,0.000239,0.058026,0.000152
74.05480,0.637359,0.091032,0.000233,0.058020,0.000148
74.06052,0.637311,0.091030,0.000226,0.058014,0.000144
74.06625,0.637263,0.091028,0.000219,0.058009,0.000140
74.07198,0.637215,0.091025,0.000213,0.058003,0.000136
74.07771,0.637167,0.091023,0.000206,0.057997,0.000131
74.08344,0.637119,0.091021,0.000200,0.057991,0.000127
74.08917,0.637070,0.091018,0.000193,0.057985,0.000123
74.09490,0.637022,0.091016,0.000187,0.057979,0.000119
74.10063,0.636974,0.091014,0.000180,0.057973,0.000115
74.10636,0.636926,0.091011,0.000174,0.057968,0.000111
74.11209,0.636878,0.091009,0.000167,0.057962,0.000106
74.11782,0.636830,0.091007,0.000161,0.057956,0.000102
74.12355,0.636782,0.091004,0.000154,0.057950,0.000098
74.12928,0.636734,0.091002,0.000147,0.057944,0.000094
74.13501,0.636686,0.091000,0.000141,0.057938,0.000090
74.14074,0.636638,0.090997,0.000134,0.057932,0.000086
74.14647,0.636590,0.090995,0.000128,0.057926,0.000081
74.15220,0.636541,0.090992,0.000121,0.057920,0.000077
74.15793,0.636493,0.090990,0.000115,0.057914,0.000073
74.16366,0.636445,0.090987,0.000108,0.057909,0.000069
74.16939,0.636397,0.090985,0.000102,0.057903,0.000065
74.17512,0.636349,0.090983,0.000095,0.057897,0.000061
74.18085,0.636301,0.090980,0.000089,0.057891,0.000057
74.18658,0.636253,0.090978,0.000082,0.057885,0.000052
74.19230,0.636205,0.090975,0.000076,0.057879,0.000048
74.19803,0.636157,0.090973,0.000069,0.057873,0.000044
74.20376,0.636109,0.090970,0.000063,0.057867,0.000040
74.20949,0.636060,0.090968,0.000056,0.057861,0.000036
74.21522,0.636012,0.090965,0.000050,0.057855,0.000032
74.22095,0.635964,0.090963,0.000043,0.057849,0.000028
74.22668,0.635916,0.090960,0.000037,0.057843,0.000024
74.23241,0.635868,0.090958,0.000031,0.057837,0.000019
74.23814,0.635820,0.090955,0.000024,0.057831,0.000015
74.24387,0.635772,0.090953,0.000018,0.057825,0.000011
74.24960,0.635724,0.090950,0.000011,0.057819,0.000007
74.25533,0.635675,0.090948,0.000005,0.057813,0.000003
74.26106,0.635627,0.090945,0.000002,0.057807,0.000001
74.26679,0.635579,0.090942,0.000008,0.057801,0.000005
74.27252,0.635531,0.090940,0.000015,0.057795,0.000009
74.27825,0.635483,0.090937,0.000021,0.057789,0.000013
74.28398,0.635435,0.090935,0.000028,0.057783,0.000018
74.28971,0.635387,0.090932,0.000034,0.057777,0.000022
74.29544,0.635339,0.090929,0.000040,0.057771,0.000026
74.30117,0.635290,0.090927,0.000047,0.057765,0.000030
74.30690,0.635242,0.090924,0.000053,0.057759,0.000034
74.31263,0.635194,0.090922,0.000060,0.057753,0.000038
74.31836,0.635146,0.090919,0.000066,0.057747,0.000042
74.32409,0.635098,0.090916,0.000073,0.057741,0.000046
74.32981,0.635050,0.090914,0.000079,0.057735,0.000050
74.33554,0.635002,0.090911,0.000085,0.057729,0.000054
74.34127,0.634953,0.090908,0.000092,0.057723,0.000058
74.34700,0.634905,0.090906,0.000098,0.057716,0.000062
74.35273,0.634857,0.090903,0.000105,0.057710,0.000066
74.35846,0.634809,0.090900,0.000111,0.057704,0.000071
74.36419,0.634761,0.090898,0.000118,0.057698,0.000075
74.36992,0.634713,0.090895,0.000124,0.057692,0.000079
74.37565,0.634665,0.090892,0.000130,0.057686,0.000083
74.38138,0.634616,0.090889,0.000137,0.057680,0.000087
74.38711,0.634568,0.090887,0.000143,0.057674,0.000091
74.39284,0.634520,0.090884,0.000149,0.057668,0.000095
74.39857,0.634472,0.090881,0.000156,0.057662,0.000099
74.40430,0.634424,0.090878,0.000162,0.057655,0.000103
74.41003,0.634376,0.090876,0.000169,0.057649,0.000107
74.41576,0.634327,0.090873,0.000175,0.057643,0.000111
74.42149,0.634279,0.090870,0.000181,0.057637,0.000115
74.42722,0.634231,0.090867,0.000188,0.057631,0.000119
74.43295,0.634183,0.090865,0.000194,0.057625,0.000123
74.43868,0.634135,0.090862,0.000200,0.057619,0.000127
74.44441,0.634087,0.090859,0.000207,0.057612,0.000131
74.45014,0.634038,0.090856,0.000213,0.057606,0.000135
74.45587,0.633990,0.090853,0.000220,0.057600,0.000139
74.46160,0.633942,0.090851,0.000226,0.057594,0.000143
74.46732,0.633894,0.090848,0.000232,0.057588,0.000147
74.47305,0.633846,0.090845,0.000239,0.057582,0.000151
74.47878,0.633798,0.090842,0.000245,0.057575,0.000155
74.48451,0.633749,0.090839,0.000251,0.057569,0.000159
74.49024,0.633701,0.090836,0.000258,0.057563,0.000163
74.49597,0.633653,0.090833,0.000264,0.057557,0.000167
74.50170,0.633605,0.090831,0.000270,0.057551,0.000171
74.50743,0.633557,0.090828,0.000277,0.057544,0.000175
74.51316,0.633509,0.090825,0.000283,0.057538,0.000179
74.51889,0.633460,0.090822,0.000289,0.057532,0.000183
74.52462,0.633412,0.090819,0.000296,0.057526,0.000187
74.53035,0.633364,0.090816,0.000302,0.057520,0.000191
74.53608,0.633316,0.090813,0.000308,0.057513,0.000195
74.54181,0.633268,0.090810,0.000315,0.057507,0.000199
74.54754,0.633219,0.090807,0.000321,0.057501,0.000203
74.55327,0.633171,0.090804,0.000327,0.057495,0.000207
74.55900,0.633123,0.090801,0.000333,0.057488,0.000211
74.56473,0.633075,0.090798,0.000340,0.057482,0.000215
74.57046,0.633027,0.090795,0.000346,0.057476,0.000219
74.57619,0.632978,0.090793,0.000352,0.057470,0.000223
74.58192,0.632930,0.090790,0.000359,0.057463,0.000227
74.58765,0.632882,0.090787,0.000365,0.057457,0.000231
74.59338,0.632834,0.090784,0.000371,0.057451,0.000235
74.59910,0.632786,0.090781,0.000377,0.057445,0.000239
74.60483,0.632737,0.090778,0.000384,0.057438,0.000243
74.61056,0.632689,0.090775,0.000390,0.057432,0.000247
74.61629,0.632641,0.090772,0.000396,0.057426,0.000251
74.62202,0.632593,0.090769,0.000403,0.057420,0.000255
74.62775,0.632545,0.090765,0.000409,0.057413,0.000259
74.63348,0.632496,0.090762,0.000415,0.057407,0.000263
74.63921,0.632448,0.090759,0.000421,0.057401,0.000266
74.64494,0.632400,0.090756,0.000428,0.057394,0.000270
74.65067,0.632352,0.090753,0.000434,0.057388,0.000274
74.65640,0.632303,0.090750,0.000440,0.057382,0.000278
74.66213,0.632255,0.090747,0.000446,0.057375,0.000282
74.66786,0.632207,0.090744,0.000453,0.057369,0.000286
74.67359,0.632159,0.090741,0.000459,0.057363,0.000290
74.67932,0.632111,0.090738,0.000465,0.057356,0.000294
74.68505,0.632062,0.090735,0.000471,0.057350,0.000298
74.69078,0.632014,0.090732,0.000477,0.057344,0.000302
74.69651,0.631966,0.090729,0.000484,0.057337,0.000306
74.70224,0.631918,0.090725,0.000490,0.057331,0.000310
74.70797,0.631869,0.090722,0.000496,0.057325,0.000313
74.71370,0.631821,0.090719,0.000502,0.057318,0.000317
74.71943,0.631773,0.090716,0.000509,0.057312,0.000321
74.72516,0.631725,0.090713,0.000515,0.057306,0.000325
74.73089,0.631677,0.090710,0.000521,0.057299,0.000329
74.73661,0.631628,0.090707,0.000527,0.057293,0.000333
74.74234,0.631580,0.090703,0.000533,0.057286,0.000337
74.74807,0.631532,0.090700,0.000540,0.057280,0.000341
74.75380,0.631484,0.090697,0.000546,0.057274,0.000345
74.75953,0.631435,0.090694,0.000552,0.057267,0.000349
74.76526,0.631387,0.090691,0.000558,0.057261,0.000352
74.77099,0.631339,0.090687,0.000564,0.057254,0.000356
74.77672,0.631291,0.090684,0.000571,0.057248,0.000360
74.78245,0.631242,0.090681,0.000577,0.057242,0.000364
74.78818,0.631194,0.090678,0.000583,0.057235,0.000368
74.79391,0.631146,0.090674,0.000589,0.057229,0.000372
74.79964,0.631098,0.090671,0.000595,0.057222,0.000376
74.80537,0.631049,0.090668,0.000601,0.057216,0.000380
74.81110,0.631001,0.090665,0.000608,0.057210,0.000383
74.81683,0.630953,0.090661,0.000614,0.057203,0.000387
74.82256,0.630905,0.090658,0.000620,0.057197,0.000391
74.82829,0.630856,0.090655,0.000626,0.057190,0.000395
74.83402,0.630808,0.090652,0.000632,0.057184,0.000399
74.83975,0.630760,0.090648,0.000638,0.057177,0.000403
74.84548,0.630712,0.090645,0.000645,0.057171,0.000407
74.85121,0.630663,0.090642,0.000651,0.057164,0.000410
74.85694,0.630615,0.090638,0.000657,0.057158,0.000414
74.86267,0.630567,0.090635,0.000663,0.057152,0.000418
74.86840,0.630519,0.090632,0.000669,0.057145,0.000422
74.87412,0.630470,0.090629,0.000675,0.057139,0.000426
74.87985,0.630422,0.090625,0.000681,0.057132,0.000430
74.88558,0.630374,0.090622,0.000688,0.057126,0.000433
74.89131,0.630325,0.090618,0.000694,0.057119,0.000437
74.89704,0.630277,0.090615,0.000700,0.057113,0.000441
74.90277,0.630229,0.090612,0.000706,0.057106,0.000445
74.90850,0.630181,0.090608,0.000712,0.057100,0.000449
74.91423,0.630132,0.090605,0.000718,0.057093,0.000452
74.91996,0.630084,0.090602,0.000724,0.057087,0.000456
74.92569,0.630036,0.090598,0.000730,0.057080,0.000460
74.93142,0.629988,0.090595,0.000736,0.057074,0.000464
74.93715,0.629939,0.090591,0.000743,0.057067,0.000468
74.94288,0.629891,0.090588,0.000749,0.057061,0.000472
74.94861,0.629843,0.090585,0.000755,0.057054,0.000475
74.95434,0.629794,0.090581,0.000761,0.057048,0.000479
74.96007,0.629746,0.090578,0.000767,0.057041,0.000483
74.96580,0.629698,0.090574,0.000773,0.057034,0.000487
74.97153,0.629650,0.090571,0.000779,0.057028,0.000491
74.97726,0.629601,0.090567,0.000785,0.057021,0.000494
74.98299,0.629553,0.090564,0.000791,0.057015,0.000498
74.98872,0.629505,0.090561,0.000797,0.057008,0.000502
74.99445,0.629456,0.090557,0.000803,0.057002,0.000506
75.00018,0.629408,0.090554,0.000809,0.056995,0.000509
75.00590,0.629360,0.090550,0.000815,0.056989,0.000513
75.01163,0.629311,0.090547,0.000822,0.056982,0.000517
75.01736,0.629263,0.090543,0.000828,0.056975,0.000521
75.02309,0.629215,0.090540,0.000834,0.056969,0.000525
75.02882,0.629167,0.090536,0.000840,0.056962,0.000528
75.03455,0.629118,0.090533,0.000846,0.056956,0.000532
75.04028,0.629070,0.090529,0.000852,0.056949,0.000536
75.04601,0.629022,0.090526,0.000858,0.056943,0.000540
75.05174,0.628973,0.090522,0.000864,0.056936,0.000543
75.05747,0.628925,0.090519,0.000870,0.056929,0.000547
75.06320,0.628877,0.090515,0.000876,0.056923,0.000551
75.06893,0.628828,0.090511,0.000882,0.056916,0.000555
75.07466,0.628780,0.090508,0.000888,0.056910,0.000558
75.08039,0.628732,0.090504,0.000894,0.056903,0.000562
75.08612,0.628683,0.090501,0.000900,0.056896,0.000566
75.09185,0.628635,0.090497,0.000906,0.056890,0.000570
75.09758,0.628587,0.090494,0.000912,0.056883,0.000573
75.10331,0.628539,0.090490,0.000918,0.056876,0.000577
75.10904,0.628490,0.090486,0.000924,0.056870,0.000581
75.11477,0.628442,0.090483,0.000930,0.056863,0.000585
75.12050,0.628394,0.090479,0.000936,0.056857,0.000588
75.12623,0.628345,0.090476,0.000942,0.056850,0.000592
75.13196,0.628297,0.090472,0.000948,0.056843,0.000596
75.13769,0.628249,0.090468,0.000954,0.056837,0.000599
75.14341,0.628200,0.090465,0.000960,0.056830,0.000603
75.14914,0.628152,0.090461,0.000966,0.056823,0.000607
75.15487,0.628104,0.090457,0.000972,0.056817,0.000611
75.16060,0.628055,0.090454,0.000978,0.056810,0.000614
75.16633,0.628007,0.090450,0.000984,0.056803,0.000618
75.17206,0.627959,0.090447,0.000990,0.056797,0.000622
75.17779,0.627910,0.090443,0.000996,0.056790,0.000625
75.18352,0.627862,0.090439,0.001002,0.056783,0.000629
75.18925,0.627814,0.090436,0.001008,0.056777,0.000633
75.19498,0.627765,0.090432,0.001014,0.056770,0.000637
75.20071,0.627717,0.090428,0.001020,0.056763,0.000640
75.20644,0.627669,0.090424,0.001026,0.056757,0.000644
75.21217,0.627620,0.090421,0.001032,0.056750,0.000648
75.21790,0.627572,0.090417,0.001038,0.056743,0.000651
75.22363,0.627524,0.090413,0.001044,0.056736,0.000655
75.22936,0.627475,0.090410,0.001050,0.056730,0.000659
75.23509,0.627427,0.090406,0.001056,0.056723,0.000662
75.24082,0.627378,0.090402,0.001062,0.056716,0.000666
75.24655,0.627330,0.090398,0.001068,0.056710,0.000670
75.25228,0.627282,0.090395,0.001073,0.056703,0.000673
75.25801,0.627233,0.090391,0.001079,0.056696,0.000677
75.26374,0.627185,0.090387,0.001085,0.056689,0.000681
75.26947,0.627137,0.090383,0.001091,0.056683,0.000684
75.27520,0.627088,0.090380,0.001097,0.056676,0.000688
75.28092,0.627040,0.090376,0.001103,0.056669,0.000692
75.28665,0.626992,0.090372,0.001109,0.056663,0.000695
75.29238,0.626943,0.090368,0.001115,0.056656,0.000699
75.29811,0.626895,0.090364,0.001121,0.056649,0.000703
75.30384,0.626847,0.090361,0.001127,0.056642,0.000706
75.30957,0.626798,0.090357,0.001133,0.056636,0.000710
75.31530,0.626750,0.090353,0.001139,0.056629,0.000714
75.32103,0.626701,0.090349,0.001144,0.056622,0.000717
75.32676,0.626653,0.090345,0.001150,0.056615,0.000721
75.33249,0.626605,0.090342,0.001156,0.056608,0.000725
75.33822,0.626556,0.090338,0.001162,0.056602,0.000728
75.34395,0.626508,0.090334,0.001168,0.056595,0.000732
75.34968,0.626460,0.090330,0.001174,0.056588,0.000735
75.35541,0.626411,0.090326,0.001180,0.056581,0.000739
75.36114,0.626363,0.090322,0.001186,0.056575,0.000743
75.36687,0.626314,0.090318,0.001192,0.056568,0.000746
75.37260,0.626266,0.090315,0.001197,0.056561,0.000750
75.37833,0.626218,0.090311,0.001203,0.056554,0.000754
75.38406,0.626169,0.090307,0.001209,0.056547,0.000757
75.38979,0.626121,0.090303,0.001215,0.056541,0.000761
75.39552,0.626073,0.090299,0.001221,0.056534,0.000764
75.40125,0.626024,0.090295,0.001227,0.056527,0.000768
75.40698,0.625976,0.090291,0.001233,0.056520,0.000772
75.41270,0.625927,0.090287,0.001238,0.056513,0.000775
75.41843,0.625879,0.090283,0.001244,0.056506,0.000779
75.42416,0.625831,0.090279,0.001250,0.056500,0.000782
75.42989,0.625782,0.090276,0.001256,0.056493,0.000786
75.43562,0.625734,0.090272,0.001262,0.056486,0.000790
75.44135,0.625685,0.090268,0.001268,0.056479,0.000793
75.44708,0.625637,0.090264,0.001274,0.056472,0.000797
75.45281,0.625589,0.090260,0.001279,0.056466,0.000800
75.45854,0.625540,0.090256,0.001285,0.056459,0.000804
75.46427,0.625492,0.090252,0.001291,0.056452,0.000808
75.47000,0.625443,0.090248,0.001297,0.056445,0.000811
75.47573,0.625395,0.090244,0.001303,0.056438,0.000815
75.48146,0.625347,0.090240,0.001308,0.056431,0.000818
75.48719,0.625298,0.090236,0.001314,0.056424,0.000822
75.49292,0.625250,0.090232,0.001320,0.056418,0.000825
75.49865,0.625201,0.090228,0.001326,0.056411,0.000829
75.50438,0.625153,0.090224,0.001332,0.056404,0.000833
75.51011,0.625105,0.090220,0.001337,0.056397,0.000836
75.51584,0.625056,0.090216,0.001343,0.056390,0.000840
75.52157,0.625008,0.090212,0.001349,0.056383,0.000843
75.52730,0.624959,0.090208,0.001355,0.056376,0.000847
75.53303,0.624911,0.090204,0.001361,0.056369,0.000850
75.53876,0.624863,0.090200,0.001366,0.056363,0.000854
75.54449,0.624814,0.090196,0.001372,0.056356,0.000857
75.55021,0.624766,0.090192,0.001378,0.056349,0.000861
75.55594,0.624717,0.090188,0.001384,0.056342,0.000864
75.56167,0.624669,0.090184,0.001390,0.056335,0.000868
75.56740,0.624620,0.090180,0.001395,0.056328,0.000872
75.57313,0.624572,0.090176,0.001401,0.056321,0.000875
75.57886,0.624524,0.090171,0.001407,0.056314,0.000879
75.58459,0.624475,0.090167,0.001413,0.056307,0.000882
75.59032,0.624427,0.090163,0.001418,0.056300,0.000886
75.59605,0.624378,0.090159,0.001424,0.056293,0.000889
75.60178,0.624330,0.090155,0.001430,0.056287,0.000893
75.60751,0.624281,0.090151,0.001436,0.056280,0.000896
75.61324,0.624233,0.090147,0.001441,0.056273,0.000900
75.61897,0.624185,0.090143,0.001447,0.056266,0.000903
75.62470,0.624136,0.090139,0.001453,0.056259,0.000907
75.63043,0.624088,0.090135,0.001459,0.056252,0.000910
75.63616,0.624039,0.090130,0.001464,0.056245,0.000914
75.64189,0.623991,0.090126,0.001470,0.056238,0.000917
75.64762,0.623942,0.090122,0.001476,0.056231,0.000921
75.65335,0.623894,0.090118,0.001482,0.056224,0.000924
75.65908,0.623846,0.090114,0.001487,0.056217,0.000928
75.66481,0.623797,0.090110,0.001493,0.056210,0.000931
75.67054,0.623749,0.090106,0.001499,0.056203,0.000935
75.67627,0.623700,0.090101,0.001504,0.056196,0.000938
75.68200,0.623652,0.090097,0.001510,0.056189,0.000942
75.68772,0.623603,0.090093,0.001516,0.056182,0.000945
75.69345,0.623555,0.090089,0.001522,0.056175,0.000949
75.69918,0.623506,0.090085,0.001527,0.056168,0.000952
75.70491,0.623458,0.090080,0.001533,0.056161,0.000956
75.71064,0.623410,0.090076,0.001539,0.056154,0.000959
75.71637,0.623361,0.090072,0.001544,0.056147,0.000963
75.72210,0.623313,0.090068,0.001550,0.056140,0.000966
75.72783,0.623264,0.090064,0.001556,0.056133,0.000970
75.73356,0.623216,0.090059,0.001561,0.056126,0.000973
75.73929,0.623167,0.090055,0.001567,0.056119,0.000977
75.74502,0.623119,0.090051,0.001573,0.056112,0.000980
75.75075,0.623070,0.090047,0.001579,0.056105,0.000984
75.75648,0.623022,0.090042,0.001584,0.056098,0.000987
75.76221,0.622973,0.090038,0.001590,0.056091,0.000990
75.76794,0.622925,0.090034,0.001596,0.056084,0.000994
75.77367,0.622876,0.090030,0.001601,0.056077,0.000997
75.77940,0.622828,0.090025,0.001607,0.056070,0.001001
75.78513,0.622780,0.090021,0.001613,0.056063,0.001004
75.79086,0.622731,0.090017,0.001618,0.056056,0.001008
75.79659,0.622683,0.090013,0.001624,0.056049,0.001011
75.80232,0.622634,0.090008,0.001629,0.056042,0.001015
75.80805,0.622586,0.090004,0.001635,0.056035,0.001018
75.81378,0.622537,0.090000,0.001641,0.056028,0.001021
75.81951,0.622489,0.089995,0.001646,0.056021,0.001025
75.82523,0.622440,0.089991,0.001652,0.056014,0.001028
75.83096,0.622392,0.089987,0.001658,0.056007,0.001032
75.83669,0.622343,0.089983,0.001663,0.056000,0.001035
75.84242,0.622295,0.089978,0.001669,0.055993,0.001039
75.84815,0.622246,0.089974,0.001675,0.055986,0.001042
75.85388,0.622198,0.089970,0.001680,0.055979,0.001045
75.85961,0.622149,0.089965,0.001686,0.055972,0.001049
75.86534,0.622101,0.089961,0.001691,0.055965,0.001052
75.87107,0.622052,0.089957,0.001697,0.055958,0.001056
75.87680,0.622004,0.089952,0.001703,0.055951,0.001059
75.88253,0.621955,0.089948,0.001708,0.055944,0.001062
75.88826,0.621907,0.089943,0.001714,0.055936,0.001066
75.89399,0.621858,0.089939,0.001720,0.055929,0.001069
75.89972,0.621810,0.089935,0.001725,0.055922,0.001073
75.90545,0.621761,0.089930,0.001731,0.055915,0.001076
75.91118,0.621713,0.089926,0.001736,0.055908,0.001079
75.91691,0.621664,0.089922,0.001742,0.055901,0.001083
75.92264,0.621616,0.089917,0.001747,0.055894,0.001086
75.92837,0.621567,0.089913,0.001753,0.055887,0.001090
75.93410,0.621519,0.089908,0.001759,0.055880,0.001093
75.93983,0.621470,0.089904,0.001764,0.055873,0.001096
75.94556,0.621422,0.089900,0.001770,0.055866,0.001100
75.95129,0.621373,0.089895,0.001775,0.055858,0.001103
75.95701,0.621325,0.089891,0.001781,0.055851,0.001107
75.96274,0.621276,0.089886,0.001787,0.055844,0.001110
75.96847,0.621228,0.089882,0.001792,0.055837,0.001113
75.97420,0.621179,0.089877,0.001798,0.055830,0.001117
75.97993,0.621131,0.089873,0.001803,0.055823,0.001120
75.98566,0.621082,0.089869,0.001809,0.055816,0.001123
75.99139,0.621034,0.089864,0.001814,0.055809,0.001127
75.99712,0.620985,0.089860,0.001820,0.055802,0.001130
76.00285,0.620937,0.089855,0.001825,0.055794,0.001133
76.00858,0.620888,0.089851,0.001831,0.055787,0.001137
76.01431,0.620840,0.089846,0.001837,0.055780,0.001140
76.02004,0.620791,0.089842,0.001842,0.055773,0.001144
76.02577,0.620743,0.089837,0.001848,0.055766,0.001147
76.03150,0.620694,0.089833,0.001853,0.055759,0.001150
76.03723,0.620646,0.089828,0.001859,0.055752,0.001154
76.04296,0.620597,0.089824,0.001864,0.055744,0.001157
76.04869,0.620549,0.089819,0.001870,0.055737,0.001160
76.05442,0.620500,0.089815,0.001875,0.055730,0.001164
76.06015,0.620452,0.089810,0.001881,0.055723,0.001167
76.06588,0.620403,0.089806,0.001886,0.055716,0.001170
76.07161,0.620355,0.089801,0.001892,0.055709,0.001174
76.07734,0.620306,0.089797,0.001897,0.055702,0.001177
76.08307,0.620257,0.089792,0.001903,0.055694,0.001180
76.08880,0.620209,0.089788,0.001908,0.055687,0.001184
76.09452,0.620160,0.089783,0.001914,0.055680,0.001187
76.10025,0.620112,0.089779,0.001919,0.055673,0.001190
76.10598,0.620063,0.089774,0.001925,0.055666,0.001193
76.11171,0.620015,0.089770,0.001930,0.055658,0.001197
76.11744,0.619966,0.089765,0.001936,0.055651,0.001200
76.12317,0.619918,0.089761,0.001941,0.055644,0.001203
76.12890,0.619869,0.089756,0.001947,0.055637,0.001207
76.13463,0.619821,0.089751,0.001952,0.055630,0.001210
76.14036,0.619772,0.089747,0.001958,0.055623,0.001213
76.14609,0.619724,0.089742,0.001963,0.055615,0.001217
76.15182,0.619675,0.089738,0.001969,0.055608,0.001220
76.15755,0.619626,0.089733,0.001974,0.055601,0.001223
76.16328,0.619578,0.089728,0.001980,0.055594,0.001227
76.16901,0.619529,0.089724,0.001985,0.055587,0.001230
76.17474,0.619481,0.089719,0.001991,0.055579,0.001233
76.18047,0.619432,0.089715,0.001996,0.055572,0.001236
76.18620,0.619384,0.089710,0.002001,0.055565,0.001240
76.19193,0.619335,0.089705,0.002007,0.055558,0.001243
76.19766,0.619287,0.089701,0.002012,0.055551,0.001246
76.20339,0.619238,0.089696,0.002018,0.055543,0.001249
76.20912,0.619189,0.089692,0.002023,0.055536,0.001253
76.21485,0.619141,0.089687,0.002029,0.055529,0.001256
76.22058,0.619092,0.089682,0.002034,0.055522,0.001259
76.22631,0.619044,0.089678,0.002040,0.055514,0.001263
76.23203,0.618995,0.089673,0.002045,0.055507,0.001266
76.23776,0.618947,0.089668,0.002050,0.055500,0.001269
76.24349,0.618898,0.089664,0.002056,0.055493,0.001272
76.24922,0.618850,0.089659,0.002061,0.055485,0.001276
76.25495,0.618801,0.089654,0.002067,0.055478,0.001279
76.26068,0.618752,0.089650,0.002072,0.055471,0.001282
76.26641,0.618704,0.089645,0.002077,0.055464,0.001285
76.27214,0.618655,0.089640,0.002083,0.055457,0.001289
76.27787,0.618607,0.089636,0.002088,0.055449,0.001292
76.28360,0.618558,0.089631,0.002094,0.055442,0.001295
76.28933,0.618510,0.089626,0.002099,0.055435,0.001298
76.29506,0.618461,0.089622,0.002105,0.055427,0.001302
76.30079,0.618412,0.089617,0.002110,0.055420,0.001305
76.30652,0.618364,0.089612,0.002115,0.055413,0.001308
76.31225,0.618315,0.089608,0.002121,0.055406,0.001311
76.31798,0.618267,0.089603,0.002126,0.055398,0.001314
76.32371,0.618218,0.089598,0.002131,0.055391,0.001318
76.32944,0.618169,0.089593,0.002137,0.055384,0.001321
76.33517,0.618121,0.089589,0.002142,0.055377,0.001324
76.34090,0.618072,0.089584,0.002148,0.055369,0.001327
76.34663,0.618024,0.089579,0.002153,0.055362,0.001331
76.35236,0.617975,0.089574,0.002158,0.055355,0.001334
76.35809,0.617927,0.089570,0.002164,0.055348,0.001337
76.36381,0.617878,0.089565,0.002169,0.055340,0.001340
76.36954,0.617829,0.089560,0.002174,0.055333,0.001343
76.37527,0.617781,0.089555,0.002180,0.055326,0.001347
76.38100,0.617732,0.089551,0.002185,0.055318,0.001350
76.38673,0.617684,0.089546,0.002191,0.055311,0.001353
76.39246,0.617635,0.089541,0.002196,0.055304,0.001356
76.39819,0.617586,0.089536,0.002201,0.055296,0.001359
76.40392,0.617538,0.089532,0.002207,0.055289,0.001363
76.40965,0.617489,0.089527,0.002212,0.055282,0.001366
76.41538,0.617441,0.089522,0.002217,0.055275,0.001369
76.42111,0.617392,0.089517,0.002223,0.055267,0.001372
76.42684,0.617343,0.089512,0.002228,0.055260,0.001375
76.43257,0.617295,0.089508,0.002233,0.055253,0.001379
76.43830,0.617246,0.089503,0.002239,0.055245,0.001382
76.44403,0.617198,0.089498,0.002244,0.055238,0.001385
76.44976,0.617149,0.089493,0.002249,0.055231,0.001388
76.45549,0.617100,0.089488,0.002255,0.055223,0.001391
76.46122,0.617052,0.089484,0.002260,0.055216,0.001394
76.46695,0.617003,0.089479,0.002265,0.055209,0.001398
76.47268,0.616955,0.089474,0.002270,0.055201,0.001401
76.47841,0.616906,0.089469,0.002276,0.055194,0.001404
76.48414,0.616857,0.089464,0.002281,0.055187,0.001407
76.48987,0.616809,0.089459,0.002286,0.055179,0.001410
76.49560,0.616760,0.089455,0.002292,0.055172,0.001413
76.50132,0.616711,0.089450,0.002297,0.055165,0.001417
76.50705,0.616663,0.089445,0.002302,0.055157,0.001420
76.51278,0.616614,0.089440,0.002308,0.055150,0.001423
76.51851,0.616566,0.089435,0.002313,0.055143,0.001426
76.52424,0.616517,0.089430,0.002318,0.055135,0.001429
76.52997,0.616468,0.089425,0.002323,0.055128,0.001432
76.53570,0.616420,0.089421,0.002329,0.055121,0.001435
76.54143,0.616371,0.089416,0.002334,0.055113,0.001439
76.54716,0.616322,0.089411,0.002339,0.055106,0.001442
76.55289,0.616274,0.089406,0.002345,0.055099,0.001445
76.55862,0.616225,0.089401,0.002350,0.055091,0.001448
76.56435,0.616177,0.089396,0.002355,0.055084,0.001451
76.57008,0.616128,0.089391,0.002360,0.055076,0.001454
76.57581,0.616079,0.089386,0.002366,0.055069,0.001457
76.58154,0.616031,0.089381,0.002371,0.055062,0.001460
76.58727,0.615982,0.089377,0.002376,0.055054,0.001464
76.59300,0.615933,0.089372,0.002381,0.055047,0.001467
76.59873,0.615885,0.089367,0.002387,0.055040,0.001470
76.60446,0.615836,0.089362,0.002392,0.055032,0.001473
76.61019,0.615787,0.089357,0.002397,0.055025,0.001476
76.61592,0.615739,0.089352,0.002402,0.055017,0.001479
76.62165,0.615690,0.089347,0.002408,0.055010,0.001482
76.62738,0.615642,0.089342,0.002413,0.055003,0.001485
76.63311,0.615593,0.089337,0.002418,0.054995,0.001488
76.63883,0.615544,0.089332,0.002423,0.054988,0.001492
76.64456,0.615496,0.089327,0.002428,0.054981,0.001495
76.65029,0.615447,0.089322,0.002434,0.054973,0.001498
76.65602,0.615398,0.089317,0.002439,0.054966,0.001501
76.66175,0.615350,0.089312,0.002444,0.054958,0.001504
76.66748,0.615301,0.089307,0.002449,0.054951,0.001507
76.67321,0.615252,0.089302,0.002454,0.054944,0.001510
76.67894,0.615204,0.089298,0.002460,0.054936,0.001513
76.68467,0.615155,0.089293,0.002465,0.054929,0.001516
76.69040,0.615106,0.089288,0.002470,0.054921,0.001519
76.69613,0.615058,0.089283,0.002475,0.054914,0.001522
76.70186,0.615009,0.089278,0.002480,0.054907,0.001526
76.70759,0.614960,0.089273,0.002486,0.054899,0.001529
76.71332,0.614912,0.089268,0.002491,0.054892,0.001532
76.71905,0.614863,0.089263,0.002496,0.054884,0.001535
76.72478,0.614814,0.089258,0.002501,0.054877,0.001538
76.73051,0.614766,0.089253,0.002506,0.054869,0.001541
76.73624,0.614717,0.089248,0.002512,0.054862,0.001544
76.74197,0.614668,0.089243,0.002517,0.054855,0.001547
76.74770,0.614620,0.089238,0.002522,0.054847,0.001550
76.75343,0.614571,0.089233,0.002527,0.054840,0.001553
76.75916,0.614522,0.089228,0.002532,0.054832,0.001556
76.76489,0.614474,0.089222,0.002537,0.054825,0.001559
76.77061,0.614425,0.089217,0.002543,0.054817,0.001562
76.77634,0.614376,0.089212,0.002548,0.054810,0.001565
76.78207,0.614328,0.089207,0.002553,0.054803,0.001568
76.78780,0.614279,0.089202,0.002558,0.054795,0.001571
76.79353,0.614230,0.089197,0.002563,0.054788,0.001574
76.79926,0.614182,0.089192,0.002568,0.054780,0.001577
76.80499,0.614133,0.089187,0.002573,0.054773,0.001580
76.81072,0.614084,0.089182,0.002579,0.054765,0.001584
76.81645,0.614036,0.089177,0.002584,0.054758,0.001587
76.82218,0.613987,0.089172,0.002589,0.054750,0.001590
76.82791,0.613938,0.089167,0.002594,0.054743,0.001593
76.83364,0.613890,0.089162,0.002599,0.054736,0.001596
76.83937,0.613841,0.089157,0.002604,0.054728,0.001599
76.84510,0.613792,0.089152,0.002609,0.054721,0.001602
76.85083,0.613744,0.089147,0.002615,0.054713,0.001605
76.85656,0.613695,0.089142,0.002620,0.054706,0.001608
76.86229,0.613646,0.089136,0.002625,0.054698,0.001611
76.86802,0.613597,0.089131,0.002630,0.054691,0.001614
76.87375,0.613549,0.089126,0.002635,0.054683,0.001617
76.87948,0.613500,0.089121,0.002640,0.054676,0.001620
76.88521,0.613451,0.089116,0.002645,0.054668,0.001623
76.89094,0.613403,0.089111,0.002650,0.054661,0.001626
76.89667,0.613354,0.089106,0.002655,0.054653,0.001629
76.90240,0.613305,0.089101,0.002660,0.054646,0.001632
76.90812,0.613257,0.089096,0.002666,0.054638,0.001635
76.91385,0.613208,0.089090,0.002671,0.054631,0.001638
76.91958,0.613159,0.089085,0.002676,0.054624,0.001641
76.92531,0.613110,0.089080,0.002681,0.054616,0.001644
76.93104,0.613062,0.089075,0.002686,0.054609,0.001647
76.93677,0.613013,0.089070,0.002691,0.054601,0.001650
76.94250,0.612964,0.089065,0.002696,0.054594,0.001653
76.94823,0.612916,0.089060,0.002701,0.054586,0.001656
76.95396,0.612867,0.089055,0.002706,0.054579,0.001659
76.95969,0.612818,0.089049,0.002711,0.054571,0.001662
76.96542,0.612770,0.089044,0.002716,0.054564,0.001664
76.97115,0.612721,0.089039,0.002721,0.054556,0.001667
76.97688,0.612672,0.089034,0.002726,0.054549,0.001670
76.98261,0.612623,0.089029,0.002732,0.054541,0.001673
76.98834,0.612575,0.089024,0.002737,0.054534,0.001676
76.99407,0.612526,0.089018,0.002742,0.054526,0.001679
76.99980,0.612477,0.089013,0.002747,0.054519,0.001682
77.00553,0.612429,0.089008,0.002752,0.054511,0.001685
77.01126,0.612380,0.089003,0.002757,0.054504,0.001688
77.01699,0.612331,0.088998,0.002762,0.054496,0.001691
77.02272,0.612282,0.088992,0.002767,0.054489,0.001694
77.02845,0.612234,0.088987,0.002772,0.054481,0.001697
77.03418,0.612185,0.088982,0.002777,0.054474,0.001700
77.03991,0.612136,0.088977,0.002782,0.054466,0.001703
77.04563,0.612087,0.088972,0.002787,0.054458,0.001706
77.05136,0.612039,0.088967,0.002792,0.054451,0.001709
77.05709,0.611990,0.088961,0.002797,0.054443,0.001712
77.06282,0.611941,0.088956,0.002802,0.054436,0.001715
77.06855,0.611893,0.088951,0.002807,0.054428,0.001718
77.07428,0.611844,0.088946,0.002812,0.054421,0.001720
77.08001,0.611795,0.088940,0.002817,0.054413,0.001723
77.08574,0.611746,0.088935,0.002822,0.054406,0.001726
77.09147,0.611698,0.088930,0.002827,0.054398,0.001729
77.09720,0.611649,0.088925,0.002832,0.054391,0.001732
77.10293,0.611600,0.088920,0.002837,0.054383,0.001735
77.10866,0.611551,0.088914,0.002842,0.054376,0.001738
77.11439,0.611503,0.088909,0.002847,0.054368,0.001741
77.12012,0.611454,0.088904,0.002852,0.054361,0.001744
77.12585,0.611405,0.088899,0.002857,0.054353,0.001747
77.13158,0.611356,0.088893,0.002862,0.054345,0.001750
77.13731,0.611308,0.088888,0.002867,0.054338,0.001753
77.14304,0.611259,0.088883,0.002872,0.054330,0.001755
77.14877,0.611210,0.088878,0.002877,0.054323,0.001758
77.15450,0.611161,0.088872,0.002882,0.054315,0.001761
77.16023,0.611113,0.088867,0.002887,0.054308,0.001764
77.16596,0.611064,0.088862,0.002892,0.054300,0.001767
77.17169,0.611015,0.088856,0.002897,0.054293,0.001770
77.17742,0.610966,0.088851,0.002902,0.054285,0.001773
77.18314,0.610918,0.088846,0.002907,0.054278,0.001776
77.18887,0.610869,0.088841,0.002912,0.054270,0.001779
77.19460,0.610820,0.088835,0.002917,0.054262,0.001781
77.20033,0.610771,0.088830,0.002921,0.054255,0.001784
77.20606,0.610723,0.088825,0.002926,0.054247,0.001787
77.21179,0.610674,0.088819,0.002931,0.054240,0.001790
77.21752,0.610625,0.088814,0.002936,0.054232,0.001793
77.22325,0.610576,0.088809,0.002941,0.054225,0.001796
77.22898,0.610528,0.088804,0.002946,0.054217,0.001799
77.23471,0.610479,0.088798,0.002951,0.054209,0.001802
77.24044,0.610430,0.088793,0.002956,0.054202,0.001804
77.24617,0.610381,0.088788,0.002961,0.054194,0.001807
77.25190,0.610333,0.088782,0.002966,0.054187,0.001810
77.25763,0.610284,0.088777,0.002971,0.054179,0.001813
77.26336,0.610235,0.088772,0.002976,0.054172,0.001816
77.26909,0.610186,0.088766,0.002981,0.054164,0.001819
77.27482,0.610137,0.088761,0.002986,0.054156,0.001822
77.28055,0.610089,0.088756,0.002990,0.054149,0.001824
77.28628,0.610040,0.088750,0.002995,0.054141,0.001827
77.29201,0.609991,0.088745,0.003000,0.054134,0.001830
77.29774,0.609942,0.088740,0.003005,0.054126,0.001833
77.30347,0.609894,0.088734,0.003010,0.054118,0.001836
77.30920,0.609845,0.088729,0.003015,0.054111,0.001839
77.31492,0.609796,0.088724,0.003020,0.054103,0.001841
77.32065,0.609747,0.088718,0.003025,0.054096,0.001844
77.32638,0.609698,0.088713,0.003030,0.054088,0.001847
77.33211,0.609650,0.088708,0.003034,0.054081,0.001850
77.33784,0.609601,0.088702,0.003039,0.054073,0.001853
77.34357,0.609552,0.088697,0.003044,0.054065,0.001856
77.34930,0.609503,0.088691,0.003049,0.054058,0.001858
77.35503,0.609455,0.088686,0.003054,0.054050,0.001861
77.36076,0.609406,0.088681,0.003059,0.054043,0.001864
77.36649,0.609357,0.088675,0.003064,0.054035,0.001867
77.37222,0.609308,0.088670,0.003069,0.054027,0.001870
77.37795,0.609259,0.088665,0.003073,0.054020,0.001873
77.38368,0.609211,0.088659,0.003078,0.054012,0.001875
77.38941,0.609162,0.088654,0.003083,0.054005,0.001878
77.39514,0.609113,0.088648,0.003088,0.053997,0.001881
77.40087,0.609064,0.088643,0.003093,0.053989,0.001884
77.40660,0.609015,0.088638,0.003098,0.053982,0.001887
77.41233,0.608967,0.088632,0.003103,0.053974,0.001889
77.41806,0.608918,0.088627,0.003107,0.053966,0.001892
77.42379,0.608869,0.088621,0.003112,0.053959,0.001895
77.42952,0.608820,0.088616,0.003117,0.053951,0.001898
77.43525,0.608771,0.088611,0.003122,0.053944,0.001900
77.44098,0.608723,0.088605,0.003127,0.053936,0.001903
77.44671,0.608674,0.088600,0.003131,0.053928,0.001906
77.45243,0.608625,0.088594,0.003136,0.053921,0.001909
77.45816,0.608576,0.088589,0.003141,0.053913,0.001912
77.46389,0.608527,0.088584,0.003146,0.053905,0.001914
77.46962,0.608479,0.088578,0.003151,0.053898,0.001917
77.47535,0.608430,0.088573,0.003156,0.053890,0.001920
77.48108,0.608381,0.088567,0.003160,0.053883,0.001923
77.48681,0.608332,0.088562,0.003165,0.053875,0.001925
77.49254,0.608283,0.088556,0.003170,0.053867,0.001928
77.49827,0.608235,0.088551,0.003175,0.053860,0.001931
77.50400,0.608186,0.088545,0.003180,0.053852,0.001934
77.50973,0.608137,0.088540,0.003184,0.053844,0.001937
77.51546,0.608088,0.088535,0.003189,0.053837,0.001939
77.52119,0.608039,0.088529,0.003194,0.053829,0.001942
77.52692,0.607990,0.088524,0.003199,0.053822,0.001945
77.53265,0.607942,0.088518,0.003204,0.053814,0.001948
77.53838,0.607893,0.088513,0.003208,0.053806,0.001950
77.54411,0.607844,0.088507,0.003213,0.053799,0.001953
77.54984,0.607795,0.088502,0.003218,0.053791,0.001956
77.55557,0.607746,0.088496,0.003223,0.053783,0.001959
77.56130,0.607698,0.088491,0.003227,0.053776,0.001961
77.56703,0.607649,0.088485,0.003232,0.053768,0.001964
77.57276,0.607600,0.088480,0.003237,0.053760,0.001967
77.57849,0.607551,0.088474,0.003242,0.053753,0.001970
77.58422,0.607502,0.088469,0.003246,0.053745,0.001972
77.58994,0.607453,0.088464,0.003251,0.053737,0.001975
77.59567,0.607405,0.088458,0.003256,0.053730,0.001978
77.60140,0.607356,0.088453,0.003261,0.053722,0.001980
77.60713,0.607307,0.088447,0.003265,0.053714,0.001983
77.61286,0.607258,0.088442,0.003270,0.053707,0.001986
77.61859,0.607209,0.088436,0.003275,0.053699,0.001989
77.62432,0.607160,0.088431,0.003280,0.053692,0.001991
77.63005,0.607112,0.088425,0.003284,0.053684,0.001994
77.63578,0.607063,0.088420,0.003289,0.053676,0.001997
77.64151,0.607014,0.088414,0.003294,0.053669,0.001999
77.64724,0.606965,0.088409,0.003299,0.053661,0.002002
77.65297,0.606916,0.088403,0.003303,0.053653,0.002005
77.65870,0.606867,0.088398,0.003308,0.053646,0.002008
77.66443,0.606818,0.088392,0.003313,0.053638,0.002010
77.67016,0.606770,0.088386,0.003318,0.053630,0.002013
77.67589,0.606721,0.088381,0.003322,0.053623,0.002016
77.68162,0.606672,0.088375,0.003327,0.053615,0.002018
77.68735,0.606623,0.088370,0.003332,0.053607,0.002021
77.69308,0.606574,0.088364,0.003336,0.053600,0.002024
77.69881,0.606525,0.088359,0.003341,0.053592,0.002026
77.70454,0.606477,0.088353,0.003346,0.053584,0.002029
77.71027,0.606428,0.088348,0.003350,0.053577,0.002032
77.71600,0.606379,0.088342,0.003355,0.053569,0.002034
77.72172,0.606330,0.088337,0.003360,0.053561,0.002037
77.72745,0.606281,0.088331,0.003365,0.053554,0.002040
77.73318,0.606232,0.088326,0.003369,0.053546,0.002043
77.73891,0.606183,0.088320,0.003374,0.053538,0.002045
77.74464,0.606135,0.088315,0.003379,0.053530,0.002048
77.75037,0.606086,0.088309,0.003383,0.053523,0.002051
77.75610,0.606037,0.088303,0.003388,0.053515,0.002053
77.76183,0.605988,0.088298,0.003393,0.053507,0.002056
77.76756,0.605939,0.088292,0.003397,0.053500,0.002059
77.77329,0.605890,0.088287,0.003402,0.053492,0.002061
77.77902,0.605841,0.088281,0.003407,0.053484,0.002064
77.78475,0.605792,0.088276,0.003411,0.053477,0.002067
77.79048,0.605744,0.088270,0.003416,0.053469,0.002069
77.79621,0.605695,0.088264,0.003421,0.053461,0.002072
77.80194,0.605646,0.088259,0.003425,0.053454,0.002074
77.80767,0.605597,0.088253,0.003430,0.053446,0.002077
77.81340,0.605548,0.088248,0.003435,0.053438,0.002080
77.81913,0.605499,0.088242,0.003439,0.053431,0.002082
77.82486,0.605450,0.088237,0.003444,0.053423,0.002085
77.83059,0.605401,0.088231,0.003448,0.053415,0.002088
77.83632,0.605353,0.088225,0.003453,0.053407,0.002090
77.84205,0.605304,0.088220,0.003458,0.053400,0.002093
77.84778,0.605255,0.088214,0.003462,0.053392,0.002096
77.85351,0.605206,0.088209,0.003467,0.053384,0.002098
77.85923,0.605157,0.088203,0.003472,0.053377,0.002101
77.86496,0.605108,0.088197,0.003476,0.053369,0.002103
77.87069,0.605059,0.088192,0.003481,0.053361,0.002106
77.87642,0.605010,0.088186,0.003485,0.053354,0.002109
77.88215,0.604962,0.088181,0.003490,0.053346,0.002111
77.88788,0.604913,0.088175,0.003495,0.053338,0.002114
77.89361,0.604864,0.088169,0.003499,0.053330,0.002117
77.89934,0.604815,0.088164,0.003504,0.053323,0.002119
77.90507,0.604766,0.088158,0.003509,0.053315,0.002122
77.91080,0.604717,0.088153,0.003513,0.053307,0.002124
77.91653,0.604668,0.088147,0.003518,0.053300,0.002127
77.92226,0.604619,0.088141,0.003522,0.053292,0.002130
77.92799,0.604570,0.088136,0.003527,0.053284,0.002132
77.93372,0.604522,0.088130,0.003531,0.053277,0.002135
77.93945,0.604473,0.088124,0.003536,0.053269,0.002137
77.94518,0.604424,0.088119,0.003541,0.053261,0.002140
77.95091,0.604375,0.088113,0.003545,0.053253,0.002143
77.95664,0.604326,0.088108,0.003550,0.053246,0.002145
77.96237,0.604277,0.088102,0.003554,0.053238,0.002148
77.96810,0.604228,0.088096,0.003559,0.053230,0.002150
77.97383,0.604179,0.088091,0.003564,0.053223,0.002153
77.97956,0.604130,0.088085,0.003568,0.053215,0.002156
77.98529,0.604081,0.088079,0.003573,0.053207,0.002158
77.99102,0.604033,0.088074,0.003577,0.053199,0.002161
77.99674,0.603984,0.088068,0.003582,0.053192,0.002163
78.00247,0.603935,0.088062,0.003586,0.053184,0.002166
78.00820,0.603886,0.088057,0.003591,0.053176,0.002168
78.01393,0.603837,0.088051,0.003595,0.053168,0.002171
78.01966,0.603788,0.088045,0.003600,0.053161,0.002174
78.02539,0.603739,0.088040,0.003605,0.053153,0.002176
78.03112,0.603690,0.088034,0.003609,0.053145,0.002179
78.03685,0.603641,0.088028,0.003614,0.053138,0.002181
78.04258,0.603592,0.088023,0.003618,0.053130,0.002184
78.04831,0.603543,0.088017,0.003623,0.053122,0.002186
78.05404,0.603495,0.088011,0.003627,0.053114,0.002189
78.05977,0.603446,0.088006,0.003632,0.053107,0.002192
78.06550,0.603397,0.088000,0.003636,0.053099,0.002194
78.07123,0.603348,0.087994,0.003641,0.053091,0.002197
78.07696,0.603299,0.087989,0.003645,0.053083,0.002199
78.08269,0.603250,0.087983,0.003650,0.053076,0.002202
78.08842,0.603201,0.087977,0.003654,0.053068,0.002204
78.09415,0.603152,0.087972,0.003659,0.053060,0.002207
78.09988,0.603103,0.087966,0.003663,0.053053,0.002209
78.10561,0.603054,0.087960,0.003668,0.053045,0.002212
78.11134,0.603005,0.087955,0.003672,0.053037,0.002214
78.11707,0.602956,0.087949,0.003677,0.053029,0.002217
78.12280,0.602907,0.087943,0.003681,0.053022,0.002220
78.12852,0.602859,0.087938,0.003686,0.053014,0.002222
78.13425,0.602810,0.087932,0.003690,0.053006,0.002225
78.13998,0.602761,0.087926,0.003695,0.052998,0.002227
78.14571,0.602712,0.087920,0.003699,0.052991,0.002230
78.15144,0.602663,0.087915,0.003704,0.052983,0.002232
78.15717,0.602614,0.087909,0.003708,0.052975,0.002235
78.16290,0.602565,0.087903,0.003713,0.052967,0.002237
78.16863,0.602516,0.087898,0.003717,0.052960,0.002240
78.17436,0.602467,0.087892,0.003722,0.052952,0.002242
78.18009,0.602418,0.087886,0.003726,0.052944,0.002245
78.18582,0.602369,0.087880,0.003731,0.052936,0.002247
78.19155,0.602320,0.087875,0.003735,0.052929,0.002250
78.19728,0.602271,0.087869,0.003740,0.052921,0.002252
78.20301,0.602222,0.087863,0.003744,0.052913,0.002255
78.20874,0.602173,0.087858,0.003749,0.052906,0.002257
78.21447,0.602124,0.087852,0.003753,0.052898,0.002260
78.22020,0.602075,0.087846,0.003757,0.052890,0.002262
78.22593,0.602027,0.087840,0.003762,0.052882,0.002265
78.23166,0.601978,0.087835,0.003766,0.052875,0.002267
78.23739,0.601929,0.087829,0.003771,0.052867,0.002270
78.24312,0.601880,0.087823,0.003775,0.052859,0.002272
78.24885,0.601831,0.087818,0.003780,0.052851,0.002275
78.25458,0.601782,0.087812,0.003784,0.052844,0.002277
78.26031,0.601733,0.087806,0.003789,0.052836,0.002280
78.26603,0.601684,0.087800,0.003793,0.052828,0.002282
78.27176,0.601635,0.087795,0.003797,0.052820,0.002285
78.27749,0.601586,0.087789,0.003802,0.052813,0.002287
78.28322,0.601537,0.087783,0.003806,0.052805,0.002290
78.28895,0.601488,0.087777,0.003811,0.052797,0.002292
78.29468,0.601439,0.087772,0.003815,0.052789,0.002295
78.30041,0.601390,0.087766,0.003820,0.052781,0.002297
78.30614,0.601341,0.087760,0.003824,0.052774,0.002299
78.31187,0.601292,0.087754,0.003828,0.052766,0.002302
78.31760,0.601243,0.087749,0.003833,0.052758,0.002304
78.32333,0.601194,0.087743,0.003837,0.052750,0.002307
78.32906,0.601145,0.087737,0.003842,0.052743,0.002309
78.33479,0.601096,0.087731,0.003846,0.052735,0.002312
78.34052,0.601047,0.087726,0.003850,0.052727,0.002314
78.34625,0.600998,0.087720,0.003855,0.052719,0.002317
78.35198,0.600949,0.087714,0.003859,0.052712,0.002319
78.35771,0.600900,0.087708,0.003864,0.052704,0.002322
78.36344,0.600851,0.087702,0.003868,0.052696,0.002324
78.36917,0.600803,0.087697,0.003872,0.052688,0.002326
78.37490,0.600754,0.087691,0.003877,0.052681,0.002329
78.38063,0.600705,0.087685,0.003881,0.052673,0.002331
78.38636,0.600656,0.087679,0.003885,0.052665,0.002334
78.39209,0.600607,0.087674,0.003890,0.052657,0.002336
78.39782,0.600558,0.087668,0.003894,0.052650,0.002339
78.40354,0.600509,0.087662,0.003899,0.052642,0.002341
78.40927,0.600460,0.087656,0.003903,0.052634,0.002344
78.41500,0.600411,0.087650,0.003907,0.052626,0.002346
78.42073,0.600362,0.087645,0.003912,0.052619,0.002348
78.42646,0.600313,0.087639,0.003916,0.052611,0.002351
78.43219,0.600264,0.087633,0.003920,0.052603,0.002353
78.43792,0.600215,0.087627,0.003925,0.052595,0.002356
78.44365,0.600166,0.087622,0.003929,0.052587,0.002358
78.44938,0.600117,0.087616,0.003933,0.052580,0.002360
78.45511,0.600068,0.087610,0.003938,0.052572,0.002363
78.46084,0.600019,0.087604,0.003942,0.052564,0.002365
78.46657,0.599970,0.087598,0.003946,0.052556,0.002368
78.47230,0.599921,0.087593,0.003951,0.052549,0.002370
78.47803,0.599872,0.087587,0.003955,0.052541,0.002373
78.48376,0.599823,0.087581,0.003959,0.052533,0.002375
78.48949,0.599774,0.087575,0.003964,0.052525,0.002377
78.49522,0.599725,0.087569,0.003968,0.052518,0.002380
78.50095,0.599676,0.087564,0.003972,0.052510,0.002382
78.50668,0.599627,0.087558,0.003977,0.052502,0.002385
78.51241,0.599578,0.087552,0.003981,0.052494,0.002387
78.51814,0.599529,0.087546,0.003985,0.052486,0.002389
78.52387,0.599480,0.087540,0.003990,0.052479,0.002392
78.52960,0.599431,0.087535,0.003994,0.052471,0.002394
78.53532,0.599382,0.087529,0.003998,0.052463,0.002396
78.54105,0.599333,0.087523,0.004002,0.052455,0.002399
78.54678,0.599284,0.087517,0.004007,0.052448,0.002401
78.55251,0.599235,0.087511,0.004011,0.052440,0.002404
78.55824,0.599186,0.087505,0.004015,0.052432,0.002406
78.56397,0.599137,0.087500,0.004020,0.052424,0.002408
78.56970,0.599088,0.087494,0.004024,0.052416,0.002411
78.57543,0.599039,0.087488,0.004028,0.052409,0.002413
78.58116,0.598990,0.087482,0.004033,0.052401,0.002415
78.58689,0.598941,0.087476,0.004037,0.052393,0.002418
78.59262,0.598892,0.087471,0.004041,0.052385,0.002420
78.59835,0.598843,0.087465,0.004045,0.052378,0.002423
78.60408,0.598794,0.087459,0.004050,0.052370,0.002425
78.60981,0.598745,0.087453,0.004054,0.052362,0.002427
78.61554,0.598696,0.087447,0.004058,0.052354,0.002430
78.62127,0.598647,0.087441,0.004062,0.052346,0.002432
78.62700,0.598598,0.087436,0.004067,0.052339,0.002434
78.63273,0.598549,0.087430,0.004071,0.052331,0.002437
78.63846,0.598500,0.087424,0.004075,0.052323,0.002439
78.64419,0.598451,0.087418,0.004079,0.052315,0.002441
78.64992,0.598402,0.087412,0.004084,0.052308,0.002444
78.65565,0.598353,0.087406,0.004088,0.052300,0.002446
78.66138,0.598304,0.087401,0.004092,0.052292,0.002448
78.66711,0.598255,0.087395,0.004096,0.052284,0.002451
78.67283,0.598206,0.087389,0.004101,0.052276,0.002453
78.67856,0.598156,0.087383,0.004105,0.052269,0.002455
78.68429,0.598107,0.087377,0.004109,0.052261,0.002458
78.69002,0.598058,0.087371,0.004113,0.052253,0.002460
78.69575,0.598009,0.087365,0.004118,0.052245,0.002462
78.70148,0.597960,0.087360,0.004122,0.052238,0.002465
78.70721,0.597911,0.087354,0.004126,0.052230,0.002467
78.71294,0.597862,0.087348,0.004130,0.052222,0.002469
78.71867,0.597813,0.087342,0.004134,0.052214,0.002472
78.72440,0.597764,0.087336,0.004139,0.052206,0.002474
78.73013,0.597715,0.087330,0.004143,0.052199,0.002476
78.73586,0.597666,0.087324,0.004147,0.052191,0.002479
78.74159,0.597617,0.087319,0.004151,0.052183,0.002481
78.74732,0.597568,0.087313,0.004156,0.052175,0.002483
78.75305,0.597519,0.087307,0.004160,0.052168,0.002486
78.75878,0.597470,0.087301,0.004164,0.052160,0.002488
78.76451,0.597421,0.087295,0.004168,0.052152,0.002490
78.77024,0.597372,0.087289,0.004172,0.052144,0.002492
78.77597,0.597323,0.087283,0.004177,0.052136,0.002495
78.78170,0.597274,0.087278,0.004181,0.052129,0.002497
78.78743,0.597225,0.087272,0.004185,0.052121,0.002499
78.79316,0.597176,0.087266,0.004189,0.052113,0.002502
78.79889,0.597127,0.087260,0.004193,0.052105,0.002504
78.80462,0.597078,0.087254,0.004197,0.052097,0.002506
78.81034,0.597029,0.087248,0.004202,0.052090,0.002508
78.81607,0.596980,0.087242,0.004206,0.052082,0.002511
78.82180,0.596931,0.087236,0.004210,0.052074,0.002513
78.82753,0.596881,0.087231,0.004214,0.052066,0.002515
78.83326,0.596832,0.087225,0.004218,0.052059,0.002518
78.83899,0.596783,0.087219,0.004222,0.052051,0.002520
78.84472,0.596734,0.087213,0.004227,0.052043,0.002522
78.85045,0.596685,0.087207,0.004231,0.052035,0.002524
78.85618,0.596636,0.087201,0.004235,0.052027,0.002527
78.86191,0.596587,0.087195,0.004239,0.052020,0.002529
78.86764,0.596538,0.087189,0.004243,0.052012,0.002531
78.87337,0.596489,0.087184,0.004247,0.052004,0.002534
78.87910,0.596440,0.087178,0.004252,0.051996,0.002536
78.88483,0.596391,0.087172,0.004256,0.051988,0.002538
78.89056,0.596342,0.087166,0.004260,0.051981,0.002540
78.89629,0.596293,0.087160,0.004264,0.051973,0.002543
78.90202,0.596244,0.087154,0.004268,0.051965,0.002545
78.90775,0.596195,0.087148,0.004272,0.051957,0.002547
78.91348,0.596146,0.087142,0.004276,0.051949,0.002549
78.91921,0.596097,0.087136,0.004280,0.051942,0.002552
78.92494,0.596047,0.087131,0.004285,0.051934,0.002554
78.93067,0.595998,0.087125,0.004289,0.051926,0.002556
78.93640,0.595949,0.087119,0.004293,0.051918,0.002558
78.94213,0.595900,0.087113,0.004297,0.051911,0.002561
78.94785,0.595851,0.087107,0.004301,0.051903,0.002563
78.95358,0.595802,0.087101,0.004305,0.051895,0.002565
78.95931,0.595753,0.087095,0.004309,0.051887,0.002567
78.96504,0.595704,0.087089,0.004313,0.051879,0.002569
78.97077,0.595655,0.087083,0.004317,0.051872,0.002572
78.97650,0.595606,0.087077,0.004322,0.051864,0.002574
78.98223,0.595557,0.087072,0.004326,0.051856,0.002576
78.98796,0.595508,0.087066,0.004330,0.051848,0.002578
78.99369,0.595459,0.087060,0.004334,0.051840,0.002581
78.99942,0.595409,0.087054,0.004338,0.051833,0.002583
79.00515,0.595360,0.087048,0.004342,0.051825,0.002585
79.01088,0.595311,0.087042,0.004346,0.051817,0.002587
79.01661,0.595262,0.087036,0.004350,0.051809,0.002590
79.02234,0.595213,0.087030,0.004354,0.051802,0.002592
79.02807,0.595164,0.087024,0.004358,0.051794,0.002594
79.03380,0.595115,0.087018,0.004362,0.051786,0.002596
79.03953,0.595066,0.087012,0.004366,0.051778,0.002598
79.04526,0.595017,0.087007,0.004371,0.051770,0.002601
79.05099,0.594968,0.087001,0.004375,0.051763,0.002603
79.05672,0.594919,0.086995,0.004379,0.051755,0.002605
79.06245,0.594870,0.086989,0.004383,0.051747,0.002607
79.06818,0.594820,0.086983,0.004387,0.051739,0.002609
79.07391,0.594771,0.086977,0.004391,0.051731,0.002612
79.07963,0.594722,0.086971,0.004395,0.051724,0.002614
79.08536,0.594673,0.086965,0.004399,0.051716,0.002616
79.09109,0.594624,0.086959,0.004403,0.051708,0.002618
79.09682,0.594575,0.086953,0.004407,0.051700,0.002620
79.10255,0.594526,0.086947,0.004411,0.051692,0.002622
79.10828,0.594477,0.086941,0.004415,0.051685,0.002625
79.11401,0.594428,0.086936,0.004419,0.051677,0.002627
79.11974,0.594379,0.086930,0.004423,0.051669,0.002629
79.12547,0.594329,0.086924,0.004427,0.051661,0.002631
79.13120,0.594280,0.086918,0.004431,0.051654,0.002633
79.13693,0.594231,0.086912,0.004435,0.051646,0.002636
79.14266,0.594182,0.086906,0.004439,0.051638,0.002638
79.14839,0.594133,0.086900,0.004443,0.051630,0.002640
79.15412,0.594084,0.086894,0.004447,0.051622,0.002642
79.15985,0.594035,0.086888,0.004451,0.051615,0.002644
79.16558,0.593986,0.086882,0.004455,0.051607,0.002646
79.17131,0.593937,0.086876,0.004459,0.051599,0.002649
79.17704,0.593887,0.086870,0.004463,0.051591,0.002651
79.18277,0.593838,0.086864,0.004467,0.051583,0.002653
79.18850,0.593789,0.086858,0.004471,0.051576,0.002655
79.19423,0.593740,0.086853,0.004475,0.051568,0.002657
79.19996,0.593691,0.086847,0.004479,0.051560,0.002659
79.20569,0.593642,0.086841,0.004483,0.051552,0.002662
79.21142,0.593593,0.086835,0.004487,0.051544,0.002664
79.21714,0.593544,0.086829,0.004491,0.051537,0.002666
79.22287,0.593495,0.086823,0.004495,0.051529,0.002668
79.22860,0.593445,0.086817,0.004499,0.051521,0.002670
79.23433,0.593396,0.086811,0.004503,0.051513,0.002672
79.24006,0.593347,0.086805,0.004507,0.051506,0.002674
79.24579,0.593298,0.086799,0.004511,0.051498,0.002677
79.25152,0.593249,0.086793,0.004515,0.051490,0.002679
79.25725,0.593200,0.086787,0.004519,0.051482,0.002681
79.26298,0.593151,0.086781,0.004523,0.051474,0.002683
79.26871,0.593102,0.086775,0.004527,0.051467,0.002685
79.27444,0.593052,0.086769,0.004531,0.051459,0.002687
79.28017,0.593003,0.086764,0.004535,0.051451,0.002689
79.28590,0.592954,0.086758,0.004539,0.051443,0.002691
79.29163,0.592905,0.086752,0.004543,0.051435,0.002694
79.29736,0.592856,0.086746,0.004547,0.051428,0.002696
79.30309,0.592807,0.086740,0.004551,0.051420,0.002698
79.30882,0.592758,0.086734,0.004555,0.051412,0.002700
79.31455,0.592709,0.086728,0.004559,0.051404,0.002702
79.32028,0.592659,0.086722,0.004563,0.051397,0.002704
79.32601,0.592610,0.086716,0.004567,0.051389,0.002706
79.33174,0.592561,0.086710,0.004571,0.051381,0.002708
79.33747,0.592512,0.086704,0.004575,0.051373,0.002710
79.34320,0.592463,0.086698,0.004578,0.051365,0.002713
79.34893,0.592414,0.086692,0.004582,0.051358,0.002715
79.35465,0.592365,0.086686,0.004586,0.051350,0.002717
79.36038,0.592315,0.086680,0.004590,0.051342,0.002719
79.36611,0.592266,0.086674,0.004594,0.051334,0.002721
79.37184,0.592217,0.086668,0.004598,0.051327,0.002723
79.37757,0.592168,0.086662,0.004602,0.051319,0.002725
79.38330,0.592119,0.086656,0.004606,0.051311,0.002727
79.38903,0.592070,0.086651,0.004610,0.051303,0.002729
79.39476,0.592021,0.086645,0.004614,0.051295,0.002731
79.40049,0.591971,0.086639,0.004618,0.051288,0.002733
79.40622,0.591922,0.086633,0.004622,0.051280,0.002736
79.41195,0.591873,0.086627,0.004625,0.051272,0.002738
79.41768,0.591824,0.086621,0.004629,0.051264,0.002740
79.42341,0.591775,0.086615,0.004633,0.051256,0.002742
79.42914,0.591726,0.086609,0.004637,0.051249,0.002744
79.43487,0.591677,0.086603,0.004641,0.051241,0.002746
79.44060,0.591627,0.086597,0.004645,0.051233,0.002748
79.44633,0.591578,0.086591,0.004649,0.051225,0.002750
79.45206,0.591529,0.086585,0.004653,0.051218,0.002752
79.45779,0.591480,0.086579,0.004657,0.051210,0.002754
79.46352,0.591431,0.086573,0.004660,0.051202,0.002756
79.46925,0.591382,0.086567,0.004664,0.051194,0.002758
79.47498,0.591332,0.086561,0.004668,0.051186,0.002760
79.48071,0.591283,0.086555,0.004672,0.051179,0.002762
79.48643,0.591234,0.086549,0.004676,0.051171,0.002765
79.49216,0.591185,0.086543,0.004680,0.051163,0.002767
79.49789,0.591136,0.086537,0.004684,0.051155,0.002769
79.50362,0.591087,0.086531,0.004687,0.051148,0.002771
79.50935,0.591038,0.086526,0.004691,0.051140,0.002773
79.51508,0.590988,0.086520,0.004695,0.051132,0.002775
79.52081,0.590939,0.086514,0.004699,0.051124,0.002777
79.52654,0.590890,0.086508,0.004703,0.051116,0.002779
79.53227,0.590841,0.086502,0.004707,0.051109,0.002781
79.53800,0.590792,0.086496,0.004711,0.051101,0.002783
79.54373,0.590743,0.086490,0.004714,0.051093,0.002785
79.54946,0.590693,0.086484,0.004718,0.051085,0.002787
79.55519,0.590644,0.086478,0.004722,0.051078,0.002789
79.56092,0.590595,0.086472,0.004726,0.051070,0.002791
79.56665,0.590546,0.086466,0.004730,0.051062,0.002793
79.57238,0.590497,0.086460,0.004734,0.051054,0.002795
79.57811,0.590447,0.086454,0.004737,0.051047,0.002797
79.58384,0.590398,0.086448,0.004741,0.051039,0.002799
79.58957,0.590349,0.086442,0.004745,0.051031,0.002801
79.59530,0.590300,0.086436,0.004749,0.051023,0.002803
79.60103,0.590251,0.086430,0.004753,0.051015,0.002805
79.60676,0.590202,0.086424,0.004756,0.051008,0.002807
79.61249,0.590152,0.086418,0.004760,0.051000,0.002809
79.61822,0.590103,0.086412,0.004764,0.050992,0.002811
79.62394,0.590054,0.086406,0.004768,0.050984,0.002813
79.62967,0.590005,0.086400,0.004772,0.050977,0.002815
79.63540,0.589956,0.086394,0.004776,0.050969,0.002817
79.64113,0.589906,0.086388,0.004779,0.050961,0.002819
79.64686,0.589857,0.086382,0.004783,0.050953,0.002821
79.65259,0.589808,0.086376,0.004787,0.050946,0.002823
79.65832,0.589759,0.086371,0.004791,0.050938,0.002825
79.66405,0.589710,0.086365,0.004794,0.050930,0.002827
79.66978,0.589661,0.086359,0.004798,0.050922,0.002829
79.67551,0.589611,0.086353,0.004802,0.050914,0.002831
79.68124,0.589562,0.086347,0.004806,0.050907,0.002833
79.68697,0.589513,0.086341,0.004810,0.050899,0.002835
79.69270,0.589464,0.086335,0.004813,0.050891,0.002837
79.69843,0.589415,0.086329,0.004817,0.050883,0.002839
79.70416,0.589365,0.086323,0.004821,0.050876,0.002841
79.70989,0.589316,0.086317,0.004825,0.050868,0.002843
79.71562,0.589267,0.086311,0.004828,0.050860,0.002845
79.72135,0.589218,0.086305,0.004832,0.050852,0.002847
79.72708,0.589169,0.086299,0.004836,0.050845,0.002849
79.73281,0.589119,0.086293,0.004840,0.050837,0.002851
79.73854,0.589070,0.086287,0.004843,0.050829,0.002853
79.74427,0.589021,0.086281,0.004847,0.050821,0.002855
79.75000,0.588972,0.086275,0.004851,0.050814,0.002857
79.75573,0.588923,0.086269,0.004855,0.050806,0.002859
79.76145,0.588873,0.086263,0.004858,0.050798,0.002861
79.76718,0.588824,0.086257,0.004862,0.050790,0.002863
79.77291,0.588775,0.086251,0.004866,0.050783,0.002865
79.77864,0.588726,0.086245,0.004870,0.050775,0.002867
79.78437,0.588677,0.086239,0.004873,0.050767,0.002869
79.79010,0.588627,0.086233,0.004877,0.050759,0.002871
79.79583,0.588578,0.086227,0.004881,0.050752,0.002873
79.80156,0.588529,0.086221,0.004885,0.050744,0.002875
79.80729,0.588480,0.086215,0.004888,0.050736,0.002877
79.81302,0.588431,0.086209,0.004892,0.050728,0.002879
79.81875,0.588381,0.086204,0.004896,0.050721,0.002881
79.82448,0.588332,0.086198,0.004899,0.050713,0.002883
79.83021,0.588283,0.086192,0.004903,0.050705,0.002884
79.83594,0.588234,0.086186,0.004907,0.050697,0.002886
79.84167,0.588184,0.086180,0.004911,0.050690,0.002888
79.84740,0.588135,0.086174,0.004914,0.050682,0.002890
79.85313,0.588086,0.086168,0.004918,0.050674,0.002892
79.85886,0.588037,0.086162,0.004922,0.050666,0.002894
79.86459,0.587988,0.086156,0.004925,0.050659,0.002896
79.87032,0.587938,0.086150,0.004929,0.050651,0.002898
79.87605,0.587889,0.086144,0.004933,0.050643,0.002900
79.88178,0.587840,0.086138,0.004936,0.050635,0.002902
79.88751,0.587791,0.086132,0.004940,0.050628,0.002904
79.89323,0.587741,0.086126,0.004944,0.050620,0.002906
79.89896,0.587692,0.086120,0.004948,0.050612,0.002908
79.90469,0.587643,0.086114,0.004951,0.050604,0.002910
79.91042,0.587594,0.086108,0.004955,0.050597,0.002911
79.91615,0.587545,0.086102,0.004959,0.050589,0.002913
79.92188,0.587495,0.086096,0.004962,0.050581,0.002915
79.92761,0.587446,0.086090,0.004966,0.050573,0.002917
79.93334,0.587397,0.086084,0.004970,0.050566,0.002919
79.93907,0.587348,0.086078,0.004973,0.050558,0.002921
79.94480,0.587298,0.086072,0.004977,0.050550,0.002923
79.95053,0.587249,0.086066,0.004981,0.050542,0.002925
79.95626,0.587200,0.086060,0.004984,0.050535,0.002927
79.96199,0.587151,0.086054,0.004988,0.050527,0.002929
79.96772,0.587101,0.086048,0.004992,0.050519,0.002931
79.97345,0.587052,0.086042,0.004995,0.050511,0.002932
79.97918,0.587003,0.086037,0.004999,0.050504,0.002934
79.98491,0.586954,0.086031,0.005002,0.050496,0.002936
79.99064,0.586905,0.086025,0.005006,0.050488,0.002938
79.99637,0.586855,0.086019,0.005010,0.050480,0.002940
80.00210,0.586806,0.086013,0.005013,0.050473,0.002942
80.00783,0.586757,0.086007,0.005017,0.050465,0.002944
80.01356,0.586708,0.086001,0.005021,0.050457,0.002946
80.01929,0.586658,0.085995,0.005024,0.050450,0.002948
80.02502,0.586609,0.085989,0.005028,0.050442,0.002949
80.03074,0.586560,0.085983,0.005032,0.050434,0.002951
80.03647,0.586511,0.085977,0.005035,0.050426,0.002953
80.04220,0.586461,0.085971,0.005039,0.050419,0.002955
80.04793,0.586412,0.085965,0.005042,0.050411,0.002957
80.05366,0.586363,0.085959,0.005046,0.050403,0.002959
80.05939,0.586314,0.085953,0.005050,0.050395,0.002961
80.06512,0.586264,0.085947,0.005053,0.050388,0.002963
80.07085,0.586215,0.085941,0.005057,0.050380,0.002964
80.07658,0.586166,0.085935,0.005060,0.050372,0.002966
80.08231,0.586117,0.085929,0.005064,0.050365,0.002968
80.08804,0.586067,0.085923,0.005068,0.050357,0.002970
80.09377,0.586018,0.085917,0.005071,0.050349,0.002972
80.09950,0.585969,0.085911,0.005075,0.050341,0.002974
80.10523,0.585920,0.085905,0.005078,0.050334,0.002976
80.11096,0.585870,0.085899,0.005082,0.050326,0.002977
80.11669,0.585821,0.085893,0.005086,0.050318,0.002979
80.12242,0.585772,0.085888,0.005089,0.050310,0.002981
80.12815,0.585723,0.085882,0.005093,0.050303,0.002983
80.13388,0.585673,0.085876,0.005096,0.050295,0.002985
80.13961,0.585624,0.085870,0.005100,0.050287,0.002987
80.14534,0.585575,0.085864,0.005103,0.050280,0.002988
80.15107,0.585526,0.085858,0.005107,0.050272,0.002990
80.15680,0.585476,0.085852,0.005111,0.050264,0.002992
80.16253,0.585427,0.085846,0.005114,0.050256,0.002994
80.16825,0.585378,0.085840,0.005118,0.050249,0.002996
80.17398,0.585328,0.085834,0.005121,0.050241,0.002998
80.17971,0.585279,0.085828,0.005125,0.050233,0.002999
80.18544,0.585230,0.085822,0.005128,0.050226,0.003001
80.19117,0.585181,0.085816,0.005132,0.050218,0.003003
80.19690,0.585131,0.085810,0.005136,0.050210,0.003005
80.20263,0.585082,0.085804,0.005139,0.050202,0.003007
80.20836,0.585033,0.085798,0.005143,0.050195,0.003009
80.21409,0.584984,0.085792,0.005146,0.050187,0.003010
80.21982,0.584934,0.085786,0.005150,0.050179,0.003012
80.22555,0.584885,0.085780,0.005153,0.050172,0.003014
80.23128,0.584836,0.085774,0.005157,0.050164,0.003016
80.23701,0.584786,0.085768,0.005160,0.050156,0.003018
80.24274,0.584737,0.085763,0.005164,0.050149,0.003019
80.24847,0.584688,0.085757,0.005167,0.050141,0.003021
80.25420,0.584639,0.085751,0.005171,0.050133,0.003023
80.25993,0.584589,0.085745,0.005174,0.050125,0.003025
80.26566,0.584540,0.085739,0.005178,0.050118,0.003027
80.27139,0.584491,0.085733,0.005181,0.050110,0.003029
80.27712,0.584442,0.085727,0.005185,0.050102,0.003030
80.28285,0.584392,0.085721,0.005188,0.050095,0.003032
80.28858,0.584343,0.085715,0.005192,0.050087,0.003034
80.29431,0.584294,0.085709,0.005196,0.050079,0.003036
80.30003,0.584244,0.085703,0.005199,0.050072,0.003037
80.30576,0.584195,0.085697,0.005203,0.050064,0.003039
80.31149,0.584146,0.085691,0.005206,0.050056,0.003041
80.31722,0.584097,0.085685,0.005210,0.050048,0.003043
80.32295,0.584047,0.085679,0.005213,0.050041,0.003045
80.32868,0.583998,0.085673,0.005217,0.050033,0.003046
80.33441,0.583949,0.085667,0.005220,0.050025,0.003048
80.34014,0.583899,0.085661,0.005223,0.050018,0.003050
80.34587,0.583850,0.085656,0.005227,0.050010,0.003052
80.35160,0.583801,0.085650,0.005230,0.050002,0.003054
80.35733,0.583751,0.085644,0.005234,0.049995,0.003055
80.36306,0.583702,0.085638,0.005237,0.049987,0.003057
80.36879,0.583653,0.085632,0.005241,0.049979,0.003059
80.37452,0.583604,0.085626,0.005244,0.049972,0.003061
80.38025,0.583554,0.085620,0.005248,0.049964,0.003062
80.38598,0.583505,0.085614,0.005251,0.049956,0.003064
80.39171,0.583456,0.085608,0.005255,0.049949,0.003066
80.39744,0.583406,0.085602,0.005258,0.049941,0.003068
80.40317,0.583357,0.085596,0.005262,0.049933,0.003069
80.40890,0.583308,0.085590,0.005265,0.049925,0.003071
80.41463,0.583259,0.085584,0.005269,0.049918,0.003073
80.42036,0.583209,0.085578,0.005272,0.049910,0.003075
80.42609,0.583160,0.085572,0.005276,0.049902,0.003076
80.43182,0.583111,0.085567,0.005279,0.049895,0.003078
80.43754,0.583061,0.085561,0.005282,0.049887,0.003080
80.44327,0.583012,0.085555,0.005286,0.049879,0.003082
80.44900,0.582963,0.085549,0.005289,0.049872,0.003083
80.45473,0.582913,0.085543,0.005293,0.049864,0.003085
80.46046,0.582864,0.085537,0.005296,0.049856,0.003087
80.46619,0.582815,0.085531,0.005300,0.049849,0.003089
80.47192,0.582765,0.085525,0.005303,0.049841,0.003090
80.47765,0.582716,0.085519,0.005306,0.049833,0.003092
80.48338,0.582667,0.085513,0.005310,0.049826,0.003094
80.48911,0.582618,0.085507,0.005313,0.049818,0.003096
80.49484,0.582568,0.085501,0.005317,0.049810,0.003097
80.50057,0.582519,0.085495,0.005320,0.049803,0.003099
80.50630,0.582470,0.085489,0.005324,0.049795,0.003101
80.51203,0.582420,0.085484,0.005327,0.049787,0.003103
80.51776,0.582371,0.085478,0.005330,0.049780,0.003104
80.52349,0.582322,0.085472,0.005334,0.049772,0.003106
80.52922,0.582272,0.085466,0.005337,0.049764,0.003108
80.53495,0.582223,0.085460,0.005341,0.049757,0.003109
80.54068,0.582174,0.085454,0.005344,0.049749,0.003111
80.54641,0.582124,0.085448,0.005347,0.049741,0.003113
80.55214,0.582075,0.085442,0.005351,0.049734,0.003115
80.55787,0.582026,0.085436,0.005354,0.049726,0.003116
80.56360,0.581976,0.085430,0.005358,0.049718,0.003118
80.56933,0.581927,0.085424,0.005361,0.049711,0.003120
80.57505,0.581878,0.085418,0.005364,0.049703,0.003121
80.58078,0.581828,0.085413,0.005368,0.049695,0.003123
80.58651,0.581779,0.085407,0.005371,0.049688,0.003125
80.59224,0.581730,0.085401,0.005375,0.049680,0.003127
80.59797,0.581680,0.085395,0.005378,0.049673,0.003128
80.60370,0.581631,0.085389,0.005381,0.049665,0.003130
80.60943,0.581582,0.085383,0.005385,0.049657,0.003132
80.61516,0.581532,0.085377,0.005388,0.049650,0.003133
80.62089,0.581483,0.085371,0.005391,0.049642,0.003135
80.62662,0.581434,0.085365,0.005395,0.049634,0.003137
80.63235,0.581384,0.085359,0.005398,0.049627,0.003138
80.63808,0.581335,0.085353,0.005401,0.049619,0.003140
80.64381,0.581286,0.085348,0.005405,0.049611,0.003142
80.64954,0.581236,0.085342,0.005408,0.049604,0.003143
80.65527,0.581187,0.085336,0.005412,0.049596,0.003145
80.66100,0.581138,0.085330,0.005415,0.049588,0.003147
80.66673,0.581088,0.085324,0.005418,0.049581,0.003148
80.67246,0.581039,0.085318,0.005422,0.049573,0.003150
80.67819,0.580990,0.085312,0.005425,0.049566,0.003152
80.68392,0.580940,0.085306,0.005428,0.049558,0.003154
80.68965,0.580891,0.085300,0.005432,0.049550,0.003155
80.69538,0.580842,0.085294,0.005435,0.049543,0.003157
80.70111,0.580792,0.085289,0.005438,0.049535,0.003159
80.70684,0.580743,0.085283,0.005442,0.049527,0.003160
80.71256,0.580694,0.085277,0.005445,0.049520,0.003162
80.71829,0.580644,0.085271,0.005448,0.049512,0.003164
80.72402,0.580595,0.085265,0.005452,0.049504,0.003165
80.72975,0.580546,0.085259,0.005455,0.049497,0.003167
80.73548,0.580496,0.085253,0.005458,0.049489,0.003168
80.74121,0.580447,0.085247,0.005462,0.049482,0.003170
80.74694,0.580398,0.085241,0.005465,0.049474,0.003172
80.75267,0.580348,0.085236,0.005468,0.049466,0.003173
80.75840,0.580299,0.085230,0.005472,0.049459,0.003175
80.76413,0.580250,0.085224,0.005475,0.049451,0.003177
80.76986,0.580200,0.085218,0.005478,0.049443,0.003178
80.77559,0.580151,0.085212,0.005481,0.049436,0.003180
80.78132,0.580102,0.085206,0.005485,0.049428,0.003182
80.78705,0.580052,0.085200,0.005488,0.049421,0.003183
80.79278,0.580003,0.085194,0.005491,0.049413,0.003185
80.79851,0.579953,0.085189,0.005495,0.049405,0.003187
80.80424,0.579904,0.085183,0.005498,0.049398,0.003188
80.80997,0.579855,0.085177,0.005501,0.049390,0.003190
80.81570,0.579805,0.085171,0.005504,0.049383,0.003192
80.82143,0.579756,0.085165,0.005508,0.049375,0.003193
80.82716,0.579707,0.085159,0.005511,0.049367,0.003195
80.83289,0.579657,0.085153,0.005514,0.049360,0.003196
80.83862,0.579608,0.085147,0.005518,0.049352,0.003198
80.84434,0.579559,0.085142,0.005521,0.049345,0.003200
80.85007,0.579509,0.085136,0.005524,0.049337,0.003201
80.85580,0.579460,0.085130,0.005527,0.049329,0.003203
80.86153,0.579410,0.085124,0.005531,0.049322,0.003205
80.86726,0.579361,0.085118,0.005534,0.049314,0.003206
80.87299,0.579312,0.085112,0.005537,0.049306,0.003208
80.87872,0.579262,0.085106,0.005540,0.049299,0.003209
80.88445,0.579213,0.085100,0.005544,0.049291,0.003211
80.89018,0.579164,0.085095,0.005547,0.049284,0.003213
80.89591,0.579114,0.085089,0.005550,0.049276,0.003214
80.90164,0.579065,0.085083,0.005553,0.049269,0.003216
80.90737,0.579016,0.085077,0.005557,0.049261,0.003217
80.91310,0.578966,0.085071,0.005560,0.049253,0.003219
80.91883,0.578917,0.085065,0.005563,0.049246,0.003221
80.92456,0.578867,0.085059,0.005566,0.049238,0.003222
80.93029,0.578818,0.085054,0.005570,0.049231,0.003224
80.93602,0.578769,0.085048,0.005573,0.049223,0.003225
80.94175,0.578719,0.085042,0.005576,0.049215,0.003227
80.94748,0.578670,0.085036,0.005579,0.049208,0.003229
80.95321,0.578621,0.085030,0.005583,0.049200,0.003230
80.95894,0.578571,0.085024,0.005586,0.049193,0.003232
80.96467,0.578522,0.085018,0.005589,0.049185,0.003233
80.97040,0.578472,0.085013,0.005592,0.049177,0.003235
80.97613,0.578423,0.085007,0.005595,0.049170,0.003237
80.98185,0.578374,0.085001,0.005599,0.049162,0.003238
80.98758,0.578324,0.084995,0.005602,0.049155,0.003240
80.99331,0.578275,0.084989,0.005605,0.049147,0.003241
80.99904,0.578225,0.084983,0.005608,0.049140,0.003243
81.00477,0.578176,0.084978,0.005611,0.049132,0.003244
81.01050,0.578127,0.084972,0.005615,0.049124,0.003246
81.01623,0.578077,0.084966,0.005618,0.049117,0.003248
81.02196,0.578028,0.084960,0.005621,0.049109,0.003249
81.02769,0.577979,0.084954,0.005624,0.049102,0.003251
81.03342,0.577929,0.084948,0.005627,0.049094,0.003252
81.03915,0.577880,0.084943,0.005631,0.049087,0.003254
81.04488,0.577830,0.084937,0.005634,0.049079,0.003255
81.05061,0.577781,0.084931,0.005637,0.049071,0.003257
81.05634,0.577732,0.084925,0.005640,0.049064,0.003259
81.06207,0.577682,0.084919,0.005643,0.049056,0.003260
81.06780,0.577633,0.084913,0.005647,0.049049,0.003262
81.07353,0.577583,0.084908,0.005650,0.049041,0.003263
81.07926,0.577534,0.084902,0.005653,0.049034,0.003265
81.08499,0.577485,0.084896,0.005656,0.049026,0.003266
81.09072,0.577435,0.084890,0.005659,0.049019,0.003268
81.09645,0.577386,0.084884,0.005662,0.049011,0.003269
81.10218,0.577336,0.084878,0.005666,0.049003,0.003271
81.10791,0.577287,0.084873,0.005669,0.048996,0.003273
81.11364,0.577238,0.084867,0.005672,0.048988,0.003274
81.11936,0.577188,0.084861,0.005675,0.048981,0.003276
81.12509,0.577139,0.084855,0.005678,0.048973,0.003277
81.13082,0.577089,0.084849,0.005681,0.048966,0.003279
81.13655,0.577040,0.084844,0.005685,0.048958,0.003280
81.14228,0.576991,0.084838,0.005688,0.048951,0.003282
81.14801,0.576941,0.084832,0.005691,0.048943,0.003283
81.15374,0.576892,0.084826,0.005694,0.048936,0.003285
81.15947,0.576842,0.084820,0.005697,0.048928,0.003286
81.16520,0.576793,0.084815,0.005700,0.048920,0.003288
81.17093,0.576744,0.084809,0.005703,0.048913,0.003289
81.17666,0.576694,0.084803,0.005707,0.048905,0.003291
81.18239,0.576645,0.084797,0.005710,0.048898,0.003292
81.18812,0.576595,0.084791,0.005713,0.048890,0.003294
81.19385,0.576546,0.084786,0.005716,0.048883,0.003295
81.19958,0.576497,0.084780,0.005719,0.048875,0.003297
81.20531,0.576447,0.084774,0.005722,0.048868,0.003299
81.21104,0.576398,0.084768,0.005725,0.048860,0.003300
81.21677,0.576348,0.084762,0.005728,0.048853,0.003302
81.22250,0.576299,0.084757,0.005731,0.048845,0.003303
81.22823,0.576249,0.084751,0.005735,0.048838,0.003305
81.23396,0.576200,0.084745,0.005738,0.048830,0.003306
81.23969,0.576151,0.084739,0.005741,0.048823,0.003308
81.24542,0.576101,0.084733,0.005744,0.048815,0.003309
81.25114,0.576052,0.084728,0.005747,0.048807,0.003311
81.25687,0.576002,0.084722,0.005750,0.048800,0.003312
81.26260,0.575953,0.084716,0.005753,0.048792,0.003314
81.26833,0.575904,0.084710,0.005756,0.048785,0.003315
81.27406,0.575854,0.084704,0.005759,0.048777,0.003317
81.27979,0.575805,0.084699,0.005762,0.048770,0.003318
81.28552,0.575755,0.084693,0.005766,0.048762,0.003320
81.29125,0.575706,0.084687,0.005769,0.048755,0.003321
81.29698,0.575656,0.084681,0.005772,0.048747,0.003323
81.30271,0.575607,0.084676,0.005775,0.048740,0.003324
81.30844,0.575558,0.084670,0.005778,0.048732,0.003326
81.31417,0.575508,0.084664,0.005781,0.048725,0.003327
81.31990,0.575459,0.084658,0.005784,0.048717,0.003328
81.32563,0.575409,0.084653,0.005787,0.048710,0.003330
81.33136,0.575360,0.084647,0.005790,0.048702,0.003331
81.33709,0.575310,0.084641,0.005793,0.048695,0.003333
81.34282,0.575261,0.084635,0.005796,0.048687,0.003334
81.34855,0.575212,0.084629,0.005799,0.048680,0.003336
81.35428,0.575162,0.084624,0.005802,0.048672,0.003337
81.36001,0.575113,0.084618,0.005806,0.048665,0.003339
81.36574,0.575063,0.084612,0.005809,0.048657,0.003340
81.37147,0.575014,0.084606,0.005812,0.048650,0.003342
81.37720,0.574964,0.084601,0.005815,0.048642,0.003343
81.38293,0.574915,0.084595,0.005818,0.048635,0.003345
81.38865,0.574866,0.084589,0.005821,0.048627,0.003346
81.39438,0.574816,0.084583,0.005824,0.048620,0.003348
81.40011,0.574767,0.084578,0.005827,0.048612,0.003349
81.40584,0.574717,0.084572,0.005830,0.048605,0.003351
81.41157,0.574668,0.084566,0.005833,0.048597,0.003352
81.41730,0.574618,0.084560,0.005836,0.048590,0.003353
81.42303,0.574569,0.084555,0.005839,0.048582,0.003355
81.42876,0.574519,0.084549,0.005842,0.048575,0.003356
81.43449,0.574470,0.084543,0.005845,0.048568,0.003358
81.44022,0.574421,0.084537,0.005848,0.048560,0.003359
81.44595,0.574371,0.084532,0.005851,0.048553,0.003361
81.45168,0.574322,0.084526,0.005854,0.048545,0.003362
81.45741,0.574272,0.084520,0.005857,0.048538,0.003364
81.46314,0.574223,0.084515,0.005860,0.048530,0.003365
81.46887,0.574173,0.084509,0.005863,0.048523,0.003366
81.47460,0.574124,0.084503,0.005866,0.048515,0.003368
81.48033,0.574074,0.084497,0.005869,0.048508,0.003369
81.48606,0.574025,0.084492,0.005872,0.048500,0.003371
81.49179,0.573976,0.084486,0.005875,0.048493,0.003372
81.49752,0.573926,0.084480,0.005878,0.048485,0.003374
81.50325,0.573877,0.084474,0.005881,0.048478,0.003375
81.50898,0.573827,0.084469,0.005884,0.048470,0.003376
81.51471,0.573778,0.084463,0.005887,0.048463,0.003378
81.52044,0.573728,0.084457,0.005890,0.048456,0.003379
81.52616,0.573679,0.084452,0.005893,0.048448,0.003381
81.53189,0.573629,0.084446,0.005896,0.048441,0.003382
81.53762,0.573580,0.084440,0.005899,0.048433,0.003384
81.54335,0.573531,0.084434,0.005902,0.048426,0.003385
81.54908,0.573481,0.084429,0.005905,0.048418,0.003386
81.55481,0.573432,0.084423,0.005908,0.048411,0.003388
81.56054,0.573382,0.084417,0.005911,0.048403,0.003389
81.56627,0.573333,0.084412,0.005914,0.048396,0.003391
81.57200,0.573283,0.084406,0.005917,0.048389,0.003392
81.57773,0.573234,0.084400,0.005920,0.048381,0.003393
81.58346,0.573184,0.084395,0.005923,0.048374,0.003395
81.58919,0.573135,0.084389,0.005926,0.048366,0.003396
81.59492,0.573085,0.084383,0.005929,0.048359,0.003398
81.60065,0.573036,0.084377,0.005932,0.048351,0.003399
81.60638,0.572986,0.084372,0.005935,0.048344,0.003400
81.61211,0.572937,0.084366,0.005938,0.048336,0.003402
81.61784,0.572888,0.084360,0.005941,0.048329,0.003403
81.62357,0.572838,0.084355,0.005944,0.048322,0.003405
81.62930,0.572789,0.084349,0.005946,0.048314,0.003406
81.63503,0.572739,0.084343,0.005949,0.048307,0.003407
81.64076,0.572690,0.084338,0.005952,0.048299,0.003409
81.64649,0.572640,0.084332,0.005955,0.048292,0.003410
81.65222,0.572591,0.084326,0.005958,0.048284,0.003412
81.65794,0.572541,0.084321,0.005961,0.048277,0.003413
81.66367,0.572492,0.084315,0.005964,0.048270,0.003414
81.66940,0.572442,0.084309,0.005967,0.048262,0.003416
81.67513,0.572393,0.084304,0.005970,0.048255,0.003417
81.68086,0.572343,0.084298,0.005973,0.048247,0.003419
81.68659,0.572294,0.084292,0.005976,0.048240,0.003420
81.69232,0.572244,0.084287,0.005979,0.048233,0.003421
81.69805,0.572195,0.084281,0.005982,0.048225,0.003423
81.70378,0.572145,0.084275,0.005985,0.048218,0.003424
81.70951,0.572096,0.084270,0.005987,0.048210,0.003425
81.71524,0.572046,0.084264,0.005990,0.048203,0.003427
81.72097,0.571997,0.084258,0.005993,0.048195,0.003428
81.72670,0.571948,0.084253,0.005996,0.048188,0.003430
81.73243,0.571898,0.084247,0.005999,0.048181,0.003431
81.73816,0.571849,0.084241,0.006002,0.048173,0.003432
81.74389,0.571799,0.084236,0.006005,0.048166,0.003434
81.74962,0.571750,0.084230,0.006008,0.048158,0.003435
81.75535,0.571700,0.084224,0.006011,0.048151,0.003436
81.76108,0.571651,0.084219,0.006014,0.048144,0.003438
81.76681,0.571601,0.084213,0.006016,0.048136,0.003439
81.77254,0.571552,0.084207,0.006019,0.048129,0.003440
81.77827,0.571502,0.084202,0.006022,0.048122,0.003442
81.78400,0.571453,0.084196,0.006025,0.048114,0.003443
81.78973,0.571403,0.084191,0.006028,0.048107,0.003444
81.79545,0.571354,0.084185,0.006031,0.048099,0.003446
81.80118,0.571304,0.084179,0.006034,0.048092,0.003447
81.80691,0.571255,0.084174,0.006037,0.048085,0.003448
81.81264,0.571205,0.084168,0.006040,0.048077,0.003450
81.81837,0.571156,0.084162,0.006042,0.048070,0.003451
81.82410,0.571106,0.084157,0.006045,0.048062,0.003452
81.82983,0.571057,0.084151,0.006048,0.048055,0.003454
81.83556,0.571007,0.084146,0.006051,0.048048,0.003455
81.84129,0.570958,0.084140,0.006054,0.048040,0.003456
81.84702,0.570908,0.084134,0.006057,0.048033,0.003458
81.85275,0.570859,0.084129,0.006060,0.048026,0.003459
81.85848,0.570809,0.084123,0.006062,0.048018,0.003460
81.86421,0.570760,0.084117,0.006065,0.048011,0.003462
81.86994,0.570710,0.084112,0.006068,0.048004,0.003463
81.87567,0.570661,0.084106,0.006071,0.047996,0.003464
81.88140,0.570611,0.084101,0.006074,0.047989,0.003466
81.88713,0.570562,0.084095,0.006077,0.047981,0.003467
81.89286,0.570512,0.084089,0.006079,0.047974,0.003468
81.89859,0.570463,0.084084,0.006082,0.047967,0.003470
81.90432,0.570413,0.084078,0.006085,0.047959,0.003471
81.91005,0.570364,0.084073,0.006088,0.047952,0.003472
81.91578,0.570314,0.084067,0.006091,0.047945,0.003474
81.92151,0.570265,0.084061,0.006094,0.047937,0.003475
81.92724,0.570215,0.084056,0.006096,0.047930,0.003476
81.93296,0.570166,0.084050,0.006099,0.047923,0.003478
81.93869,0.570116,0.084045,0.006102,0.047915,0.003479
81.94442,0.570067,0.084039,0.006105,0.047908,0.003480
81.95015,0.570017,0.084034,0.006108,0.047901,0.003481
81.95588,0.569968,0.084028,0.006111,0.047893,0.003483
81.96161,0.569918,0.084022,0.006113,0.047886,0.003484
81.96734,0.569869,0.084017,0.006116,0.047879,0.003485
81.97307,0.569819,0.084011,0.006119,0.047871,0.003487
81.97880,0.569770,0.084006,0.006122,0.047864,0.003488
81.98453,0.569720,0.084000,0.006125,0.047857,0.003489
81.99026,0.569671,0.083995,0.006127,0.047849,0.003491
81.99599,0.569621,0.083989,0.006130,0.047842,0.003492
82.00172,0.569572,0.083983,0.006133,0.047835,0.003493
82.00745,0.569522,0.083978,0.006136,0.047827,0.003494
82.01318,0.569473,0.083972,0.006139,0.047820,0.003496
82.01891,0.569423,0.083967,0.006141,0.047813,0.003497
82.02464,0.569374,0.083961,0.006144,0.047805,0.003498
82.03037,0.569324,0.083956,0.006147,0.047798,0.003500
82.03610,0.569275,0.083950,0.006150,0.047791,0.003501
82.04183,0.569225,0.083944,0.006152,0.047783,0.003502
82.04756,0.569176,0.083939,0.006155,0.047776,0.003503
82.05329,0.569126,0.083933,0.006158,0.047769,0.003505
82.05902,0.569077,0.083928,0.006161,0.047761,0.003506
82.06474,0.569027,0.083922,0.006164,0.047754,0.003507
82.07047,0.568977,0.083917,0.006166,0.047747,0.003508
82.07620,0.568928,0.083911,0.006169,0.047739,0.003510
82.08193,0.568878,0.083906,0.006172,0.047732,0.003511
82.08766,0.568829,0.083900,0.006175,0.047725,0.003512
82.09339,0.568779,0.083895,0.006177,0.047718,0.003514
82.09912,0.568730,0.083889,0.006180,0.047710,0.003515
82.10485,0.568680,0.083884,0.006183,0.047703,0.003516
82.11058,0.568631,0.083878,0.006186,0.047696,0.003517
82.11631,0.568581,0.083873,0.006188,0.047688,0.003519
82.12204,0.568532,0.083867,0.006191,0.047681,0.003520
82.12777,0.568482,0.083861,0.006194,0.047674,0.003521
82.13350,0.568433,0.083856,0.006197,0.047666,0.003522
82.13923,0.568383,0.083850,0.006199,0.047659,0.003524
82.14496,0.568334,0.083845,0.006202,0.047652,0.003525
82.15069,0.568284,0.083839,0.006205,0.047645,0.003526
82.15642,0.568235,0.083834,0.006208,0.047637,0.003527
82.16215,0.568185,0.083828,0.006210,0.047630,0.003529
82.16788,0.568136,0.083823,0.006213,0.047623,0.003530
82.17361,0.568086,0.083817,0.006216,0.047615,0.003531
82.17934,0.568036,0.083812,0.006218,0.047608,0.003532
82.18507,0.567987,0.083806,0.006221,0.047601,0.003534
82.19080,0.567937,0.083801,0.006224,0.047594,0.003535
82.19653,0.567888,0.083795,0.006227,0.047586,0.003536
82.20225,0.567838,0.083790,0.006229,0.047579,0.003537
82.20798,0.567789,0.083784,0.006232,0.047572,0.003538
82.21371,0.567739,0.083779,0.006235,0.047565,0.003540
82.21944,0.567690,0.083773,0.006237,0.047557,0.003541
82.22517,0.567640,0.083768,0.006240,0.047550,0.003542
82.23090,0.567591,0.083762,0.006243,0.047543,0.003543
82.23663,0.567541,0.083757,0.006246,0.047536,0.003545
82.24236,0.567492,0.083752,0.006248,0.047528,0.003546
82.24809,0.567442,0.083746,0.006251,0.047521,0.003547
82.25382,0.567392,0.083741,0.006254,0.047514,0.003548
82.25955,0.567343,0.083735,0.006256,0.047507,0.003549
82.26528,0.567293,0.083730,0.006259,0.047499,0.003551
82.27101,0.567244,0.083724,0.006262,0.047492,0.003552
82.27674,0.567194,0.083719,0.006264,0.047485,0.003553
82.28247,0.567145,0.083713,0.006267,0.047478,0.003554
82.28820,0.567095,0.083708,0.006270,0.047470,0.003556
82.29393,0.567046,0.083702,0.006272,0.047463,0.003557
82.29966,0.566996,0.083697,0.006275,0.047456,0.003558
82.30539,0.566947,0.083691,0.006278,0.047449,0.003559
82.31112,0.566897,0.083686,0.006280,0.047441,0.003560
82.31685,0.566847,0.083681,0.006283,0.047434,0.003562
82.32258,0.566798,0.083675,0.006286,0.047427,0.003563
82.32831,0.566748,0.083670,0.006288,0.047420,0.003564
82.33404,0.566699,0.083664,0.006291,0.047412,0.003565
82.33976,0.566649,0.083659,0.006294,0.047405,0.003566
82.34549,0.566600,0.083653,0.006296,0.047398,0.003568
82.35122,0.566550,0.083648,0.006299,0.047391,0.003569
82.35695,0.566501,0.083642,0.006302,0.047383,0.003570
82.36268,0.566451,0.083637,0.006304,0.047376,0.003571
82.36841,0.566401,0.083632,0.006307,0.047369,0.003572
82.37414,0.566352,0.083626,0.006310,0.047362,0.003573
82.37987,0.566302,0.083621,0.006312,0.047355,0.003575
82.38560,0.566253,0.083615,0.006315,0.047347,0.003576
82.39133,0.566203,0.083610,0.006318,0.047340,0.003577
82.39706,0.566154,0.083604,0.006320,0.047333,0.003578
82.40279,0.566104,0.083599,0.006323,0.047326,0.003579
82.40852,0.566054,0.083594,0.006325,0.047319,0.003581
82.41425,0.566005,0.083588,0.006328,0.047311,0.003582
82.41998,0.565955,0.083583,0.006331,0.047304,0.003583
82.42571,0.565906,0.083577,0.006333,0.047297,0.003584
82.43144,0.565856,0.083572,0.006336,0.047290,0.003585
82.43717,0.565807,0.083567,0.006339,0.047283,0.003586
82.44290,0.565757,0.083561,0.006341,0.047275,0.003588
82.44863,0.565708,0.083556,0.006344,0.047268,0.003589
82.45436,0.565658,0.083550,0.006346,0.047261,0.003590
82.46009,0.565608,0.083545,0.006349,0.047254,0.003591
82.46582,0.565559,0.083540,0.006352,0.047247,0.003592
82.47155,0.565509,0.083534,0.006354,0.047239,0.003593
82.47727,0.565460,0.083529,0.006357,0.047232,0.003595
82.48300,0.565410,0.083524,0.006359,0.047225,0.003596
82.48873,0.565361,0.083518,0.006362,0.047218,0.003597
82.49446,0.565311,0.083513,0.006365,0.047211,0.003598
82.50019,0.565261,0.083507,0.006367,0.047203,0.003599
82.50592,0.565212,0.083502,0.006370,0.047196,0.003600
82.51165,0.565162,0.083497,0.006372,0.047189,0.003601
82.51738,0.565113,0.083491,0.006375,0.047182,0.003603
82.52311,0.565063,0.083486,0.006378,0.047175,0.003604
82.52884,0.565014,0.083481,0.006380,0.047168,0.003605
82.53457,0.564964,0.083475,0.006383,0.047160,0.003606
82.54030,0.564914,0.083470,0.006385,0.047153,0.003607
82.54603,0.564865,0.083464,0.006388,0.047146,0.003608
82.55176,0.564815,0.083459,0.006391,0.047139,0.003609
82.55749,0.564766,0.083454,0.006393,0.047132,0.003611
82.56322,0.564716,0.083448,0.006396,0.047125,0.003612
82.56895,0.564667,0.083443,0.006398,0.047118,0.003613
82.57468,0.564617,0.083438,0.006401,0.047110,0.003614
82.58041,0.564567,0.083432,0.006403,0.047103,0.003615
82.58614,0.564518,0.083427,0.006406,0.047096,0.003616
82.59187,0.564468,0.083422,0.006409,0.047089,0.003617
82.59760,0.564419,0.083416,0.006411,0.047082,0.003619
82.60333,0.564369,0.083411,0.006414,0.047075,0.003620
82.60905,0.564319,0.083406,0.006416,0.047067,0.003621
82.61478,0.564270,0.083400,0.006419,0.047060,0.003622
82.62051,0.564220,0.083395,0.006421,0.047053,0.003623
82.62624,0.564171,0.083390,0.006424,0.047046,0.003624
82.63197,0.564121,0.083384,0.006426,0.047039,0.003625
82.63770,0.564072,0.083379,0.006429,0.047032,0.003626
82.64343,0.564022,0.083374,0.006431,0.047025,0.003627
82.64916,0.563972,0.083368,0.006434,0.047018,0.003629
82.65489,0.563923,0.083363,0.006437,0.047010,0.003630
82.66062,0.563873,0.083358,0.006439,0.047003,0.003631
82.66635,0.563824,0.083353,0.006442,0.046996,0.003632
82.67208,0.563774,0.083347,0.006444,0.046989,0.003633
82.67781,0.563724,0.083342,0.006447,0.046982,0.003634
82.68354,0.563675,0.083337,0.006449,0.046975,0.003635
82.68927,0.563625,0.083331,0.006452,0.046968,0.003636
82.69500,0.563576,0.083326,0.006454,0.046961,0.003637
82.70073,0.563526,0.083321,0.006457,0.046953,0.003639
82.70646,0.563476,0.083315,0.006459,0.046946,0.003640
82.71219,0.563427,0.083310,0.006462,0.046939,0.003641
82.71792,0.563377,0.083305,0.006464,0.046932,0.003642
82.72365,0.563328,0.083300,0.006467,0.046925,0.003643
82.72938,0.563278,0.083294,0.006469,0.046918,0.003644
82.73511,0.563228,0.083289,0.006472,0.046911,0.003645
82.74084,0.563179,0.083284,0.006474,0.046904,0.003646
82.74656,0.563129,0.083279,0.006477,0.046897,0.003647
82.75229,0.563080,0.083273,0.006479,0.046889,0.003648
82.75802,0.563030,0.083268,0.006482,0.046882,0.003649
82.76375,0.562980,0.083263,0.006484,0.046875,0.003651
82.76948,0.562931,0.083257,0.006487,0.046868,0.003652
82.77521,0.562881,0.083252,0.006489,0.046861,0.003653
82.78094,0.562832,0.083247,0.006492,0.046854,0.003654
82.78667,0.562782,0.083242,0.006494,0.046847,0.003655
82.79240,0.562732,0.083236,0.006497,0.046840,0.003656
82.79813,0.562683,0.083231,0.006499,0.046833,0.003657
82.80386,0.562633,0.083226,0.006502,0.046826,0.003658
82.80959,0.562584,0.083221,0.006504,0.046819,0.003659
82.81532,0.562534,0.083216,0.006507,0.046812,0.003660
82.82105,0.562484,0.083210,0.006509,0.046804,0.003661
82.82678,0.562435,0.083205,0.006512,0.046797,0.003662
82.83251,0.562385,0.083200,0.006514,0.046790,0.003663
82.83824,0.562336,0.083195,0.006516,0.046783,0.003664
82.84397,0.562286,0.083189,0.006519,0.046776,0.003666
82.84970,0.562236,0.083184,0.006521,0.046769,0.003667
82.85543,0.562187,0.083179,0.006524,0.046762,0.003668
82.86116,0.562137,0.083174,0.006526,0.046755,0.003669
82.86689,0.562087,0.083168,0.006529,0.046748,0.003670
82.87262,0.562038,0.083163,0.006531,0.046741,0.003671
82.87835,0.561988,0.083158,0.006534,0.046734,0.003672
82.88407,0.561939,0.083153,0.006536,0.046727,0.003673
82.88980,0.561889,0.083148,0.006539,0.046720,0.003674
82.89553,0.561839,0.083142,0.006541,0.046713,0.003675
82.90126,0.561790,0.083137,0.006543,0.046706,0.003676
82.90699,0.561740,0.083132,0.006546,0.046699,0.003677
82.91272,0.561691,0.083127,0.006548,0.046692,0.003678
82.91845,0.561641,0.083122,0.006551,0.046685,0.003679
82.92418,0.561591,0.083116,0.006553,0.046677,0.003680
82.92991,0.561542,0.083111,0.006556,0.046670,0.003681
82.93564,0.561492,0.083106,0.006558,0.046663,0.003682
82.94137,0.561442,0.083101,0.006560,0.046656,0.003683
82.94710,0.561393,0.083096,0.006563,0.046649,0.003684
82.95283,0.561343,0.083091,0.006565,0.046642,0.003685
82.95856,0.561294,0.083085,0.006568,0.046635,0.003686
82.96429,0.561244,0.083080,0.006570,0.046628,0.003687
82.97002,0.561194,0.083075,0.006573,0.046621,0.003688
82.97575,0.561145,0.083070,0.006575,0.046614,0.003689
82.98148,0.561095,0.083065,0.006577,0.046607,0.003691
82.98721,0.561045,0.083060,0.006580,0.046600,0.003692
82.99294,0.560996,0.083054,0.006582,0.046593,0.003693
82.99867,0.560946,0.083049,0.006585,0.046586,0.003694
83.00440,0.560897,0.083044,0.006587,0.046579,0.003695
83.01013,0.560847,0.083039,0.006589,0.046572,0.003696
83.01585,0.560797,0.083034,0.006592,0.046565,0.003697
83.02158,0.560748,0.083029,0.006594,0.046558,0.003698
83.02731,0.560698,0.083024,0.006597,0.046551,0.003699
83.03304,0.560648,0.083018,0.006599,0.046544,0.003700
83.03877,0.560599,0.083013,0.006601,0.046537,0.003701
83.04450,0.560549,0.083008,0.006604,0.046530,0.003702
83.05023,0.560500,0.083003,0.006606,0.046523,0.003703
83.05596,0.560450,0.082998,0.006608,0.046516,0.003704
83.06169,0.560400,0.082993,0.006611,0.046509,0.003705
83.06742,0.560351,0.082988,0.006613,0.046502,0.003706
83.07315,0.560301,0.082983,0.006616,0.046495,0.003707
83.07888,0.560251,0.082977,0.006618,0.046488,0.003708
83.08461,0.560202,0.082972,0.006620,0.046481,0.003709
83.09034,0.560152,0.082967,0.006623,0.046474,0.003710
83.09607,0.560102,0.082962,0.006625,0.046467,0.003711
83.10180,0.560053,0.082957,0.006627,0.046460,0.003712
83.10753,0.560003,0.082952,0.006630,0.046453,0.003713
83.11326,0.559954,0.082947,0.006632,0.046446,0.003714
83.11899,0.559904,0.082942,0.006634,0.046439,0.003715
83.12472,0.559854,0.082937,0.006637,0.046432,0.003716
83.13045,0.559805,0.082931,0.006639,0.046425,0.003717
83.13618,0.559755,0.082926,0.006642,0.046418,0.003718
83.14191,0.559705,0.082921,0.006644,0.046411,0.003719
83.14764,0.559656,0.082916,0.006646,0.046405,0.003720
83.15336,0.559606,0.082911,0.006649,0.046398,0.003721
83.15909,0.559556,0.082906,0.006651,0.046391,0.003722
83.16482,0.559507,0.082901,0.006653,0.046384,0.003723
83.17055,0.559457,0.082896,0.006656,0.046377,0.003724
83.17628,0.559407,0.082891,0.006658,0.046370,0.003724
83.18201,0.559358,0.082886,0.006660,0.046363,0.003725
83.18774,0.559308,0.082881,0.006663,0.046356,0.003726
83.19347,0.559259,0.082876,0.006665,0.046349,0.003727
83.19920,0.559209,0.082871,0.006667,0.046342,0.003728
83.20493,0.559159,0.082866,0.006670,0.046335,0.003729
83.21066,0.559110,0.082861,0.006672,0.046328,0.003730
83.21639,0.559060,0.082855,0.006674,0.046321,0.003731
83.22212,0.559010,0.082850,0.006677,0.046314,0.003732
83.22785,0.558961,0.082845,0.006679,0.046307,0.003733
83.23358,0.558911,0.082840,0.006681,0.046300,0.003734
83.23931,0.558861,0.082835,0.006683,0.046293,0.003735
83.24504,0.558812,0.082830,0.006686,0.046287,0.003736
83.25077,0.558762,0.082825,0.006688,0.046280,0.003737
83.25650,0.558712,0.082820,0.006690,0.046273,0.003738
83.26223,0.558663,0.082815,0.006693,0.046266,0.003739
83.26796,0.558613,0.082810,0.006695,0.046259,0.003740
83.27369,0.558563,0.082805,0.006697,0.046252,0.003741
83.27942,0.558514,0.082800,0.006700,0.046245,0.003742
83.28515,0.558464,0.082795,0.006702,0.046238,0.003743
83.29087,0.558414,0.082790,0.006704,0.046231,0.003744
83.29660,0.558365,0.082785,0.006706,0.046224,0.003745
83.30233,0.558315,0.082780,0.006709,0.046217,0.003746
83.30806,0.558265,0.082775,0.006711,0.046210,0.003747
83.31379,0.558216,0.082770,0.006713,0.046204,0.003747
83.31952,0.558166,0.082765,0.006716,0.046197,0.003748
83.32525,0.558117,0.082760,0.006718,0.046190,0.003749
83.33098,0.558067,0.082755,0.006720,0.046183,0.003750
83.33671,0.558017,0.082750,0.006722,0.046176,0.003751
83.34244,0.557968,0.082745,0.006725,0.046169,0.003752
83.34817,0.557918,0.082740,0.006727,0.046162,0.003753
83.35390,0.557868,0.082735,0.006729,0.046155,0.003754
83.35963,0.557819,0.082730,0.006731,0.046148,0.003755
83.36536,0.557769,0.082725,0.006734,0.046142,0.003756
83.37109,0.557719,0.082720,0.006736,0.046135,0.003757
83.37682,0.557670,0.082715,0.006738,0.046128,0.003758
83.38255,0.557620,0.082710,0.006741,0.046121,0.003759
83.38828,0.557570,0.082705,0.006743,0.046114,0.003760
83.39401,0.557521,0.082700,0.006745,0.046107,0.003760
83.39974,0.557471,0.082695,0.006747,0.046100,0.003761
83.40547,0.557421,0.082690,0.006750,0.046093,0.003762
83.41120,0.557372,0.082686,0.006752,0.046087,0.003763
83.41693,0.557322,0.082681,0.006754,0.046080,0.003764
83.42265,0.557272,0.082676,0.006756,0.046073,0.003765
83.42838,0.557223,0.082671,0.006758,0.046066,0.003766
83.43411,0.557173,0.082666,0.006761,0.046059,0.003767
83.43984,0.557123,0.082661,0.006763,0.046052,0.003768
83.44557,0.557073,0.082656,0.006765,0.046045,0.003769
83.45130,0.557024,0.082651,0.006767,0.046039,0.003770
83.45703,0.556974,0.082646,0.006770,0.046032,0.003771
83.46276,0.556924,0.082641,0.006772,0.046025,0.003771
83.46849,0.556875,0.082636,0.006774,0.046018,0.003772
83.47422,0.556825,0.082631,0.006776,0.046011,0.003773
83.47995,0.556775,0.082626,0.006779,0.046004,0.003774
83.48568,0.556726,0.082621,0.006781,0.045997,0.003775
83.49141,0.556676,0.082617,0.006783,0.045991,0.003776
83.49714,0.556626,0.082612,0.006785,0.045984,0.003777
83.50287,0.556577,0.082607,0.006787,0.045977,0.003778
83.50860,0.556527,0.082602,0.006790,0.045970,0.003779
83.51433,0.556477,0.082597,0.006792,0.045963,0.003779
83.52006,0.556428,0.082592,0.006794,0.045957,0.003780
83.52579,0.556378,0.082587,0.006796,0.045950,0.003781
83.53152,0.556328,0.082582,0.006798,0.045943,0.003782
83.53725,0.556279,0.082577,0.006801,0.045936,0.003783
83.54298,0.556229,0.082573,0.006803,0.045929,0.003784
83.54871,0.556179,0.082568,0.006805,0.045922,0.003785
83.55444,0.556130,0.082563,0.006807,0.045916,0.003786
83.56016,0.556080,0.082558,0.006809,0.045909,0.003787
83.56589,0.556030,0.082553,0.006812,0.045902,0.003787
83.57162,0.555981,0.082548,0.006814,0.045895,0.003788
83.57735,0.555931,0.082543,0.006816,0.045888,0.003789
83.58308,0.555881,0.082538,0.006818,0.045882,0.003790
83.58881,0.555831,0.082534,0.006820,0.045875,0.003791
83.59454,0.555782,0.082529,0.006822,0.045868,0.003792
83.60027,0.555732,0.082524,0.006825,0.045861,0.003793
83.60600,0.555682,0.082519,0.006827,0.045854,0.003794
83.61173,0.555633,0.082514,0.006829,0.045848,0.003794
83.61746,0.555583,0.082509,0.006831,0.045841,0.003795
83.62319,0.555533,0.082505,0.006833,0.045834,0.003796
83.62892,0.555484,0.082500,0.006835,0.045827,0.003797
83.63465,0.555434,0.082495,0.006838,0.045820,0.003798
83.64038,0.555384,0.082490,0.006840,0.045814,0.003799
83.64611,0.555335,0.082485,0.006842,0.045807,0.003800
83.65184,0.555285,0.082480,0.006844,0.045800,0.003800
83.65757,0.555235,0.082476,0.006846,0.045793,0.003801
83.66330,0.555186,0.082471,0.006848,0.045787,0.003802
83.66903,0.555136,0.082466,0.006851,0.045780,0.003803
83.67476,0.555086,0.082461,0.006853,0.045773,0.003804
83.68049,0.555036,0.082456,0.006855,0.045766,0.003805
83.68622,0.554987,0.082452,0.006857,0.045760,0.003806
83.69195,0.554937,0.082447,0.006859,0.045753,0.003806
83.69767,0.554887,0.082442,0.006861,0.045746,0.003807
83.70340,0.554838,0.082437,0.006863,0.045739,0.003808
83.70913,0.554788,0.082432,0.006865,0.045732,0.003809
83.71486,0.554738,0.082428,0.006868,0.045726,0.003810
83.72059,0.554689,0.082423,0.006870,0.045719,0.003811
83.72632,0.554639,0.082418,0.006872,0.045712,0.003811
83.73205,0.554589,0.082413,0.006874,0.045705,0.003812
83.73778,0.554539,0.082408,0.006876,0.045699,0.003813
83.74351,0.554490,0.082404,0.006878,0.045692,0.003814
83.74924,0.554440,0.082399,0.006880,0.045685,0.003815
83.75497,0.554390,0.082394,0.006882,0.045679,0.003816
83.76070,0.554341,0.082389,0.006885,0.045672,0.003816
83.76643,0.554291,0.082385,0.006887,0.045665,0.003817
83.77216,0.554241,0.082380,0.006889,0.045658,0.003818
83.77789,0.554192,0.082375,0.006891,0.045652,0.003819
83.78362,0.554142,0.082370,0.006893,0.045645,0.003820
83.78935,0.554092,0.082366,0.006895,0.045638,0.003821
83.79508,0.554042,0.082361,0.006897,0.045631,0.003821
83.80081,0.553993,0.082356,0.006899,0.045625,0.003822
83.80654,0.553943,0.082351,0.006901,0.045618,0.003823
83.81227,0.553893,0.082347,0.006904,0.045611,0.003824
83.81800,0.553844,0.082342,0.006906,0.045605,0.003825
83.82373,0.553794,0.082337,0.006908,0.045598,0.003825
83.82946,0.553744,0.082333,0.006910,0.045591,0.003826
83.83518,0.553694,0.082328,0.006912,0.045584,0.003827
83.84091,0.553645,0.082323,0.006914,0.045578,0.003828
83.84664,0.553595,0.082318,0.006916,0.045571,0.003829
83.85237,0.553545,0.082314,0.006918,0.045564,0.003829
83.85810,0.553496,0.082309,0.006920,0.045558,0.003830
83.86383,0.553446,0.082304,0.006922,0.045551,0.003831
83.86956,0.553396,0.082300,0.006924,0.045544,0.003832
83.87529,0.553346,0.082295,0.006926,0.045538,0.003833
83.88102,0.553297,0.082290,0.006928,0.045531,0.003834
83.88675,0.553247,0.082285,0.006931,0.045524,0.003834
83.89248,0.553197,0.082281,0.006933,0.045518,0.003835
83.89821,0.553148,0.082276,0.006935,0.045511,0.003836
83.90394,0.553098,0.082271,0.006937,0.045504,0.003837
83.90967,0.553048,0.082267,0.006939,0.045497,0.003837
83.91540,0.552998,0.082262,0.006941,0.045491,0.003838
83.92113,0.552949,0.082257,0.006943,0.045484,0.003839
83.92686,0.552899,0.082253,0.006945,0.045477,0.003840
83.93259,0.552849,0.082248,0.006947,0.045471,0.003841
83.93832,0.552800,0.082243,0.006949,0.045464,0.003841
83.94405,0.552750,0.082239,0.006951,0.045457,0.003842
83.94978,0.552700,0.082234,0.006953,0.045451,0.003843
83.95551,0.552650,0.082229,0.006955,0.045444,0.003844
83.96124,0.552601,0.082225,0.006957,0.045437,0.003845
83.96696,0.552551,0.082220,0.006959,0.045431,0.003845
83.97269,0.552501,0.082216,0.006961,0.045424,0.003846
83.97842,0.552451,0.082211,0.006963,0.045418,0.003847
83.98415,0.552402,0.082206,0.006965,0.045411,0.003848
83.98988,0.552352,0.082202,0.006967,0.045404,0.003848
83.99561,0.552302,0.082197,0.006969,0.045398,0.003849
84.00134,0.552253,0.082192,0.006971,0.045391,0.003850
84.00707,0.552203,0.082188,0.006973,0.045384,0.003851
84.01280,0.552153,0.082183,0.006975,0.045378,0.003852
84.01853,0.552103,0.082178,0.006977,0.045371,0.003852
84.02426,0.552054,0.082174,0.006980,0.045364,0.003853
84.02999,0.552004,0.082169,0.006982,0.045358,0.003854
84.03572,0.551954,0.082165,0.006984,0.045351,0.003855
84.04145,0.551904,0.082160,0.006986,0.045345,0.003855
84.04718,0.551855,0.082155,0.006988,0.045338,0.003856
84.05291,0.551805,0.082151,0.006990,0.045331,0.003857
84.05864,0.551755,0.082146,0.006992,0.045325,0.003858
84.06437,0.551706,0.082142,0.006994,0.045318,0.003858
84.07010,0.551656,0.082137,0.006996,0.045311,0.003859
84.07583,0.551606,0.082133,0.006998,0.045305,0.003860
84.08156,0.551556,0.082128,0.007000,0.045298,0.003861
84.08729,0.551507,0.082123,0.007002,0.045292,0.003861
84.09302,0.551457,0.082119,0.007004,0.045285,0.003862
84.09875,0.551407,0.082114,0.007006,0.045278,0.003863
84.10447,0.551357,0.082110,0.007008,0.045272,0.003864
84.11020,0.551308,0.082105,0.007009,0.045265,0.003864
84.11593,0.551258,0.082101,0.007011,0.045259,0.003865
84.12166,0.551208,0.082096,0.007013,0.045252,0.003866
84.12739,0.551158,0.082091,0.007015,0.045245,0.003867
84.13312,0.551109,0.082087,0.007017,0.045239,0.003867
84.13885,0.551059,0.082082,0.007019,0.045232,0.003868
84.14458,0.551009,0.082078,0.007021,0.045226,0.003869
84.15031,0.550960,0.082073,0.007023,0.045219,0.003870
84.15604,0.550910,0.082069,0.007025,0.045212,0.003870
84.16177,0.550860,0.082064,0.007027,0.045206,0.003871
84.16750,0.550810,0.082060,0.007029,0.045199,0.003872
84.17323,0.550761,0.082055,0.007031,0.045193,0.003873
84.17896,0.550711,0.082051,0.007033,0.045186,0.003873
84.18469,0.550661,0.082046,0.007035,0.045180,0.003874
84.19042,0.550611,0.082042,0.007037,0.045173,0.003875
84.19615,0.550562,0.082037,0.007039,0.045166,0.003875
84.20188,0.550512,0.082033,0.007041,0.045160,0.003876
84.20761,0.550462,0.082028,0.007043,0.045153,0.003877
84.21334,0.550412,0.082024,0.007045,0.045147,0.003878
84.21907,0.550363,0.082019,0.007047,0.045140,0.003878
84.22480,0.550313,0.082015,0.007049,0.045134,0.003879
84.23053,0.550263,0.082010,0.007051,0.045127,0.003880
84.23626,0.550213,0.082006,0.007053,0.045121,0.003880
84.24198,0.550164,0.082001,0.007055,0.045114,0.003881
84.24771,0.550114,0.081997,0.007056,0.045108,0.003882
84.25344,0.550064,0.081992,0.007058,0.045101,0.003883
84.25917,0.550014,0.081988,0.007060,0.045094,0.003883
84.26490,0.549965,0.081983,0.007062,0.045088,0.003884
84.27063,0.549915,0.081979,0.007064,0.045081,0.003885
84.27636,0.549865,0.081974,0.007066,0.045075,0.003885
84.28209,0.549815,0.081970,0.007068,0.045068,0.003886
84.28782,0.549766,0.081965,0.007070,0.045062,0.003887
84.29355,0.549716,0.081961,0.007072,0.045055,0.003888
84.29928,0.549666,0.081957,0.007074,0.045049,0.003888
84.30501,0.549616,0.081952,0.007076,0.045042,0.003889
84.31074,0.549567,0.081948,0.007078,0.045036,0.003890
84.31647,0.549517,0.081943,0.007080,0.045029,0.003890
84.32220,0.549467,0.081939,0.007081,0.045023,0.003891
84.32793,0.549417,0.081934,0.007083,0.045016,0.003892
84.33366,0.549368,0.081930,0.007085,0.045010,0.003892
84.33939,0.549318,0.081925,0.007087,0.045003,0.003893
84.34512,0.549268,0.081921,0.007089,0.044997,0.003894
84.35085,0.549218,0.081917,0.007091,0.044990,0.003894
84.35658,0.549169,0.081912,0.007093,0.044984,0.003895
84.36231,0.549119,0.081908,0.007095,0.044977,0.003896
84.36804,0.549069,0.081903,0.007097,0.044971,0.003897
84.37376,0.549019,0.081899,0.007099,0.044964,0.003897
84.37949,0.548970,0.081895,0.007100,0.044958,0.003898
84.38522,0.548920,0.081890,0.007102,0.044951,0.003899
84.39095,0.548870,0.081886,0.007104,0.044945,0.003899
84.39668,0.548820,0.081881,0.007106,0.044938,0.003900
84.40241,0.548770,0.081877,0.007108,0.044932,0.003901
84.40814,0.548721,0.081873,0.007110,0.044925,0.003901
84.41387,0.548671,0.081868,0.007112,0.044919,0.003902
84.41960,0.548621,0.081864,0.007114,0.044912,0.003903
84.42533,0.548571,0.081860,0.007115,0.044906,0.003903
84.43106,0.548522,0.081855,0.007117,0.044899,0.003904
84.43679,0.548472,0.081851,0.007119,0.044893,0.003905
84.44252,0.548422,0.081846,0.007121,0.044886,0.003905
84.44825,0.548372,0.081842,0.007123,0.044880,0.003906
84.45398,0.548323,0.081838,0.007125,0.044874,0.003907
84.45971,0.548273,0.081833,0.007127,0.044867,0.003907
84.46544,0.548223,0.081829,0.007128,0.044861,0.003908
84.47117,0.548173,0.081825,0.007130,0.044854,0.003909
84.47690,0.548124,0.081820,0.007132,0.044848,0.003909
84.48263,0.548074,0.081816,0.007134,0.044841,0.003910
84.48836,0.548024,0.081812,0.007136,0.044835,0.003911
84.49409,0.547974,0.081807,0.007138,0.044828,0.003911
84.49982,0.547924,0.081803,0.007140,0.044822,0.003912
84.50555,0.547875,0.081799,0.007141,0.044815,0.003913
84.51127,0.547825,0.081794,0.007143,0.044809,0.003913
84.51700,0.547775,0.081790,0.007145,0.044803,0.003914
84.52273,0.547725,0.081786,0.007147,0.044796,0.003915
84.52846,0.547676,0.081782,0.007149,0.044790,0.003915
84.53419,0.547626,0.081777,0.007151,0.044783,0.003916
84.53992,0.547576,0.081773,0.007152,0.044777,0.003916
84.54565,0.547526,0.081769,0.007154,0.044770,0.003917
84.55138,0.547477,0.081764,0.007156,0.044764,0.003918
84.55711,0.547427,0.081760,0.007158,0.044758,0.003918
84.56284,0.547377,0.081756,0.007160,0.044751,0.003919
84.56857,0.547327,0.081751,0.007161,0.044745,0.003920
84.57430,0.547277,0.081747,0.007163,0.044738,0.003920
84.58003,0.547228,0.081743,0.007165,0.044732,0.003921
84.58576,0.547178,0.081739,0.007167,0.044726,0.003922
84.59149,0.547128,0.081734,0.007169,0.044719,0.003922
84.59722,0.547078,0.081730,0.007171,0.044713,0.003923
84.60295,0.547029,0.081726,0.007172,0.044706,0.003923
84.60868,0.546979,0.081722,0.007174,0.044700,0.003924
84.61441,0.546929,0.081717,0.007176,0.044694,0.003925
84.62014,0.546879,0.081713,0.007178,0.044687,0.003925
84.62587,0.546829,0.081709,0.007180,0.044681,0.003926
84.63160,0.546780,0.081705,0.007181,0.044674,0.003927
84.63733,0.546730,0.081700,0.007183,0.044668,0.003927
84.64306,0.546680,0.081696,0.007185,0.044662,0.003928
84.64878,0.546630,0.081692,0.007187,0.044655,0.003928
84.65451,0.546581,0.081688,0.007188,0.044649,0.003929
84.66024,0.546531,0.081683,0.007190,0.044643,0.003930
84.66597,0.546481,0.081679,0.007192,0.044636,0.003930
84.67170,0.546431,0.081675,0.007194,0.044630,0.003931
84.67743,0.546381,0.081671,0.007196,0.044623,0.003932
84.68316,0.546332,0.081667,0.007197,0.044617,0.003932
84.68889,0.546282,0.081662,0.007199,0.044611,0.003933
84.69462,0.546232,0.081658,0.007201,0.044604,0.003933
84.70035,0.546182,0.081654,0.007203,0.044598,0.003934
84.70608,0.546132,0.081650,0.007204,0.044592,0.003935
84.71181,0.546083,0.081646,0.007206,0.044585,0.003935
84.71754,0.546033,0.081641,0.007208,0.044579,0.003936
84.72327,0.545983,0.081637,0.007210,0.044573,0.003936
84.72900,0.545933,0.081633,0.007212,0.044566,0.003937
84.73473,0.545884,0.081629,0.007213,0.044560,0.003938
84.74046,0.545834,0.081625,0.007215,0.044554,0.003938
84.74619,0.545784,0.081621,0.007217,0.044547,0.003939
84.75192,0.545734,0.081616,0.007219,0.044541,0.003939
84.75765,0.545684,0.081612,0.007220,0.044535,0.003940
84.76338,0.545635,0.081608,0.007222,0.044528,0.003941
84.76911,0.545585,0.081604,0.007224,0.044522,0.003941
84.77484,0.545535,0.081600,0.007226,0.044516,0.003942
84.78056,0.545485,0.081596,0.007227,0.044509,0.003942
84.78629,0.545435,0.081592,0.007229,0.044503,0.003943
84.79202,0.545386,0.081587,0.007231,0.044497,0.003944
84.79775,0.545336,0.081583,0.007232,0.044490,0.003944
84.80348,0.545286,0.081579,0.007234,0.044484,0.003945
84.80921,0.545236,0.081575,0.007236,0.044478,0.003945
84.81494,0.545186,0.081571,0.007238,0.044471,0.003946
84.82067,0.545137,0.081567,0.007239,0.044465,0.003946
84.82640,0.545087,0.081563,0.007241,0.044459,0.003947
84.83213,0.545037,0.081559,0.007243,0.044452,0.003948
84.83786,0.544987,0.081554,0.007245,0.044446,0.003948
84.84359,0.544937,0.081550,0.007246,0.044440,0.003949
84.84932,0.544888,0.081546,0.007248,0.044434,0.003949
84.85505,0.544838,0.081542,0.007250,0.044427,0.003950
84.86078,0.544788,0.081538,0.007251,0.044421,0.003950
84.86651,0.544738,0.081534,0.007253,0.044415,0.003951
84.87224,0.544688,0.081530,0.007255,0.044408,0.003952
84.87797,0.544639,0.081526,0.007257,0.044402,0.003952
84.88370,0.544589,0.081522,0.007258,0.044396,0.003953
84.88943,0.544539,0.081518,0.007260,0.044390,0.003953
84.89516,0.544489,0.081514,0.007262,0.044383,0.003954
84.90089,0.544439,0.081510,0.007263,0.044377,0.003954
84.90662,0.544390,0.081505,0.007265,0.044371,0.003955
84.91235,0.544340,0.081501,0.007267,0.044364,0.003956
84.91807,0.544290,0.081497,0.007268,0.044358,0.003956
84.92380,0.544240,0.081493,0.007270,0.044352,0.003957
84.92953,0.544190,0.081489,0.007272,0.044346,0.003957
84.93526,0.544141,0.081485,0.007273,0.044339,0.003958
84.94099,0.544091,0.081481,0.007275,0.044333,0.003958
84.94672,0.544041,0.081477,0.007277,0.044327,0.003959
84.95245,0.543991,0.081473,0.007279,0.044321,0.003959
84.95818,0.543941,0.081469,0.007280,0.044314,0.003960
84.96391,0.543892,0.081465,0.007282,0.044308,0.003961
84.96964,0.543842,0.081461,0.007284,0.044302,0.003961
84.97537,0.543792,0.081457,0.007285,0.044296,0.003962
84.98110,0.543742,0.081453,0.007287,0.044289,0.003962
84.98683,0.543692,0.081449,0.007289,0.044283,0.003963
84.99256,0.543643,0.081445,0.007290,0.044277,0.003963
84.99829,0.543593,0.081441,0.007292,0.044271,0.003964
85.00402,0.543543,0.081437,0.007294,0.044265,0.003964
85.00975,0.543493,0.081433,0.007295,0.044258,0.003965
85.01548,0.543443,0.081429,0.007297,0.044252,0.003965
85.02121,0.543394,0.081425,0.007299,0.044246,0.003966
85.02694,0.543344,0.081421,0.007300,0.044240,0.003967
85.03267,0.543294,0.081417,0.007302,0.044233,0.003967
85.03840,0.543244,0.081413,0.007304,0.044227,0.003968
85.04413,0.543194,0.081409,0.007305,0.044221,0.003968
85.04986,0.543144,0.081405,0.007307,0.044215,0.003969
85.05558,0.543095,0.081401,0.007308,0.044209,0.003969
85.06131,0.543045,0.081397,0.007310,0.044202,0.003970
85.06704,0.542995,0.081393,0.007312,0.044196,0.003970
85.07277,0.542945,0.081389,0.007313,0.044190,0.003971
85.07850,0.542895,0.081385,0.007315,0.044184,0.003971
85.08423,0.542846,0.081381,0.007317,0.044178,0.003972
85.08996,0.542796,0.081378,0.007318,0.044171,0.003972
85.09569,0.542746,0.081374,0.007320,0.044165,0.003973
85.10142,0.542696,0.081370,0.007322,0.044159,0.003973
85.10715,0.542646,0.081366,0.007323,0.044153,0.003974
85.11288,0.542596,0.081362,0.007325,0.044147,0.003974
85.11861,0.542547,0.081358,0.007326,0.044140,0.003975
85.12434,0.542497,0.081354,0.007328,0.044134,0.003975
85.13007,0.542447,0.081350,0.007330,0.044128,0.003976
85.13580,0.542397,0.081346,0.007331,0.044122,0.003976
85.14153,0.542347,0.081342,0.007333,0.044116,0.003977
85.14726,0.542298,0.081338,0.007334,0.044110,0.003977
85.15299,0.542248,0.081334,0.007336,0.044103,0.003978
85.15872,0.542198,0.081331,0.007338,0.044097,0.003978
85.16445,0.542148,0.081327,0.007339,0.044091,0.003979
85.17018,0.542098,0.081323,0.007341,0.044085,0.003979
85.17591,0.542048,0.081319,0.007342,0.044079,0.003980
85.18164,0.541999,0.081315,0.007344,0.044073,0.003980
85.18736,0.541949,0.081311,0.007346,0.044066,0.003981
85.19309,0.541899,0.081307,0.007347,0.044060,0.003981
85.19882,0.541849,0.081303,0.007349,0.044054,0.003982
85.20455,0.541799,0.081300,0.007350,0.044048,0.003982
85.21028,0.541749,0.081296,0.007352,0.044042,0.003983
85.21601,0.541700,0.081292,0.007354,0.044036,0.003983
85.22174,0.541650,0.081288,0.007355,0.044030,0.003984
85.22747,0.541600,0.081284,0.007357,0.044023,0.003984
85.23320,0.541550,0.081280,0.007358,0.044017,0.003985
85.23893,0.541500,0.081276,0.007360,0.044011,0.003985
85.24466,0.541451,0.081273,0.007362,0.044005,0.003986
85.25039,0.541401,0.081269,0.007363,0.043999,0.003986
85.25612,0.541351,0.081265,0.007365,0.043993,0.003987
85.26185,0.541301,0.081261,0.007366,0.043987,0.003987
85.26758,0.541251,0.081257,0.007368,0.043981,0.003988
85.27331,0.541201,0.081254,0.007369,0.043975,0.003988
85.27904,0.541152,0.081250,0.007371,0.043968,0.003989
85.28477,0.541102,0.081246,0.007373,0.043962,0.003989
85.29050,0.541052,0.081242,0.007374,0.043956,0.003990
85.29623,0.541002,0.081238,0.007376,0.043950,0.003990
85.30196,0.540952,0.081234,0.007377,0.043944,0.003991
85.30769,0.540902,0.081231,0.007379,0.043938,0.003991
85.31342,0.540853,0.081227,0.007380,0.043932,0.003992
85.31915,0.540803,0.081223,0.007382,0.043926,0.003992
85.32487,0.540753,0.081219,0.007383,0.043920,0.003993
85.33060,0.540703,0.081216,0.007385,0.043914,0.003993
85.33633,0.540653,0.081212,0.007386,0.043907,0.003994
85.34206,0.540603,0.081208,0.007388,0.043901,0.003994
85.34779,0.540554,0.081204,0.007390,0.043895,0.003994
85.35352,0.540504,0.081201,0.007391,0.043889,0.003995
85.35925,0.540454,0.081197,0.007393,0.043883,0.003995
85.36498,0.540404,0.081193,0.007394,0.043877,0.003996
85.37071,0.540354,0.081189,0.007396,0.043871,0.003996
85.37644,0.540304,0.081186,0.007397,0.043865,0.003997
85.38217,0.540255,0.081182,0.007399,0.043859,0.003997
85.38790,0.540205,0.081178,0.007400,0.043853,0.003998
85.39363,0.540155,0.081174,0.007402,0.043847,0.003998
85.39936,0.540105,0.081171,0.007403,0.043841,0.003999
85.40509,0.540055,0.081167,0.007405,0.043835,0.003999
85.41082,0.540005,0.081163,0.007406,0.043829,0.003999
85.41655,0.539956,0.081159,0.007408,0.043822,0.004000
85.42228,0.539906,0.081156,0.007409,0.043816,0.004000
85.42801,0.539856,0.081152,0.007411,0.043810,0.004001
85.43374,0.539806,0.081148,0.007412,0.043804,0.004001
85.43947,0.539756,0.081145,0.007414,0.043798,0.004002
85.44520,0.539706,0.081141,0.007415,0.043792,0.004002
85.45093,0.539656,0.081137,0.007417,0.043786,0.004003
85.45666,0.539607,0.081134,0.007418,0.043780,0.004003
85.46238,0.539557,0.081130,0.007420,0.043774,0.004003
85.46811,0.539507,0.081126,0.007421,0.043768,0.004004
85.47384,0.539457,0.081123,0.007423,0.043762,0.004004
85.47957,0.539407,0.081119,0.007424,0.043756,0.004005
85.48530,0.539357,0.081115,0.007426,0.043750,0.004005
85.49103,0.539308,0.081112,0.007427,0.043744,0.004006
85.49676,0.539258,0.081108,0.007429,0.043738,0.004006
85.50249,0.539208,0.081104,0.007430,0.043732,0.004007
85.50822,0.539158,0.081101,0.007432,0.043726,0.004007
85.51395,0.539108,0.081097,0.007433,0.043720,0.004007
85.51968,0.539058,0.081093,0.007435,0.043714,0.004008
85.52541,0.539008,0.081090,0.007436,0.043708,0.004008
85.53114,0.538959,0.081086,0.007438,0.043702,0.004009
85.53687,0.538909,0.081082,0.007439,0.043696,0.004009
85.54260,0.538859,0.081079,0.007441,0.043690,0.004010
85.54833,0.538809,0.081075,0.007442,0.043684,0.004010
85.55406,0.538759,0.081072,0.007444,0.043678,0.004010
85.55979,0.538709,0.081068,0.007445,0.043672,0.004011
85.56552,0.538660,0.081064,0.007447,0.043666,0.004011
85.57125,0.538610,0.081061,0.007448,0.043660,0.004012
85.57698,0.538560,0.081057,0.007450,0.043654,0.004012
85.58271,0.538510,0.081053,0.007451,0.043648,0.004012
85.58844,0.538460,0.081050,0.007452,0.043642,0.004013
85.59417,0.538410,0.081046,0.007454,0.043636,0.004013
85.59989,0.538360,0.081043,0.007455,0.043630,0.004014
85.60562,0.538311,0.081039,0.007457,0.043624,0.004014
85.61135,0.538261,0.081036,0.007458,0.043618,0.004014
85.61708,0.538211,0.081032,0.007460,0.043612,0.004015
85.62281,0.538161,0.081028,0.007461,0.043606,0.004015
85.62854,0.538111,0.081025,0.007463,0.043600,0.004016
85.63427,0.538061,0.081021,0.007464,0.043594,0.004016
85.64000,0.538011,0.081018,0.007465,0.043588,0.004017
85.64573,0.537962,0.081014,0.007467,0.043583,0.004017
85.65146,0.537912,0.081011,0.007468,0.043577,0.004017
85.65719,0.537862,0.081007,0.007470,0.043571,0.004018
85.66292,0.537812,0.081004,0.007471,0.043565,0.004018
85.66865,0.537762,0.081000,0.007473,0.043559,0.004019
85.67438,0.537712,0.080996,0.007474,0.043553,0.004019
85.68011,0.537662,0.080993,0.007475,0.043547,0.004019
85.68584,0.537613,0.080989,0.007477,0.043541,0.004020
85.69157,0.537563,0.080986,0.007478,0.043535,0.004020
85.69730,0.537513,0.080982,0.007480,0.043529,0.004020
85.70303,0.537463,0.080979,0.007481,0.043523,0.004021
85.70876,0.537413,0.080975,0.007483,0.043517,0.004021
85.71449,0.537363,0.080972,0.007484,0.043511,0.004022
85.72022,0.537313,0.080968,0.007485,0.043505,0.004022
85.72595,0.537264,0.080965,0.007487,0.043499,0.004022
85.73167,0.537214,0.080961,0.007488,0.043494,0.004023
85.73740,0.537164,0.080958,0.007490,0.043488,0.004023
85.74313,0.537114,0.080954,0.007491,0.043482,0.004024
85.74886,0.537064,0.080951,0.007492,0.043476,0.004024
85.75459,0.537014,0.080947,0.007494,0.043470,0.004024
85.76032,0.536964,0.080944,0.007495,0.043464,0.004025
85.76605,0.536915,0.080941,0.007497,0.043458,0.004025
85.77178,0.536865,0.080937,0.007498,0.043452,0.004025
85.77751,0.536815,0.080934,0.007499,0.043446,0.004026
85.78324,0.536765,0.080930,0.007501,0.043440,0.004026
85.78897,0.536715,0.080927,0.007502,0.043435,0.004027
85.79470,0.536665,0.080923,0.007504,0.043429,0.004027
85.80043,0.536615,0.080920,0.007505,0.043423,0.004027
85.80616,0.536565,0.080916,0.007506,0.043417,0.004028
85.81189,0.536516,0.080913,0.007508,0.043411,0.004028
85.81762,0.536466,0.080910,0.007509,0.043405,0.004028
85.82335,0.536416,0.080906,0.007510,0.043399,0.004029
85.82908,0.536366,0.080903,0.007512,0.043393,0.004029
85.83481,0.536316,0.080899,0.007513,0.043388,0.004029
85.84054,0.536266,0.080896,0.007515,0.043382,0.004030
85.84627,0.536216,0.080892,0.007516,0.043376,0.004030
85.85200,0.536167,0.080889,0.007517,0.043370,0.004031
85.85773,0.536117,0.080886,0.007519,0.043364,0.004031
85.86346,0.536067,0.080882,0.007520,0.043358,0.004031
85.86918,0.536017,0.080879,0.007521,0.043352,0.004032
85.87491,0.535967,0.080876,0.007523,0.043347,0.004032
85.88064,0.535917,0.080872,0.007524,0.043341,0.004032
85.88637,0.535867,0.080869,0.007525,0.043335,0.004033
85.89210,0.535817,0.080865,0.007527,0.043329,0.004033
85.89783,0.535768,0.080862,0.007528,0.043323,0.004033
85.90356,0.535718,0.080859,0.007530,0.043317,0.004034
85.90929,0.535668,0.080855,0.007531,0.043312,0.004034
85.91502,0.535618,0.080852,0.007532,0.043306,0.004034
85.92075,0.535568,0.080849,0.007534,0.043300,0.004035
85.92648,0.535518,0.080845,0.007535,0.043294,0.004035
85.93221,0.535468,0.080842,0.007536,0.043288,0.004035
85.93794,0.535418,0.080839,0.007538,0.043282,0.004036
85.94367,0.535369,0.080835,0.007539,0.043277,0.004036
85.94940,0.535319,0.080832,0.007540,0.043271,0.004036
85.95513,0.535269,0.080829,0.007542,0.043265,0.004037
85.96086,0.535219,0.080825,0.007543,0.043259,0.004037
85.96659,0.535169,0.080822,0.007544,0.043253,0.004037
85.97232,0.535119,0.080819,0.007546,0.043248,0.004038
85.97805,0.535069,0.080815,0.007547,0.043242,0.004038
85.98378,0.535019,0.080812,0.007548,0.043236,0.004038
85.98951,0.534970,0.080809,0.007549,0.043230,0.004039
85.99524,0.534920,0.080805,0.007551,0.043224,0.004039
86.00097,0.534870,0.080802,0.007552,0.043219,0.004039
86.00669,0.534820,0.080799,0.007553,0.043213,0.004040
86.01242,0.534770,0.080796,0.007555,0.043207,0.004040
86.01815,0.534720,0.080792,0.007556,0.043201,0.004040
86.02388,0.534670,0.080789,0.007557,0.043195,0.004041
86.02961,0.534620,0.080786,0.007559,0.043190,0.004041
86.03534,0.534571,0.080782,0.007560,0.043184,0.004041
86.04107,0.534521,0.080779,0.007561,0.043178,0.004042
86.04680,0.534471,0.080776,0.007563,0.043172,0.004042
86.05253,0.534421,0.080773,0.007564,0.043167,0.004042
86.05826,0.534371,0.080769,0.007565,0.043161,0.004043
86.06399,0.534321,0.080766,0.007566,0.043155,0.004043
86.06972,0.534271,0.080763,0.007568,0.043149,0.004043
86.07545,0.534221,0.080760,0.007569,0.043144,0.004044
86.08118,0.534172,0.080756,0.007570,0.043138,0.004044
86.08691,0.534122,0.080753,0.007572,0.043132,0.004044
86.09264,0.534072,0.080750,0.007573,0.043126,0.004044
86.09837,0.534022,0.080747,0.007574,0.043121,0.004045
86.10410,0.533972,0.080744,0.007575,0.043115,0.004045
86.10983,0.533922,0.080740,0.007577,0.043109,0.004045
86.11556,0.533872,0.080737,0.007578,0.043103,0.004046
86.12129,0.533822,0.080734,0.007579,0.043098,0.004046
86.12702,0.533772,0.080731,0.007581,0.043092,0.004046
86.13275,0.533723,0.080728,0.007582,0.043086,0.004047
86.13847,0.533673,0.080724,0.007583,0.043080,0.004047
86.14420,0.533623,0.080721,0.007584,0.043075,0.004047
86.14993,0.533573,0.080718,0.007586,0.043069,0.004047
86.15566,0.533523,0.080715,0.007587,0.043063,0.004048
86.16139,0.533473,0.080712,0.007588,0.043057,0.004048
86.16712,0.533423,0.080708,0.007589,0.043052,0.004048
86.17285,0.533373,0.080705,0.007591,0.043046,0.004049
86.17858,0.533323,0.080702,0.007592,0.043040,0.004049
86.18431,0.533274,0.080699,0.007593,0.043035,0.004049
86.19004,0.533224,0.080696,0.007594,0.043029,0.004050
86.19577,0.533174,0.080693,0.007596,0.043023,0.004050
86.20150,0.533124,0.080690,0.007597,0.043018,0.004050
86.20723,0.533074,0.080686,0.007598,0.043012,0.004050
86.21296,0.533024,0.080683,0.007599,0.043006,0.004051
86.21869,0.532974,0.080680,0.007601,0.043000,0.004051
86.22442,0.532924,0.080677,0.007602,0.042995,0.004051
86.23015,0.532874,0.080674,0.007603,0.042989,0.004051
86.23588,0.532825,0.080671,0.007604,0.042983,0.004052
86.24161,0.532775,0.080668,0.007606,0.042978,0.004052
86.24734,0.532725,0.080665,0.007607,0.042972,0.004052
86.25307,0.532675,0.080661,0.007608,0.042966,0.004053
86.25880,0.532625,0.080658,0.007609,0.042961,0.004053
86.26453,0.532575,0.080655,0.007610,0.042955,0.004053
86.27026,0.532525,0.080652,0.007612,0.042949,0.004053
86.27598,0.532475,0.080649,0.007613,0.042944,0.004054
86.28171,0.532425,0.080646,0.007614,0.042938,0.004054
86.28744,0.532375,0.080643,0.007615,0.042932,0.004054
86.29317,0.532326,0.080640,0.007617,0.042927,0.004054
86.29890,0.532276,0.080637,0.007618,0.042921,0.004055
86.30463,0.532226,0.080634,0.007619,0.042915,0.004055
86.31036,0.532176,0.080631,0.007620,0.042910,0.004055
86.31609,0.532126,0.080628,0.007621,0.042904,0.004056
86.32182,0.532076,0.080624,0.007623,0.042898,0.004056
86.32755,0.532026,0.080621,0.007624,0.042893,0.004056
86.33328,0.531976,0.080618,0.007625,0.042887,0.004056
86.33901,0.531926,0.080615,0.007626,0.042881,0.004057
86.34474,0.531877,0.080612,0.007627,0.042876,0.004057
86.35047,0.531827,0.080609,0.007629,0.042870,0.004057
86.35620,0.531777,0.080606,0.007630,0.042865,0.004057
86.36193,0.531727,0.080603,0.007631,0.042859,0.004058
86.36766,0.531677,0.080600,0.007632,0.042853,0.004058
86.37339,0.531627,0.080597,0.007633,0.042848,0.004058
86.37912,0.531577,0.080594,0.007635,0.042842,0.004058
86.38485,0.531527,0.080591,0.007636,0.042836,0.004059
86.39058,0.531477,0.080588,0.007637,0.042831,0.004059
86.39631,0.531427,0.080585,0.007638,0.042825,0.004059
86.40204,0.531378,0.080582,0.007639,0.042820,0.004059
86.40777,0.531328,0.080579,0.007640,0.042814,0.004060
86.41349,0.531278,0.080576,0.007642,0.042808,0.004060
86.41922,0.531228,0.080573,0.007643,0.042803,0.004060
86.42495,0.531178,0.080570,0.007644,0.042797,0.004060
86.43068,0.531128,0.080567,0.007645,0.042792,0.004061
86.43641,0.531078,0.080564,0.007646,0.042786,0.004061
86.44214,0.531028,0.080561,0.007647,0.042780,0.004061
86.44787,0.530978,0.080558,0.007649,0.042775,0.004061
86.45360,0.530928,0.080555,0.007650,0.042769,0.004061
86.45933,0.530879,0.080553,0.007651,0.042764,0.004062
86.46506,0.530829,0.080550,0.007652,0.042758,0.004062
86.47079,0.530779,0.080547,0.007653,0.042752,0.004062
86.47652,0.530729,0.080544,0.007654,0.042747,0.004062
86.48225,0.530679,0.080541,0.007656,0.042741,0.004063
86.48798,0.530629,0.080538,0.007657,0.042736,0.004063
86.49371,0.530579,0.080535,0.007658,0.042730,0.004063
86.49944,0.530529,0.080532,0.007659,0.042725,0.004063
86.50517,0.530479,0.080529,0.007660,0.042719,0.004064
86.51090,0.530429,0.080526,0.007661,0.042713,0.004064
86.51663,0.530379,0.080523,0.007662,0.042708,0.004064
86.52236,0.530330,0.080520,0.007664,0.042702,0.004064
86.52809,0.530280,0.080518,0.007665,0.042697,0.004064
86.53382,0.530230,0.080515,0.007666,0.042691,0.004065
86.53955,0.530180,0.080512,0.007667,0.042686,0.004065
86.54527,0.530130,0.080509,0.007668,0.042680,0.004065
86.55100,0.530080,0.080506,0.007669,0.042675,0.004065
86.55673,0.530030,0.080503,0.007670,0.042669,0.004065
86.56246,0.529980,0.080500,0.007671,0.042664,0.004066
86.56819,0.529930,0.080497,0.007673,0.042658,0.004066
86.57392,0.529880,0.080495,0.007674,0.042652,0.004066
86.57965,0.529830,0.080492,0.007675,0.042647,0.004066
86.58538,0.529781,0.080489,0.007676,0.042641,0.004067
86.59111,0.529731,0.080486,0.007677,0.042636,0.004067
86.59684,0.529681,0.080483,0.007678,0.042630,0.004067
86.60257,0.529631,0.080480,0.007679,0.042625,0.004067
86.60830,0.529581,0.080477,0.007680,0.042619,0.004067
86.61403,0.529531,0.080475,0.007681,0.042614,0.004068
86.61976,0.529481,0.080472,0.007683,0.042608,0.004068
86.62549,0.529431,0.080469,0.007684,0.042603,0.004068
86.63122,0.529381,0.080466,0.007685,0.042597,0.004068
86.63695,0.529331,0.080463,0.007686,0.042592,0.004068
86.64268,0.529281,0.080461,0.007687,0.042586,0.004069
86.64841,0.529231,0.080458,0.007688,0.042581,0.004069
86.65414,0.529182,0.080455,0.007689,0.042575,0.004069
86.65987,0.529132,0.080452,0.007690,0.042570,0.004069
86.66560,0.529082,0.080449,0.007691,0.042564,0.004069
86.67133,0.529032,0.080447,0.007692,0.042559,0.004070
86.67706,0.528982,0.080444,0.007693,0.042553,0.004070
86.68278,0.528932,0.080441,0.007695,0.042548,0.004070
86.68851,0.528882,0.080438,0.007696,0.042542,0.004070
86.69424,0.528832,0.080435,0.007697,0.042537,0.004070
86.69997,0.528782,0.080433,0.007698,0.042531,0.004070
86.70570,0.528732,0.080430,0.007699,0.042526,0.004071
86.71143,0.528682,0.080427,0.007700,0.042520,0.004071
86.71716,0.528632,0.080424,0.007701,0.042515,0.004071
86.72289,0.528583,0.080422,0.007702,0.042510,0.004071
86.72862,0.528533,0.080419,0.007703,0.042504,0.004071
86.73435,0.528483,0.080416,0.007704,0.042499,0.004072
86.74008,0.528433,0.080414,0.007705,0.042493,0.004072
86.74581,0.528383,0.080411,0.007706,0.042488,0.004072
86.75154,0.528333,0.080408,0.007707,0.042482,0.004072
86.75727,0.528283,0.080405,0.007708,0.042477,0.004072
86.76300,0.528233,0.080403,0.007710,0.042471,0.004072
86.76873,0.528183,0.080400,0.007711,0.042466,0.004073
86.77446,0.528133,0.080397,0.007712,0.042460,0.004073
86.78019,0.528083,0.080395,0.007713,0.042455,0.004073
86.78592,0.528033,0.080392,0.007714,0.042450,0.004073
86.79165,0.527984,0.080389,0.007715,0.042444,0.004073
86.79738,0.527934,0.080386,0.007716,0.042439,0.004073
86.80311,0.527884,0.080384,0.007717,0.042433,0.004074
86.80884,0.527834,0.080381,0.007718,0.042428,0.004074
86.81457,0.527784,0.080378,0.007719,0.042422,0.004074
86.82029,0.527734,0.080376,0.007720,0.042417,0.004074
86.82602,0.527684,0.080373,0.007721,0.042412,0.004074
86.83175,0.527634,0.080370,0.007722,0.042406,0.004074
86.83748,0.527584,0.080368,0.007723,0.042401,0.004075
86.84321,0.527534,0.080365,0.007724,0.042395,0.004075
86.84894,0.527484,0.080363,0.007725,0.042390,0.004075
86.85467,0.527434,0.080360,0.007726,0.042385,0.004075
86.86040,0.527384,0.080357,0.007727,0.042379,0.004075
86.86613,0.527335,0.080355,0.007728,0.042374,0.004075
86.87186,0.527285,0.080352,0.007729,0.042368,0.004076
86.87759,0.527235,0.080349,0.007730,0.042363,0.004076
86.88332,0.527185,0.080347,0.007731,0.042358,0.004076
86.88905,0.527135,0.080344,0.007732,0.042352,0.004076
86.89478,0.527085,0.080342,0.007733,0.042347,0.004076
86.90051,0.527035,0.080339,0.007734,0.042341,0.004076
86.90624,0.526985,0.080336,0.007735,0.042336,0.004076
86.91197,0.526935,0.080334,0.007736,0.042331,0.004077
86.91770,0.526885,0.080331,0.007737,0.042325,0.004077
86.92343,0.526835,0.080329,0.007738,0.042320,0.004077
86.92916,0.526785,0.080326,0.007739,0.042315,0.004077
86.93489,0.526735,0.080323,0.007740,0.042309,0.004077
86.94062,0.526685,0.080321,0.007741,0.042304,0.004077
86.94635,0.526636,0.080318,0.007742,0.042298,0.004077
86.95207,0.526586,0.080316,0.007743,0.042293,0.004078
86.95780,0.526536,0.080313,0.007744,0.042288,0.004078
86.96353,0.526486,0.080311,0.007745,0.042282,0.004078
86.96926,0.526436,0.080308,0.007746,0.042277,0.004078
86.97499,0.526386,0.080305,0.007747,0.042272,0.004078
86.98072,0.526336,0.080303,0.007748,0.042266,0.004078
86.98645,0.526286,0.080300,0.007749,0.042261,0.004078
86.99218,0.526236,0.080298,0.007750,0.042256,0.004078
86.99791,0.526186,0.080295,0.007751,0.042250,0.004079
87.00364,0.526136,0.080293,0.007752,0.042245,0.004079
87.00937,0.526086,0.080290,0.007753,0.042240,0.004079
87.01510,0.526036,0.080288,0.007754,0.042234,0.004079
87.02083,0.525986,0.080285,0.007755,0.042229,0.004079
87.02656,0.525937,0.080283,0.007756,0.042224,0.004079
87.03229,0.525887,0.080280,0.007757,0.042218,0.004079
87.03802,0.525837,0.080278,0.007758,0.042213,0.004079
87.04375,0.525787,0.080275,0.007759,0.042208,0.004080
87.04948,0.525737,0.080273,0.007760,0.042202,0.004080
87.05521,0.525687,0.080270,0.007761,0.042197,0.004080
87.06094,0.525637,0.080268,0.007762,0.042192,0.004080
87.06667,0.525587,0.080265,0.007763,0.042186,0.004080
87.07240,0.525537,0.080263,0.007764,0.042181,0.004080
87.07813,0.525487,0.080260,0.007765,0.042176,0.004080
87.08386,0.525437,0.080258,0.007766,0.042171,0.004080
87.08958,0.525387,0.080256,0.007767,0.042165,0.004080
87.09531,0.525337,0.080253,0.007767,0.042160,0.004081
87.10104,0.525287,0.080251,0.007768,0.042155,0.004081
87.10677,0.525237,0.080248,0.007769,0.042149,0.004081
87.11250,0.525187,0.080246,0.007770,0.042144,0.004081
87.11823,0.525138,0.080243,0.007771,0.042139,0.004081
87.12396,0.525088,0.080241,0.007772,0.042133,0.004081
87.12969,0.525038,0.080238,0.007773,0.042128,0.004081
87.13542,0.524988,0.080236,0.007774,0.042123,0.004081
87.14115,0.524938,0.080234,0.007775,0.042118,0.004081
87.14688,0.524888,0.080231,0.007776,0.042112,0.004081
87.15261,0.524838,0.080229,0.007777,0.042107,0.004082
87.15834,0.524788,0.080226,0.007778,0.042102,0.004082
87.16407,0.524738,0.080224,0.007779,0.042097,0.004082
87.16980,0.524688,0.080222,0.007780,0.042091,0.004082
87.17553,0.524638,0.080219,0.007781,0.042086,0.004082
87.18126,0.524588,0.080217,0.007781,0.042081,0.004082
87.18699,0.524538,0.080215,0.007782,0.042076,0.004082
87.19272,0.524488,0.080212,0.007783,0.042070,0.004082
87.19845,0.524438,0.080210,0.007784,0.042065,0.004082
87.20418,0.524388,0.080207,0.007785,0.042060,0.004082
87.20991,0.524339,0.080205,0.007786,0.042055,0.004082
87.21564,0.524289,0.080203,0.007787,0.042049,0.004083
87.22137,0.524239,0.080200,0.007788,0.042044,0.004083
87.22709,0.524189,0.080198,0.007789,0.042039,0.004083
87.23282,0.524139,0.080196,0.007790,0.042034,0.004083
87.23855,0.524089,0.080193,0.007790,0.042028,0.004083
87.24428,0.524039,0.080191,0.007791,0.042023,0.004083
87.25001,0.523989,0.080189,0.007792,0.042018,0.004083
87.25574,0.523939,0.080186,0.007793,0.042013,0.004083
87.26147,0.523889,0.080184,0.007794,0.042008,0.004083
87.26720,0.523839,0.080182,0.007795,0.042002,0.004083
87.27293,0.523789,0.080179,0.007796,0.041997,0.004083
87.27866,0.523739,0.080177,0.007797,0.041992,0.004083
87.28439,0.523689,0.080175,0.007798,0.041987,0.004084
87.29012,0.523639,0.080173,0.007798,0.041981,0.004084
87.29585,0.523589,0.080170,0.007799,0.041976,0.004084
87.30158,0.523539,0.080168,0.007800,0.041971,0.004084
87.30731,0.523490,0.080166,0.007801,0.041966,0.004084
87.31304,0.523440,0.080163,0.007802,0.041961,0.004084
87.31877,0.523390,0.080161,0.007803,0.041956,0.004084
87.32450,0.523340,0.080159,0.007804,0.041950,0.004084
87.33023,0.523290,0.080157,0.007805,0.041945,0.004084
87.33596,0.523240,0.080154,0.007805,0.041940,0.004084
87.34169,0.523190,0.080152,0.007806,0.041935,0.004084
87.34742,0.523140,0.080150,0.007807,0.041930,0.004084
87.35315,0.523090,0.080148,0.007808,0.041924,0.004084
87.35888,0.523040,0.080145,0.007809,0.041919,0.004084
87.36460,0.522990,0.080143,0.007810,0.041914,0.004084
87.37033,0.522940,0.080141,0.007811,0.041909,0.004084
87.37606,0.522890,0.080139,0.007811,0.041904,0.004085
87.38179,0.522840,0.080136,0.007812,0.041899,0.004085
87.38752,0.522790,0.080134,0.007813,0.041893,0.004085
87.39325,0.522740,0.080132,0.007814,0.041888,0.004085
87.39898,0.522690,0.080130,0.007815,0.041883,0.004085
87.40471,0.522640,0.080128,0.007816,0.041878,0.004085
87.41044,0.522590,0.080125,0.007817,0.041873,0.004085
87.41617,0.522541,0.080123,0.007817,0.041868,0.004085
87.42190,0.522491,0.080121,0.007818,0.041863,0.004085
87.42763,0.522441,0.080119,0.007819,0.041857,0.004085
87.43336,0.522391,0.080117,0.007820,0.041852,0.004085
87.43909,0.522341,0.080115,0.007821,0.041847,0.004085
87.44482,0.522291,0.080112,0.007822,0.041842,0.004085
87.45055,0.522241,0.080110,0.007822,0.041837,0.004085
87.45628,0.522191,0.080108,0.007823,0.041832,0.004085
87.46201,0.522141,0.080106,0.007824,0.041827,0.004085
87.46774,0.522091,0.080104,0.007825,0.041821,0.004085
87.47347,0.522041,0.080102,0.007826,0.041816,0.004085
87.47920,0.521991,0.080099,0.007826,0.041811,0.004085
87.48493,0.521941,0.080097,0.007827,0.041806,0.004085
87.49066,0.521891,0.080095,0.007828,0.041801,0.004085
87.49638,0.521841,0.080093,0.007829,0.041796,0.004085
87.50211,0.521791,0.080091,0.007830,0.041791,0.004085
87.50784,0.521741,0.080089,0.007831,0.041786,0.004086
87.51357,0.521691,0.080087,0.007831,0.041781,0.004086
87.51930,0.521641,0.080085,0.007832,0.041775,0.004086
87.52503,0.521591,0.080083,0.007833,0.041770,0.004086
87.53076,0.521541,0.080080,0.007834,0.041765,0.004086
87.53649,0.521492,0.080078,0.007835,0.041760,0.004086
87.54222,0.521442,0.080076,0.007835,0.041755,0.004086
87.54795,0.521392,0.080074,0.007836,0.041750,0.004086
87.55368,0.521342,0.080072,0.007837,0.041745,0.004086
87.55941,0.521292,0.080070,0.007838,0.041740,0.004086
87.56514,0.521242,0.080068,0.007838,0.041735,0.004086
87.57087,0.521192,0.080066,0.007839,0.041730,0.004086
87.57660,0.521142,0.080064,0.007840,0.041725,0.004086
87.58233,0.521092,0.080062,0.007841,0.041720,0.004086
87.58806,0.521042,0.080060,0.007842,0.041714,0.004086
87.59379,0.520992,0.080058,0.007842,0.041709,0.004086
87.59952,0.520942,0.080056,0.007843,0.041704,0.004086
87.60525,0.520892,0.080054,0.007844,0.041699,0.004086
87.61098,0.520842,0.080052,0.007845,0.041694,0.004086
87.61671,0.520792,0.080050,0.007846,0.041689,0.004086
87.62244,0.520742,0.080047,0.007846,0.041684,0.004086
87.62817,0.520692,0.080045,0.007847,0.041679,0.004086
87.63389,0.520642,0.080043,0.007848,0.041674,0.004086
87.63962,0.520592,0.080041,0.007849,0.041669,0.004086
87.64535,0.520542,0.080039,0.007849,0.041664,0.004086
87.65108,0.520492,0.080037,0.007850,0.041659,0.004086
87.65681,0.520442,0.080035,0.007851,0.041654,0.004086
87.66254,0.520393,0.080033,0.007852,0.041649,0.004086
87.66827,0.520343,0.080031,0.007852,0.041644,0.004086
87.67400,0.520293,0.080030,0.007853,0.041639,0.004086
87.67973,0.520243,0.080028,0.007854,0.041634,0.004086
87.68546,0.520193,0.080026,0.007855,0.041629,0.004086
87.69119,0.520143,0.080024,0.007855,0.041624,0.004086
87.69692,0.520093,0.080022,0.007856,0.041619,0.004086
87.70265,0.520043,0.080020,0.007857,0.041614,0.004086
87.70838,0.519993,0.080018,0.007858,0.041609,0.004086
87.71411,0.519943,0.080016,0.007858,0.041604,0.004086
87.71984,0.519893,0.080014,0.007859,0.041599,0.004086
87.72557,0.519843,0.080012,0.007860,0.041594,0.004086
87.73130,0.519793,0.080010,0.007861,0.041589,0.004086
87.73703,0.519743,0.080008,0.007861,0.041584,0.004086
87.74276,0.519693,0.080006,0.007862,0.041579,0.004086
87.74849,0.519643,0.080004,0.007863,0.041574,0.004086
87.75422,0.519593,0.080002,0.007863,0.041569,0.004086
87.75995,0.519543,0.080000,0.007864,0.041564,0.004086
87.76568,0.519493,0.079998,0.007865,0.041559,0.004086
87.77140,0.519443,0.079997,0.007866,0.041554,0.004086
87.77713,0.519393,0.079995,0.007866,0.041549,0.004086
87.78286,0.519343,0.079993,0.007867,0.041544,0.004086
87.78859,0.519293,0.079991,0.007868,0.041539,0.004086
87.79432,0.519243,0.079989,0.007869,0.041534,0.004086
87.80005,0.519193,0.079987,0.007869,0.041529,0.004086
87.80578,0.519143,0.079985,0.007870,0.041524,0.004086
87.81151,0.519094,0.079983,0.007871,0.041519,0.004086
87.81724,0.519044,0.079982,0.007871,0.041514,0.004086
87.82297,0.518994,0.079980,0.007872,0.041509,0.004086
87.82870,0.518944,0.079978,0.007873,0.041504,0.004086
87.83443,0.518894,0.079976,0.007873,0.041499,0.004085
87.84016,0.518844,0.079974,0.007874,0.041494,0.004085
87.84589,0.518794,0.079972,0.007875,0.041489,0.004085
87.85162,0.518744,0.079970,0.007876,0.041484,0.004085
87.85735,0.518694,0.079969,0.007876,0.041479,0.004085
87.86308,0.518644,0.079967,0.007877,0.041474,0.004085
87.86881,0.518594,0.079965,0.007878,0.041469,0.004085
87.87454,0.518544,0.079963,0.007878,0.041464,0.004085
87.88027,0.518494,0.079961,0.007879,0.041459,0.004085
87.88600,0.518444,0.079960,0.007880,0.041455,0.004085
87.89173,0.518394,0.079958,0.007880,0.041450,0.004085
87.89746,0.518344,0.079956,0.007881,0.041445,0.004085
87.90318,0.518294,0.079954,0.007882,0.041440,0.004085
87.90891,0.518244,0.079952,0.007882,0.041435,0.004085
87.91464,0.518194,0.079951,0.007883,0.041430,0.004085
87.92037,0.518144,0.079949,0.007884,0.041425,0.004085
87.92610,0.518094,0.079947,0.007884,0.041420,0.004085
87.93183,0.518044,0.079945,0.007885,0.041415,0.004085
87.93756,0.517994,0.079944,0.007886,0.041410,0.004085
87.94329,0.517944,0.079942,0.007886,0.041405,0.004085
87.94902,0.517894,0.079940,0.007887,0.041400,0.004085
87.95475,0.517844,0.079938,0.007888,0.041396,0.004085
87.96048,0.517794,0.079937,0.007888,0.041391,0.004085
87.96621,0.517744,0.079935,0.007889,0.041386,0.004085
87.97194,0.517694,0.079933,0.007890,0.041381,0.004084
87.97767,0.517644,0.079931,0.007890,0.041376,0.004084
87.98340,0.517595,0.079930,0.007891,0.041371,0.004084
87.98913,0.517545,0.079928,0.007892,0.041366,0.004084
87.99486,0.517495,0.079926,0.007892,0.041361,0.004084
88.00059,0.517445,0.079924,0.007893,0.041356,0.004084
88.00632,0.517395,0.079923,0.007894,0.041352,0.004084
88.01205,0.517345,0.079921,0.007894,0.041347,0.004084
88.01778,0.517295,0.079919,0.007895,0.041342,0.004084
88.02351,0.517245,0.079918,0.007896,0.041337,0.004084
88.02924,0.517195,0.079916,0.007896,0.041332,0.004084
88.03497,0.517145,0.079914,0.007897,0.041327,0.004084
88.04069,0.517095,0.079913,0.007897,0.041322,0.004084
88.04642,0.517045,0.079911,0.007898,0.041318,0.004084
88.05215,0.516995,0.079909,0.007899,0.041313,0.004084
88.05788,0.516945,0.079908,0.007899,0.041308,0.004084
88.06361,0.516895,0.079906,0.007900,0.041303,0.004083
88.06934,0.516845,0.079904,0.007901,0.041298,0.004083
88.07507,0.516795,0.079903,0.007901,0.041293,0.004083
88.08080,0.516745,0.079901,0.007902,0.041288,0.004083
88.08653,0.516695,0.079899,0.007902,0.041284,0.004083
88.09226,0.516645,0.079898,0.007903,0.041279,0.004083
88.09799,0.516595,0.079896,0.007904,0.041274,0.004083
88.10372,0.516545,0.079895,0.007904,0.041269,0.004083
88.10945,0.516495,0.079893,0.007905,0.041264,0.004083
88.11518,0.516445,0.079891,0.007906,0.041259,0.004083
88.12091,0.516395,0.079890,0.007906,0.041255,0.004083
88.12664,0.516345,0.079888,0.007907,0.041250,0.004083
88.13237,0.516295,0.079886,0.007907,0.041245,0.004083
88.13810,0.516245,0.079885,0.007908,0.041240,0.004082
88.14383,0.516195,0.079883,0.007909,0.041235,0.004082
88.14956,0.516145,0.079882,0.007909,0.041231,0.004082
88.15529,0.516095,0.079880,0.007910,0.041226,0.004082
88.16102,0.516045,0.079879,0.007910,0.041221,0.004082
88.16675,0.515995,0.079877,0.007911,0.041216,0.004082
88.17248,0.515945,0.079875,0.007911,0.041211,0.004082
88.17820,0.515895,0.079874,0.007912,0.041207,0.004082
88.18393,0.515846,0.079872,0.007913,0.041202,0.004082
88.18966,0.515796,0.079871,0.007913,0.041197,0.004082
88.19539,0.515746,0.079869,0.007914,0.041192,0.004082
88.20112,0.515696,0.079868,0.007914,0.041187,0.004081
88.20685,0.515646,0.079866,0.007915,0.041183,0.004081
88.21258,0.515596,0.079865,0.007916,0.041178,0.004081
88.21831,0.515546,0.079863,0.007916,0.041173,0.004081
88.22404,0.515496,0.079862,0.007917,0.041168,0.004081
88.22977,0.515446,0.079860,0.007917,0.041164,0.004081
88.23550,0.515396,0.079859,0.007918,0.041159,0.004081
88.24123,0.515346,0.079857,0.007918,0.041154,0.004081
88.24696,0.515296,0.079855,0.007919,0.041149,0.004081
88.25269,0.515246,0.079854,0.007920,0.041144,0.004081
88.25842,0.515196,0.079853,0.007920,0.041140,0.004080
88.26415,0.515146,0.079851,0.007921,0.041135,0.004080
88.26988,0.515096,0.079850,0.007921,0.041130,0.004080
88.27561,0.515046,0.079848,0.007922,0.041125,0.004080
88.28134,0.514996,0.079847,0.007922,0.041121,0.004080
88.28707,0.514946,0.079845,0.007923,0.041116,0.004080
88.29280,0.514896,0.079844,0.007923,0.041111,0.004080
88.29853,0.514846,0.079842,0.007924,0.041106,0.004080
88.30426,0.514796,0.079841,0.007925,0.041102,0.004080
88.30998,0.514746,0.079839,0.007925,0.041097,0.004079
88.31571,0.514696,0.079838,0.007926,0.041092,0.004079
88.32144,0.514646,0.079836,0.007926,0.041087,0.004079
88.32717,0.514596,0.079835,0.007927,0.041083,0.004079
88.33290,0.514546,0.079834,0.007927,0.041078,0.004079
88.33863,0.514496,0.079832,0.007928,0.041073,0.004079
88.34436,0.514446,0.079831,0.007928,0.041069,0.004079
88.35009,0.514396,0.079829,0.007929,0.041064,0.004079
88.35582,0.514346,0.079828,0.007929,0.041059,0.004078
88.36155,0.514296,0.079826,0.007930,0.041054,0.004078
88.36728,0.514246,0.079825,0.007930,0.041050,0.004078
88.37301,0.514196,0.079824,0.007931,0.041045,0.004078
88.37874,0.514146,0.079822,0.007932,0.041040,0.004078
88.38447,0.514096,0.079821,0.007932,0.041036,0.004078
88.39020,0.514046,0.079819,0.007933,0.041031,0.004078
88.39593,0.513996,0.079818,0.007933,0.041026,0.004078
88.40166,0.513946,0.079817,0.007934,0.041022,0.004077
88.40739,0.513896,0.079815,0.007934,0.041017,0.004077
88.41312,0.513846,0.079814,0.007935,0.041012,0.004077
88.41885,0.513796,0.079813,0.007935,0.041007,0.004077
88.42458,0.513746,0.079811,0.007936,0.041003,0.004077
88.43031,0.513696,0.079810,0.007936,0.040998,0.004077
88.43604,0.513646,0.079809,0.007937,0.040993,0.004077
88.44177,0.513596,0.079807,0.007937,0.040989,0.004076
88.44749,0.513547,0.079806,0.007938,0.040984,0.004076
88.45322,0.513497,0.079805,0.007938,0.040979,0.004076
88.45895,0.513447,0.079803,0.007939,0.040975,0.004076
88.46468,0.513397,0.079802,0.007939,0.040970,0.004076
88.47041,0.513347,0.079801,0.007940,0.040965,0.004076
88.47614,0.513297,0.079799,0.007940,0.040961,0.004076
88.48187,0.513247,0.079798,0.007941,0.040956,0.004075
88.48760,0.513197,0.079797,0.007941,0.040951,0.004075
88.49333,0.513147,0.079795,0.007942,0.040947,0.004075
88.49906,0.513097,0.079794,0.007942,0.040942,0.004075
88.50479,0.513047,0.079793,0.007943,0.040937,0.004075
88.51052,0.512997,0.079792,0.007943,0.040933,0.004075
88.51625,0.512947,0.079790,0.007944,0.040928,0.004075
88.52198,0.512897,0.079789,0.007944,0.040924,0.004074
88.52771,0.512847,0.079788,0.007944,0.040919,0.004074
88.53344,0.512797,0.079786,0.007945,0.040914,0.004074
88.53917,0.512747,0.079785,0.007945,0.040910,0.004074
88.54490,0.512697,0.079784,0.007946,0.040905,0.004074
88.55063,0.512647,0.079783,0.007946,0.040900,0.004074
88.55636,0.512597,0.079781,0.007947,0.040896,0.004074
88.56209,0.512547,0.079780,0.007947,0.040891,0.004073
88.56782,0.512497,0.079779,0.007948,0.040886,0.004073
88.57355,0.512447,0.079778,0.007948,0.040882,0.004073
88.57928,0.512397,0.079777,0.007949,0.040877,0.004073
88.58500,0.512347,0.079775,0.007949,0.040873,0.004073
88.59073,0.512297,0.079774,0.007950,0.040868,0.004073
88.59646,0.512247,0.079773,0.007950,0.040863,0.004072
88.60219,0.512197,0.079772,0.007950,0.040859,0.004072
88.60792,0.512147,0.079771,0.007951,0.040854,0.004072
88.61365,0.512097,0.079769,0.007951,0.040850,0.004072
88.61938,0.512047,0.079768,0.007952,0.040845,0.004072
88.62511,0.511997,0.079767,0.007952,0.040840,0.004072
88.63084,0.511947,0.079766,0.007953,0.040836,0.004071
88.63657,0.511897,0.079765,0.007953,0.040831,0.004071
88.64230,0.511847,0.079763,0.007954,0.040827,0.004071
88.64803,0.511797,0.079762,0.007954,0.040822,0.004071
88.65376,0.511747,0.079761,0.007954,0.040818,0.004071
88.65949,0.511697,0.079760,0.007955,0.040813,0.004070
88.66522,0.511647,0.079759,0.007955,0.040808,0.004070
88.67095,0.511597,0.079758,0.007956,0.040804,0.004070
88.67668,0.511547,0.079757,0.007956,0.040799,0.004070
88.68241,0.511497,0.079755,0.007957,0.040795,0.004070
88.68814,0.511447,0.079754,0.007957,0.040790,0.004070
88.69387,0.511397,0.079753,0.007957,0.040786,0.004069
88.69960,0.511347,0.079752,0.007958,0.040781,0.004069
88.70533,0.511297,0.079751,0.007958,0.040776,0.004069
88.71106,0.511247,0.079750,0.007959,0.040772,0.004069
88.71678,0.511197,0.079749,0.007959,0.040767,0.004069
88.72251,0.511147,0.079748,0.007960,0.040763,0.004068
88.72824,0.511097,0.079746,0.007960,0.040758,0.004068
88.73397,0.511047,0.079745,0.007960,0.040754,0.004068
88.73970,0.510997,0.079744,0.007961,0.040749,0.004068
88.74543,0.510947,0.079743,0.007961,0.040745,0.004068
88.75116,0.510897,0.079742,0.007962,0.040740,0.004068
88.75689,0.510847,0.079741,0.007962,0.040736,0.004067
88.76262,0.510797,0.079740,0.007962,0.040731,0.004067
88.76835,0.510747,0.079739,0.007963,0.040726,0.004067
88.77408,0.510697,0.079738,0.007963,0.040722,0.004067
88.77981,0.510647,0.079737,0.007964,0.040717,0.004067
88.78554,0.510597,0.079736,0.007964,0.040713,0.004066
88.79127,0.510547,0.079735,0.007964,0.040708,0.004066
88.79700,0.510497,0.079734,0.007965,0.040704,0.004066
88.80273,0.510447,0.079733,0.007965,0.040699,0.004066
88.80846,0.510397,0.079732,0.007965,0.040695,0.004066
88.81419,0.510347,0.079731,0.007966,0.040690,0.004065
88.81992,0.510297,0.079730,0.007966,0.040686,0.004065
88.82565,0.510247,0.079729,0.007967,0.040681,0.004065
88.83138,0.510197,0.079728,0.007967,0.040677,0.004065
88.83711,0.510147,0.079727,0.007967,0.040672,0.004065
88.84284,0.510097,0.079726,0.007968,0.040668,0.004064
88.84857,0.510047,0.079725,0.007968,0.040663,0.004064
88.85429,0.509997,0.079724,0.007968,0.040659,0.004064
88.86002,0.509948,0.079723,0.007969,0.040654,0.004064
88.86575,0.509898,0.079722,0.007969,0.040650,0.004063
88.87148,0.509848,0.079721,0.007970,0.040645,0.004063
88.87721,0.509798,0.079720,0.007970,0.040641,0.004063
88.88294,0.509748,0.079719,0.007970,0.040636,0.004063
88.88867,0.509698,0.079718,0.007971,0.040632,0.004063
88.89440,0.509648,0.079717,0.007971,0.040627,0.004062
88.90013,0.509598,0.079716,0.007971,0.040623,0.004062
88.90586,0.509548,0.079715,0.007972,0.040619,0.004062
88.91159,0.509498,0.079714,0.007972,0.040614,0.004062
88.91732,0.509448,0.079713,0.007972,0.040610,0.004062
88.92305,0.509398,0.079712,0.007973,0.040605,0.004061
88.92878,0.509348,0.079711,0.007973,0.040601,0.004061
88.93451,0.509298,0.079710,0.007973,0.040596,0.004061
88.94024,0.509248,0.079709,0.007974,0.040592,0.004061
88.94597,0.509198,0.079708,0.007974,0.040587,0.004060
88.95170,0.509148,0.079708,0.007974,0.040583,0.004060
88.95743,0.509098,0.079707,0.007975,0.040578,0.004060
88.96316,0.509048,0.079706,0.007975,0.040574,0.004060
88.96889,0.508998,0.079705,0.007975,0.040570,0.004060
88.97462,0.508948,0.079704,0.007976,0.040565,0.004059
88.98035,0.508898,0.079703,0.007976,0.040561,0.004059
88.98608,0.508848,0.079702,0.007976,0.040556,0.004059
88.99180,0.508798,0.079701,0.007977,0.040552,0.004059
88.99753,0.508748,0.079700,0.007977,0.040547,0.004058
89.00326,0.508698,0.079700,0.007977,0.040543,0.004058
89.00899,0.508648,0.079699,0.007978,0.040539,0.004058
89.01472,0.508598,0.079698,0.007978,0.040534,0.004058
89.02045,0.508548,0.079697,0.007978,0.040530,0.004057
89.02618,0.508498,0.079696,0.007979,0.040525,0.004057
89.03191,0.508448,0.079695,0.007979,0.040521,0.004057
89.03764,0.508398,0.079695,0.007979,0.040517,0.004057
89.04337,0.508348,0.079694,0.007980,0.040512,0.004056
89.04910,0.508298,0.079693,0.007980,0.040508,0.004056
89.05483,0.508248,0.079692,0.007980,0.040503,0.004056
89.06056,0.508198,0.079691,0.007981,0.040499,0.004056
89.06629,0.508148,0.079690,0.007981,0.040495,0.004055
89.07202,0.508098,0.079690,0.007981,0.040490,0.004055
89.07775,0.508048,0.079689,0.007981,0.040486,0.004055
89.08348,0.507998,0.079688,0.007982,0.040481,0.004055
89.08921,0.507948,0.079687,0.007982,0.040477,0.004054
89.09494,0.507898,0.079687,0.007982,0.040473,0.004054
89.10067,0.507848,0.079686,0.007983,0.040468,0.004054
89.10640,0.507798,0.079685,0.007983,0.040464,0.004054
89.11213,0.507748,0.079684,0.007983,0.040459,0.004053
89.11786,0.507698,0.079683,0.007983,0.040455,0.004053
89.12359,0.507648,0.079683,0.007984,0.040451,0.004053
89.12931,0.507598,0.079682,0.007984,0.040446,0.004053
89.13504,0.507548,0.079681,0.007984,0.040442,0.004052
89.14077,0.507498,0.079680,0.007985,0.040438,0.004052
89.14650,0.507448,0.079680,0.007985,0.040433,0.004052
89.15223,0.507398,0.079679,0.007985,0.040429,0.004052
89.15796,0.507348,0.079678,0.007985,0.040425,0.004051
89.16369,0.507298,0.079678,0.007986,0.040420,0.004051
89.16942,0.507248,0.079677,0.007986,0.040416,0.004051
89.17515,0.507198,0.079676,0.007986,0.040412,0.004051
89.18088,0.507148,0.079675,0.007986,0.040407,0.004050
89.18661,0.507098,0.079675,0.007987,0.040403,0.004050
89.19234,0.507048,0.079674,0.007987,0.040399,0.004050
89.19807,0.506998,0.079673,0.007987,0.040394,0.004050
89.20380,0.506948,0.079673,0.007988,0.040390,0.004049
89.20953,0.506898,0.079672,0.007988,0.040386,0.004049
89.21526,0.506848,0.079671,0.007988,0.040381,0.004049
89.22099,0.506798,0.079671,0.007988,0.040377,0.004048
89.22672,0.506748,0.079670,0.007989,0.040373,0.004048
89.23245,0.506698,0.079669,0.007989,0.040368,0.004048
89.23818,0.506648,0.079669,0.007989,0.040364,0.004048
89.24391,0.506598,0.079668,0.007989,0.040360,0.004047
89.24964,0.506548,0.079667,0.007990,0.040355,0.004047
89.25537,0.506498,0.079667,0.007990,0.040351,0.004047
89.26109,0.506448,0.079666,0.007990,0.040347,0.004047
89.26682,0.506398,0.079665,0.007990,0.040342,0.004046
89.27255,0.506348,0.079665,0.007990,0.040338,0.004046
89.27828,0.506298,0.079664,0.007991,0.040334,0.004046
89.28401,0.506248,0.079663,0.007991,0.040329,0.004045
89.28974,0.506198,0.079663,0.007991,0.040325,0.004045
89.29547,0.506148,0.079662,0.007991,0.040321,0.004045
89.30120,0.506098,0.079662,0.007992,0.040317,0.004045
89.30693,0.506048,0.079661,0.007992,0.040312,0.004044
89.31266,0.505998,0.079660,0.007992,0.040308,0.004044
89.31839,0.505948,0.079660,0.007992,0.040304,0.004044
89.32412,0.505898,0.079659,0.007992,0.040299,0.004043
89.32985,0.505848,0.079659,0.007993,0.040295,0.004043
89.33558,0.505798,0.079658,0.007993,0.040291,0.004043
89.34131,0.505748,0.079658,0.007993,0.040287,0.004043
89.34704,0.505698,0.079657,0.007993,0.040282,0.004042
89.35277,0.505648,0.079656,0.007994,0.040278,0.004042
89.35850,0.505598,0.079656,0.007994,0.040274,0.004042
89.36423,0.505548,0.079655,0.007994,0.040270,0.004041
89.36996,0.505498,0.079655,0.007994,0.040265,0.004041
89.37569,0.505448,0.079654,0.007994,0.040261,0.004041
89.38142,0.505398,0.079654,0.007995,0.040257,0.004040
89.38715,0.505348,0.079653,0.007995,0.040253,0.004040
89.39288,0.505298,0.079653,0.007995,0.040248,0.004040
89.39860,0.505248,0.079652,0.007995,0.040244,0.004040
89.40433,0.505198,0.079652,0.007995,0.040240,0.004039
89.41006,0.505148,0.079651,0.007996,0.040236,0.004039
89.41579,0.505098,0.079651,0.007996,0.040231,0.004039
89.42152,0.505048,0.079650,0.007996,0.040227,0.004038
89.42725,0.504998,0.079650,0.007996,0.040223,0.004038
89.43298,0.504948,0.079649,0.007996,0.040219,0.004038
89.43871,0.504898,0.079649,0.007996,0.040214,0.004037
89.44444,0.504848,0.079648,0.007997,0.040210,0.004037
89.45017,0.504798,0.079648,0.007997,0.040206,0.004037
89.45590,0.504748,0.079647,0.007997,0.040202,0.004036
89.46163,0.504698,0.079647,0.007997,0.040198,0.004036
89.46736,0.504648,0.079646,0.007997,0.040193,0.004036
89.47309,0.504598,0.079646,0.007998,0.040189,0.004036
89.47882,0.504548,0.079645,0.007998,0.040185,0.004035
89.48455,0.504498,0.079645,0.007998,0.040181,0.004035
89.49028,0.504448,0.079644,0.007998,0.040176,0.004035
89.49601,0.504398,0.079644,0.007998,0.040172,0.004034
89.50174,0.504348,0.079644,0.007998,0.040168,0.004034
89.50747,0.504298,0.079643,0.007998,0.040164,0.004034
89.51320,0.504248,0.079643,0.007999,0.040160,0.004033
89.51893,0.504198,0.079642,0.007999,0.040155,0.004033
89.52466,0.504148,0.079642,0.007999,0.040151,0.004033
89.53039,0.504098,0.079641,0.007999,0.040147,0.004032
89.53611,0.504048,0.079641,0.007999,0.040143,0.004032
89.54184,0.503998,0.079641,0.007999,0.040139,0.004032
89.54757,0.503948,0.079640,0.008000,0.040135,0.004031
89.55330,0.503898,0.079640,0.008000,0.040130,0.004031
89.55903,0.503848,0.079639,0.008000,0.040126,0.004031
89.56476,0.503798,0.079639,0.008000,0.040122,0.004030
89.57049,0.503748,0.079639,0.008000,0.040118,0.004030
89.57622,0.503698,0.079638,0.008000,0.040114,0.004030
89.58195,0.503648,0.079638,0.008000,0.040110,0.004029
89.58768,0.503598,0.079638,0.008001,0.040105,0.004029
89.59341,0.503548,0.079637,0.008001,0.040101,0.004029
89.59914,0.503498,0.079637,0.008001,0.040097,0.004028
89.60487,0.503448,0.079637,0.008001,0.040093,0.004028
89.61060,0.503398,0.079636,0.008001,0.040089,0.004028
89.61633,0.503348,0.079636,0.008001,0.040085,0.004027
89.62206,0.503298,0.079636,0.008001,0.040080,0.004027
89.62779,0.503248,0.079635,0.008001,0.040076,0.004027
89.63352,0.503198,0.079635,0.008002,0.040072,0.004026
89.63925,0.503148,0.079635,0.008002,0.040068,0.004026
89.64498,0.503098,0.079634,0.008002,0.040064,0.004026
89.65071,0.503048,0.079634,0.008002,0.040060,0.004025
89.65644,0.502998,0.079634,0.008002,0.040056,0.004025
89.66217,0.502948,0.079633,0.008002,0.040051,0.004025
89.66789,0.502898,0.079633,0.008002,0.040047,0.004024
89.67362,0.502848,0.079633,0.008002,0.040043,0.004024
89.67935,0.502798,0.079633,0.008002,0.040039,0.004024
89.68508,0.502748,0.079632,0.008003,0.040035,0.004023
89.69081,0.502698,0.079632,0.008003,0.040031,0.004023
89.69654,0.502648,0.079632,0.008003,0.040027,0.004023
89.70227,0.502598,0.079632,0.008003,0.040023,0.004022
89.70800,0.502548,0.079631,0.008003,0.040019,0.004022
89.71373,0.502498,0.079631,0.008003,0.040014,0.004021
89.71946,0.502448,0.079631,0.008003,0.040010,0.004021
89.72519,0.502398,0.079631,0.008003,0.040006,0.004021
89.73092,0.502348,0.079630,0.008003,0.040002,0.004020
89.73665,0.502298,0.079630,0.008003,0.039998,0.004020
89.74238,0.502248,0.079630,0.008003,0.039994,0.004020
89.74811,0.502198,0.079630,0.008004,0.039990,0.004019
89.75384,0.502148,0.079629,0.008004,0.039986,0.004019
89.75957,0.502098,0.079629,0.008004,0.039982,0.004019
89.76530,0.502048,0.079629,0.008004,0.039978,0.004018
89.77103,0.501998,0.079629,0.008004,0.039974,0.004018
89.77676,0.501948,0.079629,0.008004,0.039969,0.004018
89.78249,0.501898,0.079628,0.008004,0.039965,0.004017
89.78822,0.501848,0.079628,0.008004,0.039961,0.004017
89.79395,0.501798,0.079628,0.008004,0.039957,0.004016
89.79968,0.501748,0.079628,0.008004,0.039953,0.004016
89.80540,0.501698,0.079628,0.008004,0.039949,0.004016
89.81113,0.501648,0.079628,0.008004,0.039945,0.004015
89.81686,0.501598,0.079627,0.008004,0.039941,0.004015
89.82259,0.501548,0.079627,0.008004,0.039937,0.004015
89.82832,0.501498,0.079627,0.008004,0.039933,0.004014
89.83405,0.501448,0.079627,0.008005,0.039929,0.004014
89.83978,0.501398,0.079627,0.008005,0.039925,0.004013
89.84551,0.501348,0.079627,0.008005,0.039921,0.004013
89.85124,0.501298,0.079627,0.008005,0.039917,0.004013
89.85697,0.501248,0.079626,0.008005,0.039913,0.004012
89.86270,0.501198,0.079626,0.008005,0.039909,0.004012
89.86843,0.501148,0.079626,0.008005,0.039904,0.004012
89.87416,0.501098,0.079626,0.008005,0.039900,0.004011
89.87989,0.501048,0.079626,0.008005,0.039896,0.004011
89.88562,0.500998,0.079626,0.008005,0.039892,0.004010
89.89135,0.500948,0.079626,0.008005,0.039888,0.004010
89.89708,0.500898,0.079626,0.008005,0.039884,0.004010
89.90281,0.500848,0.079626,0.008005,0.039880,0.004009
89.90854,0.500798,0.079625,0.008005,0.039876,0.004009
89.91427,0.500748,0.079625,0.008005,0.039872,0.004009
89.92000,0.500698,0.079625,0.008005,0.039868,0.004008
89.92573,0.500648,0.079625,0.008005,0.039864,0.004008
89.93146,0.500598,0.079625,0.008005,0.039860,0.004007
89.93719,0.500548,0.079625,0.008005,0.039856,0.004007
89.94291,0.500498,0.079625,0.008005,0.039852,0.004007
89.94864,0.500448,0.079625,0.008005,0.039848,0.004006
89.95437,0.500398,0.079625,0.008005,0.039844,0.004006
89.96010,0.500348,0.079625,0.008005,0.039840,0.004005
89.96583,0.500298,0.079625,0.008005,0.039836,0.004005
89.97156,0.500248,0.079625,0.008005,0.039832,0.004005
89.97729,0.500198,0.079625,0.008005,0.039828,0.004004
89.98302,0.500148,0.079625,0.008005,0.039824,0.004004
89.98875,0.500098,0.079625,0.008005,0.039820,0.004003
89.99448,0.500048,0.079625,0.008005,0.039816,0.004003
90.00021,0.499998,0.079625,0.008005,0.039812,0.004003
