theta_deg,FH_single,FE_single,FH_double,FE_double
0.00000,1.000000,1.000000,1.000000,1.000000
0.00573,1.000000,1.000000,0.999999,0.999999
0.01146,1.000000,1.000000,0.999997,0.999997
0.01719,0.999999,0.999999,0.999994,0.999994
0.02292,0.999999,0.999999,0.999990,0.999990
0.02865,0.999999,0.999998,0.999984,0.999984
0.03438,0.999998,0.999998,0.999977,0.999977
0.04011,0.999997,0.999997,0.999969,0.999969
0.04584,0.999996,0.999996,0.999959,0.999959
0.05157,0.999995,0.999995,0.999949,0.999948
0.05730,0.999994,0.999994,0.999937,0.999936
0.06303,0.999993,0.999992,0.999923,0.999923
0.06875,0.999992,0.999991,0.999909,0.999908
0.07448,0.999990,0.999989,0.999893,0.999892
0.08021,0.999989,0.999988,0.999876,0.999875
0.08594,0.999987,0.999986,0.999858,0.999856
0.09167,0.999985,0.999984,0.999838,0.999837
0.09740,0.999983,0.999982,0.999817,0.999816
0.10313,0.999981,0.999980,0.999795,0.999793
0.10886,0.999979,0.999977,0.999771,0.999770
0.11459,0.999977,0.999975,0.999747,0.999745
0.12032,0.999975,0.999972,0.999721,0.999719
0.12605,0.999972,0.999970,0.999694,0.999691
0.13178,0.999969,0.999967,0.999665,0.999662
0.13751,0.999967,0.999964,0.999635,0.999632
0.14324,0.999964,0.999961,0.999604,0.999601
0.14897,0.999961,0.999958,0.999572,0.999569
0.15470,0.999958,0.999954,0.999538,0.999535
0.16043,0.999955,0.999951,0.999504,0.999500
0.16616,0.999951,0.999947,0.999468,0.999463
0.17189,0.999948,0.999943,0.999430,0.999426
0.17762,0.999944,0.999940,0.999392,0.999387
0.18335,0.999941,0.999936,0.999352,0.999347
0.18908,0.999937,0.999932,0.999311,0.999305
0.19481,0.999933,0.999927,0.999268,0.999262
0.20054,0.999929,0.999923,0.999224,0.999218
0.20626,0.999925,0.999919,0.999180,0.999173
0.21199,0.999921,0.999914,0.999133,0.999126
0.21772,0.999917,0.999909,0.999086,0.999079
0.22345,0.999912,0.999904,0.999037,0.999030
0.22918,0.999908,0.999900,0.998987,0.998979
0.23491,0.999903,0.999894,0.998936,0.998927
0.24064,0.999898,0.999889,0.998883,0.998875
0.24637,0.999893,0.999884,0.998830,0.998820
0.25210,0.999888,0.999878,0.998774,0.998765
0.25783,0.999883,0.999873,0.998718,0.998708
0.26356,0.999878,0.999867,0.998661,0.998650
0.26929,0.999872,0.999861,0.998602,0.998591
0.27502,0.999867,0.999855,0.998542,0.998530
0.28075,0.999861,0.999849,0.998480,0.998468
0.28648,0.999855,0.999843,0.998418,0.998405
0.29221,0.999850,0.999837,0.998354,0.998341
0.29794,0.999844,0.999830,0.998289,0.998275
0.30367,0.999838,0.999824,0.998222,0.998208
0.30940,0.999831,0.999817,0.998154,0.998140
0.31513,0.999825,0.999810,0.998085,0.998070
0.32086,0.999819,0.999803,0.998015,0.998000
0.32659,0.999812,0.999796,0.997944,0.997928
0.33232,0.999806,0.999789,0.997871,0.997854
0.33805,0.999799,0.999781,0.997797,0.997780
0.34377,0.999792,0.999774,0.997722,0.997704
0.34950,0.999785,0.999766,0.997645,0.997627
0.35523,0.999778,0.999759,0.997567,0.997548
0.36096,0.999771,0.999751,0.997488,0.997468
0.36669,0.999763,0.999743,0.997408,0.997388
0.37242,0.999756,0.999735,0.997326,0.997305
0.37815,0.999748,0.999726,0.997244,0.997222
0.38388,0.999740,0.999718,0.997159,0.997137
0.38961,0.999733,0.999710,0.997074,0.997051
0.39534,0.999725,0.999701,0.996987,0.996964
0.40107,0.999717,0.999692,0.996900,0.996875
0.40680,0.999709,0.999683,0.996810,0.996785
0.41253,0.999700,0.999674,0.996720,0.996694
0.41826,0.999692,0.999665,0.996628,0.996602
0.42399,0.999683,0.999656,0.996535,0.996508
0.42972,0.999675,0.999647,0.996441,0.996413
0.43545,0.999666,0.999637,0.996346,0.996317
0.44118,0.999657,0.999628,0.996249,0.996219
0.44691,0.999648,0.999618,0.996151,0.996121
0.45264,0.999639,0.999608,0.996052,0.996021
0.45837,0.999630,0.999598,0.995951,0.995919
0.46410,0.999621,0.999588,0.995850,0.995817
0.46983,0.999611,0.999578,0.995746,0.995713
0.47555,0.999602,0.999567,0.995642,0.995608
0.48128,0.999592,0.999557,0.995537,0.995502
0.48701,0.999582,0.999546,0.995430,0.995394
0.49274,0.999572,0.999535,0.995322,0.995285
0.49847,0.999562,0.999525,0.995213,0.995175
0.50420,0.999552,0.999514,0.995102,0.995063
0.50993,0.999542,0.999502,0.994990,0.994951
0.51566,0.999532,0.999491,0.994877,0.994837
0.52139,0.999521,0.999480,0.994763,0.994722
0.52712,0.999511,0.999468,0.994647,0.994605
0.53285,0.999500,0.999457,0.994530,0.994487
0.53858,0.999489,0.999445,0.994412,0.994368
0.54431,0.999478,0.999433,0.994293,0.994248
0.55004,0.999467,0.999421,0.994172,0.994126
0.55577,0.999456,0.999409,0.994050,0.994003
0.56150,0.999445,0.999397,0.993927,0.993879
0.56723,0.999433,0.999384,0.993803,0.993754
0.57296,0.999422,0.999372,0.993677,0.993627
0.57869,0.999410,0.999359,0.993550,0.993499
0.58442,0.999399,0.999347,0.993422,0.993370
0.59015,0.999387,0.999334,0.993293,0.993240
0.59588,0.999375,0.999321,0.993162,0.993108
0.60161,0.999363,0.999308,0.993030,0.992975
0.60734,0.999350,0.999294,0.992897,0.992841
0.61306,0.999338,0.999281,0.992762,0.992706
0.61879,0.999326,0.999267,0.992627,0.992569
0.62452,0.999313,0.999254,0.992490,0.992431
0.63025,0.999300,0.999240,0.992352,0.992291
0.63598,0.999288,0.999226,0.992212,0.992151
0.64171,0.999275,0.999212,0.992071,0.992009
0.64744,0.999262,0.999198,0.991929,0.991866
0.65317,0.999249,0.999184,0.991786,0.991722
0.65890,0.999235,0.999169,0.991642,0.991576
0.66463,0.999222,0.999155,0.991496,0.991429
0.67036,0.999209,0.999140,0.991349,0.991281
0.67609,0.999195,0.999125,0.991201,0.991132
0.68182,0.999181,0.999111,0.991051,0.990981
0.68755,0.999167,0.999096,0.990901,0.990829
0.69328,0.999154,0.999080,0.990749,0.990676
0.69901,0.999139,0.999065,0.990595,0.990522
0.70474,0.999125,0.999050,0.990441,0.990366
0.71047,0.999111,0.999034,0.990285,0.990209
0.71620,0.999097,0.999019,0.990128,0.990051
0.72193,0.999082,0.999003,0.989970,0.989891
0.72766,0.999067,0.998987,0.989811,0.989731
0.73339,0.999053,0.998971,0.989650,0.989569
0.73912,0.999038,0.998955,0.989488,0.989406
0.74485,0.999023,0.998938,0.989325,0.989241
0.75057,0.999008,0.998922,0.989160,0.989075
0.75630,0.998993,0.998906,0.988994,0.988908
0.76203,0.998977,0.998889,0.988828,0.988740
0.76776,0.998962,0.998872,0.988659,0.988571
0.77349,0.998946,0.998855,0.988490,0.988400
0.77922,0.998931,0.998838,0.988319,0.988228
0.78495,0.998915,0.998821,0.988147,0.988054
0.79068,0.998899,0.998804,0.987974,0.987880
0.79641,0.998883,0.998786,0.987800,0.987704
0.80214,0.998867,0.998769,0.987624,0.987527
0.80787,0.998850,0.998751,0.987447,0.987349
0.81360,0.998834,0.998733,0.987269,0.987169
0.81933,0.998818,0.998716,0.987089,0.986988
0.82506,0.998801,0.998697,0.986909,0.986806
0.83079,0.998784,0.998679,0.986727,0.986623
0.83652,0.998767,0.998661,0.986544,0.986438
0.84225,0.998751,0.998643,0.986359,0.986253
0.84798,0.998733,0.998624,0.986174,0.986066
0.85371,0.998716,0.998605,0.985987,0.985877
0.85944,0.998699,0.998587,0.985799,0.985688
0.86517,0.998682,0.998568,0.985609,0.985497
0.87090,0.998664,0.998549,0.985419,0.985305
0.87663,0.998646,0.998530,0.985227,0.985111
0.88236,0.998629,0.998510,0.985034,0.984917
0.88808,0.998611,0.998491,0.984839,0.984721
0.89381,0.998593,0.998471,0.984644,0.984524
0.89954,0.998575,0.998452,0.984447,0.984326
0.90527,0.998557,0.998432,0.984249,0.984126
0.91100,0.998538,0.998412,0.984050,0.983925
0.91673,0.998520,0.998392,0.983849,0.983723
0.92246,0.998501,0.998372,0.983647,0.983520
0.92819,0.998482,0.998351,0.983444,0.983315
0.93392,0.998464,0.998331,0.983240,0.983109
0.93965,0.998445,0.998310,0.983034,0.982902
0.94538,0.998426,0.998290,0.982828,0.982694
0.95111,0.998407,0.998269,0.982620,0.982484
0.95684,0.998387,0.998248,0.982411,0.982274
0.96257,0.998368,0.998227,0.982200,0.982062
0.96830,0.998348,0.998206,0.981988,0.981848
0.97403,0.998329,0.998185,0.981776,0.981634
0.97976,0.998309,0.998163,0.981561,0.981418
0.98549,0.998289,0.998142,0.981346,0.981201
0.99122,0.998269,0.998120,0.981129,0.980983
0.99695,0.998249,0.998098,0.980912,0.980763
1.00268,0.998229,0.998076,0.980692,0.980542
1.00841,0.998209,0.998054,0.980472,0.980320
1.01414,0.998188,0.998032,0.980251,0.980097
1.01986,0.998168,0.998010,0.980028,0.979873
1.02559,0.998147,0.997987,0.979804,0.979647
1.03132,0.998126,0.997965,0.979579,0.979420
1.03705,0.998105,0.997942,0.979352,0.979192
1.04278,0.998084,0.997919,0.979124,0.978962
1.04851,0.998063,0.997896,0.978895,0.978732
1.05424,0.998042,0.997873,0.978665,0.978500
1.05997,0.998021,0.997850,0.978434,0.978266
1.06570,0.997999,0.997827,0.978201,0.978032
1.07143,0.997978,0.997803,0.977967,0.977796
1.07716,0.997956,0.997780,0.977732,0.977559
1.08289,0.997934,0.997756,0.977496,0.977321
1.08862,0.997912,0.997732,0.977258,0.977082
1.09435,0.997890,0.997708,0.977020,0.976841
1.10008,0.997868,0.997684,0.976780,0.976600
1.10581,0.997846,0.997660,0.976538,0.976357
1.11154,0.997823,0.997636,0.976296,0.976112
1.11727,0.997801,0.997611,0.976052,0.975867
1.12300,0.997778,0.997587,0.975807,0.975620
1.12873,0.997756,0.997562,0.975561,0.975372
1.13446,0.997733,0.997537,0.975314,0.975123
1.14019,0.997710,0.997512,0.975065,0.974872
1.14592,0.997687,0.997487,0.974815,0.974621
1.15165,0.997663,0.997462,0.974564,0.974368
1.15737,0.997640,0.997437,0.974312,0.974113
1.16310,0.997617,0.997411,0.974059,0.973858
1.16883,0.997593,0.997386,0.973804,0.973601
1.17456,0.997569,0.997360,0.973548,0.973344
1.18029,0.997546,0.997334,0.973291,0.973084
1.18602,0.997522,0.997308,0.973033,0.972824
1.19175,0.997498,0.997282,0.972773,0.972563
1.19748,0.997474,0.997256,0.972512,0.972300
1.20321,0.997449,0.997229,0.972250,0.972036
1.20894,0.997425,0.997203,0.971987,0.971771
1.21467,0.997401,0.997176,0.971722,0.971504
1.22040,0.997376,0.997150,0.971457,0.971236
1.22613,0.997351,0.997123,0.971190,0.970968
1.23186,0.997326,0.997096,0.970922,0.970697
1.23759,0.997301,0.997069,0.970652,0.970426
1.24332,0.997276,0.997042,0.970382,0.970153
1.24905,0.997251,0.997014,0.970110,0.969880
1.25478,0.997226,0.996987,0.969837,0.969605
1.26051,0.997201,0.996959,0.969563,0.969328
1.26624,0.997175,0.996932,0.969288,0.969051
1.27197,0.997149,0.996904,0.969011,0.968772
1.27770,0.997124,0.996876,0.968733,0.968492
1.28343,0.997098,0.996848,0.968454,0.968211
1.28916,0.997072,0.996819,0.968174,0.967929
1.29488,0.997046,0.996791,0.967892,0.967645
1.30061,0.997019,0.996763,0.967610,0.967360
1.30634,0.996993,0.996734,0.967326,0.967074
1.31207,0.996967,0.996705,0.967041,0.966787
1.31780,0.996940,0.996676,0.966754,0.966499
1.32353,0.996913,0.996647,0.966467,0.966209
1.32926,0.996887,0.996618,0.966178,0.965918
1.33499,0.996860,0.996589,0.965888,0.965626
1.34072,0.996833,0.996560,0.965597,0.965333
1.34645,0.996805,0.996530,0.965305,0.965038
1.35218,0.996778,0.996501,0.965011,0.964742
1.35791,0.996751,0.996471,0.964716,0.964445
1.36364,0.996723,0.996441,0.964420,0.964147
1.36937,0.996696,0.996411,0.964123,0.963848
1.37510,0.996668,0.996381,0.963825,0.963547
1.38083,0.996640,0.996351,0.963525,0.963245
1.38656,0.996612,0.996320,0.963224,0.962942
1.39229,0.996584,0.996290,0.962922,0.962638
1.39802,0.996556,0.996259,0.962619,0.962332
1.40375,0.996528,0.996229,0.962315,0.962026
1.40948,0.996499,0.996198,0.962009,0.961718
1.41521,0.996471,0.996167,0.961702,0.961409
1.42094,0.996442,0.996136,0.961394,0.961098
1.42666,0.996413,0.996104,0.961085,0.960787
1.43239,0.996384,0.996073,0.960774,0.960474
1.43812,0.996355,0.996041,0.960463,0.960160
1.44385,0.996326,0.996010,0.960150,0.959845
1.44958,0.996297,0.995978,0.959836,0.959529
1.45531,0.996268,0.995946,0.959521,0.959211
1.46104,0.996238,0.995914,0.959204,0.958893
1.46677,0.996209,0.995882,0.958887,0.958573
1.47250,0.996179,0.995850,0.958568,0.958251
1.47823,0.996149,0.995818,0.958248,0.957929
1.48396,0.996119,0.995785,0.957927,0.957605
1.48969,0.996089,0.995752,0.957604,0.957281
1.49542,0.996059,0.995720,0.957281,0.956955
1.50115,0.996029,0.995687,0.956956,0.956628
1.50688,0.995998,0.995654,0.956630,0.956299
1.51261,0.995968,0.995621,0.956303,0.955970
1.51834,0.995937,0.995587,0.955974,0.955639
1.52407,0.995906,0.995554,0.955645,0.955307
1.52980,0.995875,0.995520,0.955314,0.954974
1.53553,0.995844,0.995487,0.954982,0.954639
1.54126,0.995813,0.995453,0.954649,0.954304
1.54699,0.995782,0.995419,0.954315,0.953967
1.55272,0.995751,0.995385,0.953979,0.953629
1.55845,0.995719,0.995351,0.953643,0.953290
1.56417,0.995688,0.995317,0.953305,0.952949
1.56990,0.995656,0.995282,0.952966,0.952608
1.57563,0.995624,0.995248,0.952625,0.952265
1.58136,0.995592,0.995213,0.952284,0.951921
1.58709,0.995560,0.995178,0.951941,0.951576
1.59282,0.995528,0.995144,0.951597,0.951230
1.59855,0.995496,0.995109,0.951252,0.950882
1.60428,0.995464,0.995073,0.950906,0.950534
1.61001,0.995431,0.995038,0.950559,0.950184
1.61574,0.995399,0.995003,0.950210,0.949833
1.62147,0.995366,0.994967,0.949861,0.949480
1.62720,0.995333,0.994932,0.949510,0.949127
1.63293,0.995300,0.994896,0.949158,0.948772
1.63866,0.995267,0.994860,0.948804,0.948416
1.64439,0.995234,0.994824,0.948450,0.948059
1.65012,0.995200,0.994788,0.948094,0.947701
1.65585,0.995167,0.994751,0.947737,0.947342
1.66158,0.995133,0.994715,0.947380,0.946981
1.66731,0.995100,0.994678,0.947020,0.946619
1.67304,0.995066,0.994642,0.946660,0.946256
1.67877,0.995032,0.994605,0.946298,0.945892
1.68450,0.994998,0.994568,0.945936,0.945527
1.69023,0.994964,0.994531,0.945572,0.945161
1.69596,0.994930,0.994494,0.945207,0.944793
1.70168,0.994895,0.994457,0.944841,0.944424
1.70741,0.994861,0.994419,0.944473,0.944054
1.71314,0.994826,0.994382,0.944105,0.943683
1.71887,0.994792,0.994344,0.943735,0.943310
1.72460,0.994757,0.994306,0.943364,0.942937
1.73033,0.994722,0.994268,0.942992,0.942562
1.73606,0.994687,0.994230,0.942619,0.942186
1.74179,0.994652,0.994192,0.942244,0.941809
1.74752,0.994616,0.994154,0.941869,0.941431
1.75325,0.994581,0.994115,0.941492,0.941051
1.75898,0.994545,0.994077,0.941114,0.940671
1.76471,0.994510,0.994038,0.940735,0.940289
1.77044,0.994474,0.993999,0.940355,0.939906
1.77617,0.994438,0.993960,0.939973,0.939522
1.78190,0.994402,0.993921,0.939591,0.939137
1.78763,0.994366,0.993882,0.939207,0.938750
1.79336,0.994330,0.993843,0.938822,0.938362
1.79909,0.994294,0.993803,0.938436,0.937974
1.80482,0.994257,0.993764,0.938049,0.937584
1.81055,0.994221,0.993724,0.937661,0.937193
1.81628,0.994184,0.993684,0.937271,0.936800
1.82201,0.994147,0.993644,0.936880,0.936407
1.82774,0.994110,0.993604,0.936489,0.936012
1.83346,0.994073,0.993564,0.936095,0.935616
1.83919,0.994036,0.993524,0.935701,0.935219
1.84492,0.993999,0.993483,0.935306,0.934821
1.85065,0.993961,0.993443,0.934909,0.934422
1.85638,0.993924,0.993402,0.934512,0.934021
1.86211,0.993886,0.993361,0.934113,0.933620
1.86784,0.993849,0.993320,0.933713,0.933217
1.87357,0.993811,0.993279,0.933312,0.932813
1.87930,0.993773,0.993238,0.932910,0.932408
1.88503,0.993735,0.993197,0.932506,0.932002
1.89076,0.993696,0.993155,0.932102,0.931594
1.89649,0.993658,0.993114,0.931696,0.931186
1.90222,0.993620,0.993072,0.931289,0.930776
1.90795,0.993581,0.993030,0.930881,0.930365
1.91368,0.993542,0.992988,0.930472,0.929953
1.91941,0.993504,0.992946,0.930062,0.929540
1.92514,0.993465,0.992904,0.929650,0.929125
1.93087,0.993426,0.992862,0.929238,0.928710
1.93660,0.993387,0.992819,0.928824,0.928293
1.94233,0.993347,0.992777,0.928409,0.927875
1.94806,0.993308,0.992734,0.927993,0.927456
1.95379,0.993269,0.992691,0.927576,0.927036
1.95952,0.993229,0.992648,0.927157,0.926615
1.96525,0.993189,0.992605,0.926738,0.926193
1.97097,0.993149,0.992562,0.926317,0.925769
1.97670,0.993109,0.992519,0.925895,0.925344
1.98243,0.993069,0.992475,0.925472,0.924919
1.98816,0.993029,0.992431,0.925048,0.924492
1.99389,0.992989,0.992388,0.924623,0.924063
1.99962,0.992949,0.992344,0.924197,0.923634
2.00535,0.992908,0.992300,0.923769,0.923204
2.01108,0.992867,0.992256,0.923341,0.922772
2.01681,0.992827,0.992212,0.922911,0.922339
2.02254,0.992786,0.992167,0.922480,0.921906
2.02827,0.992745,0.992123,0.922048,0.921471
2.03400,0.992704,0.992078,0.921615,0.921034
2.03973,0.992662,0.992033,0.921181,0.920597
2.04546,0.992621,0.991989,0.920745,0.920159
2.05119,0.992580,0.991944,0.920309,0.919719
2.05692,0.992538,0.991898,0.919871,0.919279
2.06265,0.992496,0.991853,0.919432,0.918837
2.06838,0.992454,0.991808,0.918993,0.918394
2.07411,0.992413,0.991762,0.918551,0.917950
2.07984,0.992370,0.991717,0.918109,0.917504
2.08557,0.992328,0.991671,0.917666,0.917058
2.09130,0.992286,0.991625,0.917222,0.916611
2.09703,0.992244,0.991579,0.916776,0.916162
2.10276,0.992201,0.991533,0.916329,0.915712
2.10848,0.992159,0.991487,0.915881,0.915261
2.11421,0.992116,0.991440,0.915433,0.914809
2.11994,0.992073,0.991394,0.914982,0.914356
2.12567,0.992030,0.991347,0.914531,0.913902
2.13140,0.991987,0.991301,0.914079,0.913447
2.13713,0.991944,0.991254,0.913626,0.912990
2.14286,0.991900,0.991207,0.913171,0.912532
2.14859,0.991857,0.991160,0.912715,0.912074
2.15432,0.991813,0.991112,0.912259,0.911614
2.16005,0.991770,0.991065,0.911801,0.911153
2.16578,0.991726,0.991017,0.911342,0.910691
2.17151,0.991682,0.990970,0.910882,0.910227
2.17724,0.991638,0.990922,0.910420,0.909763
2.18297,0.991594,0.990874,0.909958,0.909298
2.18870,0.991549,0.990826,0.909494,0.908831
2.19443,0.991505,0.990778,0.909030,0.908363
2.20016,0.991461,0.990730,0.908564,0.907894
2.20589,0.991416,0.990681,0.908097,0.907424
2.21162,0.991371,0.990633,0.907629,0.906953
2.21735,0.991326,0.990584,0.907160,0.906481
2.22308,0.991281,0.990535,0.906690,0.906008
2.22881,0.991236,0.990486,0.906219,0.905533
2.23454,0.991191,0.990437,0.905747,0.905058
2.24026,0.991146,0.990388,0.905273,0.904581
2.24599,0.991100,0.990339,0.904799,0.904104
2.25172,0.991055,0.990290,0.904323,0.903625
2.25745,0.991009,0.990240,0.903846,0.903145
2.26318,0.990963,0.990190,0.903368,0.902664
2.26891,0.990917,0.990141,0.902889,0.902181
2.27464,0.990871,0.990091,0.902409,0.901698
2.28037,0.990825,0.990041,0.901928,0.901214
2.28610,0.990779,0.989990,0.901446,0.900728
2.29183,0.990733,0.989940,0.900962,0.900242
2.29756,0.990686,0.989890,0.900478,0.899754
2.30329,0.990640,0.989839,0.899992,0.899265
2.30902,0.990593,0.989789,0.899506,0.898775
2.31475,0.990546,0.989738,0.899018,0.898284
2.32048,0.990499,0.989687,0.898529,0.897792
2.32621,0.990452,0.989636,0.898039,0.897299
2.33194,0.990405,0.989585,0.897548,0.896805
2.33767,0.990357,0.989533,0.897056,0.896309
2.34340,0.990310,0.989482,0.896563,0.895813
2.34913,0.990263,0.989430,0.896068,0.895315
2.35486,0.990215,0.989379,0.895573,0.894817
2.36059,0.990167,0.989327,0.895076,0.894317
2.36632,0.990119,0.989275,0.894579,0.893816
2.37205,0.990071,0.989223,0.894080,0.893314
2.37777,0.990023,0.989171,0.893580,0.892811
2.38350,0.989975,0.989118,0.893079,0.892307
2.38923,0.989926,0.989066,0.892577,0.891802
2.39496,0.989878,0.989013,0.892074,0.891295
2.40069,0.989829,0.988961,0.891570,0.890788
2.40642,0.989781,0.988908,0.891065,0.890279
2.41215,0.989732,0.988855,0.890559,0.889770
2.41788,0.989683,0.988802,0.890052,0.889259
2.42361,0.989634,0.988749,0.889543,0.888747
2.42934,0.989585,0.988695,0.889034,0.888235
2.43507,0.989535,0.988642,0.888523,0.887721
2.44080,0.989486,0.988588,0.888011,0.887206
2.44653,0.989436,0.988535,0.887499,0.886690
2.45226,0.989387,0.988481,0.886985,0.886172
2.45799,0.989337,0.988427,0.886470,0.885654
2.46372,0.989287,0.988373,0.885954,0.885135
2.46945,0.989237,0.988318,0.885437,0.884615
2.47518,0.989187,0.988264,0.884919,0.884093
2.48091,0.989137,0.988210,0.884400,0.883571
2.48664,0.989086,0.988155,0.883879,0.883047
2.49237,0.989036,0.988100,0.883358,0.882522
2.49810,0.988985,0.988046,0.882836,0.881997
2.50383,0.988935,0.987991,0.882312,0.881470
2.50956,0.988884,0.987935,0.881788,0.880942
2.51528,0.988833,0.987880,0.881262,0.880413
2.52101,0.988782,0.987825,0.880735,0.879883
2.52674,0.988731,0.987769,0.880208,0.879352
2.53247,0.988679,0.987714,0.879679,0.878820
2.53820,0.988628,0.987658,0.879149,0.878286
2.54393,0.988576,0.987602,0.878618,0.877752
2.54966,0.988525,0.987546,0.878086,0.877217
2.55539,0.988473,0.987490,0.877553,0.876680
2.56112,0.988421,0.987434,0.877019,0.876143
2.56685,0.988369,0.987378,0.876484,0.875604
2.57258,0.988317,0.987321,0.875948,0.875065
2.57831,0.988265,0.987264,0.875410,0.874524
2.58404,0.988213,0.987208,0.874872,0.873982
2.58977,0.988160,0.987151,0.874333,0.873440
2.59550,0.988107,0.987094,0.873792,0.872896
2.60123,0.988055,0.987037,0.873251,0.872351
2.60696,0.988002,0.986979,0.872708,0.871805
2.61269,0.987949,0.986922,0.872165,0.871258
2.61842,0.987896,0.986865,0.871620,0.870710
2.62415,0.987843,0.986807,0.871074,0.870161
2.62988,0.987790,0.986749,0.870528,0.869611
2.63561,0.987736,0.986691,0.869980,0.869060
2.64134,0.987683,0.986633,0.869431,0.868507
2.64707,0.987629,0.986575,0.868881,0.867954
2.65279,0.987575,0.986517,0.868330,0.867400
2.65852,0.987521,0.986458,0.867778,0.866844
2.66425,0.987467,0.986400,0.867225,0.866288
2.66998,0.987413,0.986341,0.866671,0.865730
2.67571,0.987359,0.986283,0.866116,0.865172
2.68144,0.987305,0.986224,0.865560,0.864612
2.68717,0.987250,0.986165,0.865003,0.864052
2.69290,0.987196,0.986105,0.864445,0.863490
2.69863,0.987141,0.986046,0.863886,0.862928
2.70436,0.987086,0.985987,0.863325,0.862364
2.71009,0.987031,0.985927,0.862764,0.861799
2.71582,0.986976,0.985868,0.862202,0.861233
2.72155,0.986921,0.985808,0.861638,0.860666
2.72728,0.986866,0.985748,0.861074,0.860099
2.73301,0.986810,0.985688,0.860509,0.859530
2.73874,0.986755,0.985628,0.859942,0.858960
2.74447,0.986699,0.985567,0.859375,0.858389
2.75020,0.986643,0.985507,0.858806,0.857817
2.75593,0.986588,0.985446,0.858237,0.857244
2.76166,0.986532,0.985386,0.857666,0.856670
2.76739,0.986475,0.985325,0.857094,0.856095
2.77312,0.986419,0.985264,0.856522,0.855519
2.77885,0.986363,0.985203,0.855948,0.854942
2.78457,0.986306,0.985142,0.855374,0.854364
2.79030,0.986250,0.985081,0.854798,0.853784
2.79603,0.986193,0.985019,0.854221,0.853204
2.80176,0.986136,0.984958,0.853643,0.852623
2.80749,0.986079,0.984896,0.853065,0.852041
2.81322,0.986022,0.984834,0.852485,0.851458
2.81895,0.985965,0.984772,0.851904,0.850873
2.82468,0.985908,0.984710,0.851322,0.850288
2.83041,0.985851,0.984648,0.850740,0.849702
2.83614,0.985793,0.984586,0.850156,0.849114
2.84187,0.985735,0.984523,0.849571,0.848526
2.84760,0.985678,0.984461,0.848985,0.847937
2.85333,0.985620,0.984398,0.848398,0.847346
2.85906,0.985562,0.984335,0.847810,0.846755
2.86479,0.985504,0.984272,0.847222,0.846163
2.87052,0.985445,0.984209,0.846632,0.845569
2.87625,0.985387,0.984146,0.846041,0.844975
2.88198,0.985329,0.984082,0.845449,0.844380
2.88771,0.985270,0.984019,0.844856,0.843783
2.89344,0.985211,0.983955,0.844262,0.843186
2.89917,0.985153,0.983892,0.843667,0.842587
2.90490,0.985094,0.983828,0.843071,0.841988
2.91063,0.985035,0.983764,0.842474,0.841388
2.91636,0.984975,0.983700,0.841877,0.840786
2.92208,0.984916,0.983636,0.841278,0.840184
2.92781,0.984857,0.983571,0.840678,0.839580
2.93354,0.984797,0.983507,0.840077,0.838976
2.93927,0.984738,0.983442,0.839475,0.838371
2.94500,0.984678,0.983377,0.838872,0.837764
2.95073,0.984618,0.983313,0.838268,0.837157
2.95646,0.984558,0.983248,0.837663,0.836549
2.96219,0.984498,0.983182,0.837058,0.835939
2.96792,0.984438,0.983117,0.836451,0.835329
2.97365,0.984377,0.983052,0.835843,0.834717
2.97938,0.984317,0.982986,0.835234,0.834105
2.98511,0.984256,0.982921,0.834624,0.833492
2.99084,0.984196,0.982855,0.834013,0.832877
2.99657,0.984135,0.982789,0.833402,0.832262
3.00230,0.984074,0.982723,0.832789,0.831646
3.00803,0.984013,0.982657,0.832175,0.831029
3.01376,0.983952,0.982591,0.831560,0.830410
3.01949,0.983890,0.982524,0.830945,0.829791
3.02522,0.983829,0.982458,0.830328,0.829171
3.03095,0.983767,0.982391,0.829710,0.828550
3.03668,0.983706,0.982325,0.829092,0.827928
3.04241,0.983644,0.982258,0.828472,0.827304
3.04814,0.983582,0.982191,0.827852,0.826680
3.05387,0.983520,0.982123,0.827230,0.826055
3.05959,0.983458,0.982056,0.826607,0.825429
3.06532,0.983396,0.981989,0.825984,0.824802
3.07105,0.983334,0.981921,0.825359,0.824174
3.07678,0.983271,0.981854,0.824734,0.823545
3.08251,0.983208,0.981786,0.824108,0.822915
3.08824,0.983146,0.981718,0.823480,0.822284
3.09397,0.983083,0.981650,0.822852,0.821652
3.09970,0.983020,0.981582,0.822222,0.821020
3.10543,0.982957,0.981514,0.821592,0.820386
3.11116,0.982894,0.981445,0.820961,0.819751
3.11689,0.982830,0.981377,0.820329,0.819115
3.12262,0.982767,0.981308,0.819696,0.818478
3.12835,0.982704,0.981239,0.819061,0.817841
3.13408,0.982640,0.981170,0.818426,0.817202
3.13981,0.982576,0.981101,0.817790,0.816563
3.14554,0.982512,0.981032,0.817153,0.815922
3.15127,0.982448,0.980963,0.816515,0.815281
3.15700,0.982384,0.980893,0.815876,0.814638
3.16273,0.982320,0.980824,0.815236,0.813995
3.16846,0.982256,0.980754,0.814596,0.813350
3.17419,0.982191,0.980684,0.813954,0.812705
3.17992,0.982126,0.980614,0.813311,0.812059
3.18565,0.982062,0.980544,0.812667,0.811412
3.19137,0.981997,0.980474,0.812023,0.810763
3.19710,0.981932,0.980404,0.811377,0.810114
3.20283,0.981867,0.980333,0.810731,0.809464
3.20856,0.981802,0.980263,0.810083,0.808813
3.21429,0.981736,0.980192,0.809435,0.808161
3.22002,0.981671,0.980121,0.808785,0.807508
3.22575,0.981606,0.980050,0.808135,0.806855
3.23148,0.981540,0.979979,0.807484,0.806200
3.23721,0.981474,0.979908,0.806832,0.805544
3.24294,0.981408,0.979837,0.806178,0.804887
3.24867,0.981342,0.979765,0.805524,0.804230
3.25440,0.981276,0.979694,0.804869,0.803571
3.26013,0.981210,0.979622,0.804213,0.802912
3.26586,0.981143,0.979550,0.803557,0.802252
3.27159,0.981077,0.979478,0.802899,0.801590
3.27732,0.981010,0.979406,0.802240,0.800928
3.28305,0.980944,0.979334,0.801580,0.800265
3.28878,0.980877,0.979261,0.800920,0.799601
3.29451,0.980810,0.979189,0.800258,0.798936
3.30024,0.980743,0.979116,0.799596,0.798270
3.30597,0.980676,0.979044,0.798932,0.797603
3.31170,0.980608,0.978971,0.798268,0.796935
3.31743,0.980541,0.978898,0.797603,0.796266
3.32316,0.980473,0.978825,0.796937,0.795597
3.32888,0.980406,0.978751,0.796270,0.794926
3.33461,0.980338,0.978678,0.795602,0.794254
3.34034,0.980270,0.978604,0.794933,0.793582
3.34607,0.980202,0.978531,0.794263,0.792909
3.35180,0.980134,0.978457,0.793592,0.792234
3.35753,0.980066,0.978383,0.792920,0.791559
3.36326,0.979997,0.978309,0.792248,0.790883
3.36899,0.979929,0.978235,0.791574,0.790206
3.37472,0.979860,0.978161,0.790900,0.789528
3.38045,0.979791,0.978086,0.790224,0.788849
3.38618,0.979722,0.978012,0.789548,0.788170
3.39191,0.979653,0.977937,0.788871,0.787489
3.39764,0.979584,0.977863,0.788193,0.786808
3.40337,0.979515,0.977788,0.787514,0.786125
3.40910,0.979446,0.977713,0.786834,0.785442
3.41483,0.979376,0.977637,0.786153,0.784757
3.42056,0.979307,0.977562,0.785472,0.784072
3.42629,0.979237,0.977487,0.784789,0.783386
3.43202,0.979167,0.977411,0.784106,0.782699
3.43775,0.979097,0.977336,0.783421,0.782011
3.44348,0.979027,0.977260,0.782736,0.781323
3.44921,0.978957,0.977184,0.782050,0.780633
3.45494,0.978887,0.977108,0.781363,0.779942
3.46067,0.978817,0.977032,0.780675,0.779251
3.46639,0.978746,0.976955,0.779986,0.778559
3.47212,0.978675,0.976879,0.779296,0.777865
3.47785,0.978605,0.976802,0.778605,0.777171
3.48358,0.978534,0.976726,0.777914,0.776476
3.48931,0.978463,0.976649,0.777221,0.775780
3.49504,0.978392,0.976572,0.776528,0.775084
3.50077,0.978321,0.976495,0.775834,0.774386
3.50650,0.978249,0.976418,0.775139,0.773687
3.51223,0.978178,0.976340,0.774443,0.772988
3.51796,0.978106,0.976263,0.773746,0.772288
3.52369,0.978034,0.976185,0.773048,0.771587
3.52942,0.977963,0.976108,0.772349,0.770884
3.53515,0.977891,0.976030,0.771650,0.770182
3.54088,0.977819,0.975952,0.770949,0.769478
3.54661,0.977746,0.975874,0.770248,0.768773
3.55234,0.977674,0.975796,0.769546,0.768067
3.55807,0.977602,0.975717,0.768843,0.767361
3.56380,0.977529,0.975639,0.768139,0.766654
3.56953,0.977457,0.975560,0.767434,0.765945
3.57526,0.977384,0.975482,0.766729,0.765236
3.58099,0.977311,0.975403,0.766022,0.764526
3.58672,0.977238,0.975324,0.765315,0.763816
3.59245,0.977165,0.975245,0.764606,0.763104
3.59817,0.977092,0.975165,0.763897,0.762391
3.60390,0.977018,0.975086,0.763187,0.761678
3.60963,0.976945,0.975007,0.762476,0.760964
3.61536,0.976871,0.974927,0.761765,0.760249
3.62109,0.976797,0.974847,0.761052,0.759533
3.62682,0.976724,0.974767,0.760339,0.758816
3.63255,0.976650,0.974687,0.759624,0.758098
3.63828,0.976576,0.974607,0.758909,0.757380
3.64401,0.976501,0.974527,0.758193,0.756660
3.64974,0.976427,0.974447,0.757476,0.755940
3.65547,0.976353,0.974366,0.756758,0.755219
3.66120,0.976278,0.974286,0.756040,0.754497
3.66693,0.976203,0.974205,0.755320,0.753774
3.67266,0.976129,0.974124,0.754600,0.753050
3.67839,0.976054,0.974043,0.753879,0.752326
3.68412,0.975979,0.973962,0.753157,0.751600
3.68985,0.975904,0.973881,0.752434,0.750874
3.69558,0.975828,0.973799,0.751710,0.750147
3.70131,0.975753,0.973718,0.750986,0.749419
3.70704,0.975677,0.973636,0.750260,0.748691
3.71277,0.975602,0.973554,0.749534,0.747961
3.71850,0.975526,0.973472,0.748807,0.747231
3.72423,0.975450,0.973390,0.748079,0.746499
3.72996,0.975374,0.973308,0.747350,0.745767
3.73568,0.975298,0.973226,0.746621,0.745034
3.74141,0.975222,0.973143,0.745890,0.744301
3.74714,0.975146,0.973061,0.745159,0.743566
3.75287,0.975069,0.972978,0.744427,0.742831
3.75860,0.974992,0.972895,0.743694,0.742094
3.76433,0.974916,0.972812,0.742960,0.741357
3.77006,0.974839,0.972729,0.742226,0.740619
3.77579,0.974762,0.972646,0.741490,0.739881
3.78152,0.974685,0.972563,0.740754,0.739141
3.78725,0.974608,0.972479,0.740017,0.738401
3.79298,0.974531,0.972396,0.739279,0.737660
3.79871,0.974453,0.972312,0.738540,0.736918
3.80444,0.974376,0.972228,0.737801,0.736175
3.81017,0.974298,0.972144,0.737060,0.735431
3.81590,0.974220,0.972060,0.736319,0.734687
3.82163,0.974142,0.971976,0.735577,0.733941
3.82736,0.974064,0.971892,0.734834,0.733195
3.83309,0.973986,0.971807,0.734090,0.732448
3.83882,0.973908,0.971723,0.733346,0.731701
3.84455,0.973830,0.971638,0.732601,0.730952
3.85028,0.973751,0.971553,0.731855,0.730203
3.85601,0.973672,0.971468,0.731108,0.729453
3.86174,0.973594,0.971383,0.730360,0.728702
3.86747,0.973515,0.971298,0.729611,0.727950
3.87319,0.973436,0.971213,0.728862,0.727197
3.87892,0.973357,0.971127,0.728112,0.726444
3.88465,0.973278,0.971042,0.727361,0.725690
3.89038,0.973198,0.970956,0.726609,0.724935
3.89611,0.973119,0.970870,0.725856,0.724179
3.90184,0.973039,0.970784,0.725103,0.723422
3.90757,0.972960,0.970698,0.724349,0.722665
3.91330,0.972880,0.970612,0.723594,0.721907
3.91903,0.972800,0.970525,0.722838,0.721148
3.92476,0.972720,0.970439,0.722082,0.720388
3.93049,0.972640,0.970352,0.721324,0.719628
3.93622,0.972560,0.970265,0.720566,0.718866
3.94195,0.972479,0.970178,0.719807,0.718104
3.94768,0.972399,0.970091,0.719047,0.717341
3.95341,0.972318,0.970004,0.718287,0.716578
3.95914,0.972237,0.969917,0.717525,0.715813
3.96487,0.972156,0.969830,0.716763,0.715048
3.97060,0.972075,0.969742,0.716000,0.714282
3.97633,0.971994,0.969655,0.715237,0.713515
3.98206,0.971913,0.969567,0.714472,0.712747
3.98779,0.971832,0.969479,0.713707,0.711979
3.99352,0.971750,0.969391,0.712941,0.711210
3.99925,0.971669,0.969303,0.712174,0.710440
4.00497,0.971587,0.969214,0.711406,0.709669
4.01070,0.971505,0.969126,0.710638,0.708898
4.01643,0.971423,0.969037,0.709869,0.708125
4.02216,0.971341,0.968949,0.709099,0.707352
4.02789,0.971259,0.968860,0.708328,0.706579
4.03362,0.971177,0.968771,0.707557,0.705804
4.03935,0.971094,0.968682,0.706784,0.705029
4.04508,0.971012,0.968593,0.706011,0.704253
4.05081,0.970929,0.968503,0.705238,0.703476
4.05654,0.970846,0.968414,0.704463,0.702698
4.06227,0.970763,0.968324,0.703688,0.701920
4.06800,0.970680,0.968235,0.702912,0.701141
4.07373,0.970597,0.968145,0.702135,0.700361
4.07946,0.970514,0.968055,0.701357,0.699580
4.08519,0.970431,0.967965,0.700579,0.698799
4.09092,0.970347,0.967875,0.699800,0.698017
4.09665,0.970263,0.967784,0.699020,0.697234
4.10238,0.970180,0.967694,0.698239,0.696450
4.10811,0.970096,0.967603,0.697458,0.695666
4.11384,0.970012,0.967513,0.696676,0.694881
4.11957,0.969928,0.967422,0.695893,0.694095
4.12530,0.969844,0.967331,0.695109,0.693308
4.13103,0.969759,0.967240,0.694325,0.692521
4.13676,0.969675,0.967148,0.693539,0.691732
4.14248,0.969590,0.967057,0.692753,0.690944
4.14821,0.969505,0.966966,0.691967,0.690154
4.15394,0.969421,0.966874,0.691179,0.689364
4.15967,0.969336,0.966782,0.690391,0.688573
4.16540,0.969251,0.966690,0.689602,0.687781
4.17113,0.969165,0.966598,0.688813,0.686988
4.17686,0.969080,0.966506,0.688022,0.686195
4.18259,0.968995,0.966414,0.687231,0.685401
4.18832,0.968909,0.966322,0.686439,0.684606
4.19405,0.968824,0.966229,0.685647,0.683811
4.19978,0.968738,0.966136,0.684853,0.683014
4.20551,0.968652,0.966044,0.684059,0.682217
4.21124,0.968566,0.965951,0.683265,0.681420
4.21697,0.968480,0.965858,0.682469,0.680621
4.22270,0.968393,0.965765,0.681673,0.679822
4.22843,0.968307,0.965671,0.680876,0.679022
4.23416,0.968221,0.965578,0.680078,0.678222
4.23989,0.968134,0.965484,0.679280,0.677421
4.24562,0.968047,0.965391,0.678480,0.676619
4.25135,0.967960,0.965297,0.677681,0.675816
4.25708,0.967873,0.965203,0.676880,0.675012
4.26281,0.967786,0.965109,0.676079,0.674208
4.26854,0.967699,0.965015,0.675277,0.673404
4.27427,0.967612,0.964921,0.674474,0.672598
4.27999,0.967524,0.964826,0.673670,0.671792
4.28572,0.967437,0.964732,0.672866,0.670985
4.29145,0.967349,0.964637,0.672061,0.670177
4.29718,0.967261,0.964542,0.671256,0.669369
4.30291,0.967173,0.964447,0.670449,0.668560
4.30864,0.967085,0.964352,0.669642,0.667750
4.31437,0.966997,0.964257,0.668835,0.666939
4.32010,0.966909,0.964162,0.668026,0.666128
4.32583,0.966820,0.964066,0.667217,0.665316
4.33156,0.966732,0.963970,0.666407,0.664504
4.33729,0.966643,0.963875,0.665597,0.663690
4.34302,0.966554,0.963779,0.664785,0.662876
4.34875,0.966465,0.963683,0.663973,0.662062
4.35448,0.966376,0.963587,0.663161,0.661246
4.36021,0.966287,0.963491,0.662347,0.660430
4.36594,0.966198,0.963394,0.661533,0.659614
4.37167,0.966109,0.963298,0.660719,0.658796
4.37740,0.966019,0.963201,0.659903,0.657978
4.38313,0.965930,0.963104,0.659087,0.657159
4.38886,0.965840,0.963008,0.658270,0.656340
4.39459,0.965750,0.962911,0.657453,0.655520
4.40032,0.965660,0.962813,0.656634,0.654699
4.40605,0.965570,0.962716,0.655816,0.653877
4.41178,0.965480,0.962619,0.654996,0.653055
4.41750,0.965389,0.962521,0.654176,0.652232
4.42323,0.965299,0.962424,0.653355,0.651409
4.42896,0.965208,0.962326,0.652533,0.650585
4.43469,0.965118,0.962228,0.651711,0.649760
4.44042,0.965027,0.962130,0.650888,0.648934
4.44615,0.964936,0.962032,0.650064,0.648108
4.45188,0.964845,0.961934,0.649240,0.647281
4.45761,0.964753,0.961835,0.648415,0.646454
4.46334,0.964662,0.961737,0.647589,0.645625
4.46907,0.964571,0.961638,0.646763,0.644797
4.47480,0.964479,0.961539,0.645936,0.643967
4.48053,0.964388,0.961440,0.645108,0.643137
4.48626,0.964296,0.961341,0.644280,0.642306
4.49199,0.964204,0.961242,0.643451,0.641475
4.49772,0.964112,0.961143,0.642621,0.640642
4.50345,0.964020,0.961043,0.641791,0.639810
4.50918,0.963927,0.960944,0.640960,0.638976
4.51491,0.963835,0.960844,0.640128,0.638142
4.52064,0.963743,0.960744,0.639296,0.637307
4.52637,0.963650,0.960644,0.638463,0.636472
4.53210,0.963557,0.960544,0.637629,0.635636
4.53783,0.963464,0.960444,0.636795,0.634799
4.54356,0.963371,0.960344,0.635960,0.633962
4.54928,0.963278,0.960243,0.635125,0.633124
4.55501,0.963185,0.960143,0.634288,0.632285
4.56074,0.963092,0.960042,0.633452,0.631446
4.56647,0.962998,0.959941,0.632614,0.630606
4.57220,0.962904,0.959840,0.631776,0.629765
4.57793,0.962811,0.959739,0.630937,0.628924
4.58366,0.962717,0.959638,0.630098,0.628082
4.58939,0.962623,0.959537,0.629258,0.627240
4.59512,0.962529,0.959435,0.628417,0.626397
4.60085,0.962435,0.959333,0.627575,0.625553
4.60658,0.962340,0.959232,0.626733,0.624709
4.61231,0.962246,0.959130,0.625891,0.623864
4.61804,0.962151,0.959028,0.625047,0.623018
4.62377,0.962057,0.958926,0.624204,0.622172
4.62950,0.961962,0.958823,0.623359,0.621325
4.63523,0.961867,0.958721,0.622514,0.620478
4.64096,0.961772,0.958619,0.621668,0.619630
4.64669,0.961677,0.958516,0.620822,0.618781
4.65242,0.961581,0.958413,0.619975,0.617932
4.65815,0.961486,0.958310,0.619127,0.617082
4.66388,0.961391,0.958207,0.618279,0.616231
4.66961,0.961295,0.958104,0.617430,0.615380
4.67534,0.961199,0.958001,0.616580,0.614528
4.68107,0.961103,0.957897,0.615730,0.613676
4.68679,0.961007,0.957794,0.614879,0.612823
4.69252,0.960911,0.957690,0.614028,0.611970
4.69825,0.960815,0.957586,0.613176,0.611115
4.70398,0.960718,0.957482,0.612323,0.610261
4.70971,0.960622,0.957378,0.611470,0.609405
4.71544,0.960525,0.957274,0.610616,0.608549
4.72117,0.960429,0.957170,0.609762,0.607693
4.72690,0.960332,0.957066,0.608906,0.606835
4.73263,0.960235,0.956961,0.608051,0.605978
4.73836,0.960138,0.956856,0.607195,0.605119
4.74409,0.960040,0.956751,0.606338,0.604260
4.74982,0.959943,0.956646,0.605480,0.603401
4.75555,0.959846,0.956541,0.604622,0.602541
4.76128,0.959748,0.956436,0.603763,0.601680
4.76701,0.959650,0.956331,0.602904,0.600819
4.77274,0.959553,0.956225,0.602044,0.599957
4.77847,0.959455,0.956120,0.601184,0.599094
4.78420,0.959357,0.956014,0.600323,0.598231
4.78993,0.959258,0.955908,0.599461,0.597367
4.79566,0.959160,0.955802,0.598599,0.596503
4.80139,0.959062,0.955696,0.597736,0.595638
4.80712,0.958963,0.955590,0.596873,0.594773
4.81285,0.958864,0.955484,0.596009,0.593907
4.81858,0.958766,0.955377,0.595144,0.593041
4.82430,0.958667,0.955270,0.594279,0.592173
4.83003,0.958568,0.955164,0.593413,0.591306
4.83576,0.958469,0.955057,0.592547,0.590438
4.84149,0.958369,0.954950,0.591680,0.589569
4.84722,0.958270,0.954843,0.590812,0.588699
4.85295,0.958170,0.954735,0.589944,0.587829
4.85868,0.958071,0.954628,0.589076,0.586959
4.86441,0.957971,0.954520,0.588206,0.586088
4.87014,0.957871,0.954413,0.587337,0.585216
4.87587,0.957771,0.954305,0.586466,0.584344
4.88160,0.957671,0.954197,0.585595,0.583471
4.88733,0.957571,0.954089,0.584724,0.582598
4.89306,0.957470,0.953981,0.583852,0.581724
4.89879,0.957370,0.953873,0.582979,0.580850
4.90452,0.957269,0.953764,0.582106,0.579975
4.91025,0.957168,0.953656,0.581232,0.579099
4.91598,0.957068,0.953547,0.580358,0.578223
4.92171,0.956967,0.953438,0.579483,0.577347
4.92744,0.956866,0.953329,0.578608,0.576469
4.93317,0.956764,0.953220,0.577732,0.575592
4.93890,0.956663,0.953111,0.576855,0.574713
4.94463,0.956562,0.953002,0.575978,0.573835
4.95036,0.956460,0.952892,0.575101,0.572955
4.95608,0.956358,0.952783,0.574222,0.572076
4.96181,0.956256,0.952673,0.573344,0.571195
4.96754,0.956154,0.952563,0.572464,0.570314
4.97327,0.956052,0.952453,0.571585,0.569433
4.97900,0.955950,0.952343,0.570704,0.568551
4.98473,0.955848,0.952233,0.569823,0.567668
4.99046,0.955745,0.952122,0.568942,0.566785
4.99619,0.955643,0.952012,0.568060,0.565902
5.00192,0.955540,0.951901,0.567177,0.565018
5.00765,0.955437,0.951791,0.566294,0.564133
5.01338,0.955335,0.951680,0.565411,0.563248
5.01911,0.955231,0.951569,0.564527,0.562362
5.02484,0.955128,0.951458,0.563642,0.561476
5.03057,0.955025,0.951346,0.562757,0.560589
5.03630,0.954922,0.951235,0.561871,0.559702
5.04203,0.954818,0.951123,0.560985,0.558814
5.04776,0.954714,0.951012,0.560098,0.557926
5.05349,0.954611,0.950900,0.559211,0.557037
5.05922,0.954507,0.950788,0.558323,0.556148
5.06495,0.954403,0.950676,0.557435,0.555258
5.07068,0.954299,0.950564,0.556546,0.554368
5.07641,0.954194,0.950452,0.555657,0.553477
5.08214,0.954090,0.950339,0.554767,0.552586
5.08787,0.953986,0.950227,0.553876,0.551694
5.09359,0.953881,0.950114,0.552985,0.550802
5.09932,0.953776,0.950001,0.552094,0.549909
5.10505,0.953671,0.949888,0.551202,0.549016
5.11078,0.953566,0.949775,0.550310,0.548122
5.11651,0.953461,0.949662,0.549417,0.547227
5.12224,0.953356,0.949549,0.548523,0.546333
5.12797,0.953251,0.949435,0.547629,0.545437
5.13370,0.953145,0.949322,0.546735,0.544542
5.13943,0.953040,0.949208,0.545840,0.543645
5.14516,0.952934,0.949094,0.544944,0.542749
5.15089,0.952828,0.948980,0.544048,0.541851
5.15662,0.952722,0.948866,0.543152,0.540954
5.16235,0.952616,0.948752,0.542255,0.540055
5.16808,0.952510,0.948638,0.541358,0.539157
5.17381,0.952403,0.948523,0.540460,0.538258
5.17954,0.952297,0.948408,0.539561,0.537358
5.18527,0.952190,0.948294,0.538662,0.536458
5.19100,0.952084,0.948179,0.537763,0.535557
5.19673,0.951977,0.948064,0.536863,0.534656
5.20246,0.951870,0.947949,0.535963,0.533755
5.20819,0.951763,0.947833,0.535062,0.532853
5.21392,0.951656,0.947718,0.534160,0.531950
5.21965,0.951548,0.947603,0.533258,0.531047
5.22538,0.951441,0.947487,0.532356,0.530144
5.23110,0.951333,0.947371,0.531453,0.529240
5.23683,0.951226,0.947255,0.530550,0.528336
5.24256,0.951118,0.947139,0.529646,0.527431
5.24829,0.951010,0.947023,0.528742,0.526526
5.25402,0.950902,0.946907,0.527837,0.525620
5.25975,0.950794,0.946790,0.526932,0.524714
5.26548,0.950686,0.946674,0.526027,0.523807
5.27121,0.950577,0.946557,0.525121,0.522900
5.27694,0.950469,0.946440,0.524214,0.521992
5.28267,0.950360,0.946324,0.523307,0.521084
5.28840,0.950251,0.946206,0.522400,0.520176
5.29413,0.950142,0.946089,0.521492,0.519267
5.29986,0.950033,0.945972,0.520583,0.518358
5.30559,0.949924,0.945855,0.519674,0.517448
5.31132,0.949815,0.945737,0.518765,0.516538
5.31705,0.949706,0.945619,0.517855,0.515627
5.32278,0.949596,0.945501,0.516945,0.514716
5.32851,0.949487,0.945383,0.516034,0.513804
5.33424,0.949377,0.945265,0.515123,0.512892
5.33997,0.949267,0.945147,0.514212,0.511980
5.34570,0.949157,0.945029,0.513300,0.511067
5.35143,0.949047,0.944910,0.512387,0.510154
5.35716,0.948937,0.944792,0.511474,0.509240
5.36288,0.948826,0.944673,0.510561,0.508326
5.36861,0.948716,0.944554,0.509647,0.507411
5.37434,0.948605,0.944435,0.508733,0.506496
5.38007,0.948494,0.944316,0.507818,0.505581
5.38580,0.948384,0.944197,0.506903,0.504665
5.39153,0.948273,0.944077,0.505987,0.503749
5.39726,0.948162,0.943958,0.505072,0.502832
5.40299,0.948050,0.943838,0.504155,0.501915
5.40872,0.947939,0.943718,0.503238,0.500998
5.41445,0.947828,0.943599,0.502321,0.500080
5.42018,0.947716,0.943479,0.501403,0.499161
5.42591,0.947604,0.943358,0.500485,0.498243
5.43164,0.947492,0.943238,0.499567,0.497323
5.43737,0.947381,0.943118,0.498648,0.496404
5.44310,0.947268,0.942997,0.497728,0.495484
5.44883,0.947156,0.942876,0.496808,0.494564
5.45456,0.947044,0.942756,0.495888,0.493643
5.46029,0.946932,0.942635,0.494967,0.492722
5.46602,0.946819,0.942514,0.494046,0.491800
5.47175,0.946706,0.942393,0.493125,0.490878
5.47748,0.946594,0.942271,0.492203,0.489956
5.48321,0.946481,0.942150,0.491281,0.489033
5.48894,0.946368,0.942028,0.490358,0.488110
5.49467,0.946254,0.941906,0.489435,0.487186
5.50039,0.946141,0.941785,0.488511,0.486262
5.50612,0.946028,0.941663,0.487587,0.485338
5.51185,0.945914,0.941541,0.486663,0.484413
5.51758,0.945800,0.941418,0.485738,0.483488
5.52331,0.945687,0.941296,0.484813,0.482562
5.52904,0.945573,0.941174,0.483888,0.481636
5.53477,0.945459,0.941051,0.482962,0.480710
5.54050,0.945345,0.940928,0.482035,0.479783
5.54623,0.945230,0.940805,0.481109,0.478856
5.55196,0.945116,0.940682,0.480182,0.477929
5.55769,0.945001,0.940559,0.479254,0.477001
5.56342,0.944887,0.940436,0.478326,0.476073
5.56915,0.944772,0.940313,0.477398,0.475144
5.57488,0.944657,0.940189,0.476469,0.474216
5.58061,0.944542,0.940065,0.475540,0.473286
5.58634,0.944427,0.939942,0.474611,0.472357
5.59207,0.944312,0.939818,0.473681,0.471427
5.59780,0.944196,0.939694,0.472751,0.470496
5.60353,0.944081,0.939570,0.471820,0.469565
5.60926,0.943965,0.939445,0.470889,0.468634
5.61499,0.943850,0.939321,0.469958,0.467703
5.62072,0.943734,0.939196,0.469026,0.466771
5.62645,0.943618,0.939072,0.468094,0.465839
5.63218,0.943502,0.938947,0.467162,0.464906
5.63790,0.943385,0.938822,0.466229,0.463973
5.64363,0.943269,0.938697,0.465296,0.463040
5.64936,0.943153,0.938572,0.464362,0.462107
5.65509,0.943036,0.938446,0.463428,0.461173
5.66082,0.942919,0.938321,0.462494,0.460238
5.66655,0.942802,0.938195,0.461559,0.459304
5.67228,0.942685,0.938070,0.460624,0.458369
5.67801,0.942568,0.937944,0.459689,0.457433
5.68374,0.942451,0.937818,0.458753,0.456498
5.68947,0.942334,0.937692,0.457817,0.455562
5.69520,0.942216,0.937565,0.456881,0.454625
5.70093,0.942099,0.937439,0.455944,0.453689
5.70666,0.941981,0.937313,0.455007,0.452752
5.71239,0.941863,0.937186,0.454069,0.451814
5.71812,0.941745,0.937059,0.453132,0.450877
5.72385,0.941627,0.936932,0.452193,0.449939
5.72958,0.941509,0.936805,0.451255,0.449000
5.73531,0.941391,0.936678,0.450316,0.448062
5.74104,0.941272,0.936551,0.449377,0.447123
5.74677,0.941154,0.936424,0.448437,0.446183
5.75250,0.941035,0.936296,0.447497,0.445244
5.75823,0.940916,0.936168,0.446557,0.444304
5.76396,0.940797,0.936041,0.445617,0.443364
5.76968,0.940678,0.935913,0.444676,0.442423
5.77541,0.940559,0.935785,0.443735,0.441482
5.78114,0.940440,0.935656,0.442793,0.440541
5.78687,0.940320,0.935528,0.441851,0.439599
5.79260,0.940201,0.935400,0.440909,0.438658
5.79833,0.940081,0.935271,0.439966,0.437715
5.80406,0.939961,0.935142,0.439024,0.436773
5.80979,0.939841,0.935014,0.438080,0.435830
5.81552,0.939721,0.934885,0.437137,0.434887
5.82125,0.939601,0.934756,0.436193,0.433944
5.82698,0.939481,0.934626,0.435249,0.433000
5.83271,0.939360,0.934497,0.434305,0.432056
5.83844,0.939240,0.934368,0.433360,0.431112
5.84417,0.939119,0.934238,0.432415,0.430167
5.84990,0.938998,0.934108,0.431469,0.429222
5.85563,0.938877,0.933978,0.430524,0.428277
5.86136,0.938756,0.933848,0.429578,0.427332
5.86709,0.938635,0.933718,0.428631,0.426386
5.87282,0.938514,0.933588,0.427685,0.425440
5.87855,0.938393,0.933458,0.426738,0.424494
5.88428,0.938271,0.933327,0.425791,0.423547
5.89001,0.938149,0.933197,0.424843,0.422600
5.89574,0.938028,0.933066,0.423895,0.421653
5.90147,0.937906,0.932935,0.422947,0.420706
5.90719,0.937784,0.932804,0.421999,0.419758
5.91292,0.937662,0.932673,0.421050,0.418810
5.91865,0.937539,0.932542,0.420101,0.417862
5.92438,0.937417,0.932410,0.419152,0.416913
5.93011,0.937294,0.932279,0.418202,0.415964
5.93584,0.937172,0.932147,0.417252,0.415015
5.94157,0.937049,0.932015,0.416302,0.414066
5.94730,0.936926,0.931883,0.415352,0.413116
5.95303,0.936803,0.931751,0.414401,0.412166
5.95876,0.936680,0.931619,0.413450,0.411216
5.96449,0.936557,0.931487,0.412499,0.410266
5.97022,0.936433,0.931354,0.411547,0.409315
5.97595,0.936310,0.931222,0.410596,0.408364
5.98168,0.936186,0.931089,0.409643,0.407413
5.98741,0.936062,0.930956,0.408691,0.406462
5.99314,0.935939,0.930823,0.407738,0.405510
5.99887,0.935815,0.930690,0.406785,0.404558
6.00460,0.935690,0.930557,0.405832,0.403606
6.01033,0.935566,0.930423,0.404879,0.402653
6.01606,0.935442,0.930290,0.403925,0.401700
6.02179,0.935317,0.930156,0.402971,0.400748
6.02752,0.935193,0.930023,0.402017,0.399794
6.03325,0.935068,0.929889,0.401062,0.398841
6.03898,0.934943,0.929755,0.400108,0.397887
6.04470,0.934818,0.929621,0.399153,0.396933
6.05043,0.934693,0.929486,0.398197,0.395979
6.05616,0.934568,0.929352,0.397242,0.395025
6.06189,0.934442,0.929217,0.396286,0.394070
6.06762,0.934317,0.929083,0.395330,0.393115
6.07335,0.934191,0.928948,0.394374,0.392160
6.07908,0.934066,0.928813,0.393417,0.391205
6.08481,0.933940,0.928678,0.392460,0.390249
6.09054,0.933814,0.928543,0.391503,0.389293
6.09627,0.933688,0.928408,0.390546,0.388337
6.10200,0.933562,0.928272,0.389588,0.387381
6.10773,0.933435,0.928137,0.388631,0.386425
6.11346,0.933309,0.928001,0.387673,0.385468
6.11919,0.933182,0.927865,0.386714,0.384511
6.12492,0.933055,0.927729,0.385756,0.383554
6.13065,0.932929,0.927593,0.384797,0.382597
6.13638,0.932802,0.927457,0.383838,0.381639
6.14211,0.932675,0.927321,0.382879,0.380681
6.14784,0.932547,0.927184,0.381920,0.379723
6.15357,0.932420,0.927048,0.380960,0.378765
6.15930,0.932293,0.926911,0.380000,0.377807
6.16503,0.932165,0.926774,0.379040,0.376848
6.17076,0.932037,0.926637,0.378080,0.375889
6.17649,0.931909,0.926500,0.377119,0.374930
6.18221,0.931781,0.926363,0.376159,0.373971
6.18794,0.931653,0.926225,0.375198,0.373012
6.19367,0.931525,0.926088,0.374237,0.372052
6.19940,0.931397,0.925950,0.373275,0.371092
6.20513,0.931268,0.925812,0.372314,0.370132
6.21086,0.931140,0.925674,0.371352,0.369172
6.21659,0.931011,0.925536,0.370390,0.368212
6.22232,0.930882,0.925398,0.369427,0.367251
6.22805,0.930753,0.925260,0.368465,0.366290
6.23378,0.930624,0.925122,0.367502,0.365329
6.23951,0.930495,0.924983,0.366540,0.364368
6.24524,0.930366,0.924844,0.365576,0.363407
6.25097,0.930236,0.924706,0.364613,0.362445
6.25670,0.930107,0.924567,0.363650,0.361484
6.26243,0.929977,0.924428,0.362686,0.360522
6.26816,0.929847,0.924288,0.361722,0.359560
6.27389,0.929717,0.924149,0.360758,0.358598
6.27962,0.929587,0.924010,0.359794,0.357635
6.28535,0.929457,0.923870,0.358830,0.356673
6.29108,0.929327,0.923730,0.357865,0.355710
6.29681,0.929196,0.923591,0.356900,0.354747
6.30254,0.929066,0.923451,0.355935,0.353784
6.30827,0.928935,0.923310,0.354970,0.352821
6.31399,0.928804,0.923170,0.354005,0.351857
6.31972,0.928673,0.923030,0.353039,0.350894
6.32545,0.928542,0.922889,0.352073,0.349930
6.33118,0.928411,0.922749,0.351107,0.348966
6.33691,0.928280,0.922608,0.350141,0.348002
6.34264,0.928148,0.922467,0.349175,0.347038
6.34837,0.928017,0.922326,0.348209,0.346073
6.35410,0.927885,0.922185,0.347242,0.345109
6.35983,0.927753,0.922044,0.346275,0.344144
6.36556,0.927621,0.921902,0.345308,0.343180
6.37129,0.927489,0.921761,0.344341,0.342215
6.37702,0.927357,0.921619,0.343374,0.341249
6.38275,0.927225,0.921477,0.342407,0.340284
6.38848,0.927092,0.921336,0.341439,0.339319
6.39421,0.926960,0.921193,0.340471,0.338353
6.39994,0.926827,0.921051,0.339503,0.337388
6.40567,0.926694,0.920909,0.338535,0.336422
6.41140,0.926562,0.920767,0.337567,0.335456
6.41713,0.926428,0.920624,0.336599,0.334490
6.42286,0.926295,0.920481,0.335630,0.333524
6.42859,0.926162,0.920338,0.334661,0.332557
6.43432,0.926029,0.920196,0.333693,0.331591
6.44005,0.925895,0.920052,0.332724,0.330624
6.44578,0.925761,0.919909,0.331754,0.329657
6.45150,0.925628,0.919766,0.330785,0.328690
6.45723,0.925494,0.919622,0.329816,0.327723
6.46296,0.925360,0.919479,0.328846,0.326756
6.46869,0.925225,0.919335,0.327877,0.325789
6.47442,0.925091,0.919191,0.326907,0.324822
6.48015,0.924957,0.919047,0.325937,0.323854
6.48588,0.924822,0.918903,0.324967,0.322887
6.49161,0.924688,0.918759,0.323996,0.321919
6.49734,0.924553,0.918614,0.323026,0.320951
6.50307,0.924418,0.918470,0.322055,0.319983
6.50880,0.924283,0.918325,0.321085,0.319015
6.51453,0.924148,0.918181,0.320114,0.318047
6.52026,0.924012,0.918036,0.319143,0.317079
6.52599,0.923877,0.917891,0.318172,0.316111
6.53172,0.923741,0.917745,0.317201,0.315142
6.53745,0.923606,0.917600,0.316230,0.314173
6.54318,0.923470,0.917455,0.315258,0.313205
6.54891,0.923334,0.917309,0.314287,0.312236
6.55464,0.923198,0.917163,0.313315,0.311267
6.56037,0.923062,0.917018,0.312344,0.310298
6.56610,0.922926,0.916872,0.311372,0.309329
6.57183,0.922789,0.916726,0.310400,0.308360
6.57756,0.922653,0.916579,0.309428,0.307391
6.58329,0.922516,0.916433,0.308455,0.306422
6.58901,0.922379,0.916287,0.307483,0.305452
6.59474,0.922242,0.916140,0.306511,0.304483
6.60047,0.922105,0.915993,0.305538,0.303513
6.60620,0.921968,0.915847,0.304566,0.302544
6.61193,0.921831,0.915700,0.303593,0.301574
6.61766,0.921693,0.915552,0.302620,0.300604
6.62339,0.921556,0.915405,0.301647,0.299634
6.62912,0.921418,0.915258,0.300674,0.298664
6.63485,0.921280,0.915110,0.299701,0.297694
6.64058,0.921143,0.914963,0.298728,0.296724
6.64631,0.921004,0.914815,0.297755,0.295754
6.65204,0.920866,0.914667,0.296782,0.294784
6.65777,0.920728,0.914519,0.295808,0.293813
6.66350,0.920590,0.914371,0.294835,0.292843
6.66923,0.920451,0.914223,0.293861,0.291872
6.67496,0.920312,0.914074,0.292887,0.290902
6.68069,0.920174,0.913926,0.291914,0.289931
6.68642,0.920035,0.913777,0.290940,0.288961
6.69215,0.919896,0.913628,0.289966,0.287990
6.69788,0.919757,0.913479,0.288992,0.287019
6.70361,0.919617,0.913330,0.288018,0.286049
6.70934,0.919478,0.913181,0.287044,0.285078
6.71507,0.919338,0.913032,0.286069,0.284107
6.72079,0.919199,0.912882,0.285095,0.283136
6.72652,0.919059,0.912733,0.284121,0.282165
6.73225,0.918919,0.912583,0.283146,0.281194
6.73798,0.918779,0.912433,0.282172,0.280223
6.74371,0.918639,0.912283,0.281197,0.279252
6.74944,0.918499,0.912133,0.280223,0.278281
6.75517,0.918358,0.911983,0.279248,0.277309
6.76090,0.918218,0.911832,0.278273,0.276338
6.76663,0.918077,0.911682,0.277298,0.275367
6.77236,0.917936,0.911531,0.276324,0.274395
6.77809,0.917795,0.911380,0.275349,0.273424
6.78382,0.917654,0.911230,0.274374,0.272453
6.78955,0.917513,0.911079,0.273399,0.271481
6.79528,0.917372,0.910927,0.272424,0.270510
6.80101,0.917230,0.910776,0.271448,0.269538
6.80674,0.917089,0.910625,0.270473,0.268567
6.81247,0.916947,0.910473,0.269498,0.267595
6.81820,0.916805,0.910322,0.268523,0.266624
6.82393,0.916663,0.910170,0.267548,0.265652
6.82966,0.916521,0.910018,0.266572,0.264681
6.83539,0.916379,0.909866,0.265597,0.263709
6.84112,0.916237,0.909714,0.264622,0.262738
6.84685,0.916095,0.909561,0.263646,0.261766
6.85258,0.915952,0.909409,0.262671,0.260794
6.85830,0.915809,0.909256,0.261695,0.259823
6.86403,0.915667,0.909104,0.260720,0.258851
6.86976,0.915524,0.908951,0.259744,0.257879
6.87549,0.915381,0.908798,0.258769,0.256908
6.88122,0.915237,0.908645,0.257793,0.255936
6.88695,0.915094,0.908491,0.256817,0.254964
6.89268,0.914951,0.908338,0.255842,0.253993
6.89841,0.914807,0.908185,0.254866,0.253021
6.90414,0.914664,0.908031,0.253890,0.252049
6.90987,0.914520,0.907877,0.252915,0.251078
6.91560,0.914376,0.907723,0.251939,0.250106
6.92133,0.914232,0.907569,0.250963,0.249134
6.92706,0.914088,0.907415,0.249987,0.248163
6.93279,0.913943,0.907261,0.249012,0.247191
6.93852,0.913799,0.907107,0.248036,0.246219
6.94425,0.913654,0.906952,0.247060,0.245248
6.94998,0.913510,0.906797,0.246084,0.244276
6.95571,0.913365,0.906643,0.245108,0.243305
6.96144,0.913220,0.906488,0.244133,0.242333
6.96717,0.913075,0.906333,0.243157,0.241361
6.97290,0.912930,0.906177,0.242181,0.240390
6.97863,0.912784,0.906022,0.241205,0.239418
6.98436,0.912639,0.905867,0.240230,0.238447
6.99009,0.912494,0.905711,0.239254,0.237475
6.99581,0.912348,0.905555,0.238278,0.236504
7.00154,0.912202,0.905400,0.237302,0.235533
7.00727,0.912056,0.905244,0.236326,0.234561
7.01300,0.911910,0.905088,0.235351,0.233590
7.01873,0.911764,0.904931,0.234375,0.232619
7.02446,0.911618,0.904775,0.233399,0.231647
7.03019,0.911471,0.904619,0.232424,0.230676
7.03592,0.911325,0.904462,0.231448,0.229705
7.04165,0.911178,0.904305,0.230472,0.228734
7.04738,0.911031,0.904148,0.229497,0.227763
7.05311,0.910884,0.903991,0.228521,0.226792
7.05884,0.910737,0.903834,0.227545,0.225821
7.06457,0.910590,0.903677,0.226570,0.224850
7.07030,0.910443,0.903520,0.225594,0.223879
7.07603,0.910295,0.903362,0.224619,0.222908
7.08176,0.910148,0.903204,0.223643,0.221937
7.08749,0.910000,0.903047,0.222668,0.220966
7.09322,0.909852,0.902889,0.221692,0.219996
7.09895,0.909704,0.902731,0.220717,0.219025
7.10468,0.909556,0.902572,0.219742,0.218054
7.11041,0.909408,0.902414,0.218766,0.217084
7.11614,0.909260,0.902256,0.217791,0.216113
7.12187,0.909111,0.902097,0.216816,0.215143
7.12759,0.908963,0.901938,0.215841,0.214173
7.13332,0.908814,0.901780,0.214865,0.213202
7.13905,0.908665,0.901621,0.213890,0.212232
7.14478,0.908516,0.901462,0.212915,0.211262
7.15051,0.908367,0.901302,0.211940,0.210292
7.15624,0.908218,0.901143,0.210965,0.209322
7.16197,0.908069,0.900984,0.209991,0.208352
7.16770,0.907919,0.900824,0.209016,0.207382
7.17343,0.907770,0.900664,0.208041,0.206412
7.17916,0.907620,0.900504,0.207066,0.205443
7.18489,0.907470,0.900344,0.206091,0.204473
7.19062,0.907320,0.900184,0.205117,0.203504
7.19635,0.907170,0.900024,0.204142,0.202534
7.20208,0.907020,0.899864,0.203168,0.201565
7.20781,0.906870,0.899703,0.202193,0.200596
7.21354,0.906719,0.899542,0.201219,0.199626
7.21927,0.906569,0.899382,0.200245,0.198657
7.22500,0.906418,0.899221,0.199271,0.197688
7.23073,0.906267,0.899060,0.198296,0.196719
7.23646,0.906116,0.898899,0.197322,0.195751
7.24219,0.905965,0.898737,0.196348,0.194782
7.24792,0.905814,0.898576,0.195374,0.193813
7.25365,0.905662,0.898414,0.194401,0.192845
7.25938,0.905511,0.898253,0.193427,0.191876
7.26510,0.905359,0.898091,0.192453,0.190908
7.27083,0.905208,0.897929,0.191480,0.189940
7.27656,0.905056,0.897767,0.190506,0.188972
7.28229,0.904904,0.897605,0.189533,0.188004
7.28802,0.904752,0.897442,0.188559,0.187036
7.29375,0.904599,0.897280,0.187586,0.186068
7.29948,0.904447,0.897117,0.186613,0.185101
7.30521,0.904295,0.896954,0.185640,0.184133
7.31094,0.904142,0.896792,0.184667,0.183166
7.31667,0.903989,0.896629,0.183694,0.182198
7.32240,0.903836,0.896465,0.182721,0.181231
7.32813,0.903684,0.896302,0.181749,0.180264
7.33386,0.903530,0.896139,0.180776,0.179297
7.33959,0.903377,0.895975,0.179804,0.178330
7.34532,0.903224,0.895812,0.178831,0.177364
7.35105,0.903070,0.895648,0.177859,0.176397
7.35678,0.902917,0.895484,0.176887,0.175431
7.36251,0.902763,0.895320,0.175915,0.174464
7.36824,0.902609,0.895156,0.174943,0.173498
7.37397,0.902455,0.894991,0.173971,0.172532
7.37970,0.902301,0.894827,0.172999,0.171566
7.38543,0.902147,0.894663,0.172028,0.170600
7.39116,0.901992,0.894498,0.171056,0.169635
7.39689,0.901838,0.894333,0.170085,0.168669
7.40261,0.901683,0.894168,0.169113,0.167704
7.40834,0.901529,0.894003,0.168142,0.166739
7.41407,0.901374,0.893838,0.167171,0.165774
7.41980,0.901219,0.893672,0.166200,0.164809
7.42553,0.901064,0.893507,0.165230,0.163844
7.43126,0.900908,0.893341,0.164259,0.162879
7.43699,0.900753,0.893176,0.163288,0.161915
7.44272,0.900597,0.893010,0.162318,0.160950
7.44845,0.900442,0.892844,0.161348,0.159986
7.45418,0.900286,0.892678,0.160378,0.159022
7.45991,0.900130,0.892511,0.159408,0.158058
7.46564,0.899974,0.892345,0.158438,0.157095
7.47137,0.899818,0.892179,0.157468,0.156131
7.47710,0.899662,0.892012,0.156499,0.155168
7.48283,0.899505,0.891845,0.155529,0.154205
7.48856,0.899349,0.891678,0.154560,0.153242
7.49429,0.899192,0.891511,0.153591,0.152279
7.50002,0.899035,0.891344,0.152622,0.151316
7.50575,0.898879,0.891177,0.151653,0.150353
7.51148,0.898722,0.891009,0.150684,0.149391
7.51721,0.898564,0.890842,0.149716,0.148429
7.52294,0.898407,0.890674,0.148747,0.147467
7.52867,0.898250,0.890506,0.147779,0.146505
7.53440,0.898092,0.890338,0.146811,0.145543
7.54012,0.897935,0.890170,0.145843,0.144582
7.54585,0.897777,0.890002,0.144875,0.143621
7.55158,0.897619,0.889834,0.143908,0.142659
7.55731,0.897461,0.889665,0.142940,0.141698
7.56304,0.897303,0.889497,0.141973,0.140738
7.56877,0.897144,0.889328,0.141006,0.139777
7.57450,0.896986,0.889159,0.140039,0.138817
7.58023,0.896827,0.888990,0.139072,0.137857
7.58596,0.896669,0.888821,0.138105,0.136897
7.59169,0.896510,0.888652,0.137139,0.135937
7.59742,0.896351,0.888482,0.136173,0.134977
7.60315,0.896192,0.888313,0.135206,0.134018
7.60888,0.896033,0.888143,0.134240,0.133058
7.61461,0.895873,0.887973,0.133275,0.132099
7.62034,0.895714,0.887804,0.132309,0.131141
7.62607,0.895555,0.887634,0.131344,0.130182
7.63180,0.895395,0.887463,0.130378,0.129224
7.63753,0.895235,0.887293,0.129413,0.128265
7.64326,0.895075,0.887123,0.128449,0.127307
7.64899,0.894915,0.886952,0.127484,0.126350
7.65472,0.894755,0.886781,0.126519,0.125392
7.66045,0.894595,0.886611,0.125555,0.124435
7.66618,0.894434,0.886440,0.124591,0.123477
7.67190,0.894273,0.886269,0.123627,0.122521
7.67763,0.894113,0.886097,0.122663,0.121564
7.68336,0.893952,0.885926,0.121700,0.120607
7.68909,0.893791,0.885755,0.120737,0.119651
7.69482,0.893630,0.885583,0.119773,0.118695
7.70055,0.893469,0.885411,0.118811,0.117739
7.70628,0.893307,0.885240,0.117848,0.116783
7.71201,0.893146,0.885068,0.116885,0.115828
7.71774,0.892984,0.884895,0.115923,0.114873
7.72347,0.892823,0.884723,0.114961,0.113918
7.72920,0.892661,0.884551,0.113999,0.112963
7.73493,0.892499,0.884378,0.113037,0.112009
7.74066,0.892337,0.884206,0.112076,0.111055
7.74639,0.892175,0.884033,0.111115,0.110101
7.75212,0.892012,0.883860,0.110153,0.109147
7.75785,0.891850,0.883687,0.109193,0.108193
7.76358,0.891687,0.883514,0.108232,0.107240
7.76931,0.891524,0.883341,0.107272,0.106287
7.77504,0.891362,0.883167,0.106311,0.105334
7.78077,0.891199,0.882994,0.105351,0.104381
7.78650,0.891035,0.882820,0.104392,0.103429
7.79223,0.890872,0.882646,0.103432,0.102477
7.79796,0.890709,0.882472,0.102473,0.101525
7.80369,0.890545,0.882298,0.101514,0.100574
7.80941,0.890382,0.882124,0.100555,0.099622
7.81514,0.890218,0.881950,0.099596,0.098671
7.82087,0.890054,0.881775,0.098638,0.097721
7.82660,0.889890,0.881601,0.097680,0.096770
7.83233,0.889726,0.881426,0.096722,0.095820
7.83806,0.889562,0.881251,0.095764,0.094870
7.84379,0.889397,0.881076,0.094807,0.093920
7.84952,0.889233,0.880901,0.093850,0.092970
7.85525,0.889068,0.880726,0.092893,0.092021
7.86098,0.888903,0.880550,0.091936,0.091072
7.86671,0.888739,0.880375,0.090980,0.090123
7.87244,0.888574,0.880199,0.090023,0.089175
7.87817,0.888408,0.880023,0.089067,0.088227
7.88390,0.888243,0.879847,0.088112,0.087279
7.88963,0.888078,0.879671,0.087156,0.086331
7.89536,0.887912,0.879495,0.086201,0.085384
7.90109,0.887747,0.879319,0.085246,0.084437
7.90682,0.887581,0.879143,0.084291,0.083490
7.91255,0.887415,0.878966,0.083337,0.082543
7.91828,0.887249,0.878789,0.082383,0.081597
7.92401,0.887083,0.878613,0.081429,0.080651
7.92974,0.886916,0.878436,0.080475,0.079706
7.93547,0.886750,0.878259,0.079522,0.078760
7.94120,0.886583,0.878081,0.078569,0.077815
7.94692,0.886417,0.877904,0.077616,0.076870
7.95265,0.886250,0.877727,0.076663,0.075926
7.95838,0.886083,0.877549,0.075711,0.074982
7.96411,0.885916,0.877371,0.074759,0.074038
7.96984,0.885749,0.877193,0.073807,0.073094
7.97557,0.885581,0.877016,0.072855,0.072151
7.98130,0.885414,0.876837,0.071904,0.071208
7.98703,0.885246,0.876659,0.070953,0.070265
7.99276,0.885079,0.876481,0.070002,0.069322
7.99849,0.884911,0.876302,0.069052,0.068380
8.00422,0.884743,0.876124,0.068102,0.067438
8.00995,0.884575,0.875945,0.067152,0.066497
8.01568,0.884407,0.875766,0.066202,0.065556
8.02141,0.884238,0.875587,0.065253,0.064615
8.02714,0.884070,0.875408,0.064304,0.063674
8.03287,0.883901,0.875229,0.063355,0.062734
8.03860,0.883733,0.875049,0.062407,0.061794
8.04433,0.883564,0.874870,0.061459,0.060854
8.05006,0.883395,0.874690,0.060511,0.059915
8.05579,0.883226,0.874510,0.059563,0.058976
8.06152,0.883057,0.874330,0.058616,0.058037
8.06725,0.882887,0.874150,0.057669,0.057099
8.07298,0.882718,0.873970,0.056723,0.056161
8.07870,0.882548,0.873790,0.055776,0.055223
8.08443,0.882378,0.873609,0.054830,0.054285
8.09016,0.882209,0.873429,0.053885,0.053348
8.09589,0.882039,0.873248,0.052939,0.052411
8.10162,0.881868,0.873067,0.051994,0.051475
8.10735,0.881698,0.872886,0.051049,0.050539
8.11308,0.881528,0.872705,0.050105,0.049603
8.11881,0.881357,0.872524,0.049160,0.048668
8.12454,0.881187,0.872342,0.048217,0.047733
8.13027,0.881016,0.872161,0.047273,0.046798
8.13600,0.880845,0.871979,0.046330,0.045863
8.14173,0.880674,0.871798,0.045387,0.044929
8.14746,0.880503,0.871616,0.044444,0.043996
8.15319,0.880332,0.871434,0.043502,0.043062
8.15892,0.880160,0.871252,0.042560,0.042129
8.16465,0.879989,0.871069,0.041618,0.041196
8.17038,0.879817,0.870887,0.040677,0.040264
8.17611,0.879645,0.870704,0.039736,0.039332
8.18184,0.879473,0.870522,0.038795,0.038400
8.18757,0.879301,0.870339,0.037855,0.037469
8.19330,0.879129,0.870156,0.036915,0.036538
8.19903,0.878957,0.869973,0.035975,0.035607
8.20476,0.878785,0.869790,0.035036,0.034677
8.21049,0.878612,0.869606,0.034097,0.033747
8.21621,0.878439,0.869423,0.033158,0.032818
8.22194,0.878267,0.869239,0.032220,0.031888
8.22767,0.878094,0.869056,0.031282,0.030960
8.23340,0.877921,0.868872,0.030344,0.030031
8.23913,0.877747,0.868688,0.029407,0.029103
8.24486,0.877574,0.868504,0.028470,0.028175
8.25059,0.877401,0.868320,0.027533,0.027248
8.25632,0.877227,0.868135,0.026597,0.026321
8.26205,0.877053,0.867951,0.025661,0.025394
8.26778,0.876880,0.867766,0.024725,0.024468
8.27351,0.876706,0.867581,0.023790,0.023542
8.27924,0.876532,0.867396,0.022855,0.022617
8.28497,0.876357,0.867211,0.021920,0.021692
8.29070,0.876183,0.867026,0.020986,0.020767
8.29643,0.876009,0.866841,0.020052,0.019843
8.30216,0.875834,0.866656,0.019119,0.018919
8.30789,0.875659,0.866470,0.018186,0.017995
8.31362,0.875484,0.866284,0.017253,0.017072
8.31935,0.875310,0.866099,0.016321,0.016149
8.32508,0.875134,0.865913,0.015389,0.015227
8.33081,0.874959,0.865727,0.014457,0.014305
8.33654,0.874784,0.865540,0.013526,0.013383
8.34227,0.874608,0.865354,0.012595,0.012462
8.34800,0.874433,0.865168,0.011664,0.011541
8.35372,0.874257,0.864981,0.010734,0.010620
8.35945,0.874081,0.864794,0.009804,0.009700
8.36518,0.873905,0.864608,0.008875,0.008781
8.37091,0.873729,0.864421,0.007946,0.007861
8.37664,0.873553,0.864234,0.007017,0.006942
8.38237,0.873376,0.864046,0.006089,0.006024
8.38810,0.873200,0.863859,0.005161,0.005106
8.39383,0.873023,0.863672,0.004234,0.004188
8.39956,0.872847,0.863484,0.003306,0.003271
8.40529,0.872670,0.863296,0.002380,0.002354
8.41102,0.872493,0.863108,0.001453,0.001438
8.41675,0.872315,0.862920,0.000527,0.000522
8.42248,0.872138,0.862732,0.000398,0.000394
8.42821,0.871961,0.862544,0.001324,0.001309
8.43394,0.871783,0.862355,0.002248,0.002224
8.43967,0.871606,0.862167,0.003173,0.003138
8.44540,0.871428,0.861978,0.004097,0.004052
8.45113,0.871250,0.861790,0.005020,0.004966
8.45686,0.871072,0.861601,0.005944,0.005879
8.46259,0.870894,0.861412,0.006867,0.006792
8.46832,0.870715,0.861222,0.007789,0.007704
8.47405,0.870537,0.861033,0.008711,0.008616
8.47978,0.870358,0.860844,0.009633,0.009527
8.48550,0.870180,0.860654,0.010554,0.010438
8.49123,0.870001,0.860464,0.011475,0.011349
8.49696,0.869822,0.860275,0.012395,0.012259
8.50269,0.869643,0.860085,0.013315,0.013169
8.50842,0.869464,0.859895,0.014235,0.014078
8.51415,0.869284,0.859704,0.015154,0.014987
8.51988,0.869105,0.859514,0.016073,0.015895
8.52561,0.868925,0.859324,0.016991,0.016803
8.53134,0.868746,0.859133,0.017909,0.017711
8.53707,0.868566,0.858942,0.018826,0.018618
8.54280,0.868386,0.858751,0.019744,0.019524
8.54853,0.868206,0.858560,0.020660,0.020431
8.55426,0.868026,0.858369,0.021576,0.021336
8.55999,0.867845,0.858178,0.022492,0.022242
8.56572,0.867665,0.857987,0.023408,0.023147
8.57145,0.867484,0.857795,0.024323,0.024051
8.57718,0.867303,0.857603,0.025237,0.024955
8.58291,0.867123,0.857412,0.026151,0.025858
8.58864,0.866942,0.857220,0.027065,0.026762
8.59437,0.866760,0.857028,0.027978,0.027664
8.60010,0.866579,0.856836,0.028891,0.028566
8.60583,0.866398,0.856643,0.029803,0.029468
8.61156,0.866216,0.856451,0.030715,0.030369
8.61729,0.866035,0.856258,0.031627,0.031270
8.62301,0.865853,0.856066,0.032538,0.032170
8.62874,0.865671,0.855873,0.033449,0.033070
8.63447,0.865489,0.855680,0.034359,0.033969
8.64020,0.865307,0.855487,0.035269,0.034868
8.64593,0.865125,0.855294,0.036178,0.035767
8.65166,0.864942,0.855100,0.037087,0.036665
8.65739,0.864760,0.854907,0.037995,0.037562
8.66312,0.864577,0.854713,0.038903,0.038459
8.66885,0.864394,0.854519,0.039811,0.039356
8.67458,0.864211,0.854326,0.040718,0.040252
8.68031,0.864028,0.854132,0.041624,0.041148
8.68604,0.863845,0.853937,0.042530,0.042043
8.69177,0.863662,0.853743,0.043436,0.042937
8.69750,0.863478,0.853549,0.044341,0.043831
8.70323,0.863295,0.853354,0.045246,0.044725
8.70896,0.863111,0.853160,0.046150,0.045618
8.71469,0.862927,0.852965,0.047054,0.046511
8.72042,0.862743,0.852770,0.047958,0.047403
8.72615,0.862559,0.852575,0.048861,0.048295
8.73188,0.862375,0.852380,0.049763,0.049186
8.73761,0.862191,0.852185,0.050665,0.050077
8.74334,0.862006,0.851989,0.051567,0.050967
8.74907,0.861822,0.851794,0.052468,0.051857
8.75480,0.861637,0.851598,0.053368,0.052746
8.76052,0.861452,0.851402,0.054268,0.053635
8.76625,0.861267,0.851206,0.055168,0.054523
8.77198,0.861082,0.851010,0.056067,0.055411
8.77771,0.860897,0.850814,0.056966,0.056299
8.78344,0.860712,0.850618,0.057864,0.057185
8.78917,0.860526,0.850421,0.058762,0.058072
8.79490,0.860340,0.850225,0.059659,0.058957
8.80063,0.860155,0.850028,0.060556,0.059843
8.80636,0.859969,0.849831,0.061452,0.060728
8.81209,0.859783,0.849634,0.062348,0.061612
8.81782,0.859597,0.849437,0.063243,0.062496
8.82355,0.859410,0.849240,0.064138,0.063379
8.82928,0.859224,0.849042,0.065032,0.064262
8.83501,0.859038,0.848845,0.065926,0.065144
8.84074,0.858851,0.848647,0.066819,0.066026
8.84647,0.858664,0.848450,0.067712,0.066907
8.85220,0.858477,0.848252,0.068605,0.067787
8.85793,0.858290,0.848054,0.069496,0.068668
8.86366,0.858103,0.847855,0.070388,0.069547
8.86939,0.857916,0.847657,0.071279,0.070426
8.87512,0.857728,0.847459,0.072169,0.071305
8.88085,0.857541,0.847260,0.073059,0.072183
8.88658,0.857353,0.847062,0.073948,0.073061
8.89230,0.857165,0.846863,0.074837,0.073938
8.89803,0.856977,0.846664,0.075725,0.074814
8.90376,0.856789,0.846465,0.076613,0.075690
8.90949,0.856601,0.846266,0.077501,0.076565
8.91522,0.856413,0.846066,0.078387,0.077440
8.92095,0.856224,0.845867,0.079274,0.078315
8.92668,0.856036,0.845667,0.080159,0.079188
8.93241,0.855847,0.845468,0.081045,0.080062
8.93814,0.855658,0.845268,0.081929,0.080935
8.94387,0.855469,0.845068,0.082814,0.081807
8.94960,0.855280,0.844868,0.083697,0.082678
8.95533,0.855091,0.844668,0.084581,0.083550
8.96106,0.854902,0.844467,0.085463,0.084420
8.96679,0.854712,0.844267,0.086345,0.085290
8.97252,0.854523,0.844066,0.087227,0.086160
8.97825,0.854333,0.843865,0.088108,0.087029
8.98398,0.854143,0.843665,0.088989,0.087897
8.98971,0.853953,0.843464,0.089869,0.088765
8.99544,0.853763,0.843262,0.090748,0.089632
9.00117,0.853573,0.843061,0.091627,0.090499
9.00690,0.853382,0.842860,0.092506,0.091365
9.01263,0.853192,0.842658,0.093384,0.092231
9.01836,0.853001,0.842457,0.094261,0.093096
9.02409,0.852811,0.842255,0.095138,0.093960
9.02981,0.852620,0.842053,0.096014,0.094824
9.03554,0.852429,0.841851,0.096890,0.095688
9.04127,0.852237,0.841649,0.097765,0.096551
9.04700,0.852046,0.841446,0.098640,0.097413
9.05273,0.851855,0.841244,0.099514,0.098275
9.05846,0.851663,0.841041,0.100388,0.099136
9.06419,0.851472,0.840839,0.101261,0.099996
9.06992,0.851280,0.840636,0.102133,0.100856
9.07565,0.851088,0.840433,0.103005,0.101716
9.08138,0.850896,0.840230,0.103877,0.102575
9.08711,0.850704,0.840027,0.104748,0.103433
9.09284,0.850511,0.839823,0.105618,0.104291
9.09857,0.850319,0.839620,0.106488,0.105148
9.10430,0.850126,0.839416,0.107357,0.106005
9.11003,0.849934,0.839213,0.108226,0.106861
9.11576,0.849741,0.839009,0.109094,0.107716
9.12149,0.849548,0.838805,0.109961,0.108571
9.12722,0.849355,0.838601,0.110828,0.109425
9.13295,0.849162,0.838397,0.111695,0.110279
9.13868,0.848968,0.838192,0.112561,0.111132
9.14441,0.848775,0.837988,0.113426,0.111984
9.15014,0.848581,0.837783,0.114291,0.112836
9.15587,0.848387,0.837578,0.115155,0.113688
9.16160,0.848194,0.837373,0.116018,0.114538
9.16732,0.848000,0.837168,0.116881,0.115389
9.17305,0.847806,0.836963,0.117744,0.116238
9.17878,0.847611,0.836758,0.118606,0.117087
9.18451,0.847417,0.836553,0.119467,0.117935
9.19024,0.847222,0.836347,0.120328,0.118783
9.19597,0.847028,0.836141,0.121188,0.119630
9.20170,0.846833,0.835936,0.122048,0.120477
9.20743,0.846638,0.835730,0.122907,0.121323
9.21316,0.846443,0.835524,0.123765,0.122168
9.21889,0.846248,0.835317,0.124623,0.123013
9.22462,0.846053,0.835111,0.125480,0.123857
9.23035,0.845857,0.834905,0.126337,0.124701
9.23608,0.845662,0.834698,0.127193,0.125544
9.24181,0.845466,0.834491,0.128048,0.126386
9.24754,0.845270,0.834285,0.128903,0.127228
9.25327,0.845074,0.834078,0.129758,0.128069
9.25900,0.844878,0.833871,0.130611,0.128910
9.26473,0.844682,0.833663,0.131465,0.129750
9.27046,0.844486,0.833456,0.132317,0.130589
9.27619,0.844290,0.833249,0.133169,0.131428
9.28192,0.844093,0.833041,0.134021,0.132266
9.28765,0.843896,0.832833,0.134871,0.133103
9.29338,0.843699,0.832625,0.135722,0.133940
9.29911,0.843503,0.832417,0.136571,0.134776
9.30483,0.843305,0.832209,0.137420,0.135612
9.31056,0.843108,0.832001,0.138268,0.136447
9.31629,0.842911,0.831793,0.139116,0.137281
9.32202,0.842713,0.831584,0.139963,0.138115
9.32775,0.842516,0.831376,0.140810,0.138948
9.33348,0.842318,0.831167,0.141656,0.139781
9.33921,0.842120,0.830958,0.142501,0.140612
9.34494,0.841922,0.830749,0.143346,0.141444
9.35067,0.841724,0.830540,0.144190,0.142274
9.35640,0.841526,0.830330,0.145034,0.143104
9.36213,0.841328,0.830121,0.145877,0.143934
9.36786,0.841129,0.829911,0.146719,0.144762
9.37359,0.840930,0.829702,0.147561,0.145590
9.37932,0.840732,0.829492,0.148402,0.146418
9.38505,0.840533,0.829282,0.149242,0.147245
9.39078,0.840334,0.829072,0.150082,0.148071
9.39651,0.840135,0.828862,0.150921,0.148896
9.40224,0.839935,0.828651,0.151760,0.149721
9.40797,0.839736,0.828441,0.152598,0.150545
9.41370,0.839536,0.828230,0.153435,0.151369
9.41943,0.839337,0.828020,0.154272,0.152192
9.42516,0.839137,0.827809,0.155108,0.153014
9.43089,0.838937,0.827598,0.155943,0.153836
9.43661,0.838737,0.827387,0.156778,0.154657
9.44234,0.838537,0.827176,0.157612,0.155477
9.44807,0.838337,0.826964,0.158446,0.156297
9.45380,0.838136,0.826753,0.159279,0.157116
9.45953,0.837936,0.826541,0.160111,0.157934
9.46526,0.837735,0.826330,0.160943,0.158752
9.47099,0.837534,0.826118,0.161774,0.159569
9.47672,0.837333,0.825906,0.162604,0.160385
9.48245,0.837132,0.825694,0.163434,0.161201
9.48818,0.836931,0.825481,0.164263,0.162016
9.49391,0.836729,0.825269,0.165092,0.162831
9.49964,0.836528,0.825056,0.165920,0.163644
9.50537,0.836326,0.824844,0.166747,0.164457
9.51110,0.836125,0.824631,0.167573,0.165270
9.51683,0.835923,0.824418,0.168399,0.166082
9.52256,0.835721,0.824205,0.169224,0.166893
9.52829,0.835519,0.823992,0.170049,0.167703
9.53402,0.835316,0.823779,0.170873,0.168513
9.53975,0.835114,0.823565,0.171696,0.169322
9.54548,0.834912,0.823352,0.172519,0.170130
9.55121,0.834709,0.823138,0.173341,0.170938
9.55694,0.834506,0.822924,0.174162,0.171745
9.56267,0.834303,0.822710,0.174983,0.172552
9.56840,0.834100,0.822496,0.175803,0.173357
9.57412,0.833897,0.822282,0.176622,0.174162
9.57985,0.833694,0.822068,0.177441,0.174967
9.58558,0.833490,0.821853,0.178259,0.175770
9.59131,0.833287,0.821639,0.179077,0.176573
9.59704,0.833083,0.821424,0.179893,0.177376
9.60277,0.832879,0.821209,0.180709,0.178177
9.60850,0.832676,0.820994,0.181525,0.178978
9.61423,0.832472,0.820779,0.182339,0.179778
9.61996,0.832267,0.820564,0.183154,0.180578
9.62569,0.832063,0.820349,0.183967,0.181377
9.63142,0.831859,0.820133,0.184780,0.182175
9.63715,0.831654,0.819917,0.185592,0.182973
9.64288,0.831449,0.819702,0.186403,0.183769
9.64861,0.831244,0.819486,0.187214,0.184565
9.65434,0.831040,0.819270,0.188024,0.185361
9.66007,0.830834,0.819054,0.188833,0.186156
9.66580,0.830629,0.818838,0.189642,0.186950
9.67153,0.830424,0.818621,0.190450,0.187743
9.67726,0.830218,0.818405,0.191257,0.188536
9.68299,0.830013,0.818188,0.192064,0.189327
9.68872,0.829807,0.817971,0.192870,0.190119
9.69445,0.829601,0.817754,0.193675,0.190909
9.70018,0.829395,0.817537,0.194480,0.191699
9.70591,0.829189,0.817320,0.195283,0.192488
9.71163,0.828983,0.817103,0.196087,0.193277
9.71736,0.828776,0.816885,0.196889,0.194064
9.72309,0.828570,0.816668,0.197691,0.194851
9.72882,0.828363,0.816450,0.198492,0.195638
9.73455,0.828157,0.816232,0.199293,0.196423
9.74028,0.827950,0.816015,0.200092,0.197208
9.74601,0.827743,0.815797,0.200891,0.197992
9.75174,0.827535,0.815578,0.201690,0.198776
9.75747,0.827328,0.815360,0.202487,0.199558
9.76320,0.827121,0.815142,0.203284,0.200340
9.76893,0.826913,0.814923,0.204081,0.201121
9.77466,0.826706,0.814704,0.204876,0.201902
9.78039,0.826498,0.814486,0.205671,0.202682
9.78612,0.826290,0.814267,0.206465,0.203461
9.79185,0.826082,0.814047,0.207259,0.204239
9.79758,0.825874,0.813828,0.208051,0.205017
9.80331,0.825665,0.813609,0.208844,0.205794
9.80904,0.825457,0.813389,0.209635,0.206570
9.81477,0.825248,0.813170,0.210426,0.207346
9.82050,0.825040,0.812950,0.211215,0.208120
9.82623,0.824831,0.812730,0.212005,0.208895
9.83196,0.824622,0.812510,0.212793,0.209668
9.83769,0.824413,0.812290,0.213581,0.210440
9.84341,0.824203,0.812070,0.214368,0.211212
9.84914,0.823994,0.811850,0.215154,0.211983
9.85487,0.823785,0.811629,0.215940,0.212754
9.86060,0.823575,0.811409,0.216725,0.213523
9.86633,0.823365,0.811188,0.217509,0.214292
9.87206,0.823155,0.810967,0.218293,0.215060
9.87779,0.822945,0.810746,0.219075,0.215828
9.88352,0.822735,0.810525,0.219858,0.216595
9.88925,0.822525,0.810304,0.220639,0.217361
9.89498,0.822315,0.810082,0.221419,0.218126
9.90071,0.822104,0.809861,0.222199,0.218890
9.90644,0.821893,0.809639,0.222979,0.219654
9.91217,0.821683,0.809417,0.223757,0.220417
9.91790,0.821472,0.809195,0.224535,0.221179
9.92363,0.821261,0.808973,0.225312,0.221941
9.92936,0.821050,0.808751,0.226088,0.222701
9.93509,0.820838,0.808529,0.226863,0.223461
9.94082,0.820627,0.808306,0.227638,0.224220
9.94655,0.820415,0.808084,0.228412,0.224979
9.95228,0.820204,0.807861,0.229185,0.225737
9.95801,0.819992,0.807638,0.229958,0.226494
9.96374,0.819780,0.807415,0.230730,0.227250
9.96947,0.819568,0.807192,0.231501,0.228005
9.97520,0.819356,0.806969,0.232271,0.228760
9.98092,0.819143,0.806746,0.233041,0.229514
9.98665,0.818931,0.806522,0.233810,0.230267
9.99238,0.818718,0.806299,0.234578,0.231020
9.99811,0.818505,0.806075,0.235345,0.231771
10.00384,0.818293,0.805851,0.236112,0.232522
10.00957,0.818080,0.805627,0.236878,0.233272
10.01530,0.817867,0.805403,0.237643,0.234022
10.02103,0.817653,0.805179,0.238407,0.234770
10.02676,0.817440,0.804955,0.239171,0.235518
10.03249,0.817226,0.804730,0.239934,0.236265
10.03822,0.817013,0.804506,0.240696,0.237011
10.04395,0.816799,0.804281,0.241457,0.237757
10.04968,0.816585,0.804056,0.242218,0.238502
10.05541,0.816371,0.803831,0.242978,0.239246
10.06114,0.816157,0.803606,0.243737,0.239989
10.06687,0.815943,0.803381,0.244495,0.240731
10.07260,0.815728,0.803155,0.245253,0.241473
10.07833,0.815514,0.802930,0.246010,0.242214
10.08406,0.815299,0.802704,0.246766,0.242954
10.08979,0.815084,0.802479,0.247521,0.243693
10.09552,0.814869,0.802253,0.248276,0.244432
10.10125,0.814654,0.802027,0.249030,0.245170
10.10698,0.814439,0.801801,0.249783,0.245907
10.11271,0.814224,0.801574,0.250535,0.246643
10.11843,0.814008,0.801348,0.251287,0.247378
10.12416,0.813793,0.801121,0.252037,0.248113
10.12989,0.813577,0.800895,0.252787,0.248847
10.13562,0.813361,0.800668,0.253536,0.249580
10.14135,0.813145,0.800441,0.254285,0.250312
10.14708,0.812929,0.800214,0.255033,0.251044
10.15281,0.812713,0.799987,0.255779,0.251774
10.15854,0.812497,0.799760,0.256526,0.252504
10.16427,0.812280,0.799532,0.257271,0.253233
10.17000,0.812064,0.799305,0.258015,0.253962
10.17573,0.811847,0.799077,0.258759,0.254689
10.18146,0.811630,0.798849,0.259502,0.255416
10.18719,0.811413,0.798621,0.260245,0.256142
10.19292,0.811196,0.798393,0.260986,0.256867
10.19865,0.810979,0.798165,0.261727,0.257591
10.20438,0.810761,0.797937,0.262466,0.258315
10.21011,0.810544,0.797708,0.263206,0.259038
10.21584,0.810326,0.797480,0.263944,0.259760
10.22157,0.810109,0.797251,0.264681,0.260481
10.22730,0.809891,0.797022,0.265418,0.261201
10.23303,0.809673,0.796793,0.266154,0.261921
10.23876,0.809454,0.796564,0.266889,0.262639
10.24449,0.809236,0.796335,0.267624,0.263357
10.25021,0.809018,0.796106,0.268357,0.264074
10.25594,0.808799,0.795876,0.269090,0.264791
10.26167,0.808581,0.795647,0.269822,0.265506
10.26740,0.808362,0.795417,0.270553,0.266221
10.27313,0.808143,0.795187,0.271284,0.266935
10.27886,0.807924,0.794957,0.272013,0.267648
10.28459,0.807705,0.794727,0.272742,0.268360
10.29032,0.807485,0.794497,0.273470,0.269071
10.29605,0.807266,0.794267,0.274197,0.269782
10.30178,0.807046,0.794036,0.274924,0.270492
10.30751,0.806826,0.793806,0.275649,0.271201
10.31324,0.806607,0.793575,0.276374,0.271909
10.31897,0.806387,0.793344,0.277098,0.272616
10.32470,0.806167,0.793113,0.277821,0.273323
10.33043,0.805946,0.792882,0.278544,0.274029
10.33616,0.805726,0.792651,0.279266,0.274734
10.34189,0.805506,0.792419,0.279986,0.275438
10.34762,0.805285,0.792188,0.280706,0.276141
10.35335,0.805064,0.791956,0.281425,0.276843
10.35908,0.804843,0.791725,0.282144,0.277545
10.36481,0.804622,0.791493,0.282861,0.278246
10.37054,0.804401,0.791261,0.283578,0.278946
10.37627,0.804180,0.791029,0.284294,0.279645
10.38200,0.803959,0.790796,0.285009,0.280343
10.38772,0.803737,0.790564,0.285724,0.281041
10.39345,0.803515,0.790331,0.286437,0.281737
10.39918,0.803294,0.790099,0.287150,0.282433
10.40491,0.803072,0.789866,0.287862,0.283128
10.41064,0.802850,0.789633,0.288573,0.283822
10.41637,0.802627,0.789400,0.289283,0.284515
10.42210,0.802405,0.789167,0.289992,0.285208
10.42783,0.802183,0.788934,0.290701,0.285899
10.43356,0.801960,0.788700,0.291409,0.286590
10.43929,0.801738,0.788467,0.292115,0.287280
10.44502,0.801515,0.788233,0.292822,0.287969
10.45075,0.801292,0.787999,0.293527,0.288658
10.45648,0.801069,0.787765,0.294231,0.289345
10.46221,0.800846,0.787531,0.294935,0.290032
10.46794,0.800622,0.787297,0.295638,0.290717
10.47367,0.800399,0.787063,0.296340,0.291402
10.47940,0.800175,0.786829,0.297041,0.292086
10.48513,0.799951,0.786594,0.297741,0.292770
10.49086,0.799728,0.786359,0.298441,0.293452
10.49659,0.799504,0.786125,0.299139,0.294133
10.50232,0.799280,0.785890,0.299837,0.294814
10.50805,0.799055,0.785655,0.300534,0.295494
10.51378,0.798831,0.785419,0.301230,0.296173
10.51951,0.798606,0.785184,0.301926,0.296851
10.52523,0.798382,0.784949,0.302620,0.297528
10.53096,0.798157,0.784713,0.303314,0.298205
10.53669,0.797932,0.784477,0.304006,0.298880
10.54242,0.797707,0.784242,0.304698,0.299555
10.54815,0.797482,0.784006,0.305389,0.300229
10.55388,0.797257,0.783770,0.306080,0.300902
10.55961,0.797031,0.783533,0.306769,0.301574
10.56534,0.796806,0.783297,0.307458,0.302245
10.57107,0.796580,0.783061,0.308145,0.302916
10.57680,0.796354,0.782824,0.308832,0.303585
10.58253,0.796128,0.782587,0.309518,0.304254
10.58826,0.795902,0.782351,0.310204,0.304922
10.59399,0.795676,0.782114,0.310888,0.305589
10.59972,0.795450,0.781877,0.311571,0.306255
10.60545,0.795224,0.781639,0.312254,0.306920
10.61118,0.794997,0.781402,0.312936,0.307584
10.61691,0.794770,0.781165,0.313617,0.308248
10.62264,0.794543,0.780927,0.314297,0.308911
10.62837,0.794316,0.780689,0.314976,0.309572
10.63410,0.794089,0.780451,0.315654,0.310233
10.63983,0.793862,0.780214,0.316332,0.310893
10.64556,0.793635,0.779975,0.317009,0.311552
10.65129,0.793407,0.779737,0.317684,0.312211
10.65701,0.793180,0.779499,0.318359,0.312868
10.66274,0.792952,0.779260,0.319033,0.313525
10.66847,0.792724,0.779022,0.319707,0.314180
10.67420,0.792496,0.778783,0.320379,0.314835
10.67993,0.792268,0.778544,0.321050,0.315489
10.68566,0.792040,0.778305,0.321721,0.316142
10.69139,0.791811,0.778066,0.322391,0.316794
10.69712,0.791583,0.777827,0.323060,0.317446
10.70285,0.791354,0.777588,0.323728,0.318096
10.70858,0.791126,0.777348,0.324395,0.318746
10.71431,0.790897,0.777109,0.325061,0.319394
10.72004,0.790668,0.776869,0.325727,0.320042
10.72577,0.790439,0.776629,0.326391,0.320689
10.73150,0.790209,0.776389,0.327055,0.321335
10.73723,0.789980,0.776149,0.327718,0.321980
10.74296,0.789750,0.775909,0.328380,0.322624
10.74869,0.789521,0.775668,0.329041,0.323268
10.75442,0.789291,0.775428,0.329701,0.323910
10.76015,0.789061,0.775187,0.330360,0.324552
10.76588,0.788831,0.774946,0.331019,0.325192
10.77161,0.788601,0.774706,0.331676,0.325832
10.77734,0.788370,0.774465,0.332333,0.326471
10.78307,0.788140,0.774223,0.332989,0.327109
10.78880,0.787909,0.773982,0.333644,0.327746
10.79452,0.787679,0.773741,0.334298,0.328383
10.80025,0.787448,0.773499,0.334951,0.329018
10.80598,0.787217,0.773258,0.335603,0.329652
10.81171,0.786986,0.773016,0.336255,0.330286
10.81744,0.786755,0.772774,0.336905,0.330919
10.82317,0.786523,0.772532,0.337555,0.331550
10.82890,0.786292,0.772290,0.338204,0.332181
10.83463,0.786060,0.772048,0.338852,0.332811
10.84036,0.785828,0.771805,0.339499,0.333440
10.84609,0.785597,0.771563,0.340145,0.334068
10.85182,0.785365,0.771320,0.340790,0.334696
10.85755,0.785132,0.771077,0.341434,0.335322
10.86328,0.784900,0.770835,0.342078,0.335948
10.86901,0.784668,0.770592,0.342720,0.336572
10.87474,0.784435,0.770348,0.343362,0.337196
10.88047,0.784203,0.770105,0.344003,0.337819
10.88620,0.783970,0.769862,0.344643,0.338440
10.89193,0.783737,0.769618,0.345282,0.339061
10.89766,0.783504,0.769375,0.345920,0.339681
10.90339,0.783271,0.769131,0.346557,0.340301
10.90912,0.783038,0.768887,0.347193,0.340919
10.91485,0.782804,0.768643,0.347828,0.341536
10.92058,0.782571,0.768399,0.348463,0.342153
10.92631,0.782337,0.768155,0.349097,0.342768
10.93203,0.782103,0.767910,0.349729,0.343383
10.93776,0.781869,0.767666,0.350361,0.343996
10.94349,0.781635,0.767421,0.350992,0.344609
10.94922,0.781401,0.767176,0.351622,0.345221
10.95495,0.781167,0.766931,0.352251,0.345832
10.96068,0.780932,0.766686,0.352879,0.346442
10.96641,0.780698,0.766441,0.353507,0.347051
10.97214,0.780463,0.766196,0.354133,0.347659
10.97787,0.780228,0.765951,0.354758,0.348267
10.98360,0.779993,0.765705,0.355383,0.348873
10.98933,0.779758,0.765459,0.356007,0.349478
10.99506,0.779523,0.765214,0.356629,0.350083
11.00079,0.779288,0.764968,0.357251,0.350686
11.00652,0.779052,0.764722,0.357872,0.351289
11.01225,0.778816,0.764476,0.358492,0.351891
11.01798,0.778581,0.764229,0.359111,0.352492
11.02371,0.778345,0.763983,0.359729,0.353092
11.02944,0.778109,0.763736,0.360347,0.353691
11.03517,0.777873,0.763490,0.360963,0.354289
11.04090,0.777637,0.763243,0.361578,0.354886
11.04663,0.777400,0.762996,0.362193,0.355482
11.05236,0.777164,0.762749,0.362807,0.356077
11.05809,0.776927,0.762502,0.363419,0.356672
11.06382,0.776690,0.762255,0.364031,0.357265
11.06954,0.776453,0.762007,0.364642,0.357858
11.07527,0.776216,0.761760,0.365252,0.358449
11.08100,0.775979,0.761512,0.365861,0.359040
11.08673,0.775742,0.761264,0.366469,0.359630
11.09246,0.775504,0.761016,0.367076,0.360218
11.09819,0.775267,0.760768,0.367682,0.360806
11.10392,0.775029,0.760520,0.368288,0.361393
11.10965,0.774791,0.760272,0.368892,0.361979
11.11538,0.774554,0.760024,0.369496,0.362564
11.12111,0.774315,0.759775,0.370098,0.363148
11.12684,0.774077,0.759526,0.370700,0.363732
11.13257,0.773839,0.759278,0.371301,0.364314
11.13830,0.773601,0.759029,0.371900,0.364895
11.14403,0.773362,0.758780,0.372499,0.365476
11.14976,0.773123,0.758531,0.373097,0.366055
11.15549,0.772884,0.758281,0.373694,0.366634
11.16122,0.772645,0.758032,0.374290,0.367211
11.16695,0.772406,0.757782,0.374885,0.367788
11.17268,0.772167,0.757533,0.375480,0.368363
11.17841,0.771928,0.757283,0.376073,0.368938
11.18414,0.771688,0.757033,0.376665,0.369512
11.18987,0.771449,0.756783,0.377257,0.370085
11.19560,0.771209,0.756533,0.377847,0.370657
11.20132,0.770969,0.756283,0.378437,0.371228
11.20705,0.770729,0.756032,0.379025,0.371798
11.21278,0.770489,0.755782,0.379613,0.372367
11.21851,0.770249,0.755531,0.380200,0.372935
11.22424,0.770008,0.755280,0.380785,0.373502
11.22997,0.769768,0.755030,0.381370,0.374068
11.23570,0.769527,0.754779,0.381954,0.374634
11.24143,0.769287,0.754527,0.382537,0.375198
11.24716,0.769046,0.754276,0.383119,0.375761
11.25289,0.768805,0.754025,0.383700,0.376324
11.25862,0.768564,0.753773,0.384280,0.376885
11.26435,0.768322,0.753522,0.384859,0.377446
11.27008,0.768081,0.753270,0.385438,0.378005
11.27581,0.767839,0.753018,0.386015,0.378564
11.28154,0.767598,0.752766,0.386591,0.379122
11.28727,0.767356,0.752514,0.387167,0.379678
11.29300,0.767114,0.752262,0.387741,0.380234
11.29873,0.766872,0.752009,0.388315,0.380789
11.30446,0.766630,0.751757,0.388887,0.381343
11.31019,0.766387,0.751504,0.389459,0.381896
11.31592,0.766145,0.751251,0.390030,0.382448
11.32165,0.765902,0.750998,0.390599,0.382999
11.32738,0.765660,0.750745,0.391168,0.383549
11.33311,0.765417,0.750492,0.391736,0.384098
11.33883,0.765174,0.750239,0.392303,0.384646
11.34456,0.764931,0.749986,0.392869,0.385193
11.35029,0.764688,0.749732,0.393434,0.385739
11.35602,0.764444,0.749479,0.393998,0.386284
11.36175,0.764201,0.749225,0.394561,0.386829
11.36748,0.763957,0.748971,0.395123,0.387372
11.37321,0.763714,0.748717,0.395684,0.387914
11.37894,0.763470,0.748463,0.396244,0.388456
11.38467,0.763226,0.748209,0.396803,0.388996
11.39040,0.762982,0.747954,0.397362,0.389535
11.39613,0.762737,0.747700,0.397919,0.390074
11.40186,0.762493,0.747445,0.398475,0.390611
11.40759,0.762249,0.747190,0.399031,0.391148
11.41332,0.762004,0.746936,0.399585,0.391684
11.41905,0.761759,0.746681,0.400139,0.392218
11.42478,0.761514,0.746425,0.400691,0.392752
11.43051,0.761269,0.746170,0.401243,0.393284
11.43624,0.761024,0.745915,0.401793,0.393816
11.44197,0.760779,0.745659,0.402343,0.394347
11.44770,0.760534,0.745404,0.402892,0.394877
11.45343,0.760288,0.745148,0.403439,0.395405
11.45916,0.760042,0.744892,0.403986,0.395933
11.46489,0.759797,0.744636,0.404532,0.396460
11.47062,0.759551,0.744380,0.405077,0.396986
11.47634,0.759305,0.744124,0.405620,0.397511
11.48207,0.759059,0.743868,0.406163,0.398035
11.48780,0.758812,0.743611,0.406705,0.398558
11.49353,0.758566,0.743354,0.407246,0.399080
11.49926,0.758319,0.743098,0.407786,0.399601
11.50499,0.758073,0.742841,0.408325,0.400121
11.51072,0.757826,0.742584,0.408863,0.400640
11.51645,0.757579,0.742327,0.409400,0.401158
11.52218,0.757332,0.742070,0.409936,0.401675
11.52791,0.757085,0.741812,0.410471,0.402191
11.53364,0.756837,0.741555,0.411005,0.402706
11.53937,0.756590,0.741297,0.411539,0.403220
11.54510,0.756342,0.741040,0.412071,0.403733
11.55083,0.756095,0.740782,0.412602,0.404246
11.55656,0.755847,0.740524,0.413132,0.404757
11.56229,0.755599,0.740266,0.413661,0.405267
11.56802,0.755351,0.740008,0.414190,0.405776
11.57375,0.755103,0.739749,0.414717,0.406285
11.57948,0.754854,0.739491,0.415243,0.406792
11.58521,0.754606,0.739232,0.415769,0.407298
11.59094,0.754357,0.738974,0.416293,0.407804
11.59667,0.754108,0.738715,0.416816,0.408308
11.60240,0.753860,0.738456,0.417339,0.408811
11.60812,0.753611,0.738197,0.417860,0.409314
11.61385,0.753361,0.737938,0.418381,0.409815
11.61958,0.753112,0.737678,0.418900,0.410315
11.62531,0.752863,0.737419,0.419418,0.410815
11.63104,0.752613,0.737159,0.419936,0.411313
11.63677,0.752364,0.736900,0.420452,0.411810
11.64250,0.752114,0.736640,0.420968,0.412307
11.64823,0.751864,0.736380,0.421482,0.412802
11.65396,0.751614,0.736120,0.421996,0.413297
11.65969,0.751364,0.735860,0.422509,0.413790
11.66542,0.751114,0.735599,0.423020,0.414283
11.67115,0.750863,0.735339,0.423531,0.414774
11.67688,0.750613,0.735079,0.424040,0.415265
11.68261,0.750362,0.734818,0.424549,0.415754
11.68834,0.750111,0.734557,0.425057,0.416243
11.69407,0.749861,0.734296,0.425563,0.416730
11.69980,0.749609,0.734035,0.426069,0.417217
11.70553,0.749358,0.733774,0.426574,0.417702
11.71126,0.749107,0.733513,0.427077,0.418187
11.71699,0.748856,0.733251,0.427580,0.418670
11.72272,0.748604,0.732990,0.428082,0.419153
11.72845,0.748352,0.732728,0.428582,0.419634
11.73418,0.748101,0.732467,0.429082,0.420115
11.73991,0.747849,0.732205,0.429581,0.420594
11.74563,0.747597,0.731943,0.430078,0.421073
11.75136,0.747344,0.731681,0.430575,0.421550
11.75709,0.747092,0.731418,0.431071,0.422027
11.76282,0.746840,0.731156,0.431565,0.422503
11.76855,0.746587,0.730893,0.432059,0.422977
11.77428,0.746334,0.730631,0.432552,0.423451
11.78001,0.746082,0.730368,0.433044,0.423923
11.78574,0.745829,0.730105,0.433534,0.424395
11.79147,0.745576,0.729842,0.434024,0.424865
11.79720,0.745322,0.729579,0.434513,0.425335
11.80293,0.745069,0.729316,0.435001,0.425803
11.80866,0.744816,0.729053,0.435487,0.426271
11.81439,0.744562,0.728789,0.435973,0.426737
11.82012,0.744308,0.728526,0.436458,0.427203
11.82585,0.744054,0.728262,0.436941,0.427667
11.83158,0.743800,0.727998,0.437424,0.428131
11.83731,0.743546,0.727734,0.437906,0.428593
11.84304,0.743292,0.727470,0.438387,0.429055
11.84877,0.743038,0.727206,0.438866,0.429515
11.85450,0.742783,0.726942,0.439345,0.429975
11.86023,0.742529,0.726677,0.439823,0.430433
11.86596,0.742274,0.726413,0.440300,0.430891
11.87169,0.742019,0.726148,0.440775,0.431347
11.87742,0.741764,0.725883,0.441250,0.431803
11.88314,0.741509,0.725618,0.441724,0.432257
11.88887,0.741254,0.725353,0.442196,0.432711
11.89460,0.740998,0.725088,0.442668,0.433163
11.90033,0.740743,0.724823,0.443139,0.433615
11.90606,0.740487,0.724557,0.443608,0.434065
11.91179,0.740232,0.724292,0.444077,0.434515
11.91752,0.739976,0.724026,0.444545,0.434963
11.92325,0.739720,0.723760,0.445011,0.435410
11.92898,0.739463,0.723494,0.445477,0.435857
11.93471,0.739207,0.723228,0.445942,0.436302
11.94044,0.738951,0.722962,0.446405,0.436746
11.94617,0.738694,0.722696,0.446868,0.437190
11.95190,0.738438,0.722430,0.447329,0.437632
11.95763,0.738181,0.722163,0.447790,0.438073
11.96336,0.737924,0.721897,0.448250,0.438514
11.96909,0.737667,0.721630,0.448708,0.438953
11.97482,0.737410,0.721363,0.449166,0.439391
11.98055,0.737152,0.721096,0.449622,0.439829
11.98628,0.736895,0.720829,0.450078,0.440265
11.99201,0.736638,0.720562,0.450532,0.440700
11.99774,0.736380,0.720294,0.450986,0.441134
12.00347,0.736122,0.720027,0.451438,0.441568
12.00920,0.735864,0.719759,0.451890,0.442000
12.01492,0.735606,0.719491,0.452340,0.442431
12.02065,0.735348,0.719224,0.452790,0.442861
12.02638,0.735090,0.718956,0.453238,0.443290
12.03211,0.734831,0.718688,0.453685,0.443718
12.03784,0.734573,0.718419,0.454132,0.444145
12.04357,0.734314,0.718151,0.454577,0.444571
12.04930,0.734055,0.717883,0.455021,0.444997
12.05503,0.733796,0.717614,0.455465,0.445421
12.06076,0.733537,0.717345,0.455907,0.445844
12.06649,0.733278,0.717077,0.456348,0.446266
12.07222,0.733019,0.716808,0.456789,0.446687
12.07795,0.732759,0.716539,0.457228,0.447107
12.08368,0.732500,0.716269,0.457666,0.447525
12.08941,0.732240,0.716000,0.458103,0.447943
12.09514,0.731980,0.715731,0.458539,0.448360
12.10087,0.731720,0.715461,0.458975,0.448776
12.10660,0.731460,0.715192,0.459409,0.449191
12.11233,0.731200,0.714922,0.459842,0.449605
12.11806,0.730939,0.714652,0.460274,0.450018
12.12379,0.730679,0.714382,0.460705,0.450429
12.12952,0.730418,0.714112,0.461135,0.450840
12.13525,0.730158,0.713842,0.461564,0.451250
12.14098,0.729897,0.713571,0.461992,0.451659
12.14671,0.729636,0.713301,0.462419,0.452066
12.15243,0.729375,0.713030,0.462845,0.452473
12.15816,0.729113,0.712759,0.463270,0.452879
12.16389,0.728852,0.712489,0.463694,0.453283
12.16962,0.728591,0.712218,0.464117,0.453687
12.17535,0.728329,0.711947,0.464538,0.454089
12.18108,0.728067,0.711675,0.464959,0.454491
12.18681,0.727805,0.711404,0.465379,0.454891
12.19254,0.727543,0.711133,0.465798,0.455291
12.19827,0.727281,0.710861,0.466215,0.455689
12.20400,0.727019,0.710589,0.466632,0.456087
12.20973,0.726757,0.710317,0.467048,0.456483
12.21546,0.726494,0.710046,0.467462,0.456879
12.22119,0.726232,0.709774,0.467876,0.457273
12.22692,0.725969,0.709501,0.468289,0.457666
12.23265,0.725706,0.709229,0.468700,0.458058
12.23838,0.725443,0.708957,0.469111,0.458450
12.24411,0.725180,0.708684,0.469520,0.458840
12.24984,0.724917,0.708411,0.469929,0.459229
12.25557,0.724653,0.708139,0.470336,0.459617
12.26130,0.724390,0.707866,0.470742,0.460004
12.26703,0.724126,0.707593,0.471148,0.460391
12.27276,0.723862,0.707320,0.471552,0.460776
12.27849,0.723598,0.707046,0.471955,0.461160
12.28422,0.723334,0.706773,0.472358,0.461543
12.28994,0.723070,0.706500,0.472759,0.461925
12.29567,0.722806,0.706226,0.473159,0.462306
12.30140,0.722542,0.705952,0.473558,0.462686
12.30713,0.722277,0.705678,0.473956,0.463064
12.31286,0.722012,0.705405,0.474354,0.463442
12.31859,0.721748,0.705130,0.474750,0.463819
12.32432,0.721483,0.704856,0.475145,0.464195
12.33005,0.721218,0.704582,0.475539,0.464570
12.33578,0.720953,0.704307,0.475932,0.464943
12.34151,0.720687,0.704033,0.476323,0.465316
12.34724,0.720422,0.703758,0.476714,0.465688
12.35297,0.720156,0.703483,0.477104,0.466058
12.35870,0.719891,0.703209,0.477493,0.466428
12.36443,0.719625,0.702934,0.477881,0.466797
12.37016,0.719359,0.702658,0.478267,0.467164
12.37589,0.719093,0.702383,0.478653,0.467531
12.38162,0.718827,0.702108,0.479038,0.467896
12.38735,0.718561,0.701832,0.479421,0.468260
12.39308,0.718294,0.701557,0.479804,0.468624
12.39881,0.718028,0.701281,0.480186,0.468986
12.40454,0.717761,0.701005,0.480566,0.469347
12.41027,0.717494,0.700729,0.480946,0.469708
12.41600,0.717227,0.700453,0.481324,0.470067
12.42172,0.716960,0.700177,0.481701,0.470425
12.42745,0.716693,0.699900,0.482078,0.470782
12.43318,0.716426,0.699624,0.482453,0.471138
12.43891,0.716158,0.699347,0.482827,0.471493
12.44464,0.715891,0.699071,0.483200,0.471848
12.45037,0.715623,0.698794,0.483573,0.472201
12.45610,0.715355,0.698517,0.483944,0.472552
12.46183,0.715087,0.698240,0.484314,0.472903
12.46756,0.714819,0.697963,0.484683,0.473253
12.47329,0.714551,0.697685,0.485051,0.473602
12.47902,0.714283,0.697408,0.485418,0.473950
12.48475,0.714014,0.697130,0.485784,0.474297
12.49048,0.713746,0.696853,0.486149,0.474643
12.49621,0.713477,0.696575,0.486513,0.474987
12.50194,0.713208,0.696297,0.486875,0.475331
12.50767,0.712939,0.696019,0.487237,0.475674
12.51340,0.712670,0.695741,0.487598,0.476015
12.51913,0.712401,0.695463,0.487957,0.476356
12.52486,0.712132,0.695184,0.488316,0.476695
12.53059,0.711862,0.694906,0.488674,0.477034
12.53632,0.711593,0.694627,0.489030,0.477371
12.54205,0.711323,0.694349,0.489386,0.477707
12.54778,0.711053,0.694070,0.489740,0.478043
12.55351,0.710783,0.693791,0.490094,0.478377
12.55923,0.710513,0.693512,0.490446,0.478710
12.56496,0.710243,0.693233,0.490797,0.479043
12.57069,0.709973,0.692953,0.491147,0.479374
12.57642,0.709702,0.692674,0.491497,0.479704
12.58215,0.709432,0.692394,0.491845,0.480033
12.58788,0.709161,0.692115,0.492192,0.480361
12.59361,0.708890,0.691835,0.492538,0.480688
12.59934,0.708619,0.691555,0.492883,0.481014
12.60507,0.708348,0.691275,0.493227,0.481339
12.61080,0.708077,0.690995,0.493570,0.481663
12.61653,0.707806,0.690715,0.493912,0.481986
12.62226,0.707534,0.690434,0.494253,0.482308
12.62799,0.707263,0.690154,0.494592,0.482628
12.63372,0.706991,0.689873,0.494931,0.482948
12.63945,0.706719,0.689593,0.495269,0.483267
12.64518,0.706447,0.689312,0.495606,0.483584
12.65091,0.706175,0.689031,0.495941,0.483901
12.65664,0.705903,0.688750,0.496276,0.484216
12.66237,0.705630,0.688469,0.496609,0.484531
12.66810,0.705358,0.688187,0.496942,0.484844
12.67383,0.705085,0.687906,0.497273,0.485157
12.67956,0.704813,0.687624,0.497603,0.485468
12.68529,0.704540,0.687343,0.497933,0.485779
12.69102,0.704267,0.687061,0.498261,0.486088
12.69674,0.703994,0.686779,0.498588,0.486396
12.70247,0.703721,0.686497,0.498914,0.486703
12.70820,0.703447,0.686215,0.499239,0.487010
12.71393,0.703174,0.685933,0.499563,0.487315
12.71966,0.702900,0.685650,0.499886,0.487619
12.72539,0.702627,0.685368,0.500208,0.487922
12.73112,0.702353,0.685085,0.500529,0.488224
12.73685,0.702079,0.684803,0.500849,0.488525
12.74258,0.701805,0.684520,0.501168,0.488825
12.74831,0.701531,0.684237,0.501486,0.489123
12.75404,0.701256,0.683954,0.501802,0.489421
12.75977,0.700982,0.683671,0.502118,0.489718
12.76550,0.700707,0.683387,0.502433,0.490014
12.77123,0.700432,0.683104,0.502746,0.490308
12.77696,0.700158,0.682821,0.503059,0.490602
12.78269,0.699883,0.682537,0.503370,0.490895
12.78842,0.699608,0.682253,0.503680,0.491186
12.79415,0.699332,0.681969,0.503990,0.491477
12.79988,0.699057,0.681685,0.504298,0.491766
12.80561,0.698782,0.681401,0.504605,0.492055
12.81134,0.698506,0.681117,0.504911,0.492342
12.81707,0.698230,0.680833,0.505217,0.492628
12.82280,0.697954,0.680548,0.505521,0.492914
12.82853,0.697679,0.680264,0.505824,0.493198
12.83425,0.697402,0.679979,0.506126,0.493481
12.83998,0.697126,0.679694,0.506427,0.493763
12.84571,0.696850,0.679409,0.506726,0.494044
12.85144,0.696573,0.679124,0.507025,0.494324
12.85717,0.696297,0.678839,0.507323,0.494603
12.86290,0.696020,0.678554,0.507620,0.494881
12.86863,0.695743,0.678269,0.507915,0.495158
12.87436,0.695466,0.677983,0.508210,0.495434
12.88009,0.695189,0.677697,0.508503,0.495709
12.88582,0.694912,0.677412,0.508796,0.495983
12.89155,0.694635,0.677126,0.509087,0.496255
12.89728,0.694357,0.676840,0.509378,0.496527
12.90301,0.694080,0.676554,0.509667,0.496798
12.90874,0.693802,0.676268,0.509955,0.497067
12.91447,0.693524,0.675981,0.510242,0.497336
12.92020,0.693246,0.675695,0.510529,0.497603
12.92593,0.692968,0.675408,0.510814,0.497870
12.93166,0.692690,0.675122,0.511098,0.498135
12.93739,0.692412,0.674835,0.511381,0.498400
12.94312,0.692133,0.674548,0.511663,0.498663
12.94885,0.691855,0.674261,0.511944,0.498925
12.95458,0.691576,0.673974,0.512223,0.499186
12.96031,0.691297,0.673687,0.512502,0.499447
12.96603,0.691018,0.673400,0.512780,0.499706
12.97176,0.690739,0.673112,0.513057,0.499964
12.97749,0.690460,0.672825,0.513332,0.500221
12.98322,0.690181,0.672537,0.513607,0.500477
12.98895,0.689901,0.672249,0.513880,0.500732
12.99468,0.689622,0.671961,0.514153,0.500986
13.00041,0.689342,0.671673,0.514424,0.501239
13.00614,0.689062,0.671385,0.514695,0.501491
13.01187,0.688782,0.671097,0.514964,0.501741
13.01760,0.688502,0.670808,0.515232,0.501991
13.02333,0.688222,0.670520,0.515499,0.502240
13.02906,0.687942,0.670231,0.515765,0.502487
13.03479,0.687661,0.669943,0.516030,0.502734
13.04052,0.687381,0.669654,0.516294,0.502980
13.04625,0.687100,0.669365,0.516557,0.503224
13.05198,0.686819,0.669076,0.516819,0.503468
13.05771,0.686538,0.668787,0.517080,0.503710
13.06344,0.686257,0.668497,0.517340,0.503951
13.06917,0.685976,0.668208,0.517599,0.504192
13.07490,0.685695,0.667918,0.517856,0.504431
13.08063,0.685413,0.667629,0.518113,0.504669
13.08636,0.685132,0.667339,0.518368,0.504906
13.09209,0.684850,0.667049,0.518623,0.505143
13.09782,0.684568,0.666759,0.518876,0.505378
13.10354,0.684287,0.666469,0.519129,0.505612
13.10927,0.684005,0.666179,0.519380,0.505845
13.11500,0.683722,0.665889,0.519631,0.506077
13.12073,0.683440,0.665598,0.519880,0.506308
13.12646,0.683158,0.665308,0.520128,0.506538
13.13219,0.682875,0.665017,0.520375,0.506766
13.13792,0.682593,0.664726,0.520621,0.506994
13.14365,0.682310,0.664435,0.520866,0.507221
13.14938,0.682027,0.664144,0.521110,0.507447
13.15511,0.681744,0.663853,0.521353,0.507671
13.16084,0.681461,0.663562,0.521595,0.507895
13.16657,0.681177,0.663271,0.521836,0.508118
13.17230,0.680894,0.662979,0.522075,0.508339
13.17803,0.680610,0.662688,0.522314,0.508560
13.18376,0.680327,0.662396,0.522552,0.508779
13.18949,0.680043,0.662104,0.522788,0.508998
13.19522,0.679759,0.661812,0.523024,0.509215
13.20095,0.679475,0.661520,0.523258,0.509431
13.20668,0.679191,0.661228,0.523492,0.509647
13.21241,0.678907,0.660936,0.523724,0.509861
13.21814,0.678622,0.660643,0.523955,0.510074
13.22387,0.678338,0.660351,0.524186,0.510286
13.22960,0.678053,0.660058,0.524415,0.510497
13.23533,0.677769,0.659766,0.524643,0.510707
13.24105,0.677484,0.659473,0.524870,0.510916
13.24678,0.677199,0.659180,0.525096,0.511124
13.25251,0.676914,0.658887,0.525321,0.511331
13.25824,0.676628,0.658594,0.525545,0.511537
13.26397,0.676343,0.658300,0.525768,0.511742
13.26970,0.676058,0.658007,0.525990,0.511946
13.27543,0.675772,0.657714,0.526210,0.512149
13.28116,0.675486,0.657420,0.526430,0.512351
13.28689,0.675200,0.657126,0.526649,0.512551
13.29262,0.674914,0.656832,0.526866,0.512751
13.29835,0.674628,0.656538,0.527083,0.512950
13.30408,0.674342,0.656244,0.527299,0.513147
13.30981,0.674056,0.655950,0.527513,0.513344
13.31554,0.673769,0.655656,0.527726,0.513539
13.32127,0.673483,0.655362,0.527939,0.513734
13.32700,0.673196,0.655067,0.528150,0.513927
13.33273,0.672909,0.654772,0.528360,0.514119
13.33846,0.672622,0.654478,0.528569,0.514311
13.34419,0.672335,0.654183,0.528777,0.514501
13.34992,0.672048,0.653888,0.528985,0.514690
13.35565,0.671761,0.653593,0.529191,0.514879
13.36138,0.671473,0.653298,0.529396,0.515066
13.36711,0.671186,0.653002,0.529599,0.515252
13.37283,0.670898,0.652707,0.529802,0.515437
13.37856,0.670610,0.652411,0.530004,0.515621
13.38429,0.670322,0.652116,0.530205,0.515804
13.39002,0.670034,0.651820,0.530405,0.515986
13.39575,0.669746,0.651524,0.530603,0.516167
13.40148,0.669458,0.651228,0.530801,0.516347
13.40721,0.669169,0.650932,0.530997,0.516526
13.41294,0.668881,0.650636,0.531193,0.516704
13.41867,0.668592,0.650340,0.531387,0.516881
13.42440,0.668303,0.650043,0.531581,0.517056
13.43013,0.668014,0.649747,0.531773,0.517231
13.43586,0.667725,0.649450,0.531964,0.517405
13.44159,0.667436,0.649153,0.532155,0.517577
13.44732,0.667147,0.648856,0.532344,0.517749
13.45305,0.666857,0.648559,0.532532,0.517920
13.45878,0.666568,0.648262,0.532719,0.518089
13.46451,0.666278,0.647965,0.532905,0.518258
13.47024,0.665989,0.647668,0.533090,0.518425
13.47597,0.665699,0.647370,0.533274,0.518592
13.48170,0.665409,0.647073,0.533457,0.518757
13.48743,0.665119,0.646775,0.533639,0.518922
13.49316,0.664828,0.646478,0.533819,0.519085
13.49889,0.664538,0.646180,0.533999,0.519247
13.50462,0.664247,0.645882,0.534178,0.519408
13.51034,0.663957,0.645584,0.534356,0.519569
13.51607,0.663666,0.645285,0.534532,0.519728
13.52180,0.663375,0.644987,0.534708,0.519886
13.52753,0.663084,0.644689,0.534882,0.520043
13.53326,0.662793,0.644390,0.535056,0.520199
13.53899,0.662502,0.644092,0.535228,0.520354
13.54472,0.662211,0.643793,0.535399,0.520509
13.55045,0.661919,0.643494,0.535570,0.520662
13.55618,0.661628,0.643195,0.535739,0.520814
13.56191,0.661336,0.642896,0.535907,0.520964
13.56764,0.661044,0.642597,0.536074,0.521114
13.57337,0.660752,0.642297,0.536240,0.521263
13.57910,0.660460,0.641998,0.536405,0.521411
13.58483,0.660168,0.641698,0.536569,0.521558
13.59056,0.659875,0.641399,0.536732,0.521704
13.59629,0.659583,0.641099,0.536894,0.521849
13.60202,0.659290,0.640799,0.537055,0.521992
13.60775,0.658998,0.640499,0.537215,0.522135
13.61348,0.658705,0.640199,0.537374,0.522277
13.61921,0.658412,0.639899,0.537532,0.522417
13.62494,0.658119,0.639599,0.537688,0.522557
13.63067,0.657826,0.639298,0.537844,0.522696
13.63640,0.657533,0.638998,0.537999,0.522833
13.64213,0.657239,0.638697,0.538152,0.522970
13.64785,0.656946,0.638396,0.538305,0.523105
13.65358,0.656652,0.638096,0.538456,0.523240
13.65931,0.656358,0.637795,0.538607,0.523373
13.66504,0.656064,0.637493,0.538756,0.523506
13.67077,0.655770,0.637192,0.538904,0.523637
13.67650,0.655476,0.636891,0.539052,0.523767
13.68223,0.655182,0.636590,0.539198,0.523897
13.68796,0.654888,0.636288,0.539343,0.524025
13.69369,0.654593,0.635987,0.539487,0.524152
13.69942,0.654299,0.635685,0.539630,0.524279
13.70515,0.654004,0.635383,0.539772,0.524404
13.71088,0.653709,0.635081,0.539913,0.524528
13.71661,0.653414,0.634779,0.540053,0.524651
13.72234,0.653119,0.634477,0.540192,0.524774
13.72807,0.652824,0.634175,0.540330,0.524895
13.73380,0.652528,0.633872,0.540467,0.525015
13.73953,0.652233,0.633570,0.540603,0.525134
13.74526,0.651937,0.633267,0.540738,0.525252
13.75099,0.651642,0.632964,0.540872,0.525369
13.75672,0.651346,0.632662,0.541004,0.525485
13.76245,0.651050,0.632359,0.541136,0.525600
13.76818,0.650754,0.632056,0.541267,0.525714
13.77391,0.650458,0.631752,0.541396,0.525827
13.77963,0.650161,0.631449,0.541525,0.525939
13.78536,0.649865,0.631146,0.541652,0.526050
13.79109,0.649569,0.630842,0.541779,0.526160
13.79682,0.649272,0.630539,0.541904,0.526269
13.80255,0.648975,0.630235,0.542029,0.526377
13.80828,0.648678,0.629931,0.542152,0.526484
13.81401,0.648381,0.629627,0.542274,0.526589
13.81974,0.648084,0.629323,0.542396,0.526694
13.82547,0.647787,0.629019,0.542516,0.526798
13.83120,0.647489,0.628715,0.542635,0.526901
13.83693,0.647192,0.628411,0.542753,0.527003
13.84266,0.646894,0.628106,0.542870,0.527103
13.84839,0.646597,0.627802,0.542986,0.527203
13.85412,0.646299,0.627497,0.543102,0.527302
13.85985,0.646001,0.627192,0.543216,0.527400
13.86558,0.645703,0.626887,0.543329,0.527496
13.87131,0.645405,0.626582,0.543441,0.527592
13.87704,0.645106,0.626277,0.543552,0.527687
13.88277,0.644808,0.625972,0.543661,0.527780
13.88850,0.644509,0.625667,0.543770,0.527873
13.89423,0.644210,0.625361,0.543878,0.527965
13.89996,0.643912,0.625056,0.543985,0.528055
13.90569,0.643613,0.624750,0.544091,0.528145
13.91142,0.643314,0.624444,0.544195,0.528233
13.91714,0.643015,0.624139,0.544299,0.528321
13.92287,0.642715,0.623833,0.544402,0.528408
13.92860,0.642416,0.623527,0.544503,0.528493
13.93433,0.642116,0.623220,0.544604,0.528578
13.94006,0.641817,0.622914,0.544704,0.528661
13.94579,0.641517,0.622608,0.544802,0.528744
13.95152,0.641217,0.622301,0.544900,0.528825
13.95725,0.640917,0.621995,0.544996,0.528906
13.96298,0.640617,0.621688,0.545092,0.528985
13.96871,0.640317,0.621381,0.545186,0.529064
13.97444,0.640016,0.621074,0.545280,0.529141
13.98017,0.639716,0.620767,0.545372,0.529218
13.98590,0.639415,0.620460,0.545463,0.529293
13.99163,0.639115,0.620153,0.545554,0.529368
13.99736,0.638814,0.619845,0.545643,0.529441
14.00309,0.638513,0.619538,0.545731,0.529513
14.00882,0.638212,0.619230,0.545818,0.529585
14.01455,0.637911,0.618923,0.545905,0.529655
14.02028,0.637609,0.618615,0.545990,0.529725
14.02601,0.637308,0.618307,0.546074,0.529793
14.03174,0.637006,0.617999,0.546157,0.529861
14.03747,0.636705,0.617691,0.546239,0.529927
14.04320,0.636403,0.617383,0.546320,0.529992
14.04893,0.636101,0.617074,0.546400,0.530057
14.05465,0.635799,0.616766,0.546479,0.530120
14.06038,0.635497,0.616458,0.546557,0.530183
14.06611,0.635195,0.616149,0.546634,0.530244
14.07184,0.634892,0.615840,0.546710,0.530304
14.07757,0.634590,0.615531,0.546785,0.530364
14.08330,0.634287,0.615222,0.546859,0.530422
14.08903,0.633984,0.614913,0.546932,0.530480
14.09476,0.633682,0.614604,0.547004,0.530536
14.10049,0.633379,0.614295,0.547075,0.530592
14.10622,0.633076,0.613986,0.547145,0.530646
14.11195,0.632772,0.613676,0.547214,0.530699
14.11768,0.632469,0.613366,0.547281,0.530752
14.12341,0.632166,0.613057,0.547348,0.530803
14.12914,0.631862,0.612747,0.547414,0.530854
14.13487,0.631558,0.612437,0.547479,0.530903
14.14060,0.631255,0.612127,0.547542,0.530951
14.14633,0.630951,0.611817,0.547605,0.530999
14.15206,0.630647,0.611507,0.547667,0.531045
14.15779,0.630343,0.611196,0.547728,0.531091
14.16352,0.630038,0.610886,0.547787,0.531135
14.16925,0.629734,0.610575,0.547846,0.531179
14.17498,0.629429,0.610265,0.547903,0.531221
14.18071,0.629125,0.609954,0.547960,0.531263
14.18644,0.628820,0.609643,0.548016,0.531303
14.19216,0.628515,0.609332,0.548070,0.531343
14.19789,0.628210,0.609021,0.548124,0.531381
14.20362,0.627905,0.608710,0.548176,0.531419
14.20935,0.627600,0.608399,0.548228,0.531455
14.21508,0.627295,0.608087,0.548279,0.531491
14.22081,0.626989,0.607776,0.548328,0.531525
14.22654,0.626684,0.607464,0.548377,0.531559
14.23227,0.626378,0.607153,0.548424,0.531591
14.23800,0.626072,0.606841,0.548471,0.531623
14.24373,0.625766,0.606529,0.548516,0.531653
14.24946,0.625460,0.606217,0.548561,0.531683
14.25519,0.625154,0.605905,0.548604,0.531712
14.26092,0.624848,0.605593,0.548646,0.531739
14.26665,0.624542,0.605280,0.548688,0.531766
14.27238,0.624235,0.604968,0.548728,0.531792
14.27811,0.623929,0.604655,0.548768,0.531816
14.28384,0.623622,0.604343,0.548806,0.531840
14.28957,0.623315,0.604030,0.548844,0.531863
14.29530,0.623008,0.603717,0.548880,0.531884
14.30103,0.622701,0.603404,0.548915,0.531905
14.30676,0.622394,0.603091,0.548950,0.531925
14.31249,0.622087,0.602778,0.548983,0.531944
14.31822,0.621779,0.602465,0.549016,0.531962
14.32394,0.621472,0.602152,0.549047,0.531978
14.32967,0.621164,0.601838,0.549077,0.531994
14.33540,0.620856,0.601525,0.549107,0.532009
14.34113,0.620548,0.601211,0.549135,0.532023
14.34686,0.620240,0.600897,0.549162,0.532036
14.35259,0.619932,0.600583,0.549189,0.532048
14.35832,0.619624,0.600269,0.549214,0.532059
14.36405,0.619316,0.599955,0.549239,0.532069
14.36978,0.619007,0.599641,0.549262,0.532078
14.37551,0.618699,0.599327,0.549284,0.532086
14.38124,0.618390,0.599012,0.549306,0.532093
14.38697,0.618081,0.598698,0.549326,0.532099
14.39270,0.617772,0.598383,0.549345,0.532104
14.39843,0.617463,0.598069,0.549364,0.532108
14.40416,0.617154,0.597754,0.549381,0.532112
14.40989,0.616845,0.597439,0.549398,0.532114
14.41562,0.616535,0.597124,0.549413,0.532115
14.42135,0.616226,0.596809,0.549427,0.532115
14.42708,0.615916,0.596494,0.549441,0.532115
14.43281,0.615606,0.596178,0.549453,0.532113
14.43854,0.615297,0.595863,0.549465,0.532110
14.44427,0.614987,0.595547,0.549475,0.532107
14.45000,0.614677,0.595232,0.549485,0.532102
14.45573,0.614366,0.594916,0.549493,0.532096
14.46145,0.614056,0.594600,0.549500,0.532090
14.46718,0.613746,0.594284,0.549507,0.532082
14.47291,0.613435,0.593968,0.549512,0.532074
14.47864,0.613124,0.593652,0.549517,0.532065
14.48437,0.612814,0.593336,0.549520,0.532054
14.49010,0.612503,0.593020,0.549523,0.532043
14.49583,0.612192,0.592703,0.549524,0.532031
14.50156,0.611881,0.592387,0.549525,0.532017
14.50729,0.611569,0.592070,0.549524,0.532003
14.51302,0.611258,0.591753,0.549523,0.531988
14.51875,0.610947,0.591436,0.549520,0.531972
14.52448,0.610635,0.591119,0.549517,0.531955
14.53021,0.610323,0.590802,0.549513,0.531937
14.53594,0.610011,0.590485,0.549507,0.531918
14.54167,0.609700,0.590168,0.549501,0.531898
14.54740,0.609388,0.589851,0.549493,0.531877
14.55313,0.609075,0.589533,0.549485,0.531855
14.55886,0.608763,0.589216,0.549476,0.531832
14.56459,0.608451,0.588898,0.549465,0.531808
14.57032,0.608138,0.588580,0.549454,0.531783
14.57605,0.607826,0.588262,0.549442,0.531758
14.58178,0.607513,0.587944,0.549428,0.531731
14.58751,0.607200,0.587626,0.549414,0.531703
14.59324,0.606887,0.587308,0.549399,0.531675
14.59896,0.606574,0.586990,0.549383,0.531645
14.60469,0.606261,0.586672,0.549366,0.531615
14.61042,0.605947,0.586353,0.549347,0.531583
14.61615,0.605634,0.586035,0.549328,0.531551
14.62188,0.605321,0.585716,0.549308,0.531518
14.62761,0.605007,0.585397,0.549287,0.531483
14.63334,0.604693,0.585078,0.549265,0.531448
14.63907,0.604379,0.584759,0.549242,0.531412
14.64480,0.604065,0.584440,0.549218,0.531375
14.65053,0.603751,0.584121,0.549193,0.531337
14.65626,0.603437,0.583802,0.549167,0.531298
14.66199,0.603123,0.583482,0.549140,0.531258
14.66772,0.602808,0.583163,0.549112,0.531217
14.67345,0.602494,0.582843,0.549083,0.531175
14.67918,0.602179,0.582524,0.549054,0.531132
14.68491,0.601864,0.582204,0.549023,0.531089
14.69064,0.601549,0.581884,0.548991,0.531044
14.69637,0.601234,0.581564,0.548958,0.530998
14.70210,0.600919,0.581244,0.548924,0.530952
14.70783,0.600604,0.580924,0.548890,0.530904
14.71356,0.600289,0.580604,0.548854,0.530856
14.71929,0.599973,0.580283,0.548818,0.530807
14.72502,0.599657,0.579963,0.548780,0.530756
14.73074,0.599342,0.579642,0.548741,0.530705
14.73647,0.599026,0.579322,0.548702,0.530653
14.74220,0.598710,0.579001,0.548661,0.530600
14.74793,0.598394,0.578680,0.548620,0.530546
14.75366,0.598078,0.578359,0.548578,0.530491
14.75939,0.597762,0.578038,0.548534,0.530435
14.76512,0.597445,0.577717,0.548490,0.530378
14.77085,0.597129,0.577396,0.548445,0.530320
14.77658,0.596812,0.577074,0.548398,0.530262
14.78231,0.596495,0.576753,0.548351,0.530202
14.78804,0.596179,0.576431,0.548303,0.530141
14.79377,0.595862,0.576110,0.548254,0.530080
14.79950,0.595545,0.575788,0.548204,0.530017
14.80523,0.595227,0.575466,0.548153,0.529954
14.81096,0.594910,0.575144,0.548101,0.529890
14.81669,0.594593,0.574822,0.548048,0.529825
14.82242,0.594275,0.574500,0.547994,0.529758
14.82815,0.593958,0.574178,0.547939,0.529691
14.83388,0.593640,0.573855,0.547883,0.529623
14.83961,0.593322,0.573533,0.547826,0.529554
14.84534,0.593004,0.573210,0.547769,0.529485
14.85107,0.592686,0.572888,0.547710,0.529414
14.85680,0.592368,0.572565,0.547650,0.529342
14.86253,0.592050,0.572242,0.547590,0.529270
14.86825,0.591731,0.571919,0.547528,0.529196
14.87398,0.591413,0.571596,0.547466,0.529122
14.87971,0.591094,0.571273,0.547402,0.529046
14.88544,0.590775,0.570950,0.547338,0.528970
14.89117,0.590456,0.570626,0.547273,0.528893
14.89690,0.590138,0.570303,0.547206,0.528815
14.90263,0.589818,0.569979,0.547139,0.528736
14.90836,0.589499,0.569656,0.547071,0.528656
14.91409,0.589180,0.569332,0.547002,0.528575
14.91982,0.588861,0.569008,0.546932,0.528493
14.92555,0.588541,0.568684,0.546861,0.528411
14.93128,0.588221,0.568360,0.546789,0.528327
14.93701,0.587902,0.568036,0.546716,0.528242
14.94274,0.587582,0.567712,0.546642,0.528157
14.94847,0.587262,0.567388,0.546568,0.528071
14.95420,0.586942,0.567063,0.546492,0.527984
14.95993,0.586622,0.566739,0.546415,0.527895
14.96566,0.586301,0.566414,0.546338,0.527806
14.97139,0.585981,0.566090,0.546259,0.527716
14.97712,0.585660,0.565765,0.546180,0.527626
14.98285,0.585340,0.565440,0.546099,0.527534
14.98858,0.585019,0.565115,0.546018,0.527441
14.99431,0.584698,0.564790,0.545936,0.527348
15.00004,0.584377,0.564465,0.545853,0.527253
15.00576,0.584056,0.564140,0.545769,0.527158
15.01149,0.583735,0.563814,0.545683,0.527061
15.01722,0.583413,0.563489,0.545598,0.526964
15.02295,0.583092,0.563163,0.545511,0.526866
15.02868,0.582771,0.562838,0.545423,0.526767
15.03441,0.582449,0.562512,0.545334,0.526667
15.04014,0.582127,0.562186,0.545244,0.526567
15.04587,0.581805,0.561860,0.545154,0.526465
15.05160,0.581483,0.561534,0.545062,0.526362
15.05733,0.581161,0.561208,0.544970,0.526259
15.06306,0.580839,0.560882,0.544876,0.526154
15.06879,0.580517,0.560555,0.544782,0.526049
15.07452,0.580194,0.560229,0.544687,0.525943
15.08025,0.579872,0.559902,0.544590,0.525836
15.08598,0.579549,0.559576,0.544493,0.525728
15.09171,0.579226,0.559249,0.544395,0.525619
15.09744,0.578904,0.558922,0.544296,0.525510
15.10317,0.578581,0.558595,0.544197,0.525399
15.10890,0.578258,0.558268,0.544096,0.525288
15.11463,0.577934,0.557941,0.543994,0.525175
15.12036,0.577611,0.557614,0.543891,0.525062
15.12609,0.577288,0.557287,0.543788,0.524948
15.13182,0.576964,0.556960,0.543683,0.524833
15.13754,0.576641,0.556632,0.543578,0.524717
15.14327,0.576317,0.556305,0.543472,0.524600
15.14900,0.575993,0.555977,0.543365,0.524482
15.15473,0.575669,0.555649,0.543256,0.524364
15.16046,0.575345,0.555321,0.543147,0.524244
15.16619,0.575021,0.554993,0.543037,0.524124
15.17192,0.574697,0.554665,0.542927,0.524003
15.17765,0.574372,0.554337,0.542815,0.523881
15.18338,0.574048,0.554009,0.542702,0.523758
15.18911,0.573723,0.553681,0.542589,0.523634
15.19484,0.573398,0.553352,0.542474,0.523509
15.20057,0.573073,0.553024,0.542359,0.523384
15.20630,0.572749,0.552695,0.542242,0.523257
15.21203,0.572424,0.552367,0.542125,0.523130
15.21776,0.572098,0.552038,0.542007,0.523002
15.22349,0.571773,0.551709,0.541888,0.522873
15.22922,0.571448,0.551380,0.541768,0.522743
15.23495,0.571122,0.551051,0.541647,0.522612
15.24068,0.570797,0.550722,0.541525,0.522480
15.24641,0.570471,0.550393,0.541403,0.522348
15.25214,0.570145,0.550063,0.541279,0.522214
15.25787,0.569819,0.549734,0.541155,0.522080
15.26360,0.569493,0.549404,0.541030,0.521945
15.26933,0.569167,0.549075,0.540903,0.521809
15.27505,0.568841,0.548745,0.540776,0.521672
15.28078,0.568514,0.548415,0.540648,0.521534
15.28651,0.568188,0.548085,0.540519,0.521395
15.29224,0.567861,0.547755,0.540389,0.521256
15.29797,0.567535,0.547425,0.540259,0.521116
15.30370,0.567208,0.547095,0.540127,0.520974
15.30943,0.566881,0.546765,0.539995,0.520832
15.31516,0.566554,0.546434,0.539861,0.520689
15.32089,0.566227,0.546104,0.539727,0.520546
15.32662,0.565900,0.545773,0.539592,0.520401
15.33235,0.565572,0.545443,0.539456,0.520255
15.33808,0.565245,0.545112,0.539319,0.520109
15.34381,0.564917,0.544781,0.539181,0.519962
15.34954,0.564590,0.544450,0.539042,0.519814
15.35527,0.564262,0.544119,0.538902,0.519665
15.36100,0.563934,0.543788,0.538762,0.519515
15.36673,0.563606,0.543457,0.538621,0.519365
15.37246,0.563278,0.543126,0.538478,0.519213
15.37819,0.562950,0.542794,0.538335,0.519061
15.38392,0.562622,0.542463,0.538191,0.518908
15.38965,0.562293,0.542131,0.538046,0.518754
15.39538,0.561965,0.541800,0.537900,0.518599
15.40111,0.561636,0.541468,0.537754,0.518443
15.40684,0.561307,0.541136,0.537606,0.518287
15.41256,0.560978,0.540804,0.537458,0.518129
15.41829,0.560650,0.540472,0.537308,0.517971
15.42402,0.560321,0.540140,0.537158,0.517812
15.42975,0.559991,0.539808,0.537007,0.517652
15.43548,0.559662,0.539476,0.536855,0.517491
15.44121,0.559333,0.539143,0.536702,0.517330
15.44694,0.559003,0.538811,0.536549,0.517167
15.45267,0.558674,0.538478,0.536394,0.517004
15.45840,0.558344,0.538145,0.536239,0.516840
15.46413,0.558014,0.537813,0.536082,0.516675
15.46986,0.557684,0.537480,0.535925,0.516509
15.47559,0.557354,0.537147,0.535767,0.516343
15.48132,0.557024,0.536814,0.535608,0.516175
15.48705,0.556694,0.536481,0.535449,0.516007
15.49278,0.556364,0.536148,0.535288,0.515838
15.49851,0.556033,0.535814,0.535126,0.515668
15.50424,0.555703,0.535481,0.534964,0.515497
15.50997,0.555372,0.535148,0.534801,0.515326
15.51570,0.555041,0.534814,0.534637,0.515153
15.52143,0.554710,0.534480,0.534472,0.514980
15.52716,0.554379,0.534147,0.534306,0.514806
15.53289,0.554048,0.533813,0.534139,0.514631
15.53862,0.553717,0.533479,0.533972,0.514455
15.54434,0.553386,0.533145,0.533803,0.514279
15.55007,0.553054,0.532811,0.533634,0.514101
15.55580,0.552723,0.532477,0.533464,0.513923
15.56153,0.552391,0.532142,0.533293,0.513744
15.56726,0.552060,0.531808,0.533121,0.513564
15.57299,0.551728,0.531473,0.532949,0.513384
15.57872,0.551396,0.531139,0.532775,0.513202
15.58445,0.551064,0.530804,0.532601,0.513020
15.59018,0.550732,0.530470,0.532426,0.512837
15.59591,0.550400,0.530135,0.532250,0.512653
15.60164,0.550067,0.529800,0.532073,0.512468
15.60737,0.549735,0.529465,0.531895,0.512283
15.61310,0.549402,0.529130,0.531716,0.512096
15.61883,0.549070,0.528795,0.531537,0.511909
15.62456,0.548737,0.528459,0.531356,0.511721
15.63029,0.548404,0.528124,0.531175,0.511533
15.63602,0.548071,0.527789,0.530993,0.511343
15.64175,0.547738,0.527453,0.530810,0.511153
15.64748,0.547405,0.527117,0.530627,0.510961
15.65321,0.547071,0.526782,0.530442,0.510769
15.65894,0.546738,0.526446,0.530257,0.510577
15.66467,0.546404,0.526110,0.530071,0.510383
15.67040,0.546071,0.525774,0.529884,0.510189
15.67613,0.545737,0.525438,0.529696,0.509993
15.68185,0.545403,0.525102,0.529507,0.509797
15.68758,0.545069,0.524766,0.529318,0.509601
15.69331,0.544735,0.524429,0.529127,0.509403
15.69904,0.544401,0.524093,0.528936,0.509205
15.70477,0.544067,0.523757,0.528744,0.509006
15.71050,0.543733,0.523420,0.528551,0.508806
15.71623,0.543398,0.523083,0.528357,0.508605
15.72196,0.543064,0.522747,0.528163,0.508403
15.72769,0.542729,0.522410,0.527967,0.508201
15.73342,0.542394,0.522073,0.527771,0.507998
15.73915,0.542060,0.521736,0.527574,0.507794
15.74488,0.541725,0.521399,0.527376,0.507589
15.75061,0.541389,0.521062,0.527178,0.507383
15.75634,0.541054,0.520724,0.526978,0.507177
15.76207,0.540719,0.520387,0.526778,0.506970
15.76780,0.540384,0.520050,0.526577,0.506762
15.77353,0.540048,0.519712,0.526375,0.506553
15.77926,0.539713,0.519374,0.526172,0.506344
15.78499,0.539377,0.519037,0.525968,0.506134
15.79072,0.539041,0.518699,0.525764,0.505923
15.79645,0.538705,0.518361,0.525559,0.505711
15.80218,0.538369,0.518023,0.525353,0.505498
15.80791,0.538033,0.517685,0.525146,0.505285
15.81364,0.537697,0.517347,0.524938,0.505071
15.81936,0.537361,0.517009,0.524730,0.504856
15.82509,0.537024,0.516670,0.524520,0.504640
15.83082,0.536688,0.516332,0.524310,0.504424
15.83655,0.536351,0.515993,0.524099,0.504207
15.84228,0.536014,0.515655,0.523888,0.503989
15.84801,0.535678,0.515316,0.523675,0.503770
15.85374,0.535341,0.514978,0.523462,0.503550
15.85947,0.535004,0.514639,0.523248,0.503330
15.86520,0.534667,0.514300,0.523033,0.503109
15.87093,0.534329,0.513961,0.522817,0.502887
15.87666,0.533992,0.513622,0.522600,0.502664
15.88239,0.533655,0.513283,0.522383,0.502441
15.88812,0.533317,0.512943,0.522165,0.502217
15.89385,0.532979,0.512604,0.521946,0.501992
15.89958,0.532642,0.512265,0.521726,0.501766
15.90531,0.532304,0.511925,0.521505,0.501540
15.91104,0.531966,0.511586,0.521284,0.501313
15.91677,0.531628,0.511246,0.521062,0.501085
15.92250,0.531290,0.510906,0.520839,0.500856
15.92823,0.530952,0.510566,0.520615,0.500627
15.93396,0.530613,0.510226,0.520390,0.500396
15.93969,0.530275,0.509886,0.520165,0.500165
15.94542,0.529936,0.509546,0.519939,0.499934
15.95115,0.529598,0.509206,0.519712,0.499701
15.95687,0.529259,0.508866,0.519484,0.499468
15.96260,0.528920,0.508525,0.519256,0.499234
15.96833,0.528581,0.508185,0.519026,0.498999
15.97406,0.528242,0.507845,0.518796,0.498764
15.97979,0.527903,0.507504,0.518565,0.498528
15.98552,0.527563,0.507163,0.518334,0.498291
15.99125,0.527224,0.506823,0.518101,0.498053
15.99698,0.526885,0.506482,0.517868,0.497814
16.00271,0.526545,0.506141,0.517634,0.497575
16.00844,0.526205,0.505800,0.517399,0.497335
16.01417,0.525866,0.505459,0.517164,0.497094
16.01990,0.525526,0.505117,0.516927,0.496853
16.02563,0.525186,0.504776,0.516690,0.496611
16.03136,0.524846,0.504435,0.516452,0.496368
16.03709,0.524506,0.504093,0.516214,0.496124
16.04282,0.524165,0.503752,0.515974,0.495880
16.04855,0.523825,0.503410,0.515734,0.495635
16.05428,0.523484,0.503069,0.515493,0.495389
16.06001,0.523144,0.502727,0.515251,0.495142
16.06574,0.522803,0.502385,0.515009,0.494895
16.07147,0.522462,0.502043,0.514765,0.494647
16.07720,0.522122,0.501701,0.514521,0.494398
16.08293,0.521781,0.501359,0.514277,0.494149
16.08865,0.521440,0.501017,0.514031,0.493898
16.09438,0.521098,0.500675,0.513785,0.493647
16.10011,0.520757,0.500332,0.513537,0.493396
16.10584,0.520416,0.499990,0.513289,0.493143
16.11157,0.520074,0.499647,0.513041,0.492890
16.11730,0.519733,0.499305,0.512791,0.492636
16.12303,0.519391,0.498962,0.512541,0.492382
16.12876,0.519049,0.498619,0.512290,0.492126
16.13449,0.518707,0.498277,0.512039,0.491870
16.14022,0.518365,0.497934,0.511786,0.491614
16.14595,0.518023,0.497591,0.511533,0.491356
16.15168,0.517681,0.497248,0.511279,0.491098
16.15741,0.517339,0.496904,0.511024,0.490839
16.16314,0.516997,0.496561,0.510769,0.490580
16.16887,0.516654,0.496218,0.510512,0.490319
16.17460,0.516312,0.495875,0.510255,0.490058
16.18033,0.515969,0.495531,0.509998,0.489796
16.18606,0.515626,0.495188,0.509739,0.489534
16.19179,0.515283,0.494844,0.509480,0.489271
16.19752,0.514940,0.494500,0.509220,0.489007
16.20325,0.514597,0.494156,0.508959,0.488742
16.20898,0.514254,0.493813,0.508698,0.488477
16.21471,0.513911,0.493469,0.508436,0.488211
16.22044,0.513568,0.493125,0.508173,0.487944
16.22616,0.513224,0.492780,0.507909,0.487677
16.23189,0.512881,0.492436,0.507645,0.487409
16.23762,0.512537,0.492092,0.507379,0.487140
16.24335,0.512193,0.491748,0.507114,0.486871
16.24908,0.511849,0.491403,0.506847,0.486601
16.25481,0.511505,0.491059,0.506580,0.486330
16.26054,0.511161,0.490714,0.506311,0.486058
16.26627,0.510817,0.490369,0.506043,0.485786
16.27200,0.510473,0.490025,0.505773,0.485513
16.27773,0.510129,0.489680,0.505503,0.485239
16.28346,0.509784,0.489335,0.505232,0.484965
16.28919,0.509440,0.488990,0.504960,0.484690
16.29492,0.509095,0.488645,0.504687,0.484414
16.30065,0.508750,0.488300,0.504414,0.484138
16.30638,0.508406,0.487954,0.504140,0.483861
16.31211,0.508061,0.487609,0.503866,0.483583
16.31784,0.507716,0.487264,0.503590,0.483304
16.32357,0.507371,0.486918,0.503314,0.483025
16.32930,0.507025,0.486573,0.503037,0.482746
16.33503,0.506680,0.486227,0.502760,0.482465
16.34076,0.506335,0.485881,0.502481,0.482184
16.34649,0.505989,0.485536,0.502202,0.481902
16.35222,0.505644,0.485190,0.501923,0.481619
16.35795,0.505298,0.484844,0.501642,0.481336
16.36367,0.504952,0.484498,0.501361,0.481052
16.36940,0.504606,0.484152,0.501079,0.480768
16.37513,0.504260,0.483806,0.500797,0.480483
16.38086,0.503914,0.483459,0.500513,0.480197
16.38659,0.503568,0.483113,0.500229,0.479910
16.39232,0.503222,0.482767,0.499945,0.479623
16.39805,0.502875,0.482420,0.499659,0.479335
16.40378,0.502529,0.482074,0.499373,0.479046
16.40951,0.502182,0.481727,0.499086,0.478757
16.41524,0.501836,0.481380,0.498799,0.478467
16.42097,0.501489,0.481033,0.498511,0.478177
16.42670,0.501142,0.480687,0.498222,0.477885
16.43243,0.500795,0.480340,0.497932,0.477593
16.43816,0.500448,0.479993,0.497642,0.477301
16.44389,0.500101,0.479646,0.497351,0.477008
16.44962,0.499754,0.479298,0.497059,0.476714
16.45535,0.499406,0.478951,0.496767,0.476419
16.46108,0.499059,0.478604,0.496473,0.476124
16.46681,0.498711,0.478256,0.496180,0.475828
16.47254,0.498364,0.477909,0.495885,0.475532
16.47827,0.498016,0.477561,0.495590,0.475235
16.48400,0.497668,0.477214,0.495294,0.474937
16.48973,0.497320,0.476866,0.494997,0.474638
16.49545,0.496972,0.476518,0.494700,0.474339
16.50118,0.496624,0.476170,0.494402,0.474040
16.50691,0.496276,0.475822,0.494103,0.473739
16.51264,0.495928,0.475474,0.493804,0.473438
16.51837,0.495580,0.475126,0.493504,0.473137
16.52410,0.495231,0.474778,0.493203,0.472834
16.52983,0.494883,0.474430,0.492902,0.472531
16.53556,0.494534,0.474082,0.492600,0.472228
16.54129,0.494185,0.473733,0.492297,0.471923
16.54702,0.493836,0.473385,0.491994,0.471619
16.55275,0.493487,0.473036,0.491690,0.471313
16.55848,0.493138,0.472688,0.491385,0.471007
16.56421,0.492789,0.472339,0.491080,0.470700
16.56994,0.492440,0.471990,0.490773,0.470393
16.57567,0.492091,0.471641,0.490467,0.470085
16.58140,0.491741,0.471292,0.490159,0.469776
16.58713,0.491392,0.470943,0.489851,0.469467
16.59286,0.491042,0.470594,0.489542,0.469157
16.59859,0.490693,0.470245,0.489233,0.468846
16.60432,0.490343,0.469896,0.488923,0.468535
16.61005,0.489993,0.469547,0.488612,0.468223
16.61578,0.489643,0.469197,0.488300,0.467911
16.62151,0.489293,0.468848,0.487988,0.467598
16.62724,0.488943,0.468498,0.487675,0.467284
16.63296,0.488593,0.468149,0.487362,0.466970
16.63869,0.488242,0.467799,0.487048,0.466655
16.64442,0.487892,0.467449,0.486733,0.466339
16.65015,0.487541,0.467100,0.486418,0.466023
16.65588,0.487191,0.466750,0.486102,0.465706
16.66161,0.486840,0.466400,0.485785,0.465389
16.66734,0.486489,0.466050,0.485467,0.465071
16.67307,0.486138,0.465700,0.485149,0.464752
16.67880,0.485787,0.465350,0.484831,0.464433
16.68453,0.485436,0.464999,0.484511,0.464113
16.69026,0.485085,0.464649,0.484191,0.463793
16.69599,0.484734,0.464299,0.483871,0.463472
16.70172,0.484382,0.463948,0.483549,0.463150
16.70745,0.484031,0.463598,0.483227,0.462828
16.71318,0.483679,0.463247,0.482905,0.462505
16.71891,0.483328,0.462896,0.482582,0.462182
16.72464,0.482976,0.462546,0.482258,0.461858
16.73037,0.482624,0.462195,0.481933,0.461533
16.73610,0.482272,0.461844,0.481608,0.461208
16.74183,0.481920,0.461493,0.481282,0.460882
16.74756,0.481568,0.461142,0.480956,0.460555
16.75329,0.481216,0.460791,0.480629,0.460228
16.75902,0.480864,0.460440,0.480301,0.459901
16.76475,0.480511,0.460088,0.479973,0.459573
16.77047,0.480159,0.459737,0.479644,0.459244
16.77620,0.479806,0.459386,0.479314,0.458914
16.78193,0.479454,0.459034,0.478984,0.458584
16.78766,0.479101,0.458683,0.478653,0.458254
16.79339,0.478748,0.458331,0.478322,0.457923
16.79912,0.478395,0.457979,0.477989,0.457591
16.80485,0.478042,0.457628,0.477657,0.457258
16.81058,0.477689,0.457276,0.477323,0.456926
16.81631,0.477336,0.456924,0.476989,0.456592
16.82204,0.476983,0.456572,0.476655,0.456258
16.82777,0.476629,0.456220,0.476320,0.455923
16.83350,0.476276,0.455868,0.475984,0.455588
16.83923,0.475922,0.455516,0.475647,0.455252
16.84496,0.475569,0.455163,0.475310,0.454916
16.85069,0.475215,0.454811,0.474973,0.454579
16.85642,0.474861,0.454459,0.474634,0.454241
16.86215,0.474507,0.454106,0.474295,0.453903
16.86788,0.474153,0.453754,0.473956,0.453564
16.87361,0.473799,0.453401,0.473616,0.453225
16.87934,0.473445,0.453048,0.473275,0.452885
16.88507,0.473091,0.452696,0.472933,0.452545
16.89080,0.472736,0.452343,0.472592,0.452204
16.89653,0.472382,0.451990,0.472249,0.451863
16.90225,0.472028,0.451637,0.471906,0.451520
16.90798,0.471673,0.451284,0.471562,0.451178
16.91371,0.471318,0.450931,0.471218,0.450835
16.91944,0.470963,0.450578,0.470873,0.450491
16.92517,0.470609,0.450224,0.470527,0.450147
16.93090,0.470254,0.449871,0.470181,0.449802
16.93663,0.469898,0.449518,0.469834,0.449456
16.94236,0.469543,0.449164,0.469487,0.449110
16.94809,0.469188,0.448811,0.469139,0.448764
16.95382,0.468833,0.448457,0.468790,0.448417
16.95955,0.468477,0.448104,0.468441,0.448069
16.96528,0.468122,0.447750,0.468091,0.447721
16.97101,0.467766,0.447396,0.467741,0.447372
16.97674,0.467411,0.447042,0.467390,0.447023
16.98247,0.467055,0.446688,0.467038,0.446673
16.98820,0.466699,0.446334,0.466686,0.446323
16.99393,0.466343,0.445980,0.466334,0.445972
16.99966,0.465987,0.445626,0.465980,0.445620
17.00539,0.465631,0.445272,0.465627,0.445268
17.01112,0.465275,0.444918,0.465272,0.444916
17.01685,0.464918,0.444564,0.464917,0.444563
17.02258,0.464562,0.444209,0.464562,0.444209
17.02831,0.464205,0.443855,0.464205,0.443855
17.03404,0.463849,0.443500,0.463849,0.443500
17.03976,0.463492,0.443146,0.463491,0.443145
17.04549,0.463135,0.442791,0.463133,0.442789
17.05122,0.462779,0.442436,0.462775,0.442433
17.05695,0.462422,0.442081,0.462416,0.442076
17.06268,0.462065,0.441727,0.462056,0.441719
17.06841,0.461708,0.441372,0.461696,0.441361
17.07414,0.461350,0.441017,0.461335,0.441002
17.07987,0.460993,0.440662,0.460974,0.440643
17.08560,0.460636,0.440307,0.460612,0.440284
17.09133,0.460278,0.439951,0.460250,0.439924
17.09706,0.459921,0.439596,0.459887,0.439564
17.10279,0.459563,0.439241,0.459523,0.439203
17.10852,0.459206,0.438885,0.459159,0.438841
17.11425,0.458848,0.438530,0.458795,0.438479
17.11998,0.458490,0.438174,0.458429,0.438116
17.12571,0.458132,0.437819,0.458064,0.437753
17.13144,0.457774,0.437463,0.457697,0.437390
17.13717,0.457416,0.437108,0.457330,0.437026
17.14290,0.457058,0.436752,0.456963,0.436661
17.14863,0.456699,0.436396,0.456595,0.436296
17.15436,0.456341,0.436040,0.456226,0.435930
17.16009,0.455982,0.435684,0.455857,0.435564
17.16582,0.455624,0.435328,0.455488,0.435198
17.17155,0.455265,0.434972,0.455117,0.434831
17.17727,0.454907,0.434616,0.454747,0.434463
17.18300,0.454548,0.434260,0.454375,0.434095
17.18873,0.454189,0.433903,0.454004,0.433726
17.19446,0.453830,0.433547,0.453631,0.433357
17.20019,0.453471,0.433190,0.453258,0.432987
17.20592,0.453112,0.432834,0.452885,0.432617
17.21165,0.452752,0.432477,0.452511,0.432247
17.21738,0.452393,0.432121,0.452136,0.431876
17.22311,0.452034,0.431764,0.451761,0.431504
17.22884,0.451674,0.431407,0.451386,0.431132
17.23457,0.451315,0.431051,0.451010,0.430759
17.24030,0.450955,0.430694,0.450633,0.430386
17.24603,0.450595,0.430337,0.450256,0.430013
17.25176,0.450235,0.429980,0.449878,0.429639
17.25749,0.449876,0.429623,0.449500,0.429264
17.26322,0.449516,0.429266,0.449121,0.428889
17.26895,0.449155,0.428908,0.448742,0.428514
17.27468,0.448795,0.428551,0.448362,0.428138
17.28041,0.448435,0.428194,0.447982,0.427761
17.28614,0.448075,0.427836,0.447601,0.427384
17.29187,0.447714,0.427479,0.447220,0.427007
17.29760,0.447354,0.427121,0.446838,0.426629
17.30333,0.446993,0.426764,0.446455,0.426250
17.30905,0.446633,0.426406,0.446073,0.425872
17.31478,0.446272,0.426049,0.445689,0.425492
17.32051,0.445911,0.425691,0.445305,0.425113
17.32624,0.445550,0.425333,0.444921,0.424732
17.33197,0.445189,0.424975,0.444536,0.424352
17.33770,0.444828,0.424617,0.444150,0.423970
17.34343,0.444467,0.424259,0.443764,0.423589
17.34916,0.444106,0.423901,0.443378,0.423207
17.35489,0.443744,0.423543,0.442991,0.422824
17.36062,0.443383,0.423185,0.442604,0.422441
17.36635,0.443021,0.422827,0.442216,0.422058
17.37208,0.442660,0.422468,0.441827,0.421674
17.37781,0.442298,0.422110,0.441438,0.421289
17.38354,0.441936,0.421752,0.441049,0.420904
17.38927,0.441575,0.421393,0.440659,0.420519
17.39500,0.441213,0.421034,0.440268,0.420133
17.40073,0.440851,0.420676,0.439877,0.419747
17.40646,0.440489,0.420317,0.439486,0.419360
17.41219,0.440127,0.419958,0.439094,0.418973
17.41792,0.439764,0.419600,0.438702,0.418586
17.42365,0.439402,0.419241,0.438309,0.418198
17.42938,0.439040,0.418882,0.437915,0.417809
17.43511,0.438677,0.418523,0.437521,0.417420
17.44084,0.438315,0.418164,0.437127,0.417031
17.44656,0.437952,0.417805,0.436732,0.416641
17.45229,0.437589,0.417446,0.436337,0.416251
17.45802,0.437226,0.417086,0.435941,0.415860
17.46375,0.436864,0.416727,0.435545,0.415469
17.46948,0.436501,0.416368,0.435148,0.415078
17.47521,0.436138,0.416008,0.434751,0.414686
17.48094,0.435774,0.415649,0.434353,0.414293
17.48667,0.435411,0.415290,0.433955,0.413900
17.49240,0.435048,0.414930,0.433556,0.413507
17.49813,0.434685,0.414570,0.433157,0.413113
17.50386,0.434321,0.414211,0.432757,0.412719
17.50959,0.433958,0.413851,0.432357,0.412325
17.51532,0.433594,0.413491,0.431957,0.411930
17.52105,0.433230,0.413131,0.431556,0.411534
17.52678,0.432867,0.412771,0.431154,0.411138
17.53251,0.432503,0.412411,0.430752,0.410742
17.53824,0.432139,0.412051,0.430350,0.410346
17.54397,0.431775,0.411691,0.429947,0.409948
17.54970,0.431411,0.411331,0.429544,0.409551
17.55543,0.431047,0.410971,0.429140,0.409153
17.56116,0.430682,0.410611,0.428736,0.408755
17.56689,0.430318,0.410250,0.428331,0.408356
17.57262,0.429954,0.409890,0.427926,0.407957
17.57835,0.429589,0.409529,0.427520,0.407557
17.58407,0.429225,0.409169,0.427114,0.407157
17.58980,0.428860,0.408808,0.426708,0.406757
17.59553,0.428495,0.408448,0.426301,0.406356
17.60126,0.428130,0.408087,0.425893,0.405955
17.60699,0.427766,0.407726,0.425485,0.405553
17.61272,0.427401,0.407366,0.425077,0.405151
17.61845,0.427036,0.407005,0.424668,0.404749
17.62418,0.426670,0.406644,0.424259,0.404346
17.62991,0.426305,0.406283,0.423850,0.403943
17.63564,0.425940,0.405922,0.423440,0.403539
17.64137,0.425575,0.405561,0.423029,0.403135
17.64710,0.425209,0.405200,0.422618,0.402731
17.65283,0.424844,0.404838,0.422207,0.402326
17.65856,0.424478,0.404477,0.421795,0.401921
17.66429,0.424113,0.404116,0.421383,0.401515
17.67002,0.423747,0.403755,0.420970,0.401109
17.67575,0.423381,0.403393,0.420557,0.400703
17.68148,0.423015,0.403032,0.420144,0.400296
17.68721,0.422649,0.402670,0.419730,0.399889
17.69294,0.422283,0.402309,0.419315,0.399481
17.69867,0.421917,0.401947,0.418900,0.399073
17.70440,0.421551,0.401585,0.418485,0.398665
17.71013,0.421185,0.401224,0.418070,0.398256
17.71586,0.420818,0.400862,0.417654,0.397847
17.72158,0.420452,0.400500,0.417237,0.397438
17.72731,0.420085,0.400138,0.416820,0.397028
17.73304,0.419719,0.399776,0.416403,0.396618
17.73877,0.419352,0.399414,0.415985,0.396207
17.74450,0.418985,0.399052,0.415567,0.395796
17.75023,0.418619,0.398690,0.415148,0.395385
17.75596,0.418252,0.398328,0.414729,0.394973
17.76169,0.417885,0.397966,0.414310,0.394561
17.76742,0.417518,0.397603,0.413890,0.394149
17.77315,0.417151,0.397241,0.413470,0.393736
17.77888,0.416783,0.396879,0.413050,0.393323
17.78461,0.416416,0.396516,0.412629,0.392910
17.79034,0.416049,0.396154,0.412207,0.392496
17.79607,0.415681,0.395791,0.411785,0.392082
17.80180,0.415314,0.395429,0.411363,0.391667
17.80753,0.414946,0.395066,0.410941,0.391252
17.81326,0.414579,0.394703,0.410518,0.390837
17.81899,0.414211,0.394340,0.410094,0.390421
17.82472,0.413843,0.393978,0.409670,0.390005
17.83045,0.413475,0.393615,0.409246,0.389589
17.83618,0.413107,0.393252,0.408822,0.389172
17.84191,0.412739,0.392889,0.408397,0.388755
17.84764,0.412371,0.392526,0.407971,0.388338
17.85336,0.412003,0.392163,0.407546,0.387920
17.85909,0.411635,0.391800,0.407119,0.387502
17.86482,0.411267,0.391436,0.406693,0.387083
17.87055,0.410898,0.391073,0.406266,0.386665
17.87628,0.410530,0.390710,0.405839,0.386246
17.88201,0.410161,0.390347,0.405411,0.385826
17.88774,0.409793,0.389983,0.404983,0.385406
17.89347,0.409424,0.389620,0.404555,0.384986
17.89920,0.409055,0.389256,0.404126,0.384566
17.90493,0.408686,0.388893,0.403697,0.384145
17.91066,0.408317,0.388529,0.403267,0.383724
17.91639,0.407948,0.388166,0.402837,0.383302
17.92212,0.407579,0.387802,0.402407,0.382881
17.92785,0.407210,0.387438,0.401976,0.382458
17.93358,0.406841,0.387074,0.401545,0.382036
17.93931,0.406472,0.386710,0.401114,0.381613
17.94504,0.406102,0.386347,0.400682,0.381190
17.95077,0.405733,0.385983,0.400250,0.380767
17.95650,0.405364,0.385619,0.399818,0.380343
17.96223,0.404994,0.385255,0.399385,0.379919
17.96796,0.404624,0.384891,0.398952,0.379494
17.97369,0.404255,0.384526,0.398518,0.379070
17.97942,0.403885,0.384162,0.398084,0.378645
17.98515,0.403515,0.383798,0.397650,0.378219
17.99087,0.403145,0.383434,0.397215,0.377794
17.99660,0.402775,0.383069,0.396780,0.377368
18.00233,0.402405,0.382705,0.396345,0.376941
18.00806,0.402035,0.382340,0.395909,0.376515
18.01379,0.401665,0.381976,0.395473,0.376088
18.01952,0.401294,0.381611,0.395037,0.375661
18.02525,0.400924,0.381247,0.394600,0.375233
18.03098,0.400554,0.380882,0.394163,0.374805
18.03671,0.400183,0.380518,0.393726,0.374377
18.04244,0.399813,0.380153,0.393288,0.373949
18.04817,0.399442,0.379788,0.392850,0.373520
18.05390,0.399071,0.379423,0.392411,0.373091
18.05963,0.398701,0.379058,0.391973,0.372662
18.06536,0.398330,0.378693,0.391534,0.372232
18.07109,0.397959,0.378328,0.391094,0.371802
18.07682,0.397588,0.377963,0.390654,0.371372
18.08255,0.397217,0.377598,0.390214,0.370942
18.08828,0.396846,0.377233,0.389774,0.370511
18.09401,0.396474,0.376868,0.389333,0.370080
18.09974,0.396103,0.376503,0.388892,0.369648
18.10547,0.395732,0.376138,0.388450,0.369217
18.11120,0.395360,0.375772,0.388009,0.368785
18.11693,0.394989,0.375407,0.387567,0.368353
18.12266,0.394617,0.375042,0.387124,0.367920
18.12838,0.394246,0.374676,0.386682,0.367487
18.13411,0.393874,0.374311,0.386238,0.367054
18.13984,0.393502,0.373945,0.385795,0.366621
18.14557,0.393130,0.373579,0.385351,0.366187
18.15130,0.392759,0.373214,0.384907,0.365753
18.15703,0.392387,0.372848,0.384463,0.365319
18.16276,0.392015,0.372482,0.384019,0.364885
18.16849,0.391643,0.372117,0.383574,0.364450
18.17422,0.391270,0.371751,0.383128,0.364015
18.17995,0.390898,0.371385,0.382683,0.363580
18.18568,0.390526,0.371019,0.382237,0.363144
18.19141,0.390153,0.370653,0.381791,0.362709
18.19714,0.389781,0.370287,0.381344,0.362272
18.20287,0.389408,0.369921,0.380898,0.361836
18.20860,0.389036,0.369555,0.380451,0.361400
18.21433,0.388663,0.369189,0.380003,0.360963
18.22006,0.388291,0.368823,0.379556,0.360526
18.22579,0.387918,0.368456,0.379108,0.360088
18.23152,0.387545,0.368090,0.378659,0.359651
18.23725,0.387172,0.367724,0.378211,0.359213
18.24298,0.386799,0.367357,0.377762,0.358775
18.24871,0.386426,0.366991,0.377313,0.358336
18.25444,0.386053,0.366625,0.376863,0.357898
18.26016,0.385680,0.366258,0.376414,0.357459
18.26589,0.385306,0.365892,0.375964,0.357020
18.27162,0.384933,0.365525,0.375513,0.356580
18.27735,0.384560,0.365158,0.375063,0.356141
18.28308,0.384186,0.364792,0.374612,0.355701
18.28881,0.383813,0.364425,0.374161,0.355261
18.29454,0.383439,0.364058,0.373709,0.354820
18.30027,0.383065,0.363691,0.373258,0.354380
18.30600,0.382692,0.363325,0.372806,0.353939
18.31173,0.382318,0.362958,0.372353,0.353498
18.31746,0.381944,0.362591,0.371901,0.353057
18.32319,0.381570,0.362224,0.371448,0.352615
18.32892,0.381196,0.361857,0.370995,0.352173
18.33465,0.380822,0.361490,0.370542,0.351731
18.34038,0.380448,0.361123,0.370088,0.351289
18.34611,0.380074,0.360756,0.369634,0.350847
18.35184,0.379700,0.360388,0.369180,0.350404
18.35757,0.379325,0.360021,0.368726,0.349961
18.36330,0.378951,0.359654,0.368271,0.349518
18.36903,0.378576,0.359287,0.367816,0.349074
18.37476,0.378202,0.358919,0.367361,0.348631
18.38049,0.377827,0.358552,0.366905,0.348187
18.38622,0.377453,0.358184,0.366450,0.347743
18.39195,0.377078,0.357817,0.365994,0.347299
18.39767,0.376703,0.357449,0.365537,0.346854
18.40340,0.376328,0.357082,0.365081,0.346410
18.40913,0.375953,0.356714,0.364624,0.345965
18.41486,0.375578,0.356347,0.364167,0.345520
18.42059,0.375203,0.355979,0.363710,0.345074
18.42632,0.374828,0.355611,0.363252,0.344629
18.43205,0.374453,0.355244,0.362795,0.344183
18.43778,0.374078,0.354876,0.362337,0.343737
18.44351,0.373703,0.354508,0.361878,0.343291
18.44924,0.373327,0.354140,0.361420,0.342845
18.45497,0.372952,0.353772,0.360961,0.342398
18.46070,0.372576,0.353404,0.360502,0.341951
18.46643,0.372201,0.353036,0.360043,0.341504
18.47216,0.371825,0.352668,0.359584,0.341057
18.47789,0.371450,0.352300,0.359124,0.340610
18.48362,0.371074,0.351932,0.358664,0.340162
18.48935,0.370698,0.351564,0.358204,0.339714
18.49508,0.370322,0.351196,0.357744,0.339267
18.50081,0.369946,0.350827,0.357283,0.338818
18.50654,0.369570,0.350459,0.356822,0.338370
18.51227,0.369194,0.350091,0.356361,0.337922
18.51800,0.368818,0.349722,0.355900,0.337473
18.52373,0.368442,0.349354,0.355438,0.337024
18.52946,0.368066,0.348986,0.354977,0.336575
18.53518,0.367690,0.348617,0.354515,0.336126
18.54091,0.367313,0.348249,0.354053,0.335676
18.54664,0.366937,0.347880,0.353590,0.335227
18.55237,0.366560,0.347511,0.353128,0.334777
18.55810,0.366184,0.347143,0.352665,0.334327
18.56383,0.365807,0.346774,0.352202,0.333877
18.56956,0.365431,0.346405,0.351739,0.333426
18.57529,0.365054,0.346037,0.351275,0.332976
18.58102,0.364677,0.345668,0.350812,0.332525
18.58675,0.364300,0.345299,0.350348,0.332074
18.59248,0.363923,0.344930,0.349884,0.331623
18.59821,0.363546,0.344561,0.349419,0.331172
18.60394,0.363169,0.344193,0.348955,0.330721
18.60967,0.362792,0.343824,0.348490,0.330269
18.61540,0.362415,0.343455,0.348025,0.329818
18.62113,0.362038,0.343086,0.347560,0.329366
18.62686,0.361661,0.342716,0.347095,0.328914
18.63259,0.361283,0.342347,0.346629,0.328461
18.63832,0.360906,0.341978,0.346164,0.328009
18.64405,0.360529,0.341609,0.345698,0.327557
18.64978,0.360151,0.341240,0.345232,0.327104
18.65551,0.359773,0.340871,0.344766,0.326651
18.66124,0.359396,0.340501,0.344299,0.326198
18.66696,0.359018,0.340132,0.343832,0.325745
18.67269,0.358640,0.339763,0.343366,0.325292
18.67842,0.358263,0.339393,0.342899,0.324838
18.68415,0.357885,0.339024,0.342431,0.324385
18.68988,0.357507,0.338654,0.341964,0.323931
18.69561,0.357129,0.338285,0.341496,0.323477
18.70134,0.356751,0.337915,0.341029,0.323023
18.70707,0.356373,0.337546,0.340561,0.322569
18.71280,0.355995,0.337176,0.340093,0.322115
18.71853,0.355616,0.336807,0.339624,0.321661
18.72426,0.355238,0.336437,0.339156,0.321206
18.72999,0.354860,0.336067,0.338687,0.320751
18.73572,0.354481,0.335698,0.338219,0.320296
18.74145,0.354103,0.335328,0.337750,0.319841
18.74718,0.353724,0.334958,0.337280,0.319386
18.75291,0.353346,0.334588,0.336811,0.318931
18.75864,0.352967,0.334218,0.336342,0.318476
18.76437,0.352589,0.333848,0.335872,0.318020
18.77010,0.352210,0.333478,0.335402,0.317565
18.77583,0.351831,0.333108,0.334932,0.317109
18.78156,0.351452,0.332738,0.334462,0.316653
18.78729,0.351073,0.332368,0.333992,0.316197
18.79302,0.350694,0.331998,0.333522,0.315741
18.79875,0.350315,0.331628,0.333051,0.315285
18.80447,0.349936,0.331258,0.332580,0.314828
18.81020,0.349557,0.330888,0.332109,0.314372
18.81593,0.349178,0.330518,0.331638,0.313915
18.82166,0.348799,0.330148,0.331167,0.313459
18.82739,0.348419,0.329777,0.330696,0.313002
18.83312,0.348040,0.329407,0.330224,0.312545
18.83885,0.347661,0.329037,0.329753,0.312088
18.84458,0.347281,0.328666,0.329281,0.311631
18.85031,0.346902,0.328296,0.328809,0.311173
18.85604,0.346522,0.327926,0.328337,0.310716
18.86177,0.346142,0.327555,0.327865,0.310259
18.86750,0.345763,0.327185,0.327392,0.309801
18.87323,0.345383,0.326814,0.326920,0.309343
18.87896,0.345003,0.326444,0.326447,0.308886
18.88469,0.344623,0.326073,0.325974,0.308428
18.89042,0.344243,0.325702,0.325501,0.307970
18.89615,0.343864,0.325332,0.325028,0.307512
18.90188,0.343483,0.324961,0.324555,0.307053
18.90761,0.343103,0.324590,0.324082,0.306595
18.91334,0.342723,0.324220,0.323608,0.306137
18.91907,0.342343,0.323849,0.323135,0.305678
18.92480,0.341963,0.323478,0.322661,0.305220
18.93053,0.341583,0.323107,0.322187,0.304761
18.93626,0.341202,0.322736,0.321714,0.304302
18.94198,0.340822,0.322366,0.321240,0.303844
18.94771,0.340441,0.321995,0.320765,0.303385
18.95344,0.340061,0.321624,0.320291,0.302926
18.95917,0.339680,0.321253,0.319817,0.302467
18.96490,0.339300,0.320882,0.319342,0.302008
18.97063,0.338919,0.320511,0.318868,0.301548
18.97636,0.338538,0.320140,0.318393,0.301089
18.98209,0.338158,0.319769,0.317918,0.300630
18.98782,0.337777,0.319398,0.317443,0.300170
18.99355,0.337396,0.319026,0.316968,0.299711
18.99928,0.337015,0.318655,0.316493,0.299251
19.00501,0.336634,0.318284,0.316018,0.298791
19.01074,0.336253,0.317913,0.315542,0.298332
19.01647,0.335872,0.317542,0.315067,0.297872
19.02220,0.335491,0.317170,0.314591,0.297412
19.02793,0.335110,0.316799,0.314115,0.296952
19.03366,0.334728,0.316428,0.313640,0.296492
19.03939,0.334347,0.316056,0.313164,0.296032
19.04512,0.333966,0.315685,0.312688,0.295572
19.05085,0.333584,0.315314,0.312212,0.295112
19.05658,0.333203,0.314942,0.311736,0.294651
19.06231,0.332821,0.314571,0.311259,0.294191
19.06804,0.332440,0.314199,0.310783,0.293731
19.07376,0.332058,0.313828,0.310307,0.293270
19.07949,0.331677,0.313456,0.309830,0.292810
19.08522,0.331295,0.313085,0.309353,0.292349
19.09095,0.330913,0.312713,0.308877,0.291889
19.09668,0.330531,0.312341,0.308400,0.291428
19.10241,0.330149,0.311970,0.307923,0.290967
19.10814,0.329767,0.311598,0.307446,0.290507
19.11387,0.329386,0.311226,0.306969,0.290046
19.11960,0.329004,0.310855,0.306492,0.289585
19.12533,0.328621,0.310483,0.306015,0.289124
19.13106,0.328239,0.310111,0.305538,0.288663
19.13679,0.327857,0.309739,0.305060,0.288202
19.14252,0.327475,0.309368,0.304583,0.287741
19.14825,0.327093,0.308996,0.304106,0.287280
19.15398,0.326710,0.308624,0.303628,0.286819
19.15971,0.326328,0.308252,0.303151,0.286358
19.16544,0.325946,0.307880,0.302673,0.285897
19.17117,0.325563,0.307508,0.302195,0.285436
19.17690,0.325181,0.307136,0.301717,0.284975
19.18263,0.324798,0.306764,0.301240,0.284514
19.18836,0.324416,0.306392,0.300762,0.284052
19.19409,0.324033,0.306020,0.300284,0.283591
19.19982,0.323650,0.305648,0.299806,0.283130
19.20555,0.323268,0.305276,0.299328,0.282668
19.21127,0.322885,0.304904,0.298850,0.282207
19.21700,0.322502,0.304532,0.298371,0.281746
19.22273,0.322119,0.304160,0.297893,0.281284
19.22846,0.321736,0.303787,0.297415,0.280823
19.23419,0.321353,0.303415,0.296937,0.280362
19.23992,0.320970,0.303043,0.296458,0.279900
19.24565,0.320587,0.302671,0.295980,0.279439
19.25138,0.320204,0.302298,0.295501,0.278977
19.25711,0.319821,0.301926,0.295023,0.278516
19.26284,0.319437,0.301554,0.294544,0.278054
19.26857,0.319054,0.301181,0.294066,0.277593
19.27430,0.318671,0.300809,0.293587,0.277131
19.28003,0.318288,0.300437,0.293108,0.276670
19.28576,0.317904,0.300064,0.292630,0.276208
19.29149,0.317521,0.299692,0.292151,0.275747
19.29722,0.317137,0.299319,0.291672,0.275285
19.30295,0.316754,0.298947,0.291193,0.274824
19.30868,0.316370,0.298575,0.290714,0.274362
19.31441,0.315986,0.298202,0.290236,0.273901
19.32014,0.315603,0.297830,0.289757,0.273439
19.32587,0.315219,0.297457,0.289278,0.272977
19.33160,0.314835,0.297084,0.288799,0.272516
19.33733,0.314451,0.296712,0.288320,0.272054
19.34306,0.314068,0.296339,0.287841,0.271593
19.34878,0.313684,0.295967,0.287362,0.271131
19.35451,0.313300,0.295594,0.286883,0.270670
19.36024,0.312916,0.295221,0.286404,0.270208
19.36597,0.312532,0.294849,0.285925,0.269747
19.37170,0.312148,0.294476,0.285446,0.269286
19.37743,0.311763,0.294103,0.284967,0.268824
19.38316,0.311379,0.293730,0.284487,0.268363
19.38889,0.310995,0.293358,0.284008,0.267901
19.39462,0.310611,0.292985,0.283529,0.267440
19.40035,0.310227,0.292612,0.283050,0.266979
19.40608,0.309842,0.292239,0.282571,0.266517
19.41181,0.309458,0.291866,0.282092,0.266056
19.41754,0.309073,0.291494,0.281613,0.265595
19.42327,0.308689,0.291121,0.281133,0.265134
19.42900,0.308304,0.290748,0.280654,0.264672
19.43473,0.307920,0.290375,0.280175,0.264211
19.44046,0.307535,0.290002,0.279696,0.263750
19.44619,0.307151,0.289629,0.279217,0.263289
19.45192,0.306766,0.289256,0.278738,0.262828
19.45765,0.306381,0.288883,0.278259,0.262367
19.46338,0.305996,0.288510,0.277779,0.261906
19.46911,0.305611,0.288137,0.277300,0.261445
19.47484,0.305227,0.287764,0.276821,0.260984
19.48057,0.304842,0.287391,0.276342,0.260523
19.48629,0.304457,0.287018,0.275863,0.260062
19.49202,0.304072,0.286645,0.275384,0.259601
19.49775,0.303687,0.286272,0.274905,0.259140
19.50348,0.303302,0.285899,0.274426,0.258680
19.50921,0.302917,0.285525,0.273947,0.258219
19.51494,0.302531,0.285152,0.273468,0.257758
19.52067,0.302146,0.284779,0.272989,0.257298
19.52640,0.301761,0.284406,0.272510,0.256837
19.53213,0.301376,0.284033,0.272031,0.256377
19.53786,0.300990,0.283660,0.271552,0.255916
19.54359,0.300605,0.283286,0.271073,0.255456
19.54932,0.300220,0.282913,0.270594,0.254995
19.55505,0.299834,0.282540,0.270115,0.254535
19.56078,0.299449,0.282167,0.269637,0.254075
19.56651,0.299063,0.281793,0.269158,0.253615
19.57224,0.298678,0.281420,0.268679,0.253155
19.57797,0.298292,0.281047,0.268200,0.252695
19.58370,0.297906,0.280673,0.267722,0.252235
19.58943,0.297521,0.280300,0.267243,0.251775
19.59516,0.297135,0.279927,0.266764,0.251315
19.60089,0.296749,0.279553,0.266286,0.250855
19.60662,0.296363,0.279180,0.265807,0.250396
19.61235,0.295977,0.278806,0.265329,0.249936
19.61807,0.295592,0.278433,0.264851,0.249476
19.62380,0.295206,0.278060,0.264372,0.249017
19.62953,0.294820,0.277686,0.263894,0.248557
19.63526,0.294434,0.277313,0.263416,0.248098
19.64099,0.294048,0.276939,0.262937,0.247639
19.64672,0.293662,0.276566,0.262459,0.247180
19.65245,0.293276,0.276192,0.261981,0.246721
19.65818,0.292889,0.275819,0.261503,0.246262
19.66391,0.292503,0.275445,0.261025,0.245803
19.66964,0.292117,0.275072,0.260547,0.245344
19.67537,0.291731,0.274698,0.260069,0.244885
19.68110,0.291344,0.274325,0.259591,0.244426
19.68683,0.290958,0.273951,0.259113,0.243968
19.69256,0.290572,0.273577,0.258636,0.243509
19.69829,0.290185,0.273204,0.258158,0.243051
19.70402,0.289799,0.272830,0.257680,0.242592
19.70975,0.289412,0.272457,0.257203,0.242134
19.71548,0.289026,0.272083,0.256725,0.241676
19.72121,0.288639,0.271709,0.256248,0.241218
19.72694,0.288253,0.271336,0.255771,0.240760
19.73267,0.287866,0.270962,0.255294,0.240302
19.73840,0.287479,0.270588,0.254816,0.239844
19.74413,0.287093,0.270215,0.254339,0.239387
19.74986,0.286706,0.269841,0.253862,0.238929
19.75558,0.286319,0.269467,0.253385,0.238472
19.76131,0.285932,0.269094,0.252908,0.238014
19.76704,0.285545,0.268720,0.252432,0.237557
19.77277,0.285159,0.268346,0.251955,0.237100
19.77850,0.284772,0.267972,0.251478,0.236643
19.78423,0.284385,0.267599,0.251002,0.236186
19.78996,0.283998,0.267225,0.250525,0.235729
19.79569,0.283611,0.266851,0.250049,0.235273
19.80142,0.283224,0.266477,0.249573,0.234816
19.80715,0.282837,0.266103,0.249096,0.234360
19.81288,0.282449,0.265730,0.248620,0.233903
19.81861,0.282062,0.265356,0.248144,0.233447
19.82434,0.281675,0.264982,0.247668,0.232991
19.83007,0.281288,0.264608,0.247193,0.232535
19.83580,0.280901,0.264234,0.246717,0.232079
19.84153,0.280513,0.263861,0.246241,0.231623
19.84726,0.280126,0.263487,0.245766,0.231168
19.85299,0.279739,0.263113,0.245290,0.230712
19.85872,0.279351,0.262739,0.244815,0.230257
19.86445,0.278964,0.262365,0.244340,0.229801
19.87018,0.278576,0.261991,0.243865,0.229346
19.87591,0.278189,0.261617,0.243390,0.228891
19.88164,0.277801,0.261243,0.242915,0.228436
19.88737,0.277414,0.260870,0.242440,0.227982
19.89309,0.277026,0.260496,0.241965,0.227527
19.89882,0.276638,0.260122,0.241491,0.227073
19.90455,0.276251,0.259748,0.241016,0.226618
19.91028,0.275863,0.259374,0.240542,0.226164
19.91601,0.275475,0.259000,0.240068,0.225710
19.92174,0.275088,0.258626,0.239594,0.225256
19.92747,0.274700,0.258252,0.239120,0.224802
19.93320,0.274312,0.257878,0.238646,0.224349
19.93893,0.273924,0.257504,0.238172,0.223895
19.94466,0.273536,0.257130,0.237698,0.223442
19.95039,0.273148,0.256756,0.237225,0.222989
19.95612,0.272760,0.256382,0.236751,0.222536
19.96185,0.272372,0.256008,0.236278,0.222083
19.96758,0.271984,0.255634,0.235805,0.221630
19.97331,0.271596,0.255260,0.235332,0.221177
19.97904,0.271208,0.254886,0.234859,0.220725
19.98477,0.270820,0.254512,0.234386,0.220273
19.99050,0.270432,0.254138,0.233914,0.219820
19.99623,0.270044,0.253764,0.233441,0.219368
20.00196,0.269656,0.253390,0.232969,0.218917
20.00769,0.269268,0.253016,0.232497,0.218465
20.01342,0.268879,0.252642,0.232025,0.218013
20.01915,0.268491,0.252268,0.231553,0.217562
20.02487,0.268103,0.251894,0.231081,0.217111
20.03060,0.267714,0.251520,0.230609,0.216660
20.03633,0.267326,0.251146,0.230138,0.216209
20.04206,0.266938,0.250772,0.229667,0.215758
20.04779,0.266549,0.250398,0.229195,0.215308
20.05352,0.266161,0.250024,0.228724,0.214857
20.05925,0.265772,0.249650,0.228253,0.214407
20.06498,0.265384,0.249276,0.227783,0.213957
20.07071,0.264995,0.248902,0.227312,0.213507
20.07644,0.264607,0.248528,0.226842,0.213058
20.08217,0.264218,0.248154,0.226371,0.212608
20.08790,0.263829,0.247780,0.225901,0.212159
20.09363,0.263441,0.247406,0.225431,0.211710
20.09936,0.263052,0.247032,0.224961,0.211261
20.10509,0.262663,0.246658,0.224492,0.210812
20.11082,0.262275,0.246284,0.224022,0.210363
20.11655,0.261886,0.245910,0.223553,0.209915
20.12228,0.261497,0.245535,0.223084,0.209467
20.12801,0.261108,0.245161,0.222615,0.209019
20.13374,0.260719,0.244787,0.222146,0.208571
20.13947,0.260331,0.244413,0.221677,0.208123
20.14520,0.259942,0.244039,0.221208,0.207676
20.15093,0.259553,0.243665,0.220740,0.207228
20.15666,0.259164,0.243291,0.220272,0.206781
20.16238,0.258775,0.242917,0.219804,0.206334
20.16811,0.258386,0.242543,0.219336,0.205887
20.17384,0.257997,0.242169,0.218868,0.205441
20.17957,0.257608,0.241795,0.218401,0.204995
20.18530,0.257219,0.241421,0.217934,0.204548
20.19103,0.256830,0.241047,0.217466,0.204102
20.19676,0.256441,0.240673,0.216999,0.203657
20.20249,0.256051,0.240299,0.216533,0.203211
20.20822,0.255662,0.239925,0.216066,0.202766
20.21395,0.255273,0.239550,0.215600,0.202321
20.21968,0.254884,0.239176,0.215133,0.201876
20.22541,0.254495,0.238802,0.214667,0.201431
20.23114,0.254105,0.238428,0.214202,0.200987
20.23687,0.253716,0.238054,0.213736,0.200542
20.24260,0.253327,0.237680,0.213271,0.200098
20.24833,0.252937,0.237306,0.212805,0.199654
20.25406,0.252548,0.236932,0.212340,0.199210
20.25979,0.252159,0.236558,0.211875,0.198767
20.26552,0.251769,0.236184,0.211411,0.198324
20.27125,0.251380,0.235810,0.210946,0.197881
20.27698,0.250990,0.235436,0.210482,0.197438
20.28271,0.250601,0.235062,0.210018,0.196995
20.28844,0.250211,0.234688,0.209554,0.196553
20.29417,0.249822,0.234314,0.209090,0.196111
20.29989,0.249432,0.233940,0.208627,0.195669
20.30562,0.249043,0.233566,0.208163,0.195227
20.31135,0.248653,0.233192,0.207700,0.194786
20.31708,0.248263,0.232818,0.207237,0.194344
20.32281,0.247874,0.232444,0.206775,0.193903
20.32854,0.247484,0.232070,0.206312,0.193462
20.33427,0.247094,0.231696,0.205850,0.193022
20.34000,0.246705,0.231322,0.205388,0.192581
20.34573,0.246315,0.230948,0.204926,0.192141
20.35146,0.245925,0.230574,0.204465,0.191701
20.35719,0.245535,0.230200,0.204003,0.191262
20.36292,0.245146,0.229826,0.203542,0.190822
20.36865,0.244756,0.229452,0.203081,0.190383
20.37438,0.244366,0.229078,0.202620,0.189944
20.38011,0.243976,0.228704,0.202160,0.189505
20.38584,0.243586,0.228330,0.201700,0.189067
20.39157,0.243196,0.227956,0.201240,0.188629
20.39730,0.242806,0.227582,0.200780,0.188191
20.40303,0.242417,0.227208,0.200320,0.187753
20.40876,0.242027,0.226834,0.199861,0.187315
20.41449,0.241637,0.226460,0.199402,0.186878
20.42022,0.241247,0.226086,0.198943,0.186441
20.42595,0.240857,0.225713,0.198484,0.186004
20.43167,0.240467,0.225339,0.198026,0.185568
20.43740,0.240077,0.224965,0.197567,0.185131
20.44313,0.239686,0.224591,0.197109,0.184695
20.44886,0.239296,0.224217,0.196652,0.184259
20.45459,0.238906,0.223843,0.196194,0.183824
20.46032,0.238516,0.223469,0.195737,0.183389
20.46605,0.238126,0.223095,0.195280,0.182954
20.47178,0.237736,0.222722,0.194823,0.182519
20.47751,0.237346,0.222348,0.194366,0.182084
20.48324,0.236955,0.221974,0.193910,0.181650
20.48897,0.236565,0.221600,0.193454,0.181216
20.49470,0.236175,0.221226,0.192998,0.180782
20.50043,0.235785,0.220852,0.192543,0.180349
20.50616,0.235394,0.220479,0.192087,0.179916
20.51189,0.235004,0.220105,0.191632,0.179483
20.51762,0.234614,0.219731,0.191178,0.179050
20.52335,0.234224,0.219357,0.190723,0.178618
20.52908,0.233833,0.218984,0.190269,0.178186
20.53481,0.233443,0.218610,0.189815,0.177754
20.54054,0.233053,0.218236,0.189361,0.177322
20.54627,0.232662,0.217862,0.188907,0.176891
20.55200,0.232272,0.217489,0.188454,0.176460
20.55773,0.231881,0.217115,0.188001,0.176029
20.56346,0.231491,0.216741,0.187548,0.175598
20.56918,0.231100,0.216367,0.187096,0.175168
20.57491,0.230710,0.215994,0.186644,0.174738
20.58064,0.230320,0.215620,0.186192,0.174309
20.58637,0.229929,0.215246,0.185740,0.173879
20.59210,0.229538,0.214873,0.185289,0.173450
20.59783,0.229148,0.214499,0.184837,0.173021
20.60356,0.228757,0.214126,0.184387,0.172593
20.60929,0.228367,0.213752,0.183936,0.172164
20.61502,0.227976,0.213378,0.183486,0.171736
20.62075,0.227586,0.213005,0.183036,0.171309
20.62648,0.227195,0.212631,0.182586,0.170881
20.63221,0.226805,0.212258,0.182136,0.170454
20.63794,0.226414,0.211884,0.181687,0.170027
20.64367,0.226023,0.211511,0.181238,0.169601
20.64940,0.225633,0.211137,0.180789,0.169175
20.65513,0.225242,0.210764,0.180341,0.168749
20.66086,0.224851,0.210390,0.179893,0.168323
20.66659,0.224461,0.210017,0.179445,0.167898
20.67232,0.224070,0.209643,0.178997,0.167473
20.67805,0.223679,0.209270,0.178550,0.167048
20.68378,0.223288,0.208896,0.178103,0.166623
20.68951,0.222898,0.208523,0.177657,0.166199
20.69524,0.222507,0.208149,0.177210,0.165775
20.70097,0.222116,0.207776,0.176764,0.165352
20.70669,0.221725,0.207403,0.176318,0.164929
20.71242,0.221335,0.207029,0.175873,0.164506
20.71815,0.220944,0.206656,0.175428,0.164083
20.72388,0.220553,0.206282,0.174983,0.163661
20.72961,0.220162,0.205909,0.174538,0.163239
20.73534,0.219771,0.205536,0.174094,0.162817
20.74107,0.219380,0.205163,0.173650,0.162395
20.74680,0.218990,0.204789,0.173206,0.161974
20.75253,0.218599,0.204416,0.172763,0.161554
20.75826,0.218208,0.204043,0.172319,0.161133
20.76399,0.217817,0.203669,0.171877,0.160713
20.76972,0.217426,0.203296,0.171434,0.160293
20.77545,0.217035,0.202923,0.170992,0.159874
20.78118,0.216644,0.202550,0.170550,0.159454
20.78691,0.216253,0.202177,0.170108,0.159035
20.79264,0.215862,0.201804,0.169667,0.158617
20.79837,0.215471,0.201430,0.169226,0.158199
20.80410,0.215080,0.201057,0.168786,0.157781
20.80983,0.214689,0.200684,0.168345,0.157363
20.81556,0.214298,0.200311,0.167905,0.156946
20.82129,0.213908,0.199938,0.167465,0.156529
20.82702,0.213517,0.199565,0.167026,0.156112
20.83275,0.213126,0.199192,0.166587,0.155696
20.83848,0.212734,0.198819,0.166148,0.155280
20.84420,0.212343,0.198446,0.165710,0.154864
20.84993,0.211952,0.198073,0.165272,0.154449
20.85566,0.211561,0.197700,0.164834,0.154034
20.86139,0.211170,0.197327,0.164396,0.153619
20.86712,0.210779,0.196954,0.163959,0.153205
20.87285,0.210388,0.196581,0.163523,0.152791
20.87858,0.209997,0.196208,0.163086,0.152377
20.88431,0.209606,0.195835,0.162650,0.151964
20.89004,0.209215,0.195463,0.162214,0.151551
20.89577,0.208824,0.195090,0.161779,0.151139
20.90150,0.208433,0.194717,0.161343,0.150726
20.90723,0.208042,0.194344,0.160909,0.150314
20.91296,0.207651,0.193971,0.160474,0.149903
20.91869,0.207259,0.193599,0.160040,0.149491
20.92442,0.206868,0.193226,0.159606,0.149081
20.93015,0.206477,0.192853,0.159173,0.148670
20.93588,0.206086,0.192480,0.158740,0.148260
20.94161,0.205695,0.192108,0.158307,0.147850
20.94734,0.205304,0.191735,0.157874,0.147440
20.95307,0.204913,0.191363,0.157442,0.147031
20.95880,0.204522,0.190990,0.157011,0.146622
20.96453,0.204130,0.190617,0.156579,0.146214
20.97026,0.203739,0.190245,0.156148,0.145806
20.97598,0.203348,0.189872,0.155717,0.145398
20.98171,0.202957,0.189500,0.155287,0.144991
20.98744,0.202566,0.189127,0.154857,0.144584
20.99317,0.202174,0.188755,0.154427,0.144177
20.99890,0.201783,0.188382,0.153998,0.143771
21.00463,0.201392,0.188010,0.153569,0.143365
21.01036,0.201001,0.187637,0.153140,0.142959
21.01609,0.200610,0.187265,0.152712,0.142554
21.02182,0.200218,0.186893,0.152284,0.142149
21.02755,0.199827,0.186520,0.151857,0.141744
21.03328,0.199436,0.186148,0.151430,0.141340
21.03901,0.199045,0.185776,0.151003,0.140936
21.04474,0.198654,0.185403,0.150576,0.140533
21.05047,0.198262,0.185031,0.150150,0.140130
21.05620,0.197871,0.184659,0.149725,0.139727
21.06193,0.197480,0.184287,0.149299,0.139325
21.06766,0.197089,0.183915,0.148874,0.138923
21.07339,0.196697,0.183542,0.148450,0.138521
21.07912,0.196306,0.183170,0.148025,0.138120
21.08485,0.195915,0.182798,0.147601,0.137719
21.09058,0.195524,0.182426,0.147178,0.137319
21.09631,0.195133,0.182054,0.146755,0.136919
21.10204,0.194741,0.181682,0.146332,0.136519
21.10777,0.194350,0.181310,0.145910,0.136120
21.11349,0.193959,0.180938,0.145488,0.135721
21.11922,0.193568,0.180566,0.145066,0.135322
21.12495,0.193176,0.180194,0.144645,0.134924
21.13068,0.192785,0.179822,0.144224,0.134526
21.13641,0.192394,0.179450,0.143803,0.134129
21.14214,0.192003,0.179079,0.143383,0.133732
21.14787,0.191611,0.178707,0.142963,0.133335
21.15360,0.191220,0.178335,0.142544,0.132939
21.15933,0.190829,0.177963,0.142125,0.132543
21.16506,0.190438,0.177592,0.141706,0.132148
21.17079,0.190046,0.177220,0.141288,0.131752
21.17652,0.189655,0.176848,0.140870,0.131358
21.18225,0.189264,0.176476,0.140453,0.130963
21.18798,0.188873,0.176105,0.140036,0.130570
21.19371,0.188481,0.175733,0.139619,0.130176
21.19944,0.188090,0.175362,0.139203,0.129783
21.20517,0.187699,0.174990,0.138787,0.129390
21.21090,0.187308,0.174619,0.138372,0.128998
21.21663,0.186917,0.174247,0.137957,0.128606
21.22236,0.186525,0.173876,0.137542,0.128214
21.22809,0.186134,0.173504,0.137128,0.127823
21.23382,0.185743,0.173133,0.136714,0.127432
21.23955,0.185352,0.172761,0.136300,0.127042
21.24528,0.184960,0.172390,0.135887,0.126652
21.25100,0.184569,0.172019,0.135475,0.126263
21.25673,0.184178,0.171647,0.135062,0.125873
21.26246,0.183787,0.171276,0.134650,0.125485
21.26819,0.183396,0.170905,0.134239,0.125096
21.27392,0.183004,0.170534,0.133828,0.124708
21.27965,0.182613,0.170163,0.133417,0.124321
21.28538,0.182222,0.169791,0.133007,0.123934
21.29111,0.181831,0.169420,0.132597,0.123547
21.29684,0.181440,0.169049,0.132188,0.123161
21.30257,0.181048,0.168678,0.131779,0.122775
21.30830,0.180657,0.168307,0.131370,0.122390
21.31403,0.180266,0.167936,0.130962,0.122004
21.31976,0.179875,0.167565,0.130554,0.121620
21.32549,0.179484,0.167194,0.130147,0.121236
21.33122,0.179093,0.166823,0.129740,0.120852
21.33695,0.178701,0.166453,0.129333,0.120468
21.34268,0.178310,0.166082,0.128927,0.120086
21.34841,0.177919,0.165711,0.128522,0.119703
21.35414,0.177528,0.165340,0.128116,0.119321
21.35987,0.177137,0.164970,0.127712,0.118939
21.36560,0.176746,0.164599,0.127307,0.118558
21.37133,0.176355,0.164228,0.126903,0.118177
21.37706,0.175963,0.163858,0.126500,0.117797
21.38278,0.175572,0.163487,0.126096,0.117417
21.38851,0.175181,0.163116,0.125694,0.117037
21.39424,0.174790,0.162746,0.125291,0.116658
21.39997,0.174399,0.162375,0.124890,0.116279
21.40570,0.174008,0.162005,0.124488,0.115901
21.41143,0.173617,0.161634,0.124087,0.115523
21.41716,0.173226,0.161264,0.123687,0.115146
21.42289,0.172835,0.160894,0.123286,0.114769
21.42862,0.172444,0.160523,0.122887,0.114392
21.43435,0.172053,0.160153,0.122488,0.114016
21.44008,0.171662,0.159783,0.122089,0.113640
21.44581,0.171271,0.159413,0.121690,0.113265
21.45154,0.170880,0.159042,0.121292,0.112890
21.45727,0.170489,0.158672,0.120895,0.112516
21.46300,0.170098,0.158302,0.120498,0.112142
21.46873,0.169707,0.157932,0.120101,0.111768
21.47446,0.169316,0.157562,0.119705,0.111395
21.48019,0.168925,0.157192,0.119309,0.111023
21.48592,0.168534,0.156822,0.118914,0.110650
21.49165,0.168143,0.156452,0.118519,0.110279
21.49738,0.167752,0.156082,0.118125,0.109907
21.50311,0.167361,0.155712,0.117731,0.109537
21.50884,0.166970,0.155342,0.117337,0.109166
21.51457,0.166579,0.154973,0.116944,0.108796
21.52029,0.166188,0.154603,0.116552,0.108427
21.52602,0.165797,0.154233,0.116160,0.108058
21.53175,0.165406,0.153863,0.115768,0.107689
21.53748,0.165016,0.153494,0.115377,0.107321
21.54321,0.164625,0.153124,0.114986,0.106953
21.54894,0.164234,0.152755,0.114596,0.106586
21.55467,0.163843,0.152385,0.114206,0.106219
21.56040,0.163452,0.152016,0.113816,0.105853
21.56613,0.163061,0.151646,0.113427,0.105487
21.57186,0.162671,0.151277,0.113039,0.105121
21.57759,0.162280,0.150907,0.112651,0.104756
21.58332,0.161889,0.150538,0.112263,0.104392
21.58905,0.161498,0.150169,0.111876,0.104028
21.59478,0.161108,0.149799,0.111490,0.103664
21.60051,0.160717,0.149430,0.111103,0.103301
21.60624,0.160326,0.149061,0.110718,0.102938
21.61197,0.159935,0.148692,0.110332,0.102576
21.61770,0.159545,0.148323,0.109948,0.102214
21.62343,0.159154,0.147954,0.109563,0.101853
21.62916,0.158763,0.147585,0.109180,0.101492
21.63489,0.158373,0.147216,0.108796,0.101132
21.64062,0.157982,0.146847,0.108413,0.100772
21.64635,0.157591,0.146478,0.108031,0.100412
21.65208,0.157201,0.146109,0.107649,0.100053
21.65780,0.156810,0.145740,0.107267,0.099695
21.66353,0.156420,0.145371,0.106886,0.099337
21.66926,0.156029,0.145003,0.106506,0.098979
21.67499,0.155639,0.144634,0.106126,0.098622
21.68072,0.155248,0.144265,0.105746,0.098266
21.68645,0.154858,0.143897,0.105367,0.097909
21.69218,0.154467,0.143528,0.104989,0.097554
21.69791,0.154077,0.143160,0.104611,0.097199
21.70364,0.153686,0.142791,0.104233,0.096844
21.70937,0.153296,0.142423,0.103856,0.096490
21.71510,0.152905,0.142054,0.103479,0.096136
21.72083,0.152515,0.141686,0.103103,0.095782
21.72656,0.152124,0.141318,0.102727,0.095430
21.73229,0.151734,0.140949,0.102352,0.095077
21.73802,0.151344,0.140581,0.101977,0.094725
21.74375,0.150953,0.140213,0.101603,0.094374
21.74948,0.150563,0.139845,0.101229,0.094023
21.75521,0.150173,0.139477,0.100856,0.093673
21.76094,0.149782,0.139109,0.100483,0.093323
21.76667,0.149392,0.138741,0.100111,0.092973
21.77240,0.149002,0.138373,0.099739,0.092625
21.77813,0.148611,0.138005,0.099368,0.092276
21.78386,0.148221,0.137637,0.098997,0.091928
21.78958,0.147831,0.137269,0.098627,0.091581
21.79531,0.147441,0.136901,0.098257,0.091234
21.80104,0.147051,0.136533,0.097888,0.090887
21.80677,0.146660,0.136166,0.097519,0.090541
21.81250,0.146270,0.135798,0.097151,0.090196
21.81823,0.145880,0.135430,0.096783,0.089850
21.82396,0.145490,0.135063,0.096416,0.089506
21.82969,0.145100,0.134695,0.096049,0.089162
21.83542,0.144710,0.134328,0.095683,0.088818
21.84115,0.144320,0.133960,0.095317,0.088475
21.84688,0.143930,0.133593,0.094952,0.088133
21.85261,0.143540,0.133226,0.094587,0.087791
21.85834,0.143150,0.132858,0.094223,0.087449
21.86407,0.142760,0.132491,0.093859,0.087108
21.86980,0.142370,0.132124,0.093496,0.086767
21.87553,0.141980,0.131757,0.093133,0.086427
21.88126,0.141590,0.131390,0.092771,0.086088
21.88699,0.141200,0.131023,0.092410,0.085749
21.89272,0.140810,0.130656,0.092048,0.085410
21.89845,0.140421,0.130289,0.091688,0.085072
21.90418,0.140031,0.129922,0.091328,0.084735
21.90991,0.139641,0.129555,0.090968,0.084398
21.91564,0.139251,0.129188,0.090609,0.084061
21.92137,0.138862,0.128821,0.090250,0.083725
21.92709,0.138472,0.128455,0.089892,0.083389
21.93282,0.138082,0.128088,0.089535,0.083054
21.93855,0.137692,0.127721,0.089178,0.082720
21.94428,0.137303,0.127355,0.088821,0.082386
21.95001,0.136913,0.126988,0.088465,0.082052
21.95574,0.136524,0.126622,0.088110,0.081719
21.96147,0.136134,0.126255,0.087755,0.081387
21.96720,0.135744,0.125889,0.087400,0.081055
21.97293,0.135355,0.125523,0.087047,0.080724
21.97866,0.134965,0.125157,0.086693,0.080393
21.98439,0.134576,0.124790,0.086340,0.080062
21.99012,0.134186,0.124424,0.085988,0.079732
21.99585,0.133797,0.124058,0.085636,0.079403
22.00158,0.133408,0.123692,0.085285,0.079074
22.00731,0.133018,0.123326,0.084934,0.078746
22.01304,0.132629,0.122960,0.084584,0.078418
22.01877,0.132239,0.122594,0.084235,0.078091
22.02450,0.131850,0.122228,0.083885,0.077764
22.03023,0.131461,0.121862,0.083537,0.077437
22.03596,0.131072,0.121497,0.083189,0.077112
22.04169,0.130682,0.121131,0.082841,0.076787
22.04742,0.130293,0.120765,0.082494,0.076462
22.05315,0.129904,0.120400,0.082148,0.076138
22.05888,0.129515,0.120034,0.081802,0.075814
22.06460,0.129126,0.119669,0.081457,0.075491
22.07033,0.128737,0.119303,0.081112,0.075168
22.07606,0.128348,0.118938,0.080768,0.074846
22.08179,0.127959,0.118573,0.080424,0.074525
22.08752,0.127570,0.118207,0.080081,0.074204
22.09325,0.127181,0.117842,0.079738,0.073883
22.09898,0.126792,0.117477,0.079396,0.073563
22.10471,0.126403,0.117112,0.079055,0.073244
22.11044,0.126014,0.116747,0.078714,0.072925
22.11617,0.125625,0.116382,0.078373,0.072607
22.12190,0.125236,0.116017,0.078033,0.072289
22.12763,0.124847,0.115652,0.077694,0.071971
22.13336,0.124458,0.115287,0.077355,0.071655
22.13909,0.124070,0.114922,0.077017,0.071338
22.14482,0.123681,0.114557,0.076679,0.071023
22.15055,0.123292,0.114193,0.076342,0.070708
22.15628,0.122904,0.113828,0.076005,0.070393
22.16201,0.122515,0.113464,0.075669,0.070079
22.16774,0.122126,0.113099,0.075334,0.069765
22.17347,0.121738,0.112735,0.074999,0.069452
22.17920,0.121349,0.112370,0.074665,0.069140
22.18493,0.120961,0.112006,0.074331,0.068828
22.19066,0.120572,0.111642,0.073997,0.068517
22.19638,0.120184,0.111277,0.073665,0.068206
22.20211,0.119795,0.110913,0.073333,0.067896
22.20784,0.119407,0.110549,0.073001,0.067586
22.21357,0.119018,0.110185,0.072670,0.067277
22.21930,0.118630,0.109821,0.072340,0.066968
22.22503,0.118242,0.109457,0.072010,0.066660
22.23076,0.117854,0.109093,0.071680,0.066352
22.23649,0.117465,0.108729,0.071352,0.066045
22.24222,0.117077,0.108366,0.071023,0.065739
22.24795,0.116689,0.108002,0.070696,0.065433
22.25368,0.116301,0.107638,0.070369,0.065127
22.25941,0.115913,0.107275,0.070042,0.064823
22.26514,0.115525,0.106911,0.069716,0.064518
22.27087,0.115137,0.106548,0.069391,0.064215
22.27660,0.114748,0.106184,0.069066,0.063911
22.28233,0.114361,0.105821,0.068742,0.063609
22.28806,0.113973,0.105458,0.068418,0.063307
22.29379,0.113585,0.105094,0.068095,0.063005
22.29952,0.113197,0.104731,0.067773,0.062704
22.30525,0.112809,0.104368,0.067451,0.062404
22.31098,0.112421,0.104005,0.067130,0.062104
22.31671,0.112033,0.103642,0.066809,0.061805
22.32244,0.111646,0.103279,0.066489,0.061506
22.32817,0.111258,0.102916,0.066169,0.061208
22.33389,0.110870,0.102553,0.065850,0.060910
22.33962,0.110483,0.102191,0.065532,0.060613
22.34535,0.110095,0.101828,0.065214,0.060317
22.35108,0.109707,0.101465,0.064896,0.060021
22.35681,0.109320,0.101103,0.064580,0.059725
22.36254,0.108932,0.100740,0.064263,0.059431
22.36827,0.108545,0.100378,0.063948,0.059136
22.37400,0.108158,0.100015,0.063633,0.058843
22.37973,0.107770,0.099653,0.063319,0.058549
22.38546,0.107383,0.099291,0.063005,0.058257
22.39119,0.106996,0.098929,0.062692,0.057965
22.39692,0.106608,0.098566,0.062379,0.057673
22.40265,0.106221,0.098204,0.062067,0.057383
22.40838,0.105834,0.097842,0.061755,0.057092
22.41411,0.105447,0.097480,0.061445,0.056803
22.41984,0.105060,0.097119,0.061134,0.056513
22.42557,0.104672,0.096757,0.060825,0.056225
22.43130,0.104285,0.096395,0.060516,0.055937
22.43703,0.103898,0.096033,0.060207,0.055649
22.44276,0.103511,0.095672,0.059899,0.055362
22.44849,0.103124,0.095310,0.059592,0.055076
22.45422,0.102738,0.094949,0.059285,0.054790
22.45995,0.102351,0.094587,0.058979,0.054505
22.46568,0.101964,0.094226,0.058673,0.054221
22.47140,0.101577,0.093864,0.058368,0.053937
22.47713,0.101190,0.093503,0.058064,0.053653
22.48286,0.100804,0.093142,0.057760,0.053370
22.48859,0.100417,0.092781,0.057457,0.053088
22.49432,0.100030,0.092420,0.057155,0.052806
22.50005,0.099644,0.092059,0.056853,0.052525
22.50578,0.099257,0.091698,0.056551,0.052244
22.51151,0.098871,0.091337,0.056251,0.051964
22.51724,0.098484,0.090976,0.055950,0.051685
22.52297,0.098098,0.090616,0.055651,0.051406
22.52870,0.097712,0.090255,0.055352,0.051128
22.53443,0.097325,0.089894,0.055054,0.050850
22.54016,0.096939,0.089534,0.054756,0.050573
22.54589,0.096553,0.089174,0.054459,0.050297
22.55162,0.096167,0.088813,0.054162,0.050021
22.55735,0.095780,0.088453,0.053866,0.049745
22.56308,0.095394,0.088093,0.053571,0.049470
22.56881,0.095008,0.087732,0.053276,0.049196
22.57454,0.094622,0.087372,0.052982,0.048923
22.58027,0.094236,0.087012,0.052689,0.048650
22.58600,0.093850,0.086652,0.052396,0.048377
22.59173,0.093464,0.086292,0.052103,0.048105
22.59746,0.093078,0.085933,0.051812,0.047834
22.60319,0.092693,0.085573,0.051521,0.047563
22.60891,0.092307,0.085213,0.051230,0.047293
22.61464,0.091921,0.084854,0.050940,0.047024
22.62037,0.091535,0.084494,0.050651,0.046755
22.62610,0.091150,0.084134,0.050363,0.046486
22.63183,0.090764,0.083775,0.050075,0.046219
22.63756,0.090379,0.083416,0.049787,0.045952
22.64329,0.089993,0.083056,0.049501,0.045685
22.64902,0.089608,0.082697,0.049214,0.045419
22.65475,0.089222,0.082338,0.048929,0.045154
22.66048,0.088837,0.081979,0.048644,0.044889
22.66621,0.088452,0.081620,0.048360,0.044625
22.67194,0.088066,0.081261,0.048076,0.044361
22.67767,0.087681,0.080902,0.047793,0.044098
22.68340,0.087296,0.080544,0.047511,0.043836
22.68913,0.086911,0.080185,0.047229,0.043574
22.69486,0.086526,0.079826,0.046948,0.043313
22.70059,0.086141,0.079468,0.046667,0.043052
22.70632,0.085756,0.079109,0.046387,0.042792
22.71205,0.085371,0.078751,0.046108,0.042532
22.71778,0.084986,0.078392,0.045829,0.042274
22.72351,0.084601,0.078034,0.045551,0.042015
22.72924,0.084216,0.077676,0.045274,0.041758
22.73497,0.083831,0.077318,0.044997,0.041501
22.74069,0.083447,0.076960,0.044721,0.041244
22.74642,0.083062,0.076602,0.044445,0.040988
22.75215,0.082677,0.076244,0.044170,0.040733
22.75788,0.082293,0.075886,0.043896,0.040478
22.76361,0.081908,0.075528,0.043622,0.040224
22.76934,0.081524,0.075171,0.043349,0.039971
22.77507,0.081139,0.074813,0.043077,0.039718
22.78080,0.080755,0.074455,0.042805,0.039466
22.78653,0.080371,0.074098,0.042534,0.039214
22.79226,0.079986,0.073741,0.042263,0.038963
22.79799,0.079602,0.073383,0.041993,0.038713
22.80372,0.079218,0.073026,0.041724,0.038463
22.80945,0.078834,0.072669,0.041456,0.038214
22.81518,0.078450,0.072312,0.041188,0.037965
22.82091,0.078066,0.071955,0.040920,0.037717
22.82664,0.077682,0.071598,0.040654,0.037470
22.83237,0.077298,0.071241,0.040388,0.037223
22.83810,0.076914,0.070884,0.040122,0.036977
22.84383,0.076530,0.070528,0.039857,0.036731
22.84956,0.076146,0.070171,0.039593,0.036486
22.85529,0.075763,0.069814,0.039330,0.036242
22.86102,0.075379,0.069458,0.039067,0.035998
22.86675,0.074995,0.069102,0.038805,0.035755
22.87248,0.074612,0.068745,0.038543,0.035512
22.87820,0.074228,0.068389,0.038282,0.035271
22.88393,0.073845,0.068033,0.038022,0.035029
22.88966,0.073461,0.067677,0.037762,0.034789
22.89539,0.073078,0.067321,0.037503,0.034548
22.90112,0.072695,0.066965,0.037245,0.034309
22.90685,0.072312,0.066609,0.036987,0.034070
22.91258,0.071928,0.066253,0.036730,0.033832
22.91831,0.071545,0.065897,0.036473,0.033594
22.92404,0.071162,0.065542,0.036218,0.033357
22.92977,0.070779,0.065186,0.035962,0.033121
22.93550,0.070396,0.064831,0.035708,0.032885
22.94123,0.070013,0.064476,0.035454,0.032650
22.94696,0.069630,0.064120,0.035201,0.032415
22.95269,0.069248,0.063765,0.034948,0.032181
22.95842,0.068865,0.063410,0.034696,0.031948
22.96415,0.068482,0.063055,0.034445,0.031715
22.96988,0.068099,0.062700,0.034195,0.031483
22.97561,0.067717,0.062345,0.033945,0.031252
22.98134,0.067334,0.061990,0.033695,0.031021
22.98707,0.066952,0.061635,0.033447,0.030791
22.99280,0.066569,0.061281,0.033199,0.030561
22.99853,0.066187,0.060926,0.032951,0.030332
23.00426,0.065805,0.060572,0.032705,0.030104
23.00999,0.065422,0.060217,0.032458,0.029876
23.01571,0.065040,0.059863,0.032213,0.029649
23.02144,0.064658,0.059509,0.031968,0.029422
23.02717,0.064276,0.059155,0.031724,0.029196
23.03290,0.063894,0.058800,0.031481,0.028971
23.03863,0.063512,0.058446,0.031238,0.028747
23.04436,0.063130,0.058093,0.030996,0.028523
23.05009,0.062748,0.057739,0.030754,0.028299
23.05582,0.062367,0.057385,0.030514,0.028076
23.06155,0.061985,0.057031,0.030274,0.027854
23.06728,0.061603,0.056678,0.030034,0.027633
23.07301,0.061222,0.056324,0.029795,0.027412
23.07874,0.060840,0.055971,0.029557,0.027192
23.08447,0.060458,0.055617,0.029320,0.026972
23.09020,0.060077,0.055264,0.029083,0.026753
23.09593,0.059696,0.054911,0.028847,0.026534
23.10166,0.059314,0.054558,0.028611,0.026317
23.10739,0.058933,0.054205,0.028376,0.026100
23.11312,0.058552,0.053852,0.028142,0.025883
23.11885,0.058171,0.053499,0.027908,0.025667
23.12458,0.057790,0.053146,0.027676,0.025452
23.13031,0.057409,0.052794,0.027443,0.025237
23.13604,0.057028,0.052441,0.027212,0.025023
23.14177,0.056647,0.052089,0.026981,0.024810
23.14749,0.056266,0.051736,0.026751,0.024597
23.15322,0.055885,0.051384,0.026521,0.024385
23.15895,0.055505,0.051032,0.026292,0.024174
23.16468,0.055124,0.050680,0.026064,0.023963
23.17041,0.054743,0.050328,0.025837,0.023753
23.17614,0.054363,0.049976,0.025610,0.023543
23.18187,0.053982,0.049624,0.025384,0.023334
23.18760,0.053602,0.049272,0.025158,0.023126
23.19333,0.053222,0.048920,0.024933,0.022918
23.19906,0.052841,0.048569,0.024709,0.022711
23.20479,0.052461,0.048217,0.024485,0.022505
23.21052,0.052081,0.047866,0.024263,0.022299
23.21625,0.051701,0.047514,0.024040,0.022094
23.22198,0.051321,0.047163,0.023819,0.021889
23.22771,0.050941,0.046812,0.023598,0.021685
23.23344,0.050561,0.046461,0.023378,0.021482
23.23917,0.050181,0.046110,0.023158,0.021280
23.24490,0.049801,0.045759,0.022940,0.021078
23.25063,0.049422,0.045408,0.022721,0.020876
23.25636,0.049042,0.045057,0.022504,0.020676
23.26209,0.048663,0.044707,0.022287,0.020475
23.26782,0.048283,0.044356,0.022071,0.020276
23.27355,0.047904,0.044006,0.021856,0.020077
23.27928,0.047524,0.043655,0.021641,0.019879
23.28500,0.047145,0.043305,0.021427,0.019682
23.29073,0.046766,0.042955,0.021213,0.019485
23.29646,0.046387,0.042605,0.021001,0.019288
23.30219,0.046007,0.042255,0.020789,0.019093
23.30792,0.045628,0.041905,0.020577,0.018898
23.31365,0.045249,0.041555,0.020367,0.018704
23.31938,0.044871,0.041205,0.020156,0.018510
23.32511,0.044492,0.040856,0.019947,0.018317
23.33084,0.044113,0.040506,0.019738,0.018125
23.33657,0.043734,0.040157,0.019530,0.017933
23.34230,0.043356,0.039807,0.019323,0.017742
23.34803,0.042977,0.039458,0.019117,0.017551
23.35376,0.042599,0.039109,0.018911,0.017361
23.35949,0.042220,0.038760,0.018705,0.017172
23.36522,0.041842,0.038411,0.018501,0.016984
23.37095,0.041463,0.038062,0.018297,0.016796
23.37668,0.041085,0.037713,0.018094,0.016608
23.38241,0.040707,0.037364,0.017891,0.016422
23.38814,0.040329,0.037015,0.017689,0.016236
23.39387,0.039951,0.036667,0.017488,0.016051
23.39960,0.039573,0.036318,0.017288,0.015866
23.40533,0.039195,0.035970,0.017088,0.015682
23.41106,0.038817,0.035622,0.016889,0.015498
23.41679,0.038440,0.035274,0.016690,0.015316
23.42251,0.038062,0.034926,0.016493,0.015134
23.42824,0.037684,0.034578,0.016296,0.014952
23.43397,0.037307,0.034230,0.016099,0.014771
23.43970,0.036929,0.033882,0.015903,0.014591
23.44543,0.036552,0.033534,0.015709,0.014412
23.45116,0.036175,0.033187,0.015514,0.014233
23.45689,0.035798,0.032839,0.015321,0.014054
23.46262,0.035420,0.032492,0.015128,0.013877
23.46835,0.035043,0.032145,0.014935,0.013700
23.47408,0.034666,0.031797,0.014744,0.013524
23.47981,0.034289,0.031450,0.014553,0.013348
23.48554,0.033912,0.031103,0.014363,0.013173
23.49127,0.033536,0.030756,0.014173,0.012999
23.49700,0.033159,0.030409,0.013985,0.012825
23.50273,0.032782,0.030063,0.013796,0.012652
23.50846,0.032406,0.029716,0.013609,0.012480
23.51419,0.032029,0.029370,0.013422,0.012308
23.51992,0.031653,0.029023,0.013236,0.012137
23.52565,0.031276,0.028677,0.013051,0.011966
23.53138,0.030900,0.028331,0.012866,0.011796
23.53711,0.030524,0.027984,0.012682,0.011627
23.54284,0.030148,0.027638,0.012499,0.011459
23.54857,0.029772,0.027292,0.012317,0.011291
23.55429,0.029396,0.026947,0.012135,0.011124
23.56002,0.029020,0.026601,0.011954,0.010957
23.56575,0.028644,0.026255,0.011773,0.010791
23.57148,0.028268,0.025910,0.011593,0.010626
23.57721,0.027893,0.025564,0.011414,0.010461
23.58294,0.027517,0.025219,0.011236,0.010297
23.58867,0.027141,0.024874,0.011058,0.010134
23.59440,0.026766,0.024528,0.010881,0.009971
23.60013,0.026391,0.024183,0.010705,0.009809
23.60586,0.026015,0.023838,0.010529,0.009648
23.61159,0.025640,0.023494,0.010354,0.009487
23.61732,0.025265,0.023149,0.010180,0.009327
23.62305,0.024890,0.022804,0.010006,0.009168
23.62878,0.024515,0.022460,0.009834,0.009009
23.63451,0.024140,0.022115,0.009662,0.008851
23.64024,0.023765,0.021771,0.009490,0.008694
23.64597,0.023390,0.021427,0.009319,0.008537
23.65170,0.023016,0.021082,0.009149,0.008381
23.65743,0.022641,0.020738,0.008980,0.008225
23.66316,0.022267,0.020394,0.008811,0.008071
23.66889,0.021892,0.020051,0.008643,0.007916
23.67462,0.021518,0.019707,0.008476,0.007763
23.68035,0.021143,0.019363,0.008310,0.007610
23.68608,0.020769,0.019020,0.008144,0.007458
23.69180,0.020395,0.018676,0.007979,0.007306
23.69753,0.020021,0.018333,0.007814,0.007155
23.70326,0.019647,0.017990,0.007651,0.007005
23.70899,0.019273,0.017647,0.007488,0.006856
23.71472,0.018899,0.017304,0.007325,0.006707
23.72045,0.018526,0.016961,0.007164,0.006558
23.72618,0.018152,0.016618,0.007003,0.006411
23.73191,0.017778,0.016275,0.006842,0.006264
23.73764,0.017405,0.015932,0.006683,0.006118
23.74337,0.017032,0.015590,0.006524,0.005972
23.74910,0.016658,0.015248,0.006366,0.005827
23.75483,0.016285,0.014905,0.006209,0.005683
23.76056,0.015912,0.014563,0.006052,0.005539
23.76629,0.015539,0.014221,0.005896,0.005396
23.77202,0.015166,0.013879,0.005741,0.005253
23.77775,0.014793,0.013537,0.005586,0.005112
23.78348,0.014420,0.013195,0.005432,0.004971
23.78921,0.014047,0.012854,0.005279,0.004830
23.79494,0.013675,0.012512,0.005126,0.004691
23.80067,0.013302,0.012171,0.004975,0.004552
23.80640,0.012930,0.011830,0.004824,0.004413
23.81213,0.012557,0.011488,0.004673,0.004275
23.81786,0.012185,0.011147,0.004524,0.004138
23.82359,0.011813,0.010806,0.004375,0.004002
23.82931,0.011441,0.010465,0.004226,0.003866
23.83504,0.011068,0.010124,0.004079,0.003731
23.84077,0.010696,0.009784,0.003932,0.003596
23.84650,0.010325,0.009443,0.003786,0.003463
23.85223,0.009953,0.009103,0.003640,0.003329
23.85796,0.009581,0.008762,0.003496,0.003197
23.86369,0.009209,0.008422,0.003352,0.003065
23.86942,0.008838,0.008082,0.003208,0.002934
23.87515,0.008466,0.007742,0.003066,0.002803
23.88088,0.008095,0.007402,0.002924,0.002674
23.88661,0.007724,0.007062,0.002783,0.002544
23.89234,0.007352,0.006722,0.002642,0.002416
23.89807,0.006981,0.006383,0.002502,0.002288
23.90380,0.006610,0.006043,0.002363,0.002161
23.90953,0.006239,0.005704,0.002225,0.002034
23.91526,0.005868,0.005365,0.002087,0.001908
23.92099,0.005498,0.005025,0.001951,0.001783
23.92672,0.005127,0.004686,0.001814,0.001658
23.93245,0.004756,0.004347,0.001679,0.001534
23.93818,0.004386,0.004009,0.001544,0.001411
23.94391,0.004015,0.003670,0.001410,0.001289
23.94964,0.003645,0.003331,0.001277,0.001167
23.95537,0.003275,0.002993,0.001144,0.001045
23.96109,0.002905,0.002654,0.001012,0.000925
23.96682,0.002535,0.002316,0.000881,0.000805
23.97255,0.002165,0.001978,0.000750,0.000685
23.97828,0.001795,0.001640,0.000620,0.000567
23.98401,0.001425,0.001302,0.000491,0.000449
23.98974,0.001055,0.000964,0.000363,0.000331
23.99547,0.000686,0.000626,0.000235,0.000215
24.00120,0.000316,0.000289,0.000108,0.000099
24.00693,0.000053,0.000049,0.000018,0.000017
24.01266,0.000423,0.000386,0.000144,0.000131
24.01839,0.000792,0.000723,0.000269,0.000245
24.02412,0.001161,0.001060,0.000393,0.000359
24.02985,0.001530,0.001397,0.000516,0.000471
24.03558,0.001899,0.001734,0.000639,0.000583
24.04131,0.002268,0.002071,0.000761,0.000695
24.04704,0.002637,0.002408,0.000882,0.000806
24.05277,0.003005,0.002744,0.001003,0.000916
24.05850,0.003374,0.003081,0.001123,0.001025
24.06423,0.003743,0.003417,0.001242,0.001134
24.06996,0.004111,0.003754,0.001360,0.001242
24.07569,0.004479,0.004090,0.001478,0.001349
24.08142,0.004848,0.004426,0.001595,0.001456
24.08715,0.005216,0.004762,0.001711,0.001562
24.09288,0.005584,0.005097,0.001827,0.001668
24.09860,0.005952,0.005433,0.001942,0.001772
24.10433,0.006320,0.005769,0.002056,0.001877
24.11006,0.006687,0.006104,0.002169,0.001980
24.11579,0.007055,0.006439,0.002282,0.002083
24.12152,0.007423,0.006775,0.002394,0.002185
24.12725,0.007790,0.007110,0.002505,0.002286
24.13298,0.008158,0.007445,0.002616,0.002387
24.13871,0.008525,0.007779,0.002726,0.002487
24.14444,0.008892,0.008114,0.002835,0.002587
24.15017,0.009259,0.008449,0.002943,0.002686
24.15590,0.009626,0.008783,0.003051,0.002784
24.16163,0.009993,0.009118,0.003158,0.002881
24.16736,0.010360,0.009452,0.003264,0.002978
24.17309,0.010727,0.009786,0.003370,0.003074
24.17882,0.011093,0.010120,0.003475,0.003170
24.18455,0.011460,0.010454,0.003579,0.003265
24.19028,0.011826,0.010788,0.003682,0.003359
24.19601,0.012193,0.011121,0.003785,0.003453
24.20174,0.012559,0.011455,0.003887,0.003546
24.20747,0.012925,0.011788,0.003988,0.003638
24.21320,0.013291,0.012122,0.004089,0.003729
24.21893,0.013657,0.012455,0.004189,0.003820
24.22466,0.014023,0.012788,0.004288,0.003910
24.23039,0.014388,0.013121,0.004387,0.004000
24.23611,0.014754,0.013454,0.004484,0.004089
24.24184,0.015120,0.013786,0.004581,0.004177
24.24757,0.015485,0.014119,0.004678,0.004265
24.25330,0.015850,0.014451,0.004773,0.004352
24.25903,0.016216,0.014784,0.004868,0.004438
24.26476,0.016581,0.015116,0.004962,0.004524
24.27049,0.016946,0.015448,0.005056,0.004609
24.27622,0.017311,0.015780,0.005148,0.004693
24.28195,0.017676,0.016112,0.005240,0.004777
24.28768,0.018040,0.016444,0.005332,0.004860
24.29341,0.018405,0.016775,0.005422,0.004942
24.29914,0.018770,0.017107,0.005512,0.005024
24.30487,0.019134,0.017438,0.005601,0.005105
24.31060,0.019498,0.017769,0.005690,0.005185
24.31633,0.019863,0.018101,0.005777,0.005265
24.32206,0.020227,0.018432,0.005864,0.005344
24.32779,0.020591,0.018762,0.005951,0.005422
24.33352,0.020955,0.019093,0.006036,0.005500
24.33925,0.021319,0.019424,0.006121,0.005577
24.34498,0.021682,0.019754,0.006205,0.005653
24.35071,0.022046,0.020085,0.006289,0.005729
24.35644,0.022410,0.020415,0.006371,0.005804
24.36217,0.022773,0.020745,0.006453,0.005879
24.36790,0.023136,0.021075,0.006534,0.005952
24.37362,0.023499,0.021405,0.006615,0.006025
24.37935,0.023863,0.021735,0.006695,0.006098
24.38508,0.024226,0.022064,0.006774,0.006170
24.39081,0.024589,0.022394,0.006852,0.006241
24.39654,0.024951,0.022723,0.006930,0.006311
24.40227,0.025314,0.023053,0.007007,0.006381
24.40800,0.025677,0.023382,0.007083,0.006450
24.41373,0.026039,0.023711,0.007159,0.006519
24.41946,0.026401,0.024040,0.007234,0.006587
24.42519,0.026764,0.024368,0.007308,0.006654
24.43092,0.027126,0.024697,0.007381,0.006720
24.43665,0.027488,0.025026,0.007454,0.006786
24.44238,0.027850,0.025354,0.007526,0.006851
24.44811,0.028212,0.025682,0.007597,0.006916
24.45384,0.028574,0.026010,0.007668,0.006980
24.45957,0.028935,0.026338,0.007738,0.007043
24.46530,0.029297,0.026666,0.007807,0.007106
24.47103,0.029658,0.026994,0.007875,0.007168
24.47676,0.030019,0.027322,0.007943,0.007229
24.48249,0.030381,0.027649,0.008010,0.007289
24.48822,0.030742,0.027976,0.008076,0.007349
24.49395,0.031103,0.028304,0.008141,0.007409
24.49968,0.031464,0.028631,0.008206,0.007467
24.50540,0.031824,0.028958,0.008270,0.007525
24.51113,0.032185,0.029285,0.008334,0.007583
24.51686,0.032546,0.029611,0.008396,0.007639
24.52259,0.032906,0.029938,0.008458,0.007695
24.52832,0.033267,0.030264,0.008520,0.007751
24.53405,0.033627,0.030591,0.008580,0.007806
24.53978,0.033987,0.030917,0.008640,0.007860
24.54551,0.034347,0.031243,0.008699,0.007913
24.55124,0.034707,0.031569,0.008757,0.007966
24.55697,0.035067,0.031895,0.008815,0.008018
24.56270,0.035426,0.032220,0.008872,0.008069
24.56843,0.035786,0.032546,0.008928,0.008120
24.57416,0.036145,0.032871,0.008984,0.008170
24.57989,0.036505,0.033197,0.009039,0.008220
24.58562,0.036864,0.033522,0.009093,0.008268
24.59135,0.037223,0.033847,0.009146,0.008317
24.59708,0.037582,0.034172,0.009199,0.008364
24.60281,0.037941,0.034497,0.009251,0.008411
24.60854,0.038300,0.034821,0.009302,0.008457
24.61427,0.038659,0.035146,0.009353,0.008503
24.62000,0.039017,0.035470,0.009402,0.008548
24.62573,0.039376,0.035794,0.009452,0.008592
24.63146,0.039734,0.036118,0.009500,0.008636
24.63719,0.040092,0.036442,0.009548,0.008678
24.64291,0.040450,0.036766,0.009595,0.008721
24.64864,0.040808,0.037090,0.009641,0.008762
24.65437,0.041166,0.037413,0.009686,0.008803
24.66010,0.041524,0.037737,0.009731,0.008844
24.66583,0.041882,0.038060,0.009775,0.008883
24.67156,0.042239,0.038383,0.009819,0.008923
24.67729,0.042597,0.038706,0.009862,0.008961
24.68302,0.042954,0.039029,0.009904,0.008999
24.68875,0.043311,0.039352,0.009945,0.009036
24.69448,0.043668,0.039675,0.009985,0.009072
24.70021,0.044025,0.039997,0.010025,0.009108
24.70594,0.044382,0.040320,0.010064,0.009143
24.71167,0.044739,0.040642,0.010103,0.009178
24.71740,0.045095,0.040964,0.010140,0.009211
24.72313,0.045452,0.041286,0.010178,0.009245
24.72886,0.045808,0.041608,0.010214,0.009277
24.73459,0.046165,0.041929,0.010249,0.009309
24.74032,0.046521,0.042251,0.010284,0.009340
24.74605,0.046877,0.042572,0.010318,0.009371
24.75178,0.047233,0.042894,0.010352,0.009401
24.75751,0.047589,0.043215,0.010385,0.009430
24.76324,0.047944,0.043536,0.010417,0.009459
24.76897,0.048300,0.043857,0.010448,0.009487
24.77470,0.048655,0.044177,0.010479,0.009514
24.78042,0.049011,0.044498,0.010509,0.009541
24.78615,0.049366,0.044818,0.010538,0.009567
24.79188,0.049721,0.045139,0.010566,0.009592
24.79761,0.050076,0.045459,0.010594,0.009617
24.80334,0.050431,0.045779,0.010621,0.009641
24.80907,0.050786,0.046099,0.010647,0.009665
24.81480,0.051140,0.046419,0.010673,0.009688
24.82053,0.051495,0.046738,0.010698,0.009710
24.82626,0.051849,0.047058,0.010722,0.009731
24.83199,0.052204,0.047377,0.010746,0.009752
24.83772,0.052558,0.047696,0.010769,0.009773
24.84345,0.052912,0.048015,0.010791,0.009792
24.84918,0.053266,0.048334,0.010812,0.009811
24.85491,0.053619,0.048653,0.010833,0.009829
24.86064,0.053973,0.048972,0.010853,0.009847
24.86637,0.054327,0.049290,0.010872,0.009864
24.87210,0.054680,0.049608,0.010891,0.009881
24.87783,0.055033,0.049927,0.010909,0.009896
24.88356,0.055387,0.050245,0.010926,0.009911
24.88929,0.055740,0.050563,0.010942,0.009926
24.89502,0.056093,0.050881,0.010958,0.009940
24.90075,0.056445,0.051198,0.010973,0.009953
24.90648,0.056798,0.051516,0.010987,0.009966
24.91220,0.057151,0.051833,0.011001,0.009977
24.91793,0.057503,0.052150,0.011014,0.009989
24.92366,0.057856,0.052467,0.011026,0.009999
24.92939,0.058208,0.052784,0.011038,0.010009
24.93512,0.058560,0.053101,0.011049,0.010019
24.94085,0.058912,0.053418,0.011059,0.010027
24.94658,0.059264,0.053734,0.011068,0.010036
24.95231,0.059615,0.054051,0.011077,0.010043
24.95804,0.059967,0.054367,0.011085,0.010050
24.96377,0.060318,0.054683,0.011092,0.010056
24.96950,0.060670,0.054999,0.011099,0.010061
24.97523,0.061021,0.055315,0.011105,0.010066
24.98096,0.061372,0.055631,0.011110,0.010071
24.98669,0.061723,0.055946,0.011114,0.010074
24.99242,0.062074,0.056261,0.011118,0.010077
24.99815,0.062425,0.056577,0.011121,0.010079
25.00388,0.062775,0.056892,0.011124,0.010081
25.00961,0.063126,0.057207,0.011125,0.010082
25.01534,0.063476,0.057522,0.011126,0.010083
25.02107,0.063826,0.057836,0.011127,0.010082
25.02680,0.064176,0.058151,0.011126,0.010082
25.03253,0.064526,0.058465,0.011125,0.010080
25.03826,0.064876,0.058779,0.011123,0.010078
25.04399,0.065226,0.059093,0.011121,0.010075
25.04971,0.065575,0.059407,0.011118,0.010072
25.05544,0.065925,0.059721,0.011114,0.010068
25.06117,0.066274,0.060035,0.011109,0.010063
25.06690,0.066623,0.060348,0.011104,0.010058
25.07263,0.066972,0.060662,0.011098,0.010052
25.07836,0.067321,0.060975,0.011091,0.010046
25.08409,0.067670,0.061288,0.011084,0.010038
25.08982,0.068019,0.061601,0.011076,0.010031
25.09555,0.068367,0.061913,0.011067,0.010022
25.10128,0.068716,0.062226,0.011057,0.010013
25.10701,0.069064,0.062538,0.011047,0.010004
25.11274,0.069412,0.062851,0.011036,0.009993
25.11847,0.069760,0.063163,0.011025,0.009982
25.12420,0.070108,0.063475,0.011013,0.009971
25.12993,0.070456,0.063787,0.011000,0.009958
25.13566,0.070803,0.064099,0.010986,0.009946
25.14139,0.071151,0.064410,0.010972,0.009932
25.14712,0.071498,0.064722,0.010957,0.009918
25.15285,0.071845,0.065033,0.010941,0.009903
25.15858,0.072192,0.065344,0.010924,0.009888
25.16431,0.072539,0.065655,0.010907,0.009872
25.17004,0.072886,0.065966,0.010890,0.009856
25.17577,0.073233,0.066276,0.010871,0.009838
25.18150,0.073580,0.066587,0.010852,0.009820
25.18722,0.073926,0.066897,0.010832,0.009802
25.19295,0.074272,0.067208,0.010811,0.009783
25.19868,0.074619,0.067518,0.010790,0.009763
25.20441,0.074965,0.067828,0.010768,0.009743
25.21014,0.075310,0.068137,0.010745,0.009722
25.21587,0.075656,0.068447,0.010722,0.009700
25.22160,0.076002,0.068756,0.010698,0.009678
25.22733,0.076347,0.069066,0.010673,0.009655
25.23306,0.076693,0.069375,0.010648,0.009632
25.23879,0.077038,0.069684,0.010622,0.009608
25.24452,0.077383,0.069993,0.010595,0.009583
25.25025,0.077728,0.070301,0.010568,0.009558
25.25598,0.078073,0.070610,0.010539,0.009532
25.26171,0.078418,0.070918,0.010511,0.009505
25.26744,0.078762,0.071227,0.010481,0.009478
25.27317,0.079107,0.071535,0.010451,0.009450
25.27890,0.079451,0.071843,0.010420,0.009422
25.28463,0.079795,0.072150,0.010388,0.009393
25.29036,0.080139,0.072458,0.010356,0.009363
25.29609,0.080483,0.072766,0.010323,0.009333
25.30182,0.080827,0.073073,0.010289,0.009302
25.30755,0.081170,0.073380,0.010255,0.009271
25.31328,0.081514,0.073687,0.010220,0.009239
25.31900,0.081857,0.073994,0.010184,0.009206
25.32473,0.082200,0.074301,0.010148,0.009173
25.33046,0.082543,0.074607,0.010111,0.009139
25.33619,0.082886,0.074914,0.010073,0.009104
25.34192,0.083229,0.075220,0.010035,0.009069
25.34765,0.083572,0.075526,0.009995,0.009033
25.35338,0.083914,0.075832,0.009956,0.008997
25.35911,0.084257,0.076138,0.009915,0.008960
25.36484,0.084599,0.076443,0.009874,0.008922
25.37057,0.084941,0.076749,0.009832,0.008884
25.37630,0.085283,0.077054,0.009790,0.008845
25.38203,0.085625,0.077359,0.009746,0.008806
25.38776,0.085966,0.077664,0.009703,0.008766
25.39349,0.086308,0.077969,0.009658,0.008725
25.39922,0.086649,0.078274,0.009613,0.008684
25.40495,0.086990,0.078578,0.009567,0.008642
25.41068,0.087332,0.078883,0.009520,0.008599
25.41641,0.087673,0.079187,0.009473,0.008556
25.42214,0.088013,0.079491,0.009425,0.008512
25.42787,0.088354,0.079795,0.009376,0.008468
25.43360,0.088695,0.080099,0.009327,0.008423
25.43933,0.089035,0.080402,0.009277,0.008378
25.44506,0.089375,0.080706,0.009226,0.008331
25.45079,0.089715,0.081009,0.009175,0.008285
25.45651,0.090055,0.081312,0.009123,0.008237
25.46224,0.090395,0.081615,0.009070,0.008189
25.46797,0.090735,0.081918,0.009017,0.008141
25.47370,0.091074,0.082220,0.008963,0.008092
25.47943,0.091414,0.082523,0.008908,0.008042
25.48516,0.091753,0.082825,0.008853,0.007991
25.49089,0.092092,0.083127,0.008797,0.007940
25.49662,0.092431,0.083429,0.008740,0.007889
25.50235,0.092770,0.083731,0.008683,0.007837
25.50808,0.093109,0.084033,0.008625,0.007784
25.51381,0.093447,0.084334,0.008566,0.007731
25.51954,0.093786,0.084636,0.008507,0.007677
25.52527,0.094124,0.084937,0.008446,0.007622
25.53100,0.094462,0.085238,0.008386,0.007567
25.53673,0.094800,0.085539,0.008324,0.007511
25.54246,0.095138,0.085840,0.008262,0.007455
25.54819,0.095475,0.086140,0.008200,0.007398
25.55392,0.095813,0.086440,0.008136,0.007340
25.55965,0.096150,0.086741,0.008072,0.007282
25.56538,0.096488,0.087041,0.008007,0.007223
25.57111,0.096825,0.087341,0.007942,0.007164
25.57684,0.097162,0.087640,0.007876,0.007104
25.58257,0.097498,0.087940,0.007809,0.007044
25.58830,0.097835,0.088239,0.007742,0.006982
25.59402,0.098171,0.088539,0.007674,0.006921
25.59975,0.098508,0.088838,0.007605,0.006858
25.60548,0.098844,0.089137,0.007536,0.006795
25.61121,0.099180,0.089435,0.007466,0.006732
25.61694,0.099516,0.089734,0.007395,0.006668
25.62267,0.099852,0.090032,0.007323,0.006603
25.62840,0.100187,0.090331,0.007251,0.006538
25.63413,0.100523,0.090629,0.007179,0.006472
25.63986,0.100858,0.090927,0.007105,0.006406
25.64559,0.101193,0.091225,0.007031,0.006339
25.65132,0.101528,0.091522,0.006957,0.006271
25.65705,0.101863,0.091820,0.006881,0.006203
25.66278,0.102198,0.092117,0.006805,0.006134
25.66851,0.102532,0.092414,0.006729,0.006065
25.67424,0.102867,0.092711,0.006651,0.005995
25.67997,0.103201,0.093008,0.006573,0.005924
25.68570,0.103535,0.093304,0.006495,0.005853
25.69143,0.103869,0.093601,0.006416,0.005781
25.69716,0.104203,0.093897,0.006336,0.005709
25.70289,0.104537,0.094193,0.006255,0.005636
25.70862,0.104870,0.094489,0.006174,0.005563
25.71435,0.105203,0.094785,0.006092,0.005489
25.72008,0.105537,0.095081,0.006009,0.005414
25.72581,0.105870,0.095376,0.005926,0.005339
25.73153,0.106203,0.095671,0.005842,0.005263
25.73726,0.106535,0.095966,0.005758,0.005187
25.74299,0.106868,0.096261,0.005673,0.005110
25.74872,0.107200,0.096556,0.005587,0.005032
25.75445,0.107533,0.096851,0.005501,0.004954
25.76018,0.107865,0.097145,0.005413,0.004875
25.76591,0.108197,0.097439,0.005326,0.004796
25.77164,0.108528,0.097734,0.005237,0.004716
25.77737,0.108860,0.098028,0.005148,0.004636
25.78310,0.109192,0.098321,0.005059,0.004555
25.78883,0.109523,0.098615,0.004968,0.004473
25.79456,0.109854,0.098908,0.004877,0.004391
25.80029,0.110185,0.099202,0.004786,0.004309
25.80602,0.110516,0.099495,0.004693,0.004225
25.81175,0.110847,0.099788,0.004601,0.004142
25.81748,0.111177,0.100080,0.004507,0.004057
25.82321,0.111508,0.100373,0.004413,0.003972
25.82894,0.111838,0.100665,0.004318,0.003887
25.83467,0.112168,0.100958,0.004222,0.003800
25.84040,0.112498,0.101250,0.004126,0.003714
25.84613,0.112828,0.101542,0.004030,0.003626
25.85186,0.113158,0.101833,0.003932,0.003539
25.85759,0.113487,0.102125,0.003834,0.003450
25.86331,0.113817,0.102416,0.003735,0.003361
25.86904,0.114146,0.102708,0.003636,0.003272
25.87477,0.114475,0.102999,0.003536,0.003182
25.88050,0.114804,0.103289,0.003436,0.003091
25.88623,0.115132,0.103580,0.003334,0.003000
25.89196,0.115461,0.103871,0.003232,0.002908
25.89769,0.115789,0.104161,0.003130,0.002816
25.90342,0.116117,0.104451,0.003027,0.002723
25.90915,0.116445,0.104741,0.002923,0.002629
25.91488,0.116773,0.105031,0.002819,0.002535
25.92061,0.117101,0.105321,0.002714,0.002441
25.92634,0.117429,0.105610,0.002608,0.002345
25.93207,0.117756,0.105900,0.002502,0.002250
25.93780,0.118083,0.106189,0.002395,0.002153
25.94353,0.118411,0.106478,0.002287,0.002057
25.94926,0.118737,0.106767,0.002179,0.001959
25.95499,0.119064,0.107055,0.002070,0.001861
25.96072,0.119391,0.107344,0.001961,0.001763
25.96645,0.119717,0.107632,0.001851,0.001664
25.97218,0.120044,0.107920,0.001740,0.001564
25.97791,0.120370,0.108208,0.001628,0.001464
25.98364,0.120696,0.108496,0.001516,0.001363
25.98937,0.121022,0.108783,0.001404,0.001262
25.99510,0.121347,0.109071,0.001291,0.001160
26.00082,0.121673,0.109358,0.001177,0.001058
26.00655,0.121998,0.109645,0.001062,0.000955
26.01228,0.122323,0.109932,0.000947,0.000851
26.01801,0.122648,0.110219,0.000832,0.000747
26.02374,0.122973,0.110505,0.000715,0.000643
26.02947,0.123298,0.110791,0.000598,0.000538
26.03520,0.123622,0.111078,0.000481,0.000432
26.04093,0.123947,0.111364,0.000362,0.000326
26.04666,0.124271,0.111649,0.000244,0.000219
26.05239,0.124595,0.111935,0.000124,0.000112
26.05812,0.124919,0.112221,0.000004,0.000004
26.06385,0.125242,0.112506,0.000117,0.000105
26.06958,0.125566,0.112791,0.000238,0.000214
26.07531,0.125889,0.113076,0.000360,0.000323
26.08104,0.126213,0.113361,0.000482,0.000433
26.08677,0.126536,0.113645,0.000605,0.000544
26.09250,0.126858,0.113930,0.000729,0.000655
26.09823,0.127181,0.114214,0.000854,0.000767
26.10396,0.127504,0.114498,0.000979,0.000879
26.10969,0.127826,0.114782,0.001104,0.000992
26.11542,0.128148,0.115065,0.001230,0.001105
26.12115,0.128470,0.115349,0.001357,0.001219
26.12688,0.128792,0.115632,0.001485,0.001333
26.13261,0.129114,0.115915,0.001613,0.001448
26.13833,0.129435,0.116198,0.001741,0.001563
26.14406,0.129757,0.116481,0.001871,0.001679
26.14979,0.130078,0.116764,0.002001,0.001796
26.15552,0.130399,0.117046,0.002131,0.001913
26.16125,0.130720,0.117329,0.002262,0.002030
26.16698,0.131041,0.117611,0.002394,0.002148
26.17271,0.131361,0.117892,0.002526,0.002267
26.17844,0.131681,0.118174,0.002659,0.002386
26.18417,0.132002,0.118456,0.002793,0.002506
26.18990,0.132322,0.118737,0.002927,0.002626
26.19563,0.132642,0.119018,0.003061,0.002747
26.20136,0.132961,0.119299,0.003197,0.002868
26.20709,0.133281,0.119580,0.003333,0.002990
26.21282,0.133600,0.119861,0.003469,0.003112
26.21855,0.133919,0.120141,0.003606,0.003235
26.22428,0.134238,0.120421,0.003744,0.003359
26.23001,0.134557,0.120701,0.003882,0.003483
26.23574,0.134876,0.120981,0.004021,0.003607
26.24147,0.135194,0.121261,0.004161,0.003732
26.24720,0.135513,0.121541,0.004301,0.003857
26.25293,0.135831,0.121820,0.004442,0.003983
26.25866,0.136149,0.122099,0.004583,0.004110
26.26439,0.136467,0.122378,0.004725,0.004237
26.27011,0.136784,0.122657,0.004867,0.004365
26.27584,0.137102,0.122935,0.005010,0.004493
26.28157,0.137419,0.123214,0.005154,0.004621
26.28730,0.137736,0.123492,0.005298,0.004750
26.29303,0.138053,0.123770,0.005443,0.004880
26.29876,0.138370,0.124048,0.005589,0.005010
26.30449,0.138686,0.124326,0.005735,0.005141
26.31022,0.139003,0.124603,0.005881,0.005272
26.31595,0.139319,0.124880,0.006029,0.005404
26.32168,0.139635,0.125158,0.006176,0.005536
26.32741,0.139951,0.125435,0.006325,0.005669
26.33314,0.140267,0.125711,0.006474,0.005802
26.33887,0.140582,0.125988,0.006623,0.005936
26.34460,0.140898,0.126264,0.006774,0.006070
26.35033,0.141213,0.126541,0.006924,0.006205
26.35606,0.141528,0.126817,0.007076,0.006340
26.36179,0.141843,0.127092,0.007228,0.006476
26.36752,0.142158,0.127368,0.007380,0.006612
26.37325,0.142472,0.127643,0.007533,0.006749
26.37898,0.142786,0.127919,0.007687,0.006886
26.38471,0.143101,0.128194,0.007841,0.007024
26.39044,0.143415,0.128469,0.007996,0.007163
26.39617,0.143728,0.128743,0.008151,0.007301
26.40190,0.144042,0.129018,0.008307,0.007441
26.40762,0.144355,0.129292,0.008464,0.007581
26.41335,0.144669,0.129566,0.008621,0.007721
26.41908,0.144982,0.129840,0.008778,0.007862
26.42481,0.145295,0.130114,0.008937,0.008003
26.43054,0.145607,0.130388,0.009096,0.008145
26.43627,0.145920,0.130661,0.009255,0.008287
26.44200,0.146232,0.130934,0.009415,0.008430
26.44773,0.146545,0.131207,0.009576,0.008573
26.45346,0.146857,0.131480,0.009737,0.008717
26.45919,0.147168,0.131753,0.009898,0.008862
26.46492,0.147480,0.132025,0.010061,0.009006
26.47065,0.147792,0.132298,0.010223,0.009152
26.47638,0.148103,0.132570,0.010387,0.009298
26.48211,0.148414,0.132842,0.010551,0.009444
26.48784,0.148725,0.133113,0.010715,0.009591
26.49357,0.149036,0.133385,0.010881,0.009738
26.49930,0.149346,0.133656,0.011046,0.009886
26.50503,0.149657,0.133927,0.011212,0.010034
26.51076,0.149967,0.134198,0.011379,0.010183
26.51649,0.150277,0.134469,0.011547,0.010332
26.52222,0.150587,0.134739,0.011714,0.010482
26.52795,0.150897,0.135010,0.011883,0.010632
26.53368,0.151206,0.135280,0.012052,0.010783
26.53941,0.151515,0.135550,0.012222,0.010934
26.54513,0.151825,0.135820,0.012392,0.011085
26.55086,0.152134,0.136089,0.012562,0.011238
26.55659,0.152442,0.136359,0.012734,0.011390
26.56232,0.152751,0.136628,0.012906,0.011543
26.56805,0.153059,0.136897,0.013078,0.011697
26.57378,0.153368,0.137166,0.013251,0.011851
26.57951,0.153676,0.137434,0.013424,0.012006
26.58524,0.153983,0.137703,0.013598,0.012161
26.59097,0.154291,0.137971,0.013773,0.012316
26.59670,0.154599,0.138239,0.013948,0.012472
26.60243,0.154906,0.138507,0.014124,0.012629
26.60816,0.155213,0.138775,0.014300,0.012786
26.61389,0.155520,0.139042,0.014477,0.012943
26.61962,0.155827,0.139309,0.014654,0.013101
26.62535,0.156133,0.139576,0.014832,0.013259
26.63108,0.156440,0.139843,0.015011,0.013418
26.63681,0.156746,0.140110,0.015190,0.013577
26.64254,0.157052,0.140376,0.015369,0.013737
26.64827,0.157358,0.140643,0.015549,0.013898
26.65400,0.157663,0.140909,0.015730,0.014058
26.65973,0.157969,0.141175,0.015911,0.014219
26.66546,0.158274,0.141440,0.016093,0.014381
26.67119,0.158579,0.141706,0.016275,0.014543
26.67691,0.158884,0.141971,0.016458,0.014706
26.68264,0.159189,0.142236,0.016641,0.014869
26.68837,0.159493,0.142501,0.016825,0.015032
26.69410,0.159798,0.142766,0.017009,0.015196
26.69983,0.160102,0.143031,0.017194,0.015361
26.70556,0.160406,0.143295,0.017380,0.015526
26.71129,0.160710,0.143559,0.017566,0.015691
26.71702,0.161013,0.143823,0.017752,0.015857
26.72275,0.161317,0.144087,0.017939,0.016023
26.72848,0.161620,0.144350,0.018127,0.016190
26.73421,0.161923,0.144614,0.018315,0.016357
26.73994,0.162226,0.144877,0.018504,0.016525
26.74567,0.162528,0.145140,0.018693,0.016693
26.75140,0.162831,0.145403,0.018883,0.016862
26.75713,0.163133,0.145665,0.019073,0.017031
26.76286,0.163435,0.145928,0.019264,0.017200
26.76859,0.163737,0.146190,0.019455,0.017370
26.77432,0.164039,0.146452,0.019647,0.017540
26.78005,0.164340,0.146714,0.019839,0.017711
26.78578,0.164642,0.146975,0.020032,0.017883
26.79151,0.164943,0.147237,0.020225,0.018054
26.79724,0.165244,0.147498,0.020419,0.018227
26.80297,0.165544,0.147759,0.020614,0.018399
26.80870,0.165845,0.148019,0.020809,0.018572
26.81442,0.166145,0.148280,0.021004,0.018746
26.82015,0.166445,0.148540,0.021200,0.018920
26.82588,0.166745,0.148801,0.021397,0.019094
26.83161,0.167045,0.149061,0.021594,0.019269
26.83734,0.167345,0.149320,0.021791,0.019444
26.84307,0.167644,0.149580,0.021990,0.019620
26.84880,0.167943,0.149839,0.022188,0.019796
26.85453,0.168242,0.150099,0.022387,0.019973
26.86026,0.168541,0.150358,0.022587,0.020150
26.86599,0.168840,0.150616,0.022787,0.020327
26.87172,0.169138,0.150875,0.022988,0.020505
26.87745,0.169437,0.151133,0.023189,0.020684
26.88318,0.169735,0.151391,0.023390,0.020863
26.88891,0.170032,0.151649,0.023593,0.021042
26.89464,0.170330,0.151907,0.023795,0.021222
26.90037,0.170628,0.152165,0.023998,0.021402
26.90610,0.170925,0.152422,0.024202,0.021582
26.91183,0.171222,0.152679,0.024406,0.021763
26.91756,0.171519,0.152936,0.024611,0.021945
26.92329,0.171815,0.153193,0.024816,0.022126
26.92902,0.172112,0.153450,0.025022,0.022309
26.93475,0.172408,0.153706,0.025228,0.022491
26.94048,0.172704,0.153962,0.025435,0.022675
26.94621,0.173000,0.154218,0.025642,0.022858
26.95193,0.173296,0.154474,0.025850,0.023042
26.95766,0.173591,0.154729,0.026058,0.023227
26.96339,0.173887,0.154985,0.026267,0.023411
26.96912,0.174182,0.155240,0.026476,0.023597
26.97485,0.174477,0.155495,0.026685,0.023782
26.98058,0.174772,0.155749,0.026896,0.023968
26.98631,0.175066,0.156004,0.027106,0.024155
26.99204,0.175360,0.156258,0.027318,0.024342
26.99777,0.175655,0.156512,0.027529,0.024529
27.00350,0.175948,0.156766,0.027741,0.024717
27.00923,0.176242,0.157020,0.027954,0.024905
27.01496,0.176536,0.157274,0.028167,0.025094
27.02069,0.176829,0.157527,0.028381,0.025283
27.02642,0.177122,0.157780,0.028595,0.025472
27.03215,0.177415,0.158033,0.028809,0.025662
27.03788,0.177708,0.158285,0.029024,0.025852
27.04361,0.178000,0.158538,0.029240,0.026043
27.04934,0.178293,0.158790,0.029456,0.026234
27.05507,0.178585,0.159042,0.029673,0.026425
27.06080,0.178877,0.159294,0.029890,0.026617
27.06653,0.179169,0.159546,0.030107,0.026810
27.07226,0.179460,0.159797,0.030325,0.027002
27.07799,0.179751,0.160048,0.030543,0.027196
27.08371,0.180043,0.160299,0.030762,0.027389
27.08944,0.180333,0.160550,0.030982,0.027583
27.09517,0.180624,0.160801,0.031202,0.027777
27.10090,0.180915,0.161051,0.031422,0.027972
27.10663,0.181205,0.161301,0.031643,0.028167
27.11236,0.181495,0.161551,0.031864,0.028363
27.11809,0.181785,0.161801,0.032086,0.028559
27.12382,0.182075,0.162051,0.032308,0.028755
27.12955,0.182364,0.162300,0.032531,0.028952
27.13528,0.182654,0.162549,0.032754,0.029149
27.14101,0.182943,0.162798,0.032978,0.029346
27.14674,0.183232,0.163047,0.033202,0.029544
27.15247,0.183520,0.163296,0.033426,0.029743
27.15820,0.183809,0.163544,0.033651,0.029941
27.16393,0.184097,0.163792,0.033877,0.030140
27.16966,0.184385,0.164040,0.034103,0.030340
27.17539,0.184673,0.164288,0.034329,0.030540
27.18112,0.184961,0.164535,0.034556,0.030740
27.18685,0.185248,0.164782,0.034784,0.030941
27.19258,0.185536,0.165029,0.035011,0.031142
27.19831,0.185823,0.165276,0.035240,0.031343
27.20404,0.186109,0.165523,0.035468,0.031545
27.20977,0.186396,0.165769,0.035698,0.031747
27.21550,0.186683,0.166015,0.035927,0.031950
27.22122,0.186969,0.166261,0.036157,0.032153
27.22695,0.187255,0.166507,0.036388,0.032356
27.23268,0.187541,0.166753,0.036619,0.032560
27.23841,0.187826,0.166998,0.036850,0.032764
27.24414,0.188112,0.167243,0.037082,0.032968
27.24987,0.188397,0.167488,0.037315,0.033173
27.25560,0.188682,0.167733,0.037547,0.033379
27.26133,0.188967,0.167978,0.037781,0.033584
27.26706,0.189251,0.168222,0.038014,0.033790
27.27279,0.189536,0.168466,0.038248,0.033997
27.27852,0.189820,0.168710,0.038483,0.034203
27.28425,0.190104,0.168954,0.038718,0.034410
27.28998,0.190388,0.169197,0.038954,0.034618
27.29571,0.190671,0.169440,0.039189,0.034826
27.30144,0.190955,0.169683,0.039426,0.035034
27.30717,0.191238,0.169926,0.039663,0.035243
27.31290,0.191521,0.170169,0.039900,0.035452
27.31863,0.191803,0.170411,0.040138,0.035661
27.32436,0.192086,0.170653,0.040376,0.035871
27.33009,0.192368,0.170895,0.040614,0.036081
27.33582,0.192650,0.171137,0.040853,0.036291
27.34155,0.192932,0.171379,0.041093,0.036502
27.34728,0.193214,0.171620,0.041332,0.036713
27.35301,0.193495,0.171861,0.041573,0.036925
27.35873,0.193776,0.172102,0.041813,0.037137
27.36446,0.194057,0.172343,0.042055,0.037349
27.37019,0.194338,0.172583,0.042296,0.037561
27.37592,0.194619,0.172823,0.042538,0.037774
27.38165,0.194899,0.173063,0.042781,0.037988
27.38738,0.195179,0.173303,0.043024,0.038201
27.39311,0.195459,0.173543,0.043267,0.038415
27.39884,0.195739,0.173782,0.043511,0.038630
27.40457,0.196019,0.174021,0.043755,0.038844
27.41030,0.196298,0.174260,0.043999,0.039060
27.41603,0.196577,0.174499,0.044244,0.039275
27.42176,0.196856,0.174737,0.044490,0.039491
27.42749,0.197135,0.174976,0.044735,0.039707
27.43322,0.197413,0.175214,0.044982,0.039923
27.43895,0.197692,0.175452,0.045228,0.040140
27.44468,0.197970,0.175689,0.045475,0.040357
27.45041,0.198247,0.175927,0.045723,0.040575
27.45614,0.198525,0.176164,0.045971,0.040793
27.46187,0.198803,0.176401,0.046219,0.041011
27.46760,0.199080,0.176638,0.046468,0.041230
27.47333,0.199357,0.176874,0.046717,0.041448
27.47906,0.199633,0.177111,0.046966,0.041668
27.48479,0.199910,0.177347,0.047216,0.041887
27.49052,0.200186,0.177583,0.047467,0.042107
27.49624,0.200463,0.177818,0.047718,0.042327
27.50197,0.200738,0.178054,0.047969,0.042548
27.50770,0.201014,0.178289,0.048220,0.042769
27.51343,0.201290,0.178524,0.048472,0.042990
27.51916,0.201565,0.178759,0.048725,0.043212
27.52489,0.201840,0.178994,0.048977,0.043434
27.53062,0.202115,0.179228,0.049231,0.043656
27.53635,0.202389,0.179462,0.049484,0.043879
27.54208,0.202664,0.179696,0.049738,0.044101
27.54781,0.202938,0.179930,0.049993,0.044325
27.55354,0.203212,0.180163,0.050247,0.044548
27.55927,0.203486,0.180397,0.050503,0.044772
27.56500,0.203759,0.180630,0.050758,0.044996
27.57073,0.204032,0.180863,0.051014,0.045221
27.57646,0.204306,0.181095,0.051270,0.045446
27.58219,0.204578,0.181328,0.051527,0.045671
27.58792,0.204851,0.181560,0.051784,0.045897
27.59365,0.205124,0.181792,0.052042,0.046122
27.59938,0.205396,0.182023,0.052300,0.046349
27.60511,0.205668,0.182255,0.052558,0.046575
27.61084,0.205939,0.182486,0.052817,0.046802
27.61657,0.206211,0.182717,0.053076,0.047029
27.62230,0.206482,0.182948,0.053335,0.047256
27.62802,0.206754,0.183179,0.053595,0.047484
27.63375,0.207024,0.183409,0.053855,0.047712
27.63948,0.207295,0.183639,0.054116,0.047941
27.64521,0.207566,0.183869,0.054377,0.048169
27.65094,0.207836,0.184099,0.054638,0.048398
27.65667,0.208106,0.184329,0.054900,0.048628
27.66240,0.208376,0.184558,0.055162,0.048857
27.66813,0.208645,0.184787,0.055425,0.049087
27.67386,0.208914,0.185016,0.055688,0.049317
27.67959,0.209184,0.185244,0.055951,0.049548
27.68532,0.209453,0.185473,0.056215,0.049779
27.69105,0.209721,0.185701,0.056479,0.050010
27.69678,0.209990,0.185929,0.056743,0.050241
27.70251,0.210258,0.186157,0.057008,0.050473
27.70824,0.210526,0.186384,0.057273,0.050705
27.71397,0.210794,0.186612,0.057538,0.050937
27.71970,0.211061,0.186839,0.057804,0.051170
27.72543,0.211329,0.187065,0.058070,0.051403
27.73116,0.211596,0.187292,0.058337,0.051636
27.73689,0.211863,0.187518,0.058604,0.051870
27.74262,0.212129,0.187745,0.058871,0.052104
27.74835,0.212396,0.187970,0.059139,0.052338
27.75408,0.212662,0.188196,0.059407,0.052572
27.75981,0.212928,0.188422,0.059675,0.052807
27.76553,0.213194,0.188647,0.059944,0.053042
27.77126,0.213459,0.188872,0.060213,0.053277
27.77699,0.213725,0.189097,0.060482,0.053513
27.78272,0.213990,0.189321,0.060752,0.053749
27.78845,0.214255,0.189546,0.061022,0.053985
27.79418,0.214519,0.189770,0.061293,0.054221
27.79991,0.214784,0.189994,0.061564,0.054458
27.80564,0.215048,0.190217,0.061835,0.054695
27.81137,0.215312,0.190441,0.062106,0.054932
27.81710,0.215576,0.190664,0.062378,0.055170
27.82283,0.215839,0.190887,0.062650,0.055408
27.82856,0.216102,0.191110,0.062923,0.055646
27.83429,0.216366,0.191332,0.063196,0.055884
27.84002,0.216628,0.191555,0.063469,0.056123
27.84575,0.216891,0.191777,0.063743,0.056362
27.85148,0.217153,0.191999,0.064017,0.056601
27.85721,0.217416,0.192220,0.064291,0.056841
27.86294,0.217677,0.192442,0.064566,0.057080
27.86867,0.217939,0.192663,0.064841,0.057321
27.87440,0.218201,0.192884,0.065116,0.057561
27.88013,0.218462,0.193105,0.065392,0.057801
27.88586,0.218723,0.193325,0.065668,0.058042
27.89159,0.218984,0.193545,0.065944,0.058284
27.89732,0.219244,0.193765,0.066221,0.058525
27.90304,0.219505,0.193985,0.066498,0.058767
27.90877,0.219765,0.194205,0.066775,0.059009
27.91450,0.220025,0.194424,0.067053,0.059251
27.92023,0.220284,0.194643,0.067330,0.059493
27.92596,0.220544,0.194862,0.067609,0.059736
27.93169,0.220803,0.195081,0.067887,0.059979
27.93742,0.221062,0.195299,0.068166,0.060222
27.94315,0.221320,0.195517,0.068446,0.060466
27.94888,0.221579,0.195735,0.068725,0.060710
27.95461,0.221837,0.195953,0.069005,0.060954
27.96034,0.222095,0.196171,0.069285,0.061198
27.96607,0.222353,0.196388,0.069566,0.061442
27.97180,0.222611,0.196605,0.069847,0.061687
27.97753,0.222868,0.196822,0.070128,0.061932
27.98326,0.223125,0.197038,0.070409,0.062178
27.98899,0.223382,0.197255,0.070691,0.062423
27.99472,0.223638,0.197471,0.070973,0.062669
28.00045,0.223895,0.197687,0.071256,0.062915
28.00618,0.224151,0.197902,0.071539,0.063161
28.01191,0.224407,0.198118,0.071822,0.063408
28.01764,0.224663,0.198333,0.072105,0.063655
28.02337,0.224918,0.198548,0.072389,0.063902
28.02910,0.225173,0.198763,0.072673,0.064149
28.03482,0.225428,0.198977,0.072957,0.064396
28.04055,0.225683,0.199191,0.073242,0.064644
28.04628,0.225938,0.199405,0.073527,0.064892
28.05201,0.226192,0.199619,0.073812,0.065140
28.05774,0.226446,0.199833,0.074097,0.065389
28.06347,0.226700,0.200046,0.074383,0.065638
28.06920,0.226953,0.200259,0.074669,0.065887
28.07493,0.227207,0.200472,0.074956,0.066136
28.08066,0.227460,0.200685,0.075242,0.066385
28.08639,0.227713,0.200897,0.075529,0.066635
28.09212,0.227965,0.201109,0.075817,0.066885
28.09785,0.228218,0.201321,0.076104,0.067135
28.10358,0.228470,0.201533,0.076392,0.067385
28.10931,0.228722,0.201744,0.076680,0.067636
28.11504,0.228974,0.201956,0.076969,0.067887
28.12077,0.229225,0.202167,0.077258,0.068138
28.12650,0.229476,0.202377,0.077547,0.068389
28.13223,0.229727,0.202588,0.077836,0.068641
28.13796,0.229978,0.202798,0.078126,0.068892
28.14369,0.230229,0.203008,0.078415,0.069144
28.14942,0.230479,0.203218,0.078706,0.069396
28.15515,0.230729,0.203428,0.078996,0.069649
28.16088,0.230979,0.203637,0.079287,0.069901
28.16661,0.231228,0.203846,0.079578,0.070154
28.17233,0.231478,0.204055,0.079869,0.070407
28.17806,0.231727,0.204264,0.080161,0.070660
28.18379,0.231976,0.204472,0.080453,0.070914
28.18952,0.232224,0.204680,0.080745,0.071168
28.19525,0.232473,0.204888,0.081037,0.071421
28.20098,0.232721,0.205096,0.081330,0.071676
28.20671,0.232969,0.205303,0.081623,0.071930
28.21244,0.233216,0.205510,0.081916,0.072184
28.21817,0.233464,0.205717,0.082209,0.072439
28.22390,0.233711,0.205924,0.082503,0.072694
28.22963,0.233958,0.206131,0.082797,0.072949
28.23536,0.234205,0.206337,0.083092,0.073205
28.24109,0.234451,0.206543,0.083386,0.073460
28.24682,0.234697,0.206749,0.083681,0.073716
28.25255,0.234943,0.206954,0.083976,0.073972
28.25828,0.235189,0.207160,0.084271,0.074228
28.26401,0.235435,0.207365,0.084567,0.074485
28.26974,0.235680,0.207570,0.084863,0.074741
28.27547,0.235925,0.207774,0.085159,0.074998
28.28120,0.236170,0.207979,0.085455,0.075255
28.28693,0.236414,0.208183,0.085752,0.075512
28.29266,0.236658,0.208387,0.086049,0.075769
28.29839,0.236902,0.208590,0.086346,0.076027
28.30412,0.237146,0.208794,0.086643,0.076285
28.30984,0.237390,0.208997,0.086941,0.076543
28.31557,0.237633,0.209200,0.087239,0.076801
28.32130,0.237876,0.209403,0.087537,0.077059
28.32703,0.238119,0.209605,0.087836,0.077318
28.33276,0.238362,0.209807,0.088134,0.077576
28.33849,0.238604,0.210009,0.088433,0.077835
28.34422,0.238846,0.210211,0.088732,0.078094
28.34995,0.239088,0.210413,0.089032,0.078354
28.35568,0.239330,0.210614,0.089331,0.078613
28.36141,0.239571,0.210815,0.089631,0.078873
28.36714,0.239812,0.211016,0.089931,0.079132
28.37287,0.240053,0.211216,0.090232,0.079392
28.37860,0.240294,0.211417,0.090532,0.079653
28.38433,0.240534,0.211617,0.090833,0.079913
28.39006,0.240774,0.211816,0.091134,0.080173
28.39579,0.241014,0.212016,0.091435,0.080434
28.40152,0.241254,0.212215,0.091737,0.080695
28.40725,0.241493,0.212414,0.092039,0.080956
28.41298,0.241732,0.212613,0.092341,0.081217
28.41871,0.241971,0.212812,0.092643,0.081479
28.42444,0.242210,0.213010,0.092945,0.081740
28.43017,0.242448,0.213208,0.093248,0.082002
28.43590,0.242686,0.213406,0.093551,0.082264
28.44162,0.242924,0.213604,0.093854,0.082526
28.44735,0.243162,0.213801,0.094157,0.082788
28.45308,0.243399,0.213999,0.094461,0.083051
28.45881,0.243637,0.214196,0.094765,0.083313
28.46454,0.243874,0.214392,0.095069,0.083576
28.47027,0.244110,0.214589,0.095373,0.083839
28.47600,0.244347,0.214785,0.095677,0.084102
28.48173,0.244583,0.214981,0.095982,0.084365
28.48746,0.244819,0.215177,0.096287,0.084628
28.49319,0.245054,0.215372,0.096592,0.084892
28.49892,0.245290,0.215567,0.096897,0.085156
28.50465,0.245525,0.215762,0.097203,0.085420
28.51038,0.245760,0.215957,0.097508,0.085684
28.51611,0.245995,0.216151,0.097814,0.085948
28.52184,0.246229,0.216346,0.098120,0.086212
28.52757,0.246463,0.216540,0.098427,0.086476
28.53330,0.246697,0.216733,0.098733,0.086741
28.53903,0.246931,0.216927,0.099040,0.087006
28.54476,0.247165,0.217120,0.099347,0.087271
28.55049,0.247398,0.217313,0.099654,0.087536
28.55622,0.247631,0.217506,0.099961,0.087801
28.56195,0.247863,0.217699,0.100269,0.088066
28.56768,0.248096,0.217891,0.100577,0.088332
28.57341,0.248328,0.218083,0.100885,0.088597
28.57913,0.248560,0.218275,0.101193,0.088863
28.58486,0.248792,0.218466,0.101501,0.089129
28.59059,0.249023,0.218658,0.101810,0.089395
28.59632,0.249254,0.218849,0.102118,0.089661
28.60205,0.249485,0.219040,0.102427,0.089928
28.60778,0.249716,0.219230,0.102737,0.090194
28.61351,0.249946,0.219420,0.103046,0.090461
28.61924,0.250177,0.219611,0.103355,0.090728
28.62497,0.250406,0.219800,0.103665,0.090994
28.63070,0.250636,0.219990,0.103975,0.091261
28.63643,0.250866,0.220179,0.104285,0.091529
28.64216,0.251095,0.220368,0.104595,0.091796
28.64789,0.251324,0.220557,0.104906,0.092063
28.65362,0.251552,0.220746,0.105216,0.092331
28.65935,0.251781,0.220934,0.105527,0.092598
28.66508,0.252009,0.221122,0.105838,0.092866
28.67081,0.252237,0.221310,0.106149,0.093134
28.67654,0.252464,0.221498,0.106460,0.093402
28.68227,0.252692,0.221685,0.106772,0.093670
28.68800,0.252919,0.221872,0.107083,0.093939
28.69373,0.253146,0.222059,0.107395,0.094207
28.69946,0.253372,0.222246,0.107707,0.094475
28.70519,0.253599,0.222432,0.108019,0.094744
28.71092,0.253825,0.222618,0.108332,0.095013
28.71664,0.254051,0.222804,0.108644,0.095282
28.72237,0.254276,0.222990,0.108957,0.095551
28.72810,0.254502,0.223175,0.109270,0.095820
28.73383,0.254727,0.223360,0.109583,0.096089
28.73956,0.254952,0.223545,0.109896,0.096358
28.74529,0.255176,0.223730,0.110209,0.096628
28.75102,0.255401,0.223914,0.110523,0.096897
28.75675,0.255625,0.224098,0.110836,0.097167
28.76248,0.255848,0.224282,0.111150,0.097437
28.76821,0.256072,0.224466,0.111464,0.097707
28.77394,0.256295,0.224649,0.111778,0.097976
28.77967,0.256518,0.224833,0.112092,0.098247
28.78540,0.256741,0.225015,0.112407,0.098517
28.79113,0.256964,0.225198,0.112721,0.098787
28.79686,0.257186,0.225381,0.113036,0.099057
28.80259,0.257408,0.225563,0.113351,0.099328
28.80832,0.257630,0.225745,0.113666,0.099598
28.81405,0.257851,0.225926,0.113981,0.099869
28.81978,0.258072,0.226108,0.114297,0.100140
28.82551,0.258293,0.226289,0.114612,0.100411
28.83124,0.258514,0.226470,0.114928,0.100682
28.83697,0.258735,0.226650,0.115243,0.100953
28.84270,0.258955,0.226831,0.115559,0.101224
28.84842,0.259175,0.227011,0.115875,0.101495
28.85415,0.259394,0.227191,0.116192,0.101766
28.85988,0.259614,0.227370,0.116508,0.102038
28.86561,0.259833,0.227550,0.116824,0.102309
28.87134,0.260052,0.227729,0.117141,0.102581
28.87707,0.260270,0.227908,0.117458,0.102853
28.88280,0.260489,0.228086,0.117774,0.103124
28.88853,0.260707,0.228265,0.118091,0.103396
28.89426,0.260925,0.228443,0.118409,0.103668
28.89999,0.261142,0.228621,0.118726,0.103940
28.90572,0.261360,0.228799,0.119043,0.104212
28.91145,0.261577,0.228976,0.119361,0.104484
28.91718,0.261794,0.229153,0.119678,0.104757
28.92291,0.262010,0.229330,0.119996,0.105029
28.92864,0.262226,0.229507,0.120314,0.105301
28.93437,0.262442,0.229683,0.120632,0.105574
28.94010,0.262658,0.229859,0.120950,0.105846
28.94583,0.262874,0.230035,0.121268,0.106119
28.95156,0.263089,0.230210,0.121587,0.106392
28.95729,0.263304,0.230386,0.121905,0.106665
28.96302,0.263519,0.230561,0.122224,0.106937
28.96875,0.263733,0.230736,0.122542,0.107210
28.97448,0.263947,0.230910,0.122861,0.107483
28.98021,0.264161,0.231085,0.123180,0.107756
28.98593,0.264375,0.231259,0.123499,0.108029
28.99166,0.264588,0.231433,0.123818,0.108303
28.99739,0.264801,0.231606,0.124137,0.108576
29.00312,0.265014,0.231780,0.124457,0.108849
29.00885,0.265227,0.231953,0.124776,0.109122
29.01458,0.265439,0.232125,0.125096,0.109396
29.02031,0.265651,0.232298,0.125416,0.109669
29.02604,0.265863,0.232470,0.125735,0.109943
29.03177,0.266074,0.232642,0.126055,0.110216
29.03750,0.266286,0.232814,0.126375,0.110490
29.04323,0.266497,0.232986,0.126695,0.110764
29.04896,0.266707,0.233157,0.127015,0.111038
29.05469,0.266918,0.233328,0.127336,0.111311
29.06042,0.267128,0.233499,0.127656,0.111585
29.06615,0.267338,0.233669,0.127977,0.111859
29.07188,0.267548,0.233840,0.128297,0.112133
29.07761,0.267757,0.234010,0.128618,0.112407
29.08334,0.267966,0.234179,0.128939,0.112681
29.08907,0.268175,0.234349,0.129259,0.112955
29.09480,0.268384,0.234518,0.129580,0.113229
29.10053,0.268592,0.234687,0.129901,0.113504
29.10626,0.268800,0.234856,0.130222,0.113778
29.11199,0.269008,0.235024,0.130544,0.114052
29.11772,0.269216,0.235193,0.130865,0.114326
29.12344,0.269423,0.235361,0.131186,0.114601
29.12917,0.269630,0.235528,0.131508,0.114875
29.13490,0.269837,0.235696,0.131829,0.115150
29.14063,0.270043,0.235863,0.132151,0.115424
29.14636,0.270249,0.236030,0.132472,0.115699
29.15209,0.270455,0.236196,0.132794,0.115973
29.15782,0.270661,0.236363,0.133116,0.116248
29.16355,0.270866,0.236529,0.133438,0.116522
29.16928,0.271071,0.236695,0.133760,0.116797
29.17501,0.271276,0.236861,0.134082,0.117071
29.18074,0.271481,0.237026,0.134404,0.117346
29.18647,0.271685,0.237191,0.134726,0.117621
29.19220,0.271889,0.237356,0.135048,0.117896
29.19793,0.272093,0.237521,0.135371,0.118170
29.20366,0.272296,0.237685,0.135693,0.118445
29.20939,0.272500,0.237849,0.136015,0.118720
29.21512,0.272703,0.238013,0.136338,0.118995
29.22085,0.272905,0.238177,0.136660,0.119270
29.22658,0.273108,0.238340,0.136983,0.119545
29.23231,0.273310,0.238503,0.137306,0.119819
29.23804,0.273512,0.238666,0.137629,0.120094
29.24377,0.273713,0.238828,0.137951,0.120369
29.24950,0.273915,0.238991,0.138274,0.120644
29.25523,0.274116,0.239153,0.138597,0.120919
29.26095,0.274316,0.239314,0.138920,0.121194
29.26668,0.274517,0.239476,0.139243,0.121469
29.27241,0.274717,0.239637,0.139566,0.121744
29.27814,0.274917,0.239798,0.139889,0.122019
29.28387,0.275117,0.239959,0.140212,0.122294
29.28960,0.275316,0.240119,0.140536,0.122569
29.29533,0.275516,0.240280,0.140859,0.122844
29.30106,0.275714,0.240440,0.141182,0.123119
29.30679,0.275913,0.240599,0.141505,0.123394
29.31252,0.276111,0.240759,0.141829,0.123669
29.31825,0.276309,0.240918,0.142152,0.123944
29.32398,0.276507,0.241077,0.142476,0.124220
29.32971,0.276705,0.241235,0.142799,0.124495
29.33544,0.276902,0.241394,0.143123,0.124770
29.34117,0.277099,0.241552,0.143446,0.125045
29.34690,0.277296,0.241710,0.143770,0.125320
29.35263,0.277492,0.241867,0.144094,0.125595
29.35836,0.277688,0.242025,0.144417,0.125870
29.36409,0.277884,0.242182,0.144741,0.126145
29.36982,0.278080,0.242339,0.145065,0.126420
29.37555,0.278275,0.242495,0.145389,0.126695
29.38128,0.278470,0.242652,0.145712,0.126970
29.38701,0.278665,0.242808,0.146036,0.127245
29.39273,0.278859,0.242963,0.146360,0.127520
29.39846,0.279054,0.243119,0.146684,0.127795
29.40419,0.279247,0.243274,0.147008,0.128070
29.40992,0.279441,0.243429,0.147332,0.128345
29.41565,0.279635,0.243584,0.147656,0.128620
29.42138,0.279828,0.243738,0.147980,0.128895
29.42711,0.280021,0.243893,0.148304,0.129170
29.43284,0.280213,0.244047,0.148628,0.129445
29.43857,0.280405,0.244200,0.148952,0.129719
29.44430,0.280597,0.244354,0.149276,0.129994
29.45003,0.280789,0.244507,0.149600,0.130269
29.45576,0.280981,0.244660,0.149924,0.130544
29.46149,0.281172,0.244812,0.150248,0.130819
29.46722,0.281363,0.244965,0.150572,0.131093
29.47295,0.281553,0.245117,0.150896,0.131368
29.47868,0.281744,0.245269,0.151220,0.131643
29.48441,0.281934,0.245420,0.151544,0.131918
29.49014,0.282123,0.245572,0.151868,0.132192
29.49587,0.282313,0.245723,0.152192,0.132467
29.50160,0.282502,0.245874,0.152516,0.132741
29.50733,0.282691,0.246024,0.152840,0.133016
29.51306,0.282880,0.246174,0.153165,0.133290
29.51879,0.283068,0.246324,0.153489,0.133565
29.52452,0.283256,0.246474,0.153813,0.133839
29.53024,0.283444,0.246624,0.154137,0.134114
29.53597,0.283632,0.246773,0.154461,0.134388
29.54170,0.283819,0.246922,0.154785,0.134663
29.54743,0.284006,0.247070,0.155109,0.134937
29.55316,0.284193,0.247219,0.155433,0.135211
29.55889,0.284379,0.247367,0.155757,0.135485
29.56462,0.284565,0.247515,0.156081,0.135759
29.57035,0.284751,0.247662,0.156405,0.136034
29.57608,0.284937,0.247810,0.156729,0.136308
29.58181,0.285122,0.247957,0.157053,0.136582
29.58754,0.285307,0.248104,0.157377,0.136856
29.59327,0.285492,0.248250,0.157701,0.137130
29.59900,0.285676,0.248397,0.158025,0.137404
29.60473,0.285861,0.248543,0.158349,0.137677
29.61046,0.286045,0.248688,0.158673,0.137951
29.61619,0.286228,0.248834,0.158997,0.138225
29.62192,0.286411,0.248979,0.159321,0.138499
29.62765,0.286595,0.249124,0.159645,0.138772
29.63338,0.286777,0.249269,0.159969,0.139046
29.63911,0.286960,0.249413,0.160292,0.139319
29.64484,0.287142,0.249557,0.160616,0.139593
29.65057,0.287324,0.249701,0.160940,0.139866
29.65630,0.287506,0.249845,0.161264,0.140140
29.66203,0.287687,0.249988,0.161587,0.140413
29.66775,0.287868,0.250132,0.161911,0.140686
29.67348,0.288049,0.250274,0.162235,0.140959
29.67921,0.288229,0.250417,0.162558,0.141232
29.68494,0.288410,0.250559,0.162882,0.141505
29.69067,0.288590,0.250701,0.163205,0.141778
29.69640,0.288769,0.250843,0.163529,0.142051
29.70213,0.288949,0.250985,0.163852,0.142324
29.70786,0.289128,0.251126,0.164176,0.142597
29.71359,0.289307,0.251267,0.164499,0.142870
29.71932,0.289485,0.251408,0.164822,0.143142
29.72505,0.289663,0.251548,0.165145,0.143415
29.73078,0.289841,0.251688,0.165469,0.143687
29.73651,0.290019,0.251828,0.165792,0.143960
29.74224,0.290196,0.251968,0.166115,0.144232
29.74797,0.290374,0.252107,0.166438,0.144504
29.75370,0.290550,0.252246,0.166761,0.144776
29.75943,0.290727,0.252385,0.167084,0.145048
29.76516,0.290903,0.252524,0.167407,0.145321
29.77089,0.291079,0.252662,0.167730,0.145592
29.77662,0.291255,0.252800,0.168053,0.145864
29.78235,0.291430,0.252938,0.168375,0.146136
29.78808,0.291605,0.253075,0.168698,0.146408
29.79381,0.291780,0.253212,0.169021,0.146679
29.79953,0.291955,0.253349,0.169343,0.146951
29.80526,0.292129,0.253486,0.169666,0.147222
29.81099,0.292303,0.253622,0.169988,0.147494
29.81672,0.292477,0.253759,0.170311,0.147765
29.82245,0.292650,0.253895,0.170633,0.148036
29.82818,0.292823,0.254030,0.170955,0.148307
29.83391,0.292996,0.254165,0.171277,0.148578
29.83964,0.293168,0.254301,0.171599,0.148849
29.84537,0.293341,0.254435,0.171922,0.149120
29.85110,0.293513,0.254570,0.172243,0.149391
29.85683,0.293684,0.254704,0.172565,0.149661
29.86256,0.293856,0.254838,0.172887,0.149932
29.86829,0.294027,0.254972,0.173209,0.150202
29.87402,0.294198,0.255105,0.173531,0.150472
29.87975,0.294368,0.255239,0.173852,0.150743
29.88548,0.294538,0.255371,0.174174,0.151013
29.89121,0.294708,0.255504,0.174495,0.151283
29.89694,0.294878,0.255636,0.174817,0.151553
29.90267,0.295047,0.255769,0.175138,0.151822
29.90840,0.295216,0.255900,0.175459,0.152092
29.91413,0.295385,0.256032,0.175780,0.152362
29.91986,0.295554,0.256163,0.176101,0.152631
29.92559,0.295722,0.256294,0.176422,0.152901
29.93132,0.295890,0.256425,0.176743,0.153170
29.93704,0.296057,0.256556,0.177064,0.153439
29.94277,0.296225,0.256686,0.177385,0.153708
29.94850,0.296392,0.256816,0.177705,0.153977
29.95423,0.296558,0.256945,0.178026,0.154246
29.95996,0.296725,0.257075,0.178346,0.154515
29.96569,0.296891,0.257204,0.178666,0.154783
29.97142,0.297057,0.257333,0.178987,0.155052
29.97715,0.297222,0.257461,0.179307,0.155320
29.98288,0.297388,0.257590,0.179627,0.155588
29.98861,0.297553,0.257718,0.179947,0.155856
29.99434,0.297717,0.257846,0.180267,0.156124
30.00007,0.297882,0.257973,0.180586,0.156392
30.00580,0.298046,0.258100,0.180906,0.156660
30.01153,0.298210,0.258227,0.181225,0.156928
30.01726,0.298373,0.258354,0.181545,0.157195
30.02299,0.298537,0.258480,0.181864,0.157462
30.02872,0.298700,0.258607,0.182183,0.157730
30.03445,0.298862,0.258732,0.182502,0.157997
30.04018,0.299025,0.258858,0.182821,0.158264
30.04591,0.299187,0.258983,0.183140,0.158531
30.05164,0.299349,0.259108,0.183459,0.158797
30.05737,0.299510,0.259233,0.183778,0.159064
30.06310,0.299671,0.259358,0.184096,0.159331
30.06883,0.299832,0.259482,0.184415,0.159597
30.07455,0.299993,0.259606,0.184733,0.159863
30.08028,0.300153,0.259730,0.185051,0.160129
30.08601,0.300313,0.259853,0.185369,0.160395
30.09174,0.300473,0.259976,0.185687,0.160661
30.09747,0.300632,0.260099,0.186005,0.160927
30.10320,0.300791,0.260222,0.186323,0.161192
30.10893,0.300950,0.260344,0.186640,0.161457
30.11466,0.301109,0.260466,0.186958,0.161723
30.12039,0.301267,0.260588,0.187275,0.161988
30.12612,0.301425,0.260709,0.187592,0.162253
30.13185,0.301583,0.260831,0.187909,0.162518
30.13758,0.301740,0.260952,0.188226,0.162782
30.14331,0.301897,0.261072,0.188543,0.163047
30.14904,0.302054,0.261193,0.188860,0.163311
30.15477,0.302211,0.261313,0.189176,0.163575
30.16050,0.302367,0.261433,0.189493,0.163839
30.16623,0.302523,0.261552,0.189809,0.164103
30.17196,0.302678,0.261672,0.190125,0.164367
30.17769,0.302834,0.261791,0.190441,0.164631
30.18342,0.302989,0.261910,0.190757,0.164894
30.18915,0.303143,0.262028,0.191073,0.165157
30.19488,0.303298,0.262146,0.191388,0.165421
30.20061,0.303452,0.262264,0.191704,0.165684
30.20633,0.303606,0.262382,0.192019,0.165946
30.21206,0.303759,0.262499,0.192334,0.166209
30.21779,0.303912,0.262616,0.192649,0.166472
30.22352,0.304065,0.262733,0.192964,0.166734
30.22925,0.304218,0.262850,0.193279,0.166996
30.23498,0.304370,0.262966,0.193593,0.167258
30.24071,0.304522,0.263082,0.193908,0.167520
30.24644,0.304674,0.263198,0.194222,0.167782
30.25217,0.304826,0.263313,0.194536,0.168043
30.25790,0.304977,0.263429,0.194850,0.168305
30.26363,0.305128,0.263544,0.195164,0.168566
30.26936,0.305278,0.263658,0.195477,0.168827
30.27509,0.305429,0.263773,0.195791,0.169088
30.28082,0.305578,0.263887,0.196104,0.169349
30.28655,0.305728,0.264001,0.196417,0.169609
30.29228,0.305878,0.264114,0.196730,0.169869
30.29801,0.306027,0.264227,0.197043,0.170130
30.30374,0.306175,0.264340,0.197356,0.170390
30.30947,0.306324,0.264453,0.197668,0.170650
30.31520,0.306472,0.264566,0.197981,0.170909
30.32093,0.306620,0.264678,0.198293,0.171169
30.32666,0.306767,0.264790,0.198605,0.171428
30.33239,0.306915,0.264901,0.198917,0.171687
30.33812,0.307062,0.265013,0.199228,0.171946
30.34384,0.307208,0.265124,0.199540,0.172205
30.34957,0.307355,0.265234,0.199851,0.172463
30.35530,0.307501,0.265345,0.200162,0.172722
30.36103,0.307647,0.265455,0.200473,0.172980
30.36676,0.307792,0.265565,0.200784,0.173238
30.37249,0.307937,0.265675,0.201095,0.173496
30.37822,0.308082,0.265784,0.201405,0.173754
30.38395,0.308227,0.265893,0.201716,0.174011
30.38968,0.308371,0.266002,0.202026,0.174268
30.39541,0.308515,0.266111,0.202336,0.174525
30.40114,0.308659,0.266219,0.202645,0.174782
30.40687,0.308802,0.266327,0.202955,0.175039
30.41260,0.308945,0.266435,0.203264,0.175296
30.41833,0.309088,0.266542,0.203573,0.175552
30.42406,0.309230,0.266650,0.203882,0.175808
30.42979,0.309373,0.266757,0.204191,0.176064
30.43552,0.309514,0.266863,0.204500,0.176320
30.44125,0.309656,0.266970,0.204808,0.176575
30.44698,0.309797,0.267076,0.205117,0.176831
30.45271,0.309938,0.267182,0.205425,0.177086
30.45844,0.310079,0.267287,0.205732,0.177341
30.46417,0.310219,0.267392,0.206040,0.177596
30.46990,0.310359,0.267497,0.206348,0.177850
30.47563,0.310499,0.267602,0.206655,0.178104
30.48135,0.310638,0.267706,0.206962,0.178359
30.48708,0.310778,0.267811,0.207269,0.178613
30.49281,0.310916,0.267914,0.207575,0.178866
30.49854,0.311055,0.268018,0.207882,0.179120
30.50427,0.311193,0.268121,0.208188,0.179373
30.51000,0.311331,0.268224,0.208494,0.179626
30.51573,0.311469,0.268327,0.208800,0.179879
30.52146,0.311606,0.268430,0.209106,0.180132
30.52719,0.311743,0.268532,0.209411,0.180384
30.53292,0.311880,0.268634,0.209716,0.180637
30.53865,0.312016,0.268735,0.210021,0.180889
30.54438,0.312152,0.268837,0.210326,0.181140
30.55011,0.312288,0.268938,0.210631,0.181392
30.55584,0.312424,0.269039,0.210935,0.181643
30.56157,0.312559,0.269139,0.211239,0.181895
30.56730,0.312694,0.269239,0.211543,0.182146
30.57303,0.312828,0.269339,0.211847,0.182396
30.57876,0.312963,0.269439,0.212151,0.182647
30.58449,0.313097,0.269539,0.212454,0.182897
30.59022,0.313230,0.269638,0.212757,0.183147
30.59595,0.313364,0.269737,0.213060,0.183397
30.60168,0.313497,0.269835,0.213363,0.183647
30.60741,0.313629,0.269933,0.213665,0.183896
30.61313,0.313762,0.270031,0.213967,0.184146
30.61886,0.313894,0.270129,0.214269,0.184395
30.62459,0.314026,0.270227,0.214571,0.184643
30.63032,0.314157,0.270324,0.214872,0.184892
30.63605,0.314289,0.270421,0.215174,0.185140
30.64178,0.314420,0.270517,0.215475,0.185388
30.64751,0.314550,0.270614,0.215776,0.185636
30.65324,0.314681,0.270710,0.216076,0.185884
30.65897,0.314811,0.270806,0.216377,0.186131
30.66470,0.314940,0.270901,0.216677,0.186378
30.67043,0.315070,0.270996,0.216977,0.186625
30.67616,0.315199,0.271091,0.217276,0.186872
30.68189,0.315327,0.271186,0.217576,0.187118
30.68762,0.315456,0.271280,0.217875,0.187364
30.69335,0.315584,0.271374,0.218174,0.187610
30.69908,0.315712,0.271468,0.218473,0.187856
30.70481,0.315840,0.271562,0.218771,0.188101
30.71054,0.315967,0.271655,0.219069,0.188347
30.71627,0.316094,0.271748,0.219367,0.188592
30.72200,0.316220,0.271841,0.219665,0.188836
30.72773,0.316347,0.271933,0.219963,0.189081
30.73346,0.316473,0.272025,0.220260,0.189325
30.73919,0.316598,0.272117,0.220557,0.189569
30.74492,0.316724,0.272209,0.220854,0.189813
30.75064,0.316849,0.272300,0.221150,0.190057
30.75637,0.316974,0.272391,0.221446,0.190300
30.76210,0.317098,0.272482,0.221742,0.190543
30.76783,0.317222,0.272572,0.222038,0.190786
30.77356,0.317346,0.272663,0.222334,0.191028
30.77929,0.317470,0.272752,0.222629,0.191270
30.78502,0.317593,0.272842,0.222924,0.191512
30.79075,0.317716,0.272931,0.223219,0.191754
30.79648,0.317838,0.273020,0.223513,0.191996
30.80221,0.317961,0.273109,0.223807,0.192237
30.80794,0.318083,0.273198,0.224101,0.192478
30.81367,0.318204,0.273286,0.224395,0.192719
30.81940,0.318326,0.273374,0.224688,0.192959
30.82513,0.318447,0.273462,0.224981,0.193200
30.83086,0.318568,0.273549,0.225274,0.193440
30.83659,0.318688,0.273636,0.225567,0.193679
30.84232,0.318808,0.273723,0.225859,0.193919
30.84805,0.318928,0.273809,0.226151,0.194158
30.85378,0.319048,0.273896,0.226443,0.194397
30.85951,0.319167,0.273982,0.226735,0.194635
30.86524,0.319286,0.274067,0.227026,0.194874
30.87097,0.319404,0.274153,0.227317,0.195112
30.87670,0.319522,0.274238,0.227608,0.195350
30.88243,0.319640,0.274323,0.227898,0.195588
30.88815,0.319758,0.274407,0.228189,0.195825
30.89388,0.319875,0.274491,0.228479,0.196062
30.89961,0.319992,0.274575,0.228768,0.196299
30.90534,0.320109,0.274659,0.229058,0.196535
30.91107,0.320226,0.274743,0.229347,0.196772
30.91680,0.320342,0.274826,0.229635,0.197008
30.92253,0.320457,0.274909,0.229924,0.197243
30.92826,0.320573,0.274991,0.230212,0.197479
30.93399,0.320688,0.275073,0.230500,0.197714
30.93972,0.320803,0.275155,0.230788,0.197949
30.94545,0.320917,0.275237,0.231075,0.198183
30.95118,0.321032,0.275319,0.231362,0.198418
30.95691,0.321146,0.275400,0.231649,0.198652
30.96264,0.321259,0.275481,0.231936,0.198886
30.96837,0.321372,0.275561,0.232222,0.199119
30.97410,0.321485,0.275642,0.232508,0.199352
30.97983,0.321598,0.275722,0.232794,0.199585
30.98556,0.321710,0.275801,0.233079,0.199818
30.99129,0.321822,0.275881,0.233364,0.200050
30.99702,0.321934,0.275960,0.233649,0.200282
31.00275,0.322046,0.276039,0.233933,0.200514
31.00848,0.322157,0.276118,0.234217,0.200746
31.01421,0.322268,0.276196,0.234501,0.200977
31.01994,0.322378,0.276274,0.234785,0.201208
31.02566,0.322488,0.276352,0.235068,0.201438
31.03139,0.322598,0.276429,0.235351,0.201669
31.03712,0.322707,0.276507,0.235634,0.201899
31.04285,0.322817,0.276583,0.235916,0.202129
31.04858,0.322926,0.276660,0.236198,0.202358
31.05431,0.323034,0.276737,0.236480,0.202587
31.06004,0.323142,0.276813,0.236761,0.202816
31.06577,0.323250,0.276888,0.237043,0.203045
31.07150,0.323358,0.276964,0.237323,0.203273
31.07723,0.323465,0.277039,0.237604,0.203501
31.08296,0.323572,0.277114,0.237884,0.203729
31.08869,0.323679,0.277189,0.238164,0.203956
31.09442,0.323785,0.277263,0.238444,0.204184
31.10015,0.323892,0.277337,0.238723,0.204410
31.10588,0.323997,0.277411,0.239002,0.204637
31.11161,0.324103,0.277485,0.239281,0.204863
31.11734,0.324208,0.277558,0.239559,0.205089
31.12307,0.324313,0.277631,0.239837,0.205315
31.12880,0.324417,0.277704,0.240115,0.205540
31.13453,0.324521,0.277776,0.240392,0.205765
31.14026,0.324625,0.277848,0.240669,0.205990
31.14599,0.324729,0.277920,0.240946,0.206214
31.15172,0.324832,0.277991,0.241222,0.206438
31.15744,0.324935,0.278063,0.241498,0.206662
31.16317,0.325038,0.278134,0.241774,0.206885
31.16890,0.325140,0.278204,0.242050,0.207109
31.17463,0.325242,0.278275,0.242325,0.207332
31.18036,0.325343,0.278345,0.242600,0.207554
31.18609,0.325445,0.278415,0.242874,0.207776
31.19182,0.325546,0.278484,0.243148,0.207998
31.19755,0.325646,0.278554,0.243422,0.208220
31.20328,0.325747,0.278623,0.243696,0.208441
31.20901,0.325847,0.278691,0.243969,0.208662
31.21474,0.325947,0.278760,0.244241,0.208883
31.22047,0.326046,0.278828,0.244514,0.209103
31.22620,0.326145,0.278896,0.244786,0.209323
31.23193,0.326244,0.278963,0.245058,0.209543
31.23766,0.326343,0.279031,0.245329,0.209762
31.24339,0.326441,0.279098,0.245601,0.209982
31.24912,0.326539,0.279164,0.245871,0.210200
31.25485,0.326636,0.279231,0.246142,0.210419
31.26058,0.326733,0.279297,0.246412,0.210637
31.26631,0.326830,0.279363,0.246682,0.210855
31.27204,0.326927,0.279428,0.246951,0.211072
31.27777,0.327023,0.279494,0.247220,0.211289
31.28350,0.327119,0.279559,0.247489,0.211506
31.28923,0.327215,0.279623,0.247757,0.211723
31.29495,0.327310,0.279688,0.248025,0.211939
31.30068,0.327405,0.279752,0.248293,0.212155
31.30641,0.327500,0.279816,0.248560,0.212370
31.31214,0.327594,0.279879,0.248827,0.212585
31.31787,0.327688,0.279943,0.249094,0.212800
31.32360,0.327782,0.280006,0.249360,0.213015
31.32933,0.327875,0.280069,0.249626,0.213229
31.33506,0.327968,0.280131,0.249892,0.213443
31.34079,0.328061,0.280193,0.250157,0.213656
31.34652,0.328153,0.280255,0.250422,0.213870
31.35225,0.328245,0.280317,0.250687,0.214083
31.35798,0.328337,0.280378,0.250951,0.214295
31.36371,0.328429,0.280439,0.251215,0.214507
31.36944,0.328520,0.280500,0.251478,0.214719
31.37517,0.328611,0.280560,0.251741,0.214931
31.38090,0.328701,0.280620,0.252004,0.215142
31.38663,0.328791,0.280680,0.252266,0.215353
31.39236,0.328881,0.280740,0.252528,0.215563
31.39809,0.328971,0.280799,0.252790,0.215773
31.40382,0.329060,0.280858,0.253051,0.215983
31.40955,0.329149,0.280917,0.253312,0.216193
31.41528,0.329238,0.280975,0.253573,0.216402
31.42101,0.329326,0.281034,0.253833,0.216611
31.42674,0.329414,0.281091,0.254093,0.216819
31.43246,0.329502,0.281149,0.254352,0.217027
31.43819,0.329589,0.281206,0.254611,0.217235
31.44392,0.329676,0.281263,0.254870,0.217443
31.44965,0.329763,0.281320,0.255128,0.217650
31.45538,0.329849,0.281377,0.255386,0.217856
31.46111,0.329935,0.281433,0.255644,0.218063
31.46684,0.330021,0.281489,0.255901,0.218269
31.47257,0.330106,0.281544,0.256158,0.218475
31.47830,0.330191,0.281600,0.256414,0.218680
31.48403,0.330276,0.281655,0.256670,0.218885
31.48976,0.330360,0.281709,0.256926,0.219090
31.49549,0.330445,0.281764,0.257181,0.219294
31.50122,0.330528,0.281818,0.257436,0.219498
31.50695,0.330612,0.281872,0.257691,0.219701
31.51268,0.330695,0.281926,0.257945,0.219905
31.51841,0.330778,0.281979,0.258199,0.220107
31.52414,0.330860,0.282032,0.258452,0.220310
31.52987,0.330943,0.282085,0.258705,0.220512
31.53560,0.331024,0.282137,0.258958,0.220714
31.54133,0.331106,0.282189,0.259210,0.220915
31.54706,0.331187,0.282241,0.259462,0.221116
31.55279,0.331268,0.282293,0.259714,0.221317
31.55852,0.331349,0.282344,0.259965,0.221518
31.56424,0.331429,0.282395,0.260215,0.221718
31.56997,0.331509,0.282446,0.260466,0.221917
31.57570,0.331588,0.282496,0.260716,0.222116
31.58143,0.331668,0.282547,0.260965,0.222315
31.58716,0.331747,0.282597,0.261214,0.222514
31.59289,0.331825,0.282646,0.261463,0.222712
31.59862,0.331904,0.282695,0.261711,0.222910
31.60435,0.331982,0.282745,0.261959,0.223107
31.61008,0.332059,0.282793,0.262207,0.223304
31.61581,0.332137,0.282842,0.262454,0.223501
31.62154,0.332214,0.282890,0.262701,0.223698
31.62727,0.332290,0.282938,0.262947,0.223893
31.63300,0.332367,0.282985,0.263193,0.224089
31.63873,0.332443,0.283033,0.263439,0.224284
31.64446,0.332519,0.283080,0.263684,0.224479
31.65019,0.332594,0.283127,0.263928,0.224674
31.65592,0.332669,0.283173,0.264173,0.224868
31.66165,0.332744,0.283219,0.264417,0.225062
31.66738,0.332818,0.283265,0.264660,0.225255
31.67311,0.332892,0.283311,0.264903,0.225448
31.67884,0.332966,0.283356,0.265146,0.225641
31.68457,0.333040,0.283401,0.265388,0.225833
31.69030,0.333113,0.283446,0.265630,0.226025
31.69603,0.333186,0.283490,0.265872,0.226216
31.70175,0.333258,0.283534,0.266113,0.226407
31.70748,0.333330,0.283578,0.266353,0.226598
31.71321,0.333402,0.283622,0.266594,0.226789
31.71894,0.333474,0.283665,0.266833,0.226979
31.72467,0.333545,0.283708,0.267073,0.227168
31.73040,0.333616,0.283751,0.267312,0.227357
31.73613,0.333686,0.283793,0.267550,0.227546
31.74186,0.333757,0.283836,0.267789,0.227735
31.74759,0.333827,0.283878,0.268026,0.227923
31.75332,0.333896,0.283919,0.268264,0.228110
31.75905,0.333965,0.283960,0.268501,0.228298
31.76478,0.334034,0.284001,0.268737,0.228485
31.77051,0.334103,0.284042,0.268973,0.228671
31.77624,0.334171,0.284083,0.269209,0.228857
31.78197,0.334239,0.284123,0.269444,0.229043
31.78770,0.334307,0.284163,0.269679,0.229229
31.79343,0.334374,0.284202,0.269913,0.229414
31.79916,0.334441,0.284242,0.270147,0.229598
31.80489,0.334508,0.284281,0.270381,0.229782
31.81062,0.334574,0.284319,0.270614,0.229966
31.81635,0.334640,0.284358,0.270846,0.230150
31.82208,0.334706,0.284396,0.271079,0.230333
31.82781,0.334771,0.284434,0.271310,0.230515
31.83354,0.334836,0.284472,0.271542,0.230698
31.83926,0.334901,0.284509,0.271773,0.230879
31.84499,0.334965,0.284546,0.272003,0.231061
31.85072,0.335029,0.284583,0.272233,0.231242
31.85645,0.335093,0.284619,0.272463,0.231423
31.86218,0.335156,0.284655,0.272692,0.231603
31.86791,0.335220,0.284691,0.272921,0.231783
31.87364,0.335282,0.284727,0.273149,0.231962
31.87937,0.335345,0.284762,0.273377,0.232141
31.88510,0.335407,0.284797,0.273605,0.232320
31.89083,0.335469,0.284832,0.273832,0.232498
31.89656,0.335530,0.284866,0.274058,0.232676
31.90229,0.335591,0.284900,0.274284,0.232854
31.90802,0.335652,0.284934,0.274510,0.233031
31.91375,0.335712,0.284968,0.274735,0.233208
31.91948,0.335773,0.285001,0.274960,0.233384
31.92521,0.335832,0.285034,0.275184,0.233560
31.93094,0.335892,0.285067,0.275408,0.233735
31.93667,0.335951,0.285099,0.275632,0.233910
31.94240,0.336010,0.285131,0.275855,0.234085
31.94813,0.336068,0.285163,0.276077,0.234259
31.95386,0.336127,0.285195,0.276300,0.234433
31.95959,0.336184,0.285226,0.276521,0.234607
31.96532,0.336242,0.285257,0.276743,0.234780
31.97104,0.336299,0.285288,0.276963,0.234952
31.97677,0.336356,0.285318,0.277184,0.235125
31.98250,0.336413,0.285348,0.277404,0.235296
31.98823,0.336469,0.285378,0.277623,0.235468
31.99396,0.336525,0.285408,0.277842,0.235639
31.99969,0.336580,0.285437,0.278061,0.235809
32.00542,0.336635,0.285466,0.278279,0.235980
32.01115,0.336690,0.285495,0.278496,0.236149
32.01688,0.336745,0.285523,0.278713,0.236319
32.02261,0.336799,0.285551,0.278930,0.236488
32.02834,0.336853,0.285579,0.279146,0.236656
32.03407,0.336907,0.285607,0.279362,0.236824
32.03980,0.336960,0.285634,0.279577,0.236992
32.04553,0.337013,0.285661,0.279792,0.237159
32.05126,0.337066,0.285688,0.280007,0.237326
32.05699,0.337118,0.285714,0.280221,0.237493
32.06272,0.337170,0.285740,0.280434,0.237659
32.06845,0.337221,0.285766,0.280647,0.237824
32.07418,0.337273,0.285792,0.280860,0.237990
32.07991,0.337324,0.285817,0.281072,0.238154
32.08564,0.337374,0.285842,0.281283,0.238319
32.09137,0.337425,0.285867,0.281495,0.238483
32.09710,0.337475,0.285891,0.281705,0.238646
32.10283,0.337524,0.285915,0.281916,0.238809
32.10855,0.337574,0.285939,0.282125,0.238972
32.11428,0.337623,0.285963,0.282335,0.239134
32.12001,0.337671,0.285986,0.282543,0.239296
32.12574,0.337720,0.286009,0.282752,0.239458
32.13147,0.337768,0.286032,0.282960,0.239619
32.13720,0.337815,0.286054,0.283167,0.239779
32.14293,0.337863,0.286076,0.283374,0.239939
32.14866,0.337910,0.286098,0.283580,0.240099
32.15439,0.337956,0.286120,0.283786,0.240258
32.16012,0.338003,0.286141,0.283992,0.240417
32.16585,0.338049,0.286162,0.284197,0.240576
32.17158,0.338095,0.286183,0.284402,0.240734
32.17731,0.338140,0.286203,0.284606,0.240891
32.18304,0.338185,0.286223,0.284809,0.241049
32.18877,0.338230,0.286243,0.285012,0.241205
32.19450,0.338274,0.286263,0.285215,0.241362
32.20023,0.338318,0.286282,0.285417,0.241517
32.20596,0.338362,0.286301,0.285619,0.241673
32.21169,0.338405,0.286319,0.285820,0.241828
32.21742,0.338448,0.286338,0.286021,0.241983
32.22315,0.338491,0.286356,0.286221,0.242137
32.22888,0.338534,0.286374,0.286421,0.242290
32.23461,0.338576,0.286391,0.286620,0.242444
32.24034,0.338617,0.286409,0.286819,0.242597
32.24606,0.338659,0.286426,0.287017,0.242749
32.25179,0.338700,0.286442,0.287215,0.242901
32.25752,0.338741,0.286459,0.287412,0.243052
32.26325,0.338781,0.286475,0.287609,0.243204
32.26898,0.338821,0.286491,0.287806,0.243354
32.27471,0.338861,0.286506,0.288001,0.243505
32.28044,0.338901,0.286522,0.288197,0.243654
32.28617,0.338940,0.286536,0.288392,0.243804
32.29190,0.338978,0.286551,0.288586,0.243953
32.29763,0.339017,0.286566,0.288780,0.244101
32.30336,0.339055,0.286580,0.288973,0.244249
32.30909,0.339093,0.286594,0.289166,0.244397
32.31482,0.339130,0.286607,0.289359,0.244544
32.32055,0.339167,0.286620,0.289551,0.244691
32.32628,0.339204,0.286633,0.289742,0.244837
32.33201,0.339241,0.286646,0.289933,0.244983
32.33774,0.339277,0.286658,0.290123,0.245128
32.34347,0.339313,0.286670,0.290313,0.245273
32.34920,0.339348,0.286682,0.290503,0.245418
32.35493,0.339383,0.286694,0.290692,0.245562
32.36066,0.339418,0.286705,0.290880,0.245705
32.36639,0.339453,0.286716,0.291068,0.245848
32.37212,0.339487,0.286727,0.291256,0.245991
32.37785,0.339521,0.286737,0.291443,0.246134
32.38357,0.339554,0.286747,0.291629,0.246275
32.38930,0.339587,0.286757,0.291815,0.246417
32.39503,0.339620,0.286767,0.292000,0.246558
32.40076,0.339653,0.286776,0.292185,0.246698
32.40649,0.339685,0.286785,0.292370,0.246838
32.41222,0.339717,0.286794,0.292554,0.246978
32.41795,0.339748,0.286802,0.292737,0.247117
32.42368,0.339780,0.286810,0.292920,0.247256
32.42941,0.339810,0.286818,0.293103,0.247394
32.43514,0.339841,0.286825,0.293284,0.247532
32.44087,0.339871,0.286833,0.293466,0.247669
32.44660,0.339901,0.286840,0.293647,0.247806
32.45233,0.339931,0.286846,0.293827,0.247942
32.45806,0.339960,0.286853,0.294007,0.248078
32.46379,0.339989,0.286859,0.294186,0.248214
32.46952,0.340017,0.286865,0.294365,0.248349
32.47525,0.340045,0.286870,0.294543,0.248484
32.48098,0.340073,0.286876,0.294721,0.248618
32.48671,0.340101,0.286881,0.294899,0.248752
32.49244,0.340128,0.286885,0.295075,0.248885
32.49817,0.340155,0.286890,0.295252,0.249018
32.50390,0.340181,0.286894,0.295427,0.249150
32.50963,0.340208,0.286898,0.295603,0.249282
32.51535,0.340234,0.286901,0.295777,0.249414
32.52108,0.340259,0.286904,0.295952,0.249545
32.52681,0.340284,0.286907,0.296125,0.249675
32.53254,0.340309,0.286910,0.296298,0.249805
32.53827,0.340334,0.286912,0.296471,0.249935
32.54400,0.340358,0.286915,0.296643,0.250064
32.54973,0.340382,0.286916,0.296815,0.250193
32.55546,0.340406,0.286918,0.296986,0.250321
32.56119,0.340429,0.286919,0.297157,0.250449
32.56692,0.340452,0.286920,0.297327,0.250576
32.57265,0.340474,0.286921,0.297496,0.250703
32.57838,0.340497,0.286921,0.297665,0.250829
32.58411,0.340518,0.286921,0.297834,0.250955
32.58984,0.340540,0.286921,0.298002,0.251081
32.59557,0.340561,0.286921,0.298169,0.251206
32.60130,0.340582,0.286920,0.298336,0.251330
32.60703,0.340603,0.286919,0.298502,0.251454
32.61276,0.340623,0.286918,0.298668,0.251578
32.61849,0.340643,0.286916,0.298834,0.251701
32.62422,0.340663,0.286914,0.298998,0.251824
32.62995,0.340682,0.286912,0.299163,0.251946
32.63568,0.340701,0.286910,0.299326,0.252068
32.64141,0.340719,0.286907,0.299490,0.252189
32.64714,0.340738,0.286904,0.299652,0.252310
32.65286,0.340755,0.286901,0.299814,0.252430
32.65859,0.340773,0.286897,0.299976,0.252550
32.66432,0.340790,0.286893,0.300137,0.252670
32.67005,0.340807,0.286889,0.300298,0.252789
32.67578,0.340824,0.286885,0.300458,0.252907
32.68151,0.340840,0.286880,0.300617,0.253025
32.68724,0.340856,0.286875,0.300776,0.253143
32.69297,0.340872,0.286870,0.300935,0.253260
32.69870,0.340887,0.286864,0.301093,0.253376
32.70443,0.340902,0.286858,0.301250,0.253492
32.71016,0.340916,0.286852,0.301407,0.253608
32.71589,0.340931,0.286846,0.301563,0.253723
32.72162,0.340945,0.286839,0.301719,0.253838
32.72735,0.340958,0.286832,0.301874,0.253952
32.73308,0.340972,0.286825,0.302029,0.254066
32.73881,0.340985,0.286817,0.302183,0.254179
32.74454,0.340997,0.286809,0.302336,0.254292
32.75027,0.341009,0.286801,0.302489,0.254405
32.75600,0.341021,0.286793,0.302642,0.254517
32.76173,0.341033,0.286784,0.302794,0.254628
32.76746,0.341044,0.286775,0.302945,0.254739
32.77319,0.341055,0.286766,0.303096,0.254849
32.77892,0.341066,0.286756,0.303247,0.254959
32.78465,0.341076,0.286747,0.303396,0.255069
32.79037,0.341086,0.286737,0.303546,0.255178
32.79610,0.341096,0.286726,0.303694,0.255287
32.80183,0.341105,0.286716,0.303843,0.255395
32.80756,0.341114,0.286705,0.303990,0.255502
32.81329,0.341123,0.286693,0.304137,0.255609
32.81902,0.341131,0.286682,0.304284,0.255716
32.82475,0.341139,0.286670,0.304430,0.255822
32.83048,0.341146,0.286658,0.304575,0.255928
32.83621,0.341154,0.286646,0.304720,0.256033
32.84194,0.341161,0.286633,0.304865,0.256138
32.84767,0.341167,0.286620,0.305008,0.256242
32.85340,0.341174,0.286607,0.305152,0.256346
32.85913,0.341179,0.286593,0.305294,0.256449
32.86486,0.341185,0.286579,0.305436,0.256552
32.87059,0.341190,0.286565,0.305578,0.256655
32.87632,0.341195,0.286551,0.305719,0.256756
32.88205,0.341200,0.286536,0.305860,0.256858
32.88778,0.341204,0.286521,0.306000,0.256959
32.89351,0.341208,0.286506,0.306139,0.257059
32.89924,0.341212,0.286491,0.306278,0.257159
32.90497,0.341215,0.286475,0.306416,0.257259
32.91070,0.341218,0.286459,0.306554,0.257358
32.91643,0.341221,0.286443,0.306691,0.257456
32.92215,0.341223,0.286426,0.306828,0.257554
32.92788,0.341225,0.286409,0.306964,0.257652
32.93361,0.341227,0.286392,0.307099,0.257749
32.93934,0.341228,0.286374,0.307234,0.257845
32.94507,0.341229,0.286357,0.307369,0.257941
32.95080,0.341229,0.286339,0.307502,0.258037
32.95653,0.341230,0.286320,0.307636,0.258132
32.96226,0.341230,0.286302,0.307768,0.258227
32.96799,0.341229,0.286283,0.307901,0.258321
32.97372,0.341229,0.286264,0.308032,0.258415
32.97945,0.341228,0.286244,0.308163,0.258508
32.98518,0.341226,0.286224,0.308294,0.258600
32.99091,0.341225,0.286204,0.308424,0.258693
32.99664,0.341222,0.286184,0.308553,0.258784
33.00237,0.341220,0.286164,0.308682,0.258876
33.00810,0.341217,0.286143,0.308810,0.258966
33.01383,0.341214,0.286122,0.308938,0.259056
33.01956,0.341211,0.286100,0.309065,0.259146
33.02529,0.341207,0.286078,0.309192,0.259236
33.03102,0.341203,0.286057,0.309318,0.259324
33.03675,0.341199,0.286034,0.309443,0.259413
33.04248,0.341194,0.286012,0.309568,0.259500
33.04821,0.341189,0.285989,0.309692,0.259588
33.05394,0.341184,0.285966,0.309816,0.259675
33.05966,0.341178,0.285942,0.309939,0.259761
33.06539,0.341172,0.285919,0.310062,0.259847
33.07112,0.341166,0.285895,0.310184,0.259932
33.07685,0.341159,0.285871,0.310305,0.260017
33.08258,0.341152,0.285846,0.310426,0.260101
33.08831,0.341145,0.285821,0.310546,0.260185
33.09404,0.341137,0.285796,0.310666,0.260269
33.09977,0.341129,0.285771,0.310785,0.260351
33.10550,0.341120,0.285745,0.310904,0.260434
33.11123,0.341112,0.285719,0.311022,0.260516
33.11696,0.341103,0.285693,0.311140,0.260597
33.12269,0.341093,0.285667,0.311257,0.260678
33.12842,0.341084,0.285640,0.311373,0.260759
33.13415,0.341074,0.285613,0.311489,0.260839
33.13988,0.341063,0.285585,0.311604,0.260918
33.14561,0.341053,0.285558,0.311719,0.260997
33.15134,0.341042,0.285530,0.311833,0.261075
33.15707,0.341030,0.285502,0.311946,0.261153
33.16280,0.341019,0.285473,0.312059,0.261231
33.16853,0.341006,0.285445,0.312171,0.261308
33.17426,0.340994,0.285416,0.312283,0.261384
33.17999,0.340981,0.285386,0.312394,0.261460
33.18572,0.340968,0.285357,0.312505,0.261536
33.19145,0.340955,0.285327,0.312615,0.261611
33.19717,0.340941,0.285297,0.312725,0.261685
33.20290,0.340927,0.285266,0.312834,0.261759
33.20863,0.340913,0.285236,0.312942,0.261833
33.21436,0.340898,0.285205,0.313050,0.261906
33.22009,0.340883,0.285173,0.313157,0.261978
33.22582,0.340868,0.285142,0.313263,0.262050
33.23155,0.340852,0.285110,0.313369,0.262122
33.23728,0.340836,0.285078,0.313475,0.262193
33.24301,0.340820,0.285046,0.313580,0.262263
33.24874,0.340803,0.285013,0.313684,0.262333
33.25447,0.340786,0.284980,0.313788,0.262403
33.26020,0.340769,0.284947,0.313891,0.262472
33.26593,0.340751,0.284913,0.313993,0.262540
33.27166,0.340733,0.284880,0.314095,0.262609
33.27739,0.340715,0.284846,0.314197,0.262676
33.28312,0.340696,0.284811,0.314298,0.262743
33.28885,0.340677,0.284777,0.314398,0.262810
33.29458,0.340658,0.284742,0.314497,0.262876
33.30031,0.340638,0.284707,0.314597,0.262941
33.30604,0.340618,0.284671,0.314695,0.263006
33.31177,0.340597,0.284635,0.314793,0.263071
33.31750,0.340577,0.284599,0.314890,0.263135
33.32323,0.340556,0.284563,0.314987,0.263198
33.32895,0.340534,0.284527,0.315083,0.263261
33.33468,0.340513,0.284490,0.315179,0.263324
33.34041,0.340491,0.284453,0.315274,0.263386
33.34614,0.340468,0.284415,0.315368,0.263447
33.35187,0.340446,0.284378,0.315462,0.263509
33.35760,0.340423,0.284340,0.315555,0.263569
33.36333,0.340399,0.284301,0.315648,0.263629
33.36906,0.340376,0.284263,0.315740,0.263689
33.37479,0.340352,0.284224,0.315831,0.263748
33.38052,0.340327,0.284185,0.315922,0.263806
33.38625,0.340303,0.284146,0.316013,0.263864
33.39198,0.340277,0.284106,0.316102,0.263922
33.39771,0.340252,0.284066,0.316191,0.263979
33.40344,0.340226,0.284026,0.316280,0.264035
33.40917,0.340200,0.283986,0.316368,0.264091
33.41490,0.340174,0.283945,0.316455,0.264147
33.42063,0.340147,0.283904,0.316542,0.264202
33.42636,0.340120,0.283863,0.316628,0.264256
33.43209,0.340093,0.283821,0.316714,0.264310
33.43782,0.340065,0.283779,0.316799,0.264364
33.44355,0.340037,0.283737,0.316883,0.264417
33.44928,0.340009,0.283695,0.316967,0.264469
33.45501,0.339980,0.283652,0.317051,0.264521
33.46074,0.339951,0.283609,0.317133,0.264573
33.46646,0.339922,0.283566,0.317215,0.264624
33.47219,0.339892,0.283522,0.317297,0.264674
33.47792,0.339862,0.283479,0.317378,0.264724
33.48365,0.339832,0.283435,0.317458,0.264774
33.48938,0.339801,0.283390,0.317538,0.264823
33.49511,0.339770,0.283346,0.317617,0.264871
33.50084,0.339739,0.283301,0.317695,0.264919
33.50657,0.339707,0.283256,0.317773,0.264966
33.51230,0.339675,0.283210,0.317851,0.265013
33.51803,0.339643,0.283164,0.317927,0.265060
33.52376,0.339610,0.283118,0.318003,0.265106
33.52949,0.339577,0.283072,0.318079,0.265151
33.53522,0.339544,0.283026,0.318154,0.265196
33.54095,0.339510,0.282979,0.318228,0.265241
33.54668,0.339476,0.282932,0.318302,0.265284
33.55241,0.339442,0.282884,0.318375,0.265328
33.55814,0.339407,0.282837,0.318448,0.265371
33.56387,0.339372,0.282789,0.318520,0.265413
33.56960,0.339337,0.282741,0.318591,0.265455
33.57533,0.339301,0.282692,0.318662,0.265496
33.58106,0.339265,0.282643,0.318732,0.265537
33.58679,0.339229,0.282594,0.318802,0.265578
33.59252,0.339192,0.282545,0.318871,0.265617
33.59825,0.339155,0.282496,0.318939,0.265657
33.60397,0.339118,0.282446,0.319007,0.265696
33.60970,0.339080,0.282396,0.319074,0.265734
33.61543,0.339043,0.282345,0.319141,0.265772
33.62116,0.339004,0.282294,0.319207,0.265809
33.62689,0.338966,0.282244,0.319273,0.265846
33.63262,0.338927,0.282192,0.319337,0.265882
33.63835,0.338887,0.282141,0.319402,0.265918
33.64408,0.338848,0.282089,0.319465,0.265953
33.64981,0.338808,0.282037,0.319528,0.265988
33.65554,0.338767,0.281985,0.319591,0.266022
33.66127,0.338727,0.281932,0.319653,0.266056
33.66700,0.338686,0.281879,0.319714,0.266089
33.67273,0.338645,0.281826,0.319775,0.266122
33.67846,0.338603,0.281773,0.319835,0.266154
33.68419,0.338561,0.281719,0.319894,0.266186
33.68992,0.338519,0.281665,0.319953,0.266217
33.69565,0.338476,0.281611,0.320011,0.266248
33.70138,0.338433,0.281556,0.320069,0.266278
33.70711,0.338390,0.281501,0.320126,0.266308
33.71284,0.338346,0.281446,0.320182,0.266337
33.71857,0.338302,0.281391,0.320238,0.266366
33.72430,0.338258,0.281335,0.320294,0.266394
33.73003,0.338213,0.281280,0.320348,0.266422
33.73575,0.338168,0.281223,0.320402,0.266449
33.74148,0.338123,0.281167,0.320456,0.266476
33.74721,0.338078,0.281110,0.320509,0.266502
33.75294,0.338032,0.281053,0.320561,0.266528
33.75867,0.337985,0.280996,0.320613,0.266553
33.76440,0.337939,0.280939,0.320664,0.266577
33.77013,0.337892,0.280881,0.320714,0.266601
33.77586,0.337845,0.280823,0.320764,0.266625
33.78159,0.337797,0.280764,0.320813,0.266648
33.78732,0.337749,0.280706,0.320862,0.266671
33.79305,0.337701,0.280647,0.320910,0.266693
33.79878,0.337652,0.280588,0.320957,0.266714
33.80451,0.337603,0.280528,0.321004,0.266735
33.81024,0.337554,0.280469,0.321050,0.266756
33.81597,0.337505,0.280409,0.321096,0.266776
33.82170,0.337455,0.280348,0.321141,0.266796
33.82743,0.337404,0.280288,0.321186,0.266815
33.83316,0.337354,0.280227,0.321229,0.266833
33.83889,0.337303,0.280166,0.321273,0.266851
33.84462,0.337252,0.280105,0.321315,0.266869
33.85035,0.337200,0.280043,0.321357,0.266886
33.85608,0.337148,0.279981,0.321399,0.266902
33.86181,0.337096,0.279919,0.321439,0.266918
33.86754,0.337044,0.279857,0.321480,0.266934
33.87326,0.336991,0.279794,0.321519,0.266949
33.87899,0.336937,0.279731,0.321558,0.266963
33.88472,0.336884,0.279668,0.321597,0.266977
33.89045,0.336830,0.279604,0.321634,0.266990
33.89618,0.336776,0.279541,0.321672,0.267003
33.90191,0.336721,0.279477,0.321708,0.267016
33.90764,0.336667,0.279412,0.321744,0.267028
33.91337,0.336611,0.279348,0.321780,0.267039
33.91910,0.336556,0.279283,0.321814,0.267050
33.92483,0.336500,0.279218,0.321848,0.267060
33.93056,0.336444,0.279152,0.321882,0.267070
33.93629,0.336387,0.279087,0.321915,0.267080
33.94202,0.336331,0.279021,0.321947,0.267088
33.94775,0.336273,0.278955,0.321979,0.267097
33.95348,0.336216,0.278888,0.322010,0.267105
33.95921,0.336158,0.278821,0.322041,0.267112
33.96494,0.336100,0.278754,0.322071,0.267119
33.97067,0.336041,0.278687,0.322100,0.267125
33.97640,0.335983,0.278620,0.322129,0.267131
33.98213,0.335923,0.278552,0.322157,0.267136
33.98786,0.335864,0.278484,0.322184,0.267141
33.99359,0.335804,0.278415,0.322211,0.267145
33.99932,0.335744,0.278347,0.322237,0.267149
34.00505,0.335684,0.278278,0.322263,0.267152
34.01077,0.335623,0.278209,0.322288,0.267155
34.01650,0.335562,0.278139,0.322313,0.267157
34.02223,0.335500,0.278070,0.322336,0.267159
34.02796,0.335439,0.278000,0.322360,0.267160
34.03369,0.335376,0.277929,0.322382,0.267161
34.03942,0.335314,0.277859,0.322404,0.267161
34.04515,0.335251,0.277788,0.322426,0.267161
34.05088,0.335188,0.277717,0.322447,0.267160
34.05661,0.335125,0.277646,0.322467,0.267159
34.06234,0.335061,0.277574,0.322486,0.267157
34.06807,0.334997,0.277502,0.322505,0.267155
34.07380,0.334933,0.277430,0.322524,0.267152
34.07953,0.334868,0.277358,0.322542,0.267149
34.08526,0.334803,0.277285,0.322559,0.267145
34.09099,0.334737,0.277212,0.322575,0.267140
34.09672,0.334672,0.277139,0.322591,0.267135
34.10245,0.334606,0.277066,0.322607,0.267130
34.10818,0.334539,0.276992,0.322621,0.267124
34.11391,0.334473,0.276918,0.322636,0.267118
34.11964,0.334406,0.276844,0.322649,0.267111
34.12537,0.334338,0.276769,0.322662,0.267104
34.13110,0.334271,0.276694,0.322674,0.267096
34.13683,0.334203,0.276619,0.322686,0.267087
34.14256,0.334134,0.276544,0.322697,0.267078
34.14828,0.334066,0.276469,0.322708,0.267069
34.15401,0.333997,0.276393,0.322718,0.267059
34.15974,0.333927,0.276317,0.322727,0.267049
34.16547,0.333858,0.276240,0.322736,0.267038
34.17120,0.333788,0.276164,0.322744,0.267026
34.17693,0.333717,0.276087,0.322751,0.267014
34.18266,0.333647,0.276010,0.322758,0.267002
34.18839,0.333576,0.275932,0.322764,0.266989
34.19412,0.333505,0.275854,0.322770,0.266975
34.19985,0.333433,0.275776,0.322775,0.266961
34.20558,0.333361,0.275698,0.322779,0.266947
34.21131,0.333289,0.275620,0.322783,0.266932
34.21704,0.333216,0.275541,0.322786,0.266916
34.22277,0.333143,0.275462,0.322789,0.266900
34.22850,0.333070,0.275383,0.322791,0.266884
34.23423,0.332997,0.275303,0.322792,0.266867
34.23996,0.332923,0.275223,0.322793,0.266849
34.24569,0.332848,0.275143,0.322793,0.266831
34.25142,0.332774,0.275063,0.322793,0.266813
34.25715,0.332699,0.274982,0.322792,0.266794
34.26288,0.332624,0.274901,0.322790,0.266774
34.26861,0.332548,0.274820,0.322788,0.266754
34.27434,0.332472,0.274739,0.322785,0.266734
34.28006,0.332396,0.274657,0.322782,0.266713
34.28579,0.332320,0.274575,0.322778,0.266691
34.29152,0.332243,0.274493,0.322773,0.266669
34.29725,0.332166,0.274411,0.322768,0.266646
34.30298,0.332088,0.274328,0.322762,0.266623
34.30871,0.332011,0.274245,0.322755,0.266600
34.31444,0.331932,0.274162,0.322748,0.266576
34.32017,0.331854,0.274078,0.322740,0.266551
34.32590,0.331775,0.273994,0.322732,0.266526
34.33163,0.331696,0.273910,0.322723,0.266501
34.33736,0.331617,0.273826,0.322713,0.266474
34.34309,0.331537,0.273741,0.322703,0.266448
34.34882,0.331457,0.273657,0.322693,0.266421
34.35455,0.331376,0.273572,0.322681,0.266393
34.36028,0.331296,0.273486,0.322669,0.266365
34.36601,0.331215,0.273401,0.322657,0.266336
34.37174,0.331133,0.273315,0.322644,0.266307
34.37747,0.331052,0.273229,0.322630,0.266278
34.38320,0.330970,0.273142,0.322615,0.266248
34.38893,0.330887,0.273056,0.322600,0.266217
34.39466,0.330805,0.272969,0.322585,0.266186
34.40039,0.330722,0.272882,0.322569,0.266154
34.40612,0.330638,0.272794,0.322552,0.266122
34.41185,0.330555,0.272706,0.322534,0.266090
34.41757,0.330471,0.272618,0.322516,0.266057
34.42330,0.330386,0.272530,0.322498,0.266023
34.42903,0.330302,0.272442,0.322478,0.265989
34.43476,0.330217,0.272353,0.322459,0.265954
34.44049,0.330131,0.272264,0.322438,0.265919
34.44622,0.330046,0.272175,0.322417,0.265884
34.45195,0.329960,0.272085,0.322395,0.265847
34.45768,0.329874,0.271995,0.322373,0.265811
34.46341,0.329787,0.271905,0.322350,0.265774
34.46914,0.329700,0.271815,0.322327,0.265736
34.47487,0.329613,0.271725,0.322303,0.265698
34.48060,0.329526,0.271634,0.322278,0.265660
34.48633,0.329438,0.271543,0.322253,0.265620
34.49206,0.329349,0.271451,0.322227,0.265581
34.49779,0.329261,0.271360,0.322200,0.265541
34.50352,0.329172,0.271268,0.322173,0.265500
34.50925,0.329083,0.271176,0.322145,0.265459
34.51498,0.328994,0.271083,0.322117,0.265417
34.52071,0.328904,0.270991,0.322088,0.265375
34.52644,0.328814,0.270898,0.322059,0.265333
34.53217,0.328723,0.270805,0.322029,0.265290
34.53790,0.328632,0.270711,0.321998,0.265246
34.54363,0.328541,0.270618,0.321967,0.265202
34.54936,0.328450,0.270524,0.321935,0.265158
34.55508,0.328358,0.270430,0.321902,0.265113
34.56081,0.328266,0.270335,0.321869,0.265067
34.56654,0.328174,0.270241,0.321835,0.265021
34.57227,0.328081,0.270146,0.321801,0.264974
34.57800,0.327988,0.270050,0.321766,0.264927
34.58373,0.327895,0.269955,0.321730,0.264880
34.58946,0.327801,0.269859,0.321694,0.264832
34.59519,0.327707,0.269763,0.321657,0.264783
34.60092,0.327613,0.269667,0.321620,0.264734
34.60665,0.327518,0.269571,0.321582,0.264685
34.61238,0.327423,0.269474,0.321544,0.264635
34.61811,0.327328,0.269377,0.321504,0.264584
34.62384,0.327232,0.269280,0.321465,0.264533
34.62957,0.327136,0.269182,0.321424,0.264482
34.63530,0.327040,0.269084,0.321383,0.264430
34.64103,0.326944,0.268986,0.321342,0.264377
34.64676,0.326847,0.268888,0.321300,0.264324
34.65249,0.326750,0.268789,0.321257,0.264271
34.65822,0.326652,0.268691,0.321213,0.264217
34.66395,0.326554,0.268592,0.321169,0.264163
34.66968,0.326456,0.268492,0.321125,0.264108
34.67541,0.326358,0.268393,0.321080,0.264052
34.68114,0.326259,0.268293,0.321034,0.263996
34.68686,0.326160,0.268193,0.320988,0.263940
34.69259,0.326060,0.268093,0.320941,0.263883
34.69832,0.325961,0.267992,0.320893,0.263826
34.70405,0.325861,0.267891,0.320845,0.263768
34.70978,0.325760,0.267790,0.320796,0.263709
34.71551,0.325659,0.267689,0.320747,0.263651
34.72124,0.325558,0.267587,0.320697,0.263591
34.72697,0.325457,0.267485,0.320646,0.263531
34.73270,0.325355,0.267383,0.320595,0.263471
34.73843,0.325253,0.267281,0.320543,0.263410
34.74416,0.325151,0.267178,0.320491,0.263349
34.74989,0.325048,0.267075,0.320438,0.263287
34.75562,0.324945,0.266972,0.320385,0.263225
34.76135,0.324842,0.266869,0.320330,0.263162
34.76708,0.324739,0.266765,0.320276,0.263099
34.77281,0.324635,0.266661,0.320220,0.263035
34.77854,0.324531,0.266557,0.320164,0.262971
34.78427,0.324426,0.266453,0.320108,0.262906
34.79000,0.324321,0.266348,0.320051,0.262841
34.79573,0.324216,0.266243,0.319993,0.262776
34.80146,0.324110,0.266138,0.319935,0.262710
34.80719,0.324005,0.266033,0.319876,0.262643
34.81292,0.323899,0.265927,0.319816,0.262576
34.81865,0.323792,0.265821,0.319756,0.262508
34.82437,0.323685,0.265715,0.319696,0.262440
34.83010,0.323578,0.265609,0.319634,0.262372
34.83583,0.323471,0.265502,0.319572,0.262302
34.84156,0.323363,0.265395,0.319510,0.262233
34.84729,0.323255,0.265288,0.319447,0.262163
34.85302,0.323147,0.265181,0.319383,0.262092
34.85875,0.323038,0.265073,0.319319,0.262021
34.86448,0.322929,0.264965,0.319254,0.261950
34.87021,0.322820,0.264857,0.319189,0.261878
34.87594,0.322710,0.264749,0.319123,0.261806
34.88167,0.322600,0.264640,0.319056,0.261733
34.88740,0.322490,0.264531,0.318989,0.261659
34.89313,0.322379,0.264422,0.318921,0.261586
34.89886,0.322269,0.264313,0.318853,0.261511
34.90459,0.322157,0.264203,0.318784,0.261436
34.91032,0.322046,0.264093,0.318714,0.261361
34.91605,0.321934,0.263983,0.318644,0.261285
34.92178,0.321822,0.263873,0.318573,0.261209
34.92751,0.321709,0.263762,0.318502,0.261132
34.93324,0.321597,0.263651,0.318430,0.261055
34.93897,0.321484,0.263540,0.318357,0.260977
34.94470,0.321370,0.263429,0.318284,0.260899
34.95043,0.321256,0.263317,0.318210,0.260821
34.95616,0.321142,0.263205,0.318136,0.260741
34.96188,0.321028,0.263093,0.318061,0.260662
34.96761,0.320913,0.262981,0.317986,0.260582
34.97334,0.320798,0.262868,0.317910,0.260501
34.97907,0.320683,0.262755,0.317833,0.260420
34.98480,0.320567,0.262642,0.317756,0.260339
34.99053,0.320452,0.262529,0.317678,0.260257
34.99626,0.320335,0.262415,0.317600,0.260174
35.00199,0.320219,0.262301,0.317521,0.260091
35.00772,0.320102,0.262187,0.317441,0.260008
35.01345,0.319985,0.262073,0.317361,0.259924
35.01918,0.319867,0.261958,0.317280,0.259840
35.02491,0.319749,0.261844,0.317199,0.259755
35.03064,0.319631,0.261728,0.317117,0.259670
35.03637,0.319513,0.261613,0.317035,0.259584
35.04210,0.319394,0.261498,0.316951,0.259498
35.04783,0.319275,0.261382,0.316868,0.259411
35.05356,0.319156,0.261266,0.316784,0.259324
35.05929,0.319036,0.261149,0.316699,0.259236
35.06502,0.318916,0.261033,0.316613,0.259148
35.07075,0.318796,0.260916,0.316527,0.259060
35.07648,0.318675,0.260799,0.316441,0.258971
35.08221,0.318554,0.260682,0.316354,0.258881
35.08794,0.318433,0.260564,0.316266,0.258791
35.09366,0.318311,0.260446,0.316178,0.258701
35.09939,0.318189,0.260328,0.316089,0.258610
35.10512,0.318067,0.260210,0.315999,0.258518
35.11085,0.317945,0.260092,0.315909,0.258427
35.11658,0.317822,0.259973,0.315818,0.258334
35.12231,0.317699,0.259854,0.315727,0.258241
35.12804,0.317575,0.259735,0.315635,0.258148
35.13377,0.317452,0.259615,0.315543,0.258054
35.13950,0.317327,0.259496,0.315450,0.257960
35.14523,0.317203,0.259376,0.315357,0.257866
35.15096,0.317078,0.259255,0.315262,0.257771
35.15669,0.316953,0.259135,0.315168,0.257675
35.16242,0.316828,0.259014,0.315072,0.257579
35.16815,0.316703,0.258893,0.314977,0.257482
35.17388,0.316577,0.258772,0.314880,0.257385
35.17961,0.316450,0.258651,0.314783,0.257288
35.18534,0.316324,0.258529,0.314686,0.257190
35.19107,0.316197,0.258407,0.314588,0.257092
35.19680,0.316070,0.258285,0.314489,0.256993
35.20253,0.315942,0.258163,0.314390,0.256894
35.20826,0.315815,0.258040,0.314290,0.256794
35.21399,0.315686,0.257917,0.314189,0.256694
35.21972,0.315558,0.257794,0.314088,0.256593
35.22545,0.315429,0.257671,0.313987,0.256492
35.23117,0.315300,0.257547,0.313884,0.256391
35.23690,0.315171,0.257423,0.313782,0.256289
35.24263,0.315041,0.257299,0.313678,0.256186
35.24836,0.314911,0.257175,0.313575,0.256083
35.25409,0.314781,0.257050,0.313470,0.255980
35.25982,0.314651,0.256926,0.313365,0.255876
35.26555,0.314520,0.256801,0.313260,0.255772
35.27128,0.314388,0.256675,0.313153,0.255667
35.27701,0.314257,0.256550,0.313047,0.255562
35.28274,0.314125,0.256424,0.312939,0.255456
35.28847,0.313993,0.256298,0.312832,0.255350
35.29420,0.313861,0.256172,0.312723,0.255243
35.29993,0.313728,0.256045,0.312614,0.255136
35.30566,0.313595,0.255919,0.312505,0.255029
35.31139,0.313462,0.255792,0.312394,0.254921
35.31712,0.313328,0.255665,0.312284,0.254813
35.32285,0.313194,0.255537,0.312172,0.254704
35.32858,0.313060,0.255410,0.312061,0.254594
35.33431,0.312925,0.255282,0.311948,0.254485
35.34004,0.312790,0.255154,0.311835,0.254375
35.34577,0.312655,0.255025,0.311722,0.254264
35.35150,0.312520,0.254897,0.311608,0.254153
35.35723,0.312384,0.254768,0.311493,0.254041
35.36296,0.312248,0.254639,0.311378,0.253929
35.36868,0.312111,0.254509,0.311262,0.253817
35.37441,0.311975,0.254380,0.311146,0.253704
35.38014,0.311838,0.254250,0.311029,0.253591
35.38587,0.311700,0.254120,0.310911,0.253477
35.39160,0.311563,0.253990,0.310793,0.253363
35.39733,0.311425,0.253859,0.310675,0.253248
35.40306,0.311287,0.253729,0.310556,0.253133
35.40879,0.311148,0.253598,0.310436,0.253017
35.41452,0.311009,0.253467,0.310316,0.252901
35.42025,0.310870,0.253335,0.310195,0.252785
35.42598,0.310731,0.253203,0.310073,0.252668
35.43171,0.310591,0.253072,0.309952,0.252551
35.43744,0.310451,0.252939,0.309829,0.252433
35.44317,0.310310,0.252807,0.309706,0.252315
35.44890,0.310170,0.252675,0.309582,0.252196
35.45463,0.310029,0.252542,0.309458,0.252077
35.46036,0.309887,0.252409,0.309333,0.251957
35.46609,0.309746,0.252275,0.309208,0.251837
35.47182,0.309604,0.252142,0.309082,0.251717
35.47755,0.309462,0.252008,0.308956,0.251596
35.48328,0.309319,0.251874,0.308829,0.251475
35.48901,0.309177,0.251740,0.308702,0.251353
35.49474,0.309033,0.251605,0.308574,0.251231
35.50046,0.308890,0.251471,0.308445,0.251108
35.50619,0.308746,0.251336,0.308316,0.250985
35.51192,0.308602,0.251201,0.308186,0.250862
35.51765,0.308458,0.251065,0.308056,0.250738
35.52338,0.308313,0.250930,0.307925,0.250614
35.52911,0.308169,0.250794,0.307794,0.250489
35.53484,0.308023,0.250658,0.307662,0.250364
35.54057,0.307878,0.250521,0.307529,0.250238
35.54630,0.307732,0.250385,0.307396,0.250112
35.55203,0.307586,0.250248,0.307263,0.249985
35.55776,0.307439,0.250111,0.307129,0.249858
35.56349,0.307293,0.249974,0.306994,0.249731
35.56922,0.307146,0.249836,0.306859,0.249603
35.57495,0.306998,0.249699,0.306723,0.249475
35.58068,0.306851,0.249561,0.306587,0.249346
35.58641,0.306703,0.249423,0.306450,0.249217
35.59214,0.306555,0.249284,0.306313,0.249088
35.59787,0.306406,0.249146,0.306175,0.248958
35.60360,0.306257,0.249007,0.306036,0.248827
35.60933,0.306108,0.248868,0.305897,0.248696
35.61506,0.305959,0.248728,0.305758,0.248565
35.62079,0.305809,0.248589,0.305618,0.248434
35.62652,0.305659,0.248449,0.305477,0.248301
35.63225,0.305509,0.248309,0.305336,0.248169
35.63797,0.305358,0.248169,0.305194,0.248036
35.64370,0.305207,0.248029,0.305052,0.247903
35.64943,0.305056,0.247888,0.304909,0.247769
35.65516,0.304904,0.247747,0.304766,0.247635
35.66089,0.304753,0.247606,0.304622,0.247500
35.66662,0.304601,0.247465,0.304478,0.247365
35.67235,0.304448,0.247323,0.304333,0.247229
35.67808,0.304295,0.247181,0.304187,0.247093
35.68381,0.304142,0.247039,0.304041,0.246957
35.68954,0.303989,0.246897,0.303895,0.246820
35.69527,0.303836,0.246754,0.303748,0.246683
35.70100,0.303682,0.246612,0.303600,0.246546
35.70673,0.303527,0.246469,0.303452,0.246408
35.71246,0.303373,0.246326,0.303303,0.246269
35.71819,0.303218,0.246182,0.303154,0.246130
35.72392,0.303063,0.246039,0.303004,0.245991
35.72965,0.302908,0.245895,0.302854,0.245851
35.73538,0.302752,0.245751,0.302703,0.245711
35.74111,0.302596,0.245607,0.302552,0.245571
35.74684,0.302440,0.245462,0.302400,0.245430
35.75257,0.302283,0.245317,0.302248,0.245289
35.75830,0.302126,0.245172,0.302095,0.245147
35.76403,0.301969,0.245027,0.301941,0.245005
35.76976,0.301812,0.244882,0.301787,0.244862
35.77548,0.301654,0.244736,0.301633,0.244719
35.78121,0.301496,0.244590,0.301478,0.244576
35.78694,0.301338,0.244444,0.301322,0.244432
35.79267,0.301179,0.244298,0.301166,0.244288
35.79840,0.301020,0.244152,0.301010,0.244143
35.80413,0.300861,0.244005,0.300853,0.243998
35.80986,0.300701,0.243858,0.300695,0.243852
35.81559,0.300542,0.243711,0.300537,0.243707
35.82132,0.300382,0.243563,0.300378,0.243560
35.82705,0.300221,0.243416,0.300219,0.243414
35.83278,0.300061,0.243268,0.300059,0.243267
35.83851,0.299900,0.243120,0.299899,0.243119
35.84424,0.299738,0.242971,0.299738,0.242971
35.84997,0.299577,0.242823,0.299577,0.242823
35.85570,0.299415,0.242674,0.299415,0.242674
35.86143,0.299253,0.242525,0.299253,0.242525
35.86716,0.299090,0.242376,0.299090,0.242376
35.87289,0.298928,0.242227,0.298926,0.242226
35.87862,0.298765,0.242077,0.298762,0.242075
35.88435,0.298601,0.241927,0.298598,0.241925
35.89008,0.298438,0.241777,0.298433,0.241773
35.89581,0.298274,0.241627,0.298268,0.241622
35.90154,0.298110,0.241476,0.298102,0.241470
35.90727,0.297945,0.241326,0.297935,0.241318
35.91299,0.297780,0.241175,0.297768,0.241165
35.91872,0.297615,0.241024,0.297601,0.241012
35.92445,0.297450,0.240872,0.297433,0.240858
35.93018,0.297284,0.240721,0.297264,0.240704
35.93591,0.297118,0.240569,0.297095,0.240550
35.94164,0.296952,0.240417,0.296926,0.240395
35.94737,0.296786,0.240265,0.296756,0.240240
35.95310,0.296619,0.240112,0.296585,0.240085
35.95883,0.296452,0.239960,0.296414,0.239929
35.96456,0.296284,0.239807,0.296242,0.239773
35.97029,0.296117,0.239654,0.296070,0.239616
35.97602,0.295949,0.239500,0.295898,0.239459
35.98175,0.295780,0.239347,0.295725,0.239302
35.98748,0.295612,0.239193,0.295551,0.239144
35.99321,0.295443,0.239039,0.295377,0.238985
35.99894,0.295274,0.238885,0.295202,0.238827
36.00467,0.295105,0.238731,0.295027,0.238668
36.01040,0.294935,0.238576,0.294851,0.238508
36.01613,0.294765,0.238421,0.294675,0.238349
36.02186,0.294595,0.238266,0.294499,0.238188
36.02759,0.294424,0.238111,0.294322,0.238028
36.03332,0.294253,0.237955,0.294144,0.237867
36.03905,0.294082,0.237800,0.293966,0.237706
36.04477,0.293911,0.237644,0.293787,0.237544
36.05050,0.293739,0.237488,0.293608,0.237382
36.05623,0.293567,0.237331,0.293428,0.237219
36.06196,0.293395,0.237175,0.293248,0.237056
36.06769,0.293222,0.237018,0.293068,0.236893
36.07342,0.293049,0.236861,0.292887,0.236729
36.07915,0.292876,0.236704,0.292705,0.236565
36.08488,0.292703,0.236546,0.292523,0.236401
36.09061,0.292529,0.236389,0.292340,0.236236
36.09634,0.292355,0.236231,0.292157,0.236071
36.10207,0.292181,0.236073,0.291974,0.235906
36.10780,0.292006,0.235915,0.291790,0.235740
36.11353,0.291832,0.235756,0.291605,0.235573
36.11926,0.291656,0.235598,0.291420,0.235407
36.12499,0.291481,0.235439,0.291235,0.235240
36.13072,0.291305,0.235280,0.291048,0.235072
36.13645,0.291129,0.235120,0.290862,0.234904
36.14218,0.290953,0.234961,0.290675,0.234736
36.14791,0.290777,0.234801,0.290487,0.234568
36.15364,0.290600,0.234641,0.290299,0.234399
36.15937,0.290423,0.234481,0.290111,0.234230
36.16510,0.290245,0.234321,0.289922,0.234060
36.17083,0.290068,0.234160,0.289733,0.233890
36.17656,0.289890,0.234000,0.289543,0.233719
36.18228,0.289711,0.233839,0.289352,0.233549
36.18801,0.289533,0.233677,0.289161,0.233378
36.19374,0.289354,0.233516,0.288970,0.233206
36.19947,0.289175,0.233354,0.288778,0.233034
36.20520,0.288996,0.233193,0.288586,0.232862
36.21093,0.288816,0.233031,0.288393,0.232689
36.21666,0.288636,0.232868,0.288200,0.232516
36.22239,0.288456,0.232706,0.288006,0.232343
36.22812,0.288275,0.232543,0.287812,0.232169
36.23385,0.288095,0.232380,0.287617,0.231995
36.23958,0.287914,0.232217,0.287422,0.231821
36.24531,0.287732,0.232054,0.287226,0.231646
36.25104,0.287551,0.231891,0.287030,0.231471
36.25677,0.287369,0.231727,0.286834,0.231295
36.26250,0.287187,0.231563,0.286636,0.231119
36.26823,0.287004,0.231399,0.286439,0.230943
36.27396,0.286821,0.231235,0.286241,0.230767
36.27969,0.286638,0.231070,0.286042,0.230590
36.28542,0.286455,0.230906,0.285843,0.230412
36.29115,0.286272,0.230741,0.285644,0.230235
36.29688,0.286088,0.230575,0.285444,0.230057
36.30261,0.285904,0.230410,0.285244,0.229878
36.30834,0.285719,0.230245,0.285043,0.229700
36.31407,0.285535,0.230079,0.284841,0.229520
36.31979,0.285350,0.229913,0.284640,0.229341
36.32552,0.285164,0.229747,0.284437,0.229161
36.33125,0.284979,0.229581,0.284235,0.228981
36.33698,0.284793,0.229414,0.284032,0.228801
36.34271,0.284607,0.229247,0.283828,0.228620
36.34844,0.284421,0.229080,0.283624,0.228438
36.35417,0.284234,0.228913,0.283419,0.228257
36.35990,0.284047,0.228746,0.283214,0.228075
36.36563,0.283860,0.228578,0.283009,0.227893
36.37136,0.283673,0.228411,0.282803,0.227710
36.37709,0.283485,0.228243,0.282596,0.227527
36.38282,0.283297,0.228074,0.282390,0.227344
36.38855,0.283109,0.227906,0.282182,0.227160
36.39428,0.282920,0.227738,0.281975,0.226976
36.40001,0.282731,0.227569,0.281766,0.226792
36.40574,0.282542,0.227400,0.281558,0.226607
36.41147,0.282353,0.227231,0.281348,0.226422
36.41720,0.282163,0.227061,0.281139,0.226237
36.42293,0.281973,0.226892,0.280929,0.226051
36.42866,0.281783,0.226722,0.280718,0.225865
36.43439,0.281593,0.226552,0.280507,0.225679
36.44012,0.281402,0.226382,0.280296,0.225492
36.44585,0.281211,0.226211,0.280084,0.225305
36.45157,0.281020,0.226041,0.279872,0.225118
36.45730,0.280828,0.225870,0.279659,0.224930
36.46303,0.280636,0.225699,0.279446,0.224742
36.46876,0.280444,0.225528,0.279232,0.224553
36.47449,0.280252,0.225357,0.279018,0.224365
36.48022,0.280059,0.225185,0.278804,0.224175
36.48595,0.279866,0.225013,0.278589,0.223986
36.49168,0.279673,0.224841,0.278373,0.223796
36.49741,0.279480,0.224669,0.278157,0.223606
36.50314,0.279286,0.224497,0.277941,0.223416
36.50887,0.279092,0.224324,0.277724,0.223225
36.51460,0.278898,0.224152,0.277507,0.223034
36.52033,0.278703,0.223979,0.277290,0.222843
36.52606,0.278509,0.223806,0.277071,0.222651
36.53179,0.278314,0.223632,0.276853,0.222459
36.53752,0.278118,0.223459,0.276634,0.222266
36.54325,0.277923,0.223285,0.276415,0.222074
36.54898,0.277727,0.223111,0.276195,0.221881
36.55471,0.277531,0.222937,0.275975,0.221687
36.56044,0.277334,0.222763,0.275754,0.221494
36.56617,0.277137,0.222588,0.275533,0.221300
36.57190,0.276941,0.222414,0.275311,0.221105
36.57763,0.276743,0.222239,0.275089,0.220911
36.58336,0.276546,0.222064,0.274867,0.220716
36.58908,0.276348,0.221888,0.274644,0.220520
36.59481,0.276150,0.221713,0.274421,0.220325
36.60054,0.275952,0.221537,0.274197,0.220129
36.60627,0.275753,0.221362,0.273973,0.219932
36.61200,0.275554,0.221185,0.273748,0.219736
36.61773,0.275355,0.221009,0.273523,0.219539
36.62346,0.275156,0.220833,0.273298,0.219342
36.62919,0.274956,0.220656,0.273072,0.219144
36.63492,0.274756,0.220479,0.272846,0.218946
36.64065,0.274556,0.220302,0.272619,0.218748
36.64638,0.274356,0.220125,0.272392,0.218550
36.65211,0.274155,0.219948,0.272165,0.218351
36.65784,0.273954,0.219770,0.271937,0.218152
36.66357,0.273753,0.219593,0.271708,0.217952
36.66930,0.273552,0.219415,0.271479,0.217753
36.67503,0.273350,0.219236,0.271250,0.217553
36.68076,0.273148,0.219058,0.271021,0.217352
36.68649,0.272946,0.218880,0.270791,0.217151
36.69222,0.272743,0.218701,0.270560,0.216951
36.69795,0.272540,0.218522,0.270329,0.216749
36.70368,0.272337,0.218343,0.270098,0.216548
36.70941,0.272134,0.218164,0.269866,0.216346
36.71514,0.271930,0.217984,0.269634,0.216144
36.72087,0.271727,0.217805,0.269402,0.215941
36.72659,0.271522,0.217625,0.269169,0.215738
36.73232,0.271318,0.217445,0.268935,0.215535
36.73805,0.271113,0.217264,0.268702,0.215332
36.74378,0.270909,0.217084,0.268468,0.215128
36.74951,0.270703,0.216904,0.268233,0.214924
36.75524,0.270498,0.216723,0.267998,0.214720
36.76097,0.270292,0.216542,0.267763,0.214515
36.76670,0.270086,0.216361,0.267527,0.214310
36.77243,0.269880,0.216179,0.267291,0.214105
36.77816,0.269674,0.215998,0.267054,0.213900
36.78389,0.269467,0.215816,0.266817,0.213694
36.78962,0.269260,0.215634,0.266580,0.213488
36.79535,0.269053,0.215452,0.266342,0.213281
36.80108,0.268845,0.215270,0.266104,0.213075
36.80681,0.268638,0.215087,0.265865,0.212868
36.81254,0.268430,0.214905,0.265626,0.212660
36.81827,0.268221,0.214722,0.265387,0.212453
36.82400,0.268013,0.214539,0.265147,0.212245
36.82973,0.267804,0.214356,0.264907,0.212037
36.83546,0.267595,0.214172,0.264666,0.211828
36.84119,0.267386,0.213989,0.264425,0.211620
36.84692,0.267176,0.213805,0.264184,0.211411
36.85265,0.266966,0.213621,0.263942,0.211201
36.85837,0.266756,0.213437,0.263700,0.210992
36.86410,0.266546,0.213253,0.263457,0.210782
36.86983,0.266335,0.213068,0.263214,0.210572
36.87556,0.266125,0.212884,0.262971,0.210361
36.88129,0.265913,0.212699,0.262727,0.210151
36.88702,0.265702,0.212514,0.262483,0.209940
36.89275,0.265490,0.212329,0.262239,0.209728
36.89848,0.265279,0.212143,0.261994,0.209517
36.90421,0.265067,0.211958,0.261749,0.209305
36.90994,0.264854,0.211772,0.261503,0.209093
36.91567,0.264642,0.211586,0.261257,0.208880
36.92140,0.264429,0.211400,0.261011,0.208668
36.92713,0.264216,0.211214,0.260764,0.208455
36.93286,0.264002,0.211028,0.260517,0.208241
36.93859,0.263788,0.210841,0.260269,0.208028
36.94432,0.263575,0.210654,0.260021,0.207814
36.95005,0.263360,0.210467,0.259773,0.207600
36.95578,0.263146,0.210280,0.259524,0.207386
36.96151,0.262931,0.210093,0.259275,0.207171
36.96724,0.262717,0.209905,0.259026,0.206956
36.97297,0.262501,0.209717,0.258776,0.206741
36.97870,0.262286,0.209530,0.258526,0.206526
36.98443,0.262070,0.209342,0.258275,0.206310
36.99016,0.261854,0.209153,0.258024,0.206094
36.99588,0.261638,0.208965,0.257773,0.205878
37.00161,0.261422,0.208776,0.257521,0.205661
37.00734,0.261205,0.208588,0.257269,0.205445
37.01307,0.260988,0.208399,0.257017,0.205228
37.01880,0.260771,0.208210,0.256764,0.205010
37.02453,0.260554,0.208020,0.256511,0.204793
37.03026,0.260336,0.207831,0.256257,0.204575
37.03599,0.260118,0.207641,0.256004,0.204357
37.04172,0.259900,0.207451,0.255749,0.204138
37.04745,0.259682,0.207261,0.255495,0.203920
37.05318,0.259463,0.207071,0.255240,0.203701
37.05891,0.259244,0.206881,0.254985,0.203482
37.06464,0.259025,0.206690,0.254729,0.203262
37.07037,0.258805,0.206500,0.254473,0.203043
37.07610,0.258586,0.206309,0.254216,0.202823
37.08183,0.258366,0.206118,0.253960,0.202603
37.08756,0.258146,0.205927,0.253703,0.202382
37.09329,0.257925,0.205735,0.253445,0.202162
37.09902,0.257705,0.205544,0.253187,0.201941
37.10475,0.257484,0.205352,0.252929,0.201720
37.11048,0.257263,0.205160,0.252671,0.201498
37.11621,0.257041,0.204968,0.252412,0.201277
37.12194,0.256820,0.204776,0.252153,0.201055
37.12767,0.256598,0.204584,0.251893,0.200832
37.13339,0.256376,0.204391,0.251633,0.200610
37.13912,0.256153,0.204198,0.251373,0.200387
37.14485,0.255931,0.204005,0.251112,0.200164
37.15058,0.255708,0.203812,0.250851,0.199941
37.15631,0.255485,0.203619,0.250590,0.199718
37.16204,0.255262,0.203426,0.250328,0.199494
37.16777,0.255038,0.203232,0.250066,0.199270
37.17350,0.254814,0.203038,0.249804,0.199046
37.17923,0.254590,0.202844,0.249541,0.198822
37.18496,0.254366,0.202650,0.249278,0.198597
37.19069,0.254141,0.202456,0.249015,0.198372
37.19642,0.253917,0.202262,0.248751,0.198147
37.20215,0.253692,0.202067,0.248487,0.197922
37.20788,0.253466,0.201872,0.248223,0.197696
37.21361,0.253241,0.201677,0.247958,0.197470
37.21934,0.253015,0.201482,0.247693,0.197244
37.22507,0.252789,0.201287,0.247428,0.197018
37.23080,0.252563,0.201092,0.247162,0.196791
37.23653,0.252336,0.200896,0.246896,0.196565
37.24226,0.252110,0.200700,0.246629,0.196338
37.24799,0.251883,0.200504,0.246363,0.196110
37.25372,0.251655,0.200308,0.246096,0.195883
37.25945,0.251428,0.200112,0.245828,0.195655
37.26517,0.251200,0.199916,0.245561,0.195427
37.27090,0.250972,0.199719,0.245293,0.195199
37.27663,0.250744,0.199522,0.245024,0.194971
37.28236,0.250516,0.199325,0.244756,0.194742
37.28809,0.250287,0.199128,0.244487,0.194513
37.29382,0.250058,0.198931,0.244217,0.194284
37.29955,0.249829,0.198734,0.243948,0.194055
37.30528,0.249600,0.198536,0.243678,0.193825
37.31101,0.249370,0.198339,0.243407,0.193596
37.31674,0.249141,0.198141,0.243137,0.193366
37.32247,0.248911,0.197943,0.242866,0.193136
37.32820,0.248680,0.197744,0.242595,0.192905
37.33393,0.248450,0.197546,0.242323,0.192675
37.33966,0.248219,0.197347,0.242051,0.192444
37.34539,0.247988,0.197149,0.241779,0.192213
37.35112,0.247757,0.196950,0.241506,0.191981
37.35685,0.247525,0.196751,0.241234,0.191750
37.36258,0.247294,0.196552,0.240960,0.191518
37.36831,0.247062,0.196352,0.240687,0.191286
37.37404,0.246830,0.196153,0.240413,0.191054
37.37977,0.246597,0.195953,0.240139,0.190822
37.38550,0.246365,0.195753,0.239865,0.190589
37.39123,0.246132,0.195554,0.239590,0.190356
37.39696,0.245899,0.195353,0.239315,0.190123
37.40268,0.245665,0.195153,0.239040,0.189890
37.40841,0.245432,0.194953,0.238764,0.189657
37.41414,0.245198,0.194752,0.238488,0.189423
37.41987,0.244964,0.194551,0.238212,0.189189
37.42560,0.244730,0.194350,0.237936,0.188955
37.43133,0.244495,0.194149,0.237659,0.188721
37.43706,0.244260,0.193948,0.237382,0.188486
37.44279,0.244026,0.193747,0.237104,0.188252
37.44852,0.243790,0.193545,0.236827,0.188017
37.45425,0.243555,0.193343,0.236549,0.187782
37.45998,0.243319,0.193142,0.236270,0.187546
37.46571,0.243083,0.192940,0.235992,0.187311
37.47144,0.242847,0.192737,0.235713,0.187075
37.47717,0.242611,0.192535,0.235434,0.186839
37.48290,0.242374,0.192333,0.235154,0.186603
37.48863,0.242138,0.192130,0.234875,0.186367
37.49436,0.241901,0.191927,0.234595,0.186130
37.50009,0.241663,0.191724,0.234314,0.185894
37.50582,0.241426,0.191521,0.234034,0.185657
37.51155,0.241188,0.191318,0.233753,0.185420
37.51728,0.240950,0.191115,0.233472,0.185183
37.52301,0.240712,0.190911,0.233190,0.184945
37.52874,0.240474,0.190707,0.232908,0.184708
37.53447,0.240235,0.190503,0.232626,0.184470
37.54019,0.239996,0.190299,0.232344,0.184232
37.54592,0.239757,0.190095,0.232061,0.183993
37.55165,0.239518,0.189891,0.231779,0.183755
37.55738,0.239279,0.189686,0.231495,0.183516
37.56311,0.239039,0.189482,0.231212,0.183278
37.56884,0.238799,0.189277,0.230928,0.183039
37.57457,0.238559,0.189072,0.230644,0.182799
37.58030,0.238318,0.188867,0.230360,0.182560
37.58603,0.238078,0.188662,0.230075,0.182321
37.59176,0.237837,0.188457,0.229791,0.182081
37.59749,0.237596,0.188251,0.229506,0.181841
37.60322,0.237354,0.188045,0.229220,0.181601
37.60895,0.237113,0.187840,0.228935,0.181361
37.61468,0.236871,0.187634,0.228649,0.181120
37.62041,0.236629,0.187427,0.228362,0.180880
37.62614,0.236387,0.187221,0.228076,0.180639
37.63187,0.236145,0.187015,0.227789,0.180398
37.63760,0.235902,0.186808,0.227502,0.180157
37.64333,0.235659,0.186602,0.227215,0.179915
37.64906,0.235416,0.186395,0.226928,0.179674
37.65479,0.235173,0.186188,0.226640,0.179432
37.66052,0.234929,0.185981,0.226352,0.179190
37.66625,0.234686,0.185773,0.226064,0.178948
37.67198,0.234442,0.185566,0.225775,0.178706
37.67770,0.234197,0.185358,0.225486,0.178464
37.68343,0.233953,0.185151,0.225197,0.178221
37.68916,0.233708,0.184943,0.224908,0.177979
37.69489,0.233464,0.184735,0.224618,0.177736
37.70062,0.233219,0.184526,0.224329,0.177493
37.70635,0.232973,0.184318,0.224039,0.177249
37.71208,0.232728,0.184110,0.223748,0.177006
37.71781,0.232482,0.183901,0.223458,0.176762
37.72354,0.232236,0.183692,0.223167,0.176519
37.72927,0.231990,0.183484,0.222876,0.176275
37.73500,0.231744,0.183275,0.222584,0.176031
37.74073,0.231497,0.183065,0.222293,0.175787
37.74646,0.231250,0.182856,0.222001,0.175542
37.75219,0.231003,0.182647,0.221709,0.175298
37.75792,0.230756,0.182437,0.221417,0.175053
37.76365,0.230509,0.182227,0.221124,0.174808
37.76938,0.230261,0.182017,0.220831,0.174563
37.77511,0.230013,0.181807,0.220538,0.174318
37.78084,0.229765,0.181597,0.220245,0.174073
37.78657,0.229517,0.181387,0.219952,0.173827
37.79230,0.229269,0.181177,0.219658,0.173582
37.79803,0.229020,0.180966,0.219364,0.173336
37.80376,0.228771,0.180755,0.219070,0.173090
37.80948,0.228522,0.180544,0.218775,0.172844
37.81521,0.228272,0.180333,0.218481,0.172598
37.82094,0.228023,0.180122,0.218186,0.172352
37.82667,0.227773,0.179911,0.217891,0.172105
37.83240,0.227523,0.179700,0.217595,0.171858
37.83813,0.227273,0.179488,0.217300,0.171612
37.84386,0.227023,0.179276,0.217004,0.171365
37.84959,0.226772,0.179065,0.216708,0.171118
37.85532,0.226521,0.178853,0.216411,0.170870
37.86105,0.226270,0.178641,0.216115,0.170623
37.86678,0.226019,0.178428,0.215818,0.170375
37.87251,0.225767,0.178216,0.215521,0.170128
37.87824,0.225516,0.178003,0.215224,0.169880
37.88397,0.225264,0.177791,0.214927,0.169632
37.88970,0.225012,0.177578,0.214629,0.169384
37.89543,0.224760,0.177365,0.214331,0.169136
37.90116,0.224507,0.177152,0.214033,0.168887
37.90689,0.224254,0.176939,0.213735,0.168639
37.91262,0.224001,0.176726,0.213436,0.168390
37.91835,0.223748,0.176512,0.213137,0.168141
37.92408,0.223495,0.176299,0.212839,0.167893
37.92981,0.223241,0.176085,0.212539,0.167643
37.93554,0.222988,0.175871,0.212240,0.167394
37.94127,0.222734,0.175657,0.211940,0.167145
37.94699,0.222480,0.175443,0.211641,0.166896
37.95272,0.222225,0.175229,0.211341,0.166646
37.95845,0.221971,0.175014,0.211040,0.166396
37.96418,0.221716,0.174800,0.210740,0.166147
37.96991,0.221461,0.174585,0.210439,0.165897
37.97564,0.221206,0.174370,0.210139,0.165646
37.98137,0.220950,0.174156,0.209838,0.165396
37.98710,0.220695,0.173941,0.209536,0.165146
37.99283,0.220439,0.173725,0.209235,0.164896
37.99856,0.220183,0.173510,0.208933,0.164645
38.00429,0.219927,0.173295,0.208631,0.164394
38.01002,0.219671,0.173079,0.208329,0.164143
38.01575,0.219414,0.172863,0.208027,0.163892
38.02148,0.219157,0.172648,0.207725,0.163641
38.02721,0.218900,0.172432,0.207422,0.163390
38.03294,0.218643,0.172216,0.207119,0.163139
38.03867,0.218386,0.171999,0.206816,0.162888
38.04440,0.218128,0.171783,0.206513,0.162636
38.05013,0.217870,0.171567,0.206210,0.162384
38.05586,0.217612,0.171350,0.205906,0.162133
38.06159,0.217354,0.171133,0.205602,0.161881
38.06732,0.217096,0.170917,0.205298,0.161629
38.07305,0.216837,0.170700,0.204994,0.161377
38.07878,0.216578,0.170483,0.204690,0.161124
38.08450,0.216319,0.170265,0.204385,0.160872
38.09023,0.216060,0.170048,0.204081,0.160620
38.09596,0.215801,0.169831,0.203776,0.160367
38.10169,0.215541,0.169613,0.203471,0.160115
38.10742,0.215282,0.169395,0.203166,0.159862
38.11315,0.215022,0.169178,0.202860,0.159609
38.11888,0.214761,0.168960,0.202554,0.159356
38.12461,0.214501,0.168742,0.202249,0.159103
38.13034,0.214240,0.168523,0.201943,0.158850
38.13607,0.213980,0.168305,0.201637,0.158597
38.14180,0.213719,0.168087,0.201330,0.158343
38.14753,0.213458,0.167868,0.201024,0.158090
38.15326,0.213196,0.167649,0.200717,0.157836
38.15899,0.212935,0.167430,0.200410,0.157582
38.16472,0.212673,0.167212,0.200103,0.157329
38.17045,0.212411,0.166992,0.199796,0.157075
38.17618,0.212149,0.166773,0.199489,0.156821
38.18191,0.211887,0.166554,0.199181,0.156567
38.18764,0.211624,0.166335,0.198874,0.156313
38.19337,0.211362,0.166115,0.198566,0.156058
38.19910,0.211099,0.165895,0.198258,0.155804
38.20483,0.210836,0.165676,0.197949,0.155550
38.21056,0.210572,0.165456,0.197641,0.155295
38.21628,0.210309,0.165236,0.197333,0.155041
38.22201,0.210045,0.165016,0.197024,0.154786
38.22774,0.209781,0.164795,0.196715,0.154531
38.23347,0.209517,0.164575,0.196406,0.154276
38.23920,0.209253,0.164355,0.196097,0.154021
38.24493,0.208989,0.164134,0.195788,0.153766
38.25066,0.208724,0.163913,0.195478,0.153511
38.25639,0.208459,0.163692,0.195169,0.153256
38.26212,0.208195,0.163471,0.194859,0.153000
38.26785,0.207929,0.163250,0.194549,0.152745
38.27358,0.207664,0.163029,0.194239,0.152490
38.27931,0.207398,0.162808,0.193929,0.152234
38.28504,0.207133,0.162586,0.193618,0.151978
38.29077,0.206867,0.162365,0.193308,0.151723
38.29650,0.206601,0.162143,0.192997,0.151467
38.30223,0.206335,0.161921,0.192686,0.151211
38.30796,0.206068,0.161700,0.192375,0.150955
38.31369,0.205801,0.161478,0.192064,0.150699
38.31942,0.205535,0.161255,0.191753,0.150443
38.32515,0.205268,0.161033,0.191442,0.150187
38.33088,0.205000,0.160811,0.191130,0.149931
38.33661,0.204733,0.160589,0.190819,0.149674
38.34234,0.204465,0.160366,0.190507,0.149418
38.34807,0.204198,0.160143,0.190195,0.149162
38.35379,0.203930,0.159920,0.189883,0.148905
38.35952,0.203662,0.159698,0.189571,0.148648
38.36525,0.203393,0.159475,0.189258,0.148392
38.37098,0.203125,0.159251,0.188946,0.148135
38.37671,0.202856,0.159028,0.188633,0.147878
38.38244,0.202587,0.158805,0.188321,0.147621
38.38817,0.202318,0.158581,0.188008,0.147364
38.39390,0.202049,0.158358,0.187695,0.147108
38.39963,0.201780,0.158134,0.187382,0.146850
38.40536,0.201510,0.157910,0.187068,0.146593
38.41109,0.201240,0.157687,0.186755,0.146336
38.41682,0.200970,0.157463,0.186441,0.146079
38.42255,0.200700,0.157238,0.186128,0.145822
38.42828,0.200430,0.157014,0.185814,0.145564
38.43401,0.200160,0.156790,0.185500,0.145307
38.43974,0.199889,0.156566,0.185186,0.145049
38.44547,0.199618,0.156341,0.184872,0.144792
38.45120,0.199347,0.156116,0.184558,0.144534
38.45693,0.199076,0.155892,0.184244,0.144277
38.46266,0.198805,0.155667,0.183929,0.144019
38.46839,0.198533,0.155442,0.183615,0.143761
38.47412,0.198261,0.155217,0.183300,0.143504
38.47985,0.197990,0.154992,0.182985,0.143246
38.48558,0.197717,0.154766,0.182670,0.142988
38.49130,0.197445,0.154541,0.182355,0.142730
38.49703,0.197173,0.154315,0.182040,0.142472
38.50276,0.196900,0.154090,0.181725,0.142214
38.50849,0.196628,0.153864,0.181410,0.141956
38.51422,0.196355,0.153638,0.181094,0.141698
38.51995,0.196082,0.153412,0.180779,0.141440
38.52568,0.195808,0.153186,0.180463,0.141181
38.53141,0.195535,0.152960,0.180147,0.140923
38.53714,0.195261,0.152734,0.179831,0.140665
38.54287,0.194987,0.152508,0.179515,0.140406
38.54860,0.194713,0.152281,0.179199,0.140148
38.55433,0.194439,0.152055,0.178883,0.139890
38.56006,0.194165,0.151828,0.178567,0.139631
38.56579,0.193890,0.151602,0.178250,0.139373
38.57152,0.193616,0.151375,0.177934,0.139114
38.57725,0.193341,0.151148,0.177617,0.138856
38.58298,0.193066,0.150921,0.177301,0.138597
38.58871,0.192791,0.150694,0.176984,0.138338
38.59444,0.192516,0.150467,0.176667,0.138080
38.60017,0.192240,0.150239,0.176350,0.137821
38.60590,0.191964,0.150012,0.176033,0.137562
38.61163,0.191689,0.149784,0.175716,0.137304
38.61736,0.191413,0.149557,0.175399,0.137045
38.62308,0.191136,0.149329,0.175082,0.136786
38.62881,0.190860,0.149101,0.174764,0.136527
38.63454,0.190584,0.148873,0.174447,0.136268
38.64027,0.190307,0.148645,0.174130,0.136009
38.64600,0.190030,0.148417,0.173812,0.135750
38.65173,0.189753,0.148189,0.173494,0.135491
38.65746,0.189476,0.147961,0.173176,0.135233
38.66319,0.189199,0.147732,0.172859,0.134974
38.66892,0.188921,0.147504,0.172541,0.134714
38.67465,0.188643,0.147275,0.172223,0.134455
38.68038,0.188366,0.147047,0.171905,0.134196
38.68611,0.188088,0.146818,0.171586,0.133937
38.69184,0.187809,0.146589,0.171268,0.133678
38.69757,0.187531,0.146360,0.170950,0.133419
38.70330,0.187253,0.146131,0.170632,0.133160
38.70903,0.186974,0.145902,0.170313,0.132901
38.71476,0.186695,0.145673,0.169995,0.132642
38.72049,0.186416,0.145443,0.169676,0.132382
38.72622,0.186137,0.145214,0.169357,0.132123
38.73195,0.185858,0.144984,0.169039,0.131864
38.73768,0.185578,0.144755,0.168720,0.131605
38.74341,0.185299,0.144525,0.168401,0.131346
38.74914,0.185019,0.144295,0.168082,0.131086
38.75487,0.184739,0.144065,0.167763,0.130827
38.76059,0.184459,0.143835,0.167444,0.130568
38.76632,0.184179,0.143605,0.167125,0.130309
38.77205,0.183898,0.143375,0.166806,0.130049
38.77778,0.183618,0.143145,0.166487,0.129790
38.78351,0.183337,0.142915,0.166168,0.129531
38.78924,0.183056,0.142684,0.165848,0.129271
38.79497,0.182775,0.142454,0.165529,0.129012
38.80070,0.182494,0.142223,0.165210,0.128753
38.80643,0.182213,0.141992,0.164890,0.128493
38.81216,0.181931,0.141762,0.164571,0.128234
38.81789,0.181649,0.141531,0.164251,0.127975
38.82362,0.181368,0.141300,0.163931,0.127716
38.82935,0.181086,0.141069,0.163612,0.127456
38.83508,0.180804,0.140838,0.163292,0.127197
38.84081,0.180521,0.140606,0.162972,0.126938
38.84654,0.180239,0.140375,0.162652,0.126678
38.85227,0.179956,0.140144,0.162333,0.126419
38.85800,0.179674,0.139912,0.162013,0.126160
38.86373,0.179391,0.139681,0.161693,0.125901
38.86946,0.179108,0.139449,0.161373,0.125641
38.87519,0.178824,0.139217,0.161053,0.125382
38.88092,0.178541,0.138986,0.160733,0.125123
38.88665,0.178258,0.138754,0.160413,0.124864
38.89238,0.177974,0.138522,0.160093,0.124604
38.89810,0.177690,0.138290,0.159772,0.124345
38.90383,0.177406,0.138058,0.159452,0.124086
38.90956,0.177122,0.137825,0.159132,0.123827
38.91529,0.176838,0.137593,0.158812,0.123567
38.92102,0.176553,0.137361,0.158491,0.123308
38.92675,0.176269,0.137128,0.158171,0.123049
38.93248,0.175984,0.136896,0.157851,0.122790
38.93821,0.175699,0.136663,0.157530,0.122531
38.94394,0.175414,0.136430,0.157210,0.122272
38.94967,0.175129,0.136198,0.156890,0.122013
38.95540,0.174844,0.135965,0.156569,0.121754
38.96113,0.174558,0.135732,0.156249,0.121495
38.96686,0.174273,0.135499,0.155928,0.121236
38.97259,0.173987,0.135266,0.155608,0.120977
38.97832,0.173701,0.135033,0.155287,0.120718
38.98405,0.173415,0.134799,0.154967,0.120459
38.98978,0.173129,0.134566,0.154646,0.120200
38.99551,0.172843,0.134332,0.154325,0.119941
39.00124,0.172556,0.134099,0.154005,0.119682
39.00697,0.172270,0.133865,0.153684,0.119423
39.01270,0.171983,0.133632,0.153363,0.119164
39.01843,0.171696,0.133398,0.153043,0.118906
39.02416,0.171409,0.133164,0.152722,0.118647
39.02989,0.171122,0.132930,0.152402,0.118388
39.03561,0.170834,0.132696,0.152081,0.118129
39.04134,0.170547,0.132462,0.151760,0.117871
39.04707,0.170259,0.132228,0.151439,0.117612
39.05280,0.169972,0.131994,0.151119,0.117354
39.05853,0.169684,0.131760,0.150798,0.117095
39.06426,0.169396,0.131526,0.150477,0.116837
39.06999,0.169108,0.131291,0.150157,0.116578
39.07572,0.168819,0.131057,0.149836,0.116320
39.08145,0.168531,0.130822,0.149515,0.116061
39.08718,0.168242,0.130587,0.149194,0.115803
39.09291,0.167953,0.130353,0.148874,0.115545
39.09864,0.167665,0.130118,0.148553,0.115286
39.10437,0.167376,0.129883,0.148232,0.115028
39.11010,0.167086,0.129648,0.147912,0.114770
39.11583,0.166797,0.129413,0.147591,0.114512
39.12156,0.166508,0.129178,0.147270,0.114254
39.12729,0.166218,0.128943,0.146949,0.113995
39.13302,0.165929,0.128708,0.146629,0.113737
39.13875,0.165639,0.128473,0.146308,0.113479
39.14448,0.165349,0.128237,0.145987,0.113222
39.15021,0.165059,0.128002,0.145667,0.112964
39.15594,0.164768,0.127766,0.145346,0.112706
39.16167,0.164478,0.127531,0.145026,0.112448
39.16739,0.164188,0.127295,0.144705,0.112190
39.17312,0.163897,0.127060,0.144384,0.111933
39.17885,0.163606,0.126824,0.144064,0.111675
39.18458,0.163315,0.126588,0.143743,0.111417
39.19031,0.163024,0.126352,0.143423,0.111160
39.19604,0.162733,0.126116,0.143102,0.110902
39.20177,0.162442,0.125880,0.142782,0.110645
39.20750,0.162150,0.125644,0.142461,0.110388
39.21323,0.161859,0.125408,0.142141,0.110130
39.21896,0.161567,0.125172,0.141820,0.109873
39.22469,0.161275,0.124935,0.141500,0.109616
39.23042,0.160983,0.124699,0.141179,0.109359
39.23615,0.160691,0.124463,0.140859,0.109102
39.24188,0.160399,0.124226,0.140539,0.108845
39.24761,0.160107,0.123990,0.140218,0.108588
39.25334,0.159814,0.123753,0.139898,0.108331
39.25907,0.159522,0.123516,0.139578,0.108074
39.26480,0.159229,0.123280,0.139258,0.107817
39.27053,0.158936,0.123043,0.138938,0.107561
39.27626,0.158643,0.122806,0.138617,0.107304
39.28199,0.158350,0.122569,0.138297,0.107048
39.28772,0.158057,0.122332,0.137977,0.106791
39.29345,0.157763,0.122095,0.137657,0.106535
39.29918,0.157470,0.121858,0.137337,0.106278
39.30490,0.157176,0.121621,0.137017,0.106022
39.31063,0.156883,0.121384,0.136697,0.105766
39.31636,0.156589,0.121146,0.136378,0.105510
39.32209,0.156295,0.120909,0.136058,0.105254
39.32782,0.156001,0.120672,0.135738,0.104998
39.33355,0.155707,0.120434,0.135418,0.104742
39.33928,0.155412,0.120197,0.135099,0.104486
39.34501,0.155118,0.119959,0.134779,0.104230
39.35074,0.154823,0.119721,0.134459,0.103975
39.35647,0.154528,0.119484,0.134140,0.103719
39.36220,0.154234,0.119246,0.133820,0.103463
39.36793,0.153939,0.119008,0.133501,0.103208
39.37366,0.153644,0.118770,0.133181,0.102953
39.37939,0.153348,0.118532,0.132862,0.102697
39.38512,0.153053,0.118294,0.132543,0.102442
39.39085,0.152758,0.118056,0.132224,0.102187
39.39658,0.152462,0.117818,0.131904,0.101932
39.40231,0.152166,0.117580,0.131585,0.101677
39.40804,0.151871,0.117342,0.131266,0.101422
39.41377,0.151575,0.117104,0.130947,0.101167
39.41950,0.151279,0.116865,0.130628,0.100913
39.42523,0.150982,0.116627,0.130310,0.100658
39.43096,0.150686,0.116389,0.129991,0.100404
39.43669,0.150390,0.116150,0.129672,0.100149
39.44241,0.150093,0.115912,0.129353,0.099895
39.44814,0.149797,0.115673,0.129035,0.099641
39.45387,0.149500,0.115434,0.128716,0.099386
39.45960,0.149203,0.115196,0.128398,0.099132
39.46533,0.148906,0.114957,0.128079,0.098878
39.47106,0.148609,0.114718,0.127761,0.098624
39.47679,0.148312,0.114479,0.127443,0.098371
39.48252,0.148015,0.114240,0.127124,0.098117
39.48825,0.147717,0.114001,0.126806,0.097863
39.49398,0.147420,0.113762,0.126488,0.097610
39.49971,0.147122,0.113523,0.126170,0.097356
39.50544,0.146824,0.113284,0.125852,0.097103
39.51117,0.146526,0.113045,0.125535,0.096850
39.51690,0.146228,0.112806,0.125217,0.096597
39.52263,0.145930,0.112567,0.124899,0.096344
39.52836,0.145632,0.112327,0.124582,0.096091
39.53409,0.145334,0.112088,0.124264,0.095838
39.53982,0.145035,0.111849,0.123947,0.095585
39.54555,0.144737,0.111609,0.123629,0.095333
39.55128,0.144438,0.111370,0.123312,0.095080
39.55701,0.144139,0.111130,0.122995,0.094828
39.56274,0.143841,0.110891,0.122678,0.094576
39.56847,0.143542,0.110651,0.122361,0.094324
39.57419,0.143243,0.110411,0.122044,0.094071
39.57992,0.142943,0.110172,0.121727,0.093820
39.58565,0.142644,0.109932,0.121410,0.093568
39.59138,0.142345,0.109692,0.121094,0.093316
39.59711,0.142045,0.109452,0.120777,0.093064
39.60284,0.141746,0.109212,0.120461,0.092813
39.60857,0.141446,0.108972,0.120144,0.092561
39.61430,0.141146,0.108733,0.119828,0.092310
39.62003,0.140846,0.108492,0.119512,0.092059
39.62576,0.140546,0.108252,0.119196,0.091808
39.63149,0.140246,0.108012,0.118880,0.091557
39.63722,0.139946,0.107772,0.118564,0.091306
39.64295,0.139646,0.107532,0.118248,0.091055
39.64868,0.139345,0.107292,0.117933,0.090805
39.65441,0.139045,0.107051,0.117617,0.090554
39.66014,0.138744,0.106811,0.117302,0.090304
39.66587,0.138443,0.106571,0.116986,0.090054
39.67160,0.138142,0.106330,0.116671,0.089804
39.67733,0.137841,0.106090,0.116356,0.089554
39.68306,0.137540,0.105849,0.116041,0.089304
39.68879,0.137239,0.105609,0.115726,0.089054
39.69452,0.136938,0.105368,0.115411,0.088804
39.70025,0.136637,0.105128,0.115096,0.088555
39.70598,0.136335,0.104887,0.114782,0.088305
39.71170,0.136034,0.104646,0.114467,0.088056
39.71743,0.135732,0.104406,0.114153,0.087807
39.72316,0.135430,0.104165,0.113839,0.087558
39.72889,0.135128,0.103924,0.113524,0.087309
39.73462,0.134827,0.103683,0.113210,0.087060
39.74035,0.134525,0.103443,0.112897,0.086812
39.74608,0.134222,0.103202,0.112583,0.086563
39.75181,0.133920,0.102961,0.112269,0.086315
39.75754,0.133618,0.102720,0.111956,0.086067
39.76327,0.133315,0.102479,0.111642,0.085819
39.76900,0.133013,0.102238,0.111329,0.085571
39.77473,0.132710,0.101997,0.111016,0.085323
39.78046,0.132408,0.101756,0.110703,0.085075
39.78619,0.132105,0.101514,0.110390,0.084828
39.79192,0.131802,0.101273,0.110077,0.084580
39.79765,0.131499,0.101032,0.109764,0.084333
39.80338,0.131196,0.100791,0.109452,0.084086
39.80911,0.130893,0.100550,0.109139,0.083839
39.81484,0.130590,0.100308,0.108827,0.083592
39.82057,0.130286,0.100067,0.108515,0.083345
39.82630,0.129983,0.099826,0.108203,0.083099
39.83203,0.129679,0.099584,0.107891,0.082852
39.83776,0.129376,0.099343,0.107579,0.082606
39.84349,0.129072,0.099101,0.107267,0.082360
39.84921,0.128768,0.098860,0.106956,0.082114
39.85494,0.128464,0.098618,0.106645,0.081868
39.86067,0.128161,0.098377,0.106333,0.081622
39.86640,0.127856,0.098135,0.106022,0.081377
39.87213,0.127552,0.097893,0.105711,0.081131
39.87786,0.127248,0.097652,0.105401,0.080886
39.88359,0.126944,0.097410,0.105090,0.080641
39.88932,0.126639,0.097168,0.104780,0.080396
39.89505,0.126335,0.096927,0.104469,0.080151
39.90078,0.126030,0.096685,0.104159,0.079906
39.90651,0.125726,0.096443,0.103849,0.079662
39.91224,0.125421,0.096201,0.103539,0.079417
39.91797,0.125116,0.095960,0.103229,0.079173
39.92370,0.124811,0.095718,0.102920,0.078929
39.92943,0.124506,0.095476,0.102610,0.078685
39.93516,0.124201,0.095234,0.102301,0.078441
39.94089,0.123896,0.094992,0.101992,0.078198
39.94662,0.123591,0.094750,0.101683,0.077954
39.95235,0.123286,0.094508,0.101374,0.077711
39.95808,0.122980,0.094266,0.101065,0.077468
39.96381,0.122675,0.094024,0.100757,0.077225
39.96954,0.122369,0.093782,0.100448,0.076982
39.97527,0.122063,0.093540,0.100140,0.076739
39.98099,0.121758,0.093298,0.099832,0.076497
39.98672,0.121452,0.093056,0.099524,0.076255
39.99245,0.121146,0.092814,0.099216,0.076012
39.99818,0.120840,0.092571,0.098909,0.075770
40.00391,0.120534,0.092329,0.098601,0.075529
40.00964,0.120228,0.092087,0.098294,0.075287
40.01537,0.119922,0.091845,0.097987,0.075045
40.02110,0.119616,0.091602,0.097680,0.074804
40.02683,0.119309,0.091360,0.097373,0.074563
40.03256,0.119003,0.091118,0.097067,0.074322
40.03829,0.118696,0.090876,0.096760,0.074081
40.04402,0.118390,0.090633,0.096454,0.073840
40.04975,0.118083,0.090391,0.096148,0.073600
40.05548,0.117776,0.090149,0.095842,0.073359
40.06121,0.117470,0.089906,0.095536,0.073119
40.06694,0.117163,0.089664,0.095230,0.072879
40.07267,0.116856,0.089421,0.094925,0.072639
40.07840,0.116549,0.089179,0.094620,0.072400
40.08413,0.116242,0.088936,0.094315,0.072160
40.08986,0.115934,0.088694,0.094010,0.071921
40.09559,0.115627,0.088451,0.093705,0.071682
40.10132,0.115320,0.088209,0.093401,0.071443
40.10705,0.115013,0.087966,0.093096,0.071204
40.11278,0.114705,0.087724,0.092792,0.070965
40.11850,0.114398,0.087481,0.092488,0.070727
40.12423,0.114090,0.087239,0.092184,0.070489
40.12996,0.113782,0.086996,0.091881,0.070251
40.13569,0.113475,0.086754,0.091577,0.070013
40.14142,0.113167,0.086511,0.091274,0.069775
40.14715,0.112859,0.086268,0.090971,0.069538
40.15288,0.112551,0.086026,0.090668,0.069300
40.15861,0.112243,0.085783,0.090366,0.069063
40.16434,0.111935,0.085540,0.090063,0.068826
40.17007,0.111627,0.085298,0.089761,0.068589
40.17580,0.111319,0.085055,0.089459,0.068353
40.18153,0.111010,0.084812,0.089157,0.068116
40.18726,0.110702,0.084570,0.088855,0.067880
40.19299,0.110394,0.084327,0.088554,0.067644
40.19872,0.110085,0.084084,0.088252,0.067408
40.20445,0.109777,0.083841,0.087951,0.067172
40.21018,0.109468,0.083599,0.087650,0.066937
40.21591,0.109159,0.083356,0.087350,0.066702
40.22164,0.108851,0.083113,0.087049,0.066466
40.22737,0.108542,0.082870,0.086749,0.066232
40.23310,0.108233,0.082628,0.086448,0.065997
40.23883,0.107924,0.082385,0.086149,0.065762
40.24456,0.107615,0.082142,0.085849,0.065528
40.25029,0.107306,0.081899,0.085549,0.065294
40.25601,0.106997,0.081656,0.085250,0.065060
40.26174,0.106688,0.081414,0.084951,0.064826
40.26747,0.106379,0.081171,0.084652,0.064592
40.27320,0.106069,0.080928,0.084353,0.064359
40.27893,0.105760,0.080685,0.084055,0.064126
40.28466,0.105451,0.080442,0.083756,0.063893
40.29039,0.105141,0.080199,0.083458,0.063660
40.29612,0.104832,0.079957,0.083160,0.063428
40.30185,0.104522,0.079714,0.082863,0.063195
40.30758,0.104213,0.079471,0.082565,0.062963
40.31331,0.103903,0.079228,0.082268,0.062731
40.31904,0.103593,0.078985,0.081971,0.062499
40.32477,0.103283,0.078742,0.081674,0.062268
40.33050,0.102974,0.078499,0.081378,0.062036
40.33623,0.102664,0.078256,0.081081,0.061805
40.34196,0.102354,0.078014,0.080785,0.061574
40.34769,0.102044,0.077771,0.080489,0.061343
40.35342,0.101734,0.077528,0.080194,0.061113
40.35915,0.101424,0.077285,0.079898,0.060882
40.36488,0.101113,0.077042,0.079603,0.060652
40.37061,0.100803,0.076799,0.079308,0.060422
40.37634,0.100493,0.076556,0.079013,0.060193
40.38207,0.100183,0.076313,0.078718,0.059963
40.38779,0.099872,0.076070,0.078424,0.059734
40.39352,0.099562,0.075827,0.078130,0.059505
40.39925,0.099251,0.075585,0.077836,0.059276
40.40498,0.098941,0.075342,0.077542,0.059047
40.41071,0.098630,0.075099,0.077249,0.058819
40.41644,0.098320,0.074856,0.076955,0.058590
40.42217,0.098009,0.074613,0.076662,0.058362
40.42790,0.097698,0.074370,0.076370,0.058134
40.43363,0.097388,0.074127,0.076077,0.057907
40.43936,0.097077,0.073884,0.075785,0.057679
40.44509,0.096766,0.073642,0.075493,0.057452
40.45082,0.096455,0.073399,0.075201,0.057225
40.45655,0.096144,0.073156,0.074909,0.056998
40.46228,0.095833,0.072913,0.074618,0.056772
40.46801,0.095522,0.072670,0.074327,0.056546
40.47374,0.095211,0.072427,0.074036,0.056319
40.47947,0.094900,0.072184,0.073745,0.056094
40.48520,0.094589,0.071942,0.073455,0.055868
40.49093,0.094277,0.071699,0.073165,0.055642
40.49666,0.093966,0.071456,0.072875,0.055417
40.50239,0.093655,0.071213,0.072585,0.055192
40.50812,0.093343,0.070970,0.072296,0.054967
40.51385,0.093032,0.070728,0.072006,0.054743
40.51958,0.092721,0.070485,0.071717,0.054518
40.52530,0.092409,0.070242,0.071429,0.054294
40.53103,0.092098,0.069999,0.071140,0.054070
40.53676,0.091786,0.069756,0.070852,0.053847
40.54249,0.091474,0.069514,0.070564,0.053623
40.54822,0.091163,0.069271,0.070276,0.053400
40.55395,0.090851,0.069028,0.069989,0.053177
40.55968,0.090539,0.068785,0.069702,0.052954
40.56541,0.090228,0.068543,0.069415,0.052732
40.57114,0.089916,0.068300,0.069128,0.052510
40.57687,0.089604,0.068057,0.068842,0.052288
40.58260,0.089292,0.067815,0.068555,0.052066
40.58833,0.088980,0.067572,0.068270,0.051844
40.59406,0.088668,0.067329,0.067984,0.051623
40.59979,0.088356,0.067087,0.067698,0.051402
40.60552,0.088044,0.066844,0.067413,0.051181
40.61125,0.087732,0.066601,0.067128,0.050960
40.61698,0.087420,0.066359,0.066844,0.050740
40.62271,0.087108,0.066116,0.066559,0.050519
40.62844,0.086796,0.065874,0.066275,0.050299
40.63417,0.086484,0.065631,0.065991,0.050080
40.63990,0.086171,0.065388,0.065708,0.049860
40.64563,0.085859,0.065146,0.065424,0.049641
40.65136,0.085547,0.064903,0.065141,0.049422
40.65709,0.085235,0.064661,0.064858,0.049203
40.66281,0.084922,0.064418,0.064576,0.048985
40.66854,0.084610,0.064176,0.064294,0.048766
40.67427,0.084297,0.063933,0.064012,0.048548
40.68000,0.083985,0.063691,0.063730,0.048330
40.68573,0.083673,0.063449,0.063448,0.048113
40.69146,0.083360,0.063206,0.063167,0.047895
40.69719,0.083048,0.062964,0.062886,0.047678
40.70292,0.082735,0.062721,0.062606,0.047461
40.70865,0.082422,0.062479,0.062325,0.047245
40.71438,0.082110,0.062237,0.062045,0.047028
40.72011,0.081797,0.061994,0.061765,0.046812
40.72584,0.081484,0.061752,0.061486,0.046596
40.73157,0.081172,0.061510,0.061207,0.046381
40.73730,0.080859,0.061268,0.060928,0.046165
40.74303,0.080546,0.061025,0.060649,0.045950
40.74876,0.080234,0.060783,0.060370,0.045735
40.75449,0.079921,0.060541,0.060092,0.045521
40.76022,0.079608,0.060299,0.059814,0.045306
40.76595,0.079295,0.060057,0.059537,0.045092
40.77168,0.078982,0.059815,0.059259,0.044878
40.77741,0.078669,0.059573,0.058982,0.044665
40.78314,0.078356,0.059330,0.058706,0.044451
40.78887,0.078043,0.059088,0.058429,0.044238
40.79460,0.077730,0.058846,0.058153,0.044025
40.80032,0.077417,0.058604,0.057877,0.043813
40.80605,0.077104,0.058362,0.057602,0.043600
40.81178,0.076791,0.058120,0.057326,0.043388
40.81751,0.076478,0.057878,0.057051,0.043176
40.82324,0.076165,0.057637,0.056776,0.042964
40.82897,0.075852,0.057395,0.056502,0.042753
40.83470,0.075539,0.057153,0.056228,0.042542
40.84043,0.075226,0.056911,0.055954,0.042331
40.84616,0.074913,0.056669,0.055680,0.042120
40.85189,0.074600,0.056427,0.055407,0.041910
40.85762,0.074287,0.056186,0.055134,0.041700
40.86335,0.073973,0.055944,0.054862,0.041490
40.86908,0.073660,0.055702,0.054589,0.041281
40.87481,0.073347,0.055461,0.054317,0.041071
40.88054,0.073034,0.055219,0.054045,0.040862
40.88627,0.072720,0.054977,0.053774,0.040653
40.89200,0.072407,0.054736,0.053503,0.040445
40.89773,0.072094,0.054494,0.053232,0.040237
40.90346,0.071781,0.054253,0.052961,0.040029
40.90919,0.071467,0.054011,0.052691,0.039821
40.91492,0.071154,0.053770,0.052421,0.039613
40.92065,0.070841,0.053528,0.052151,0.039406
40.92638,0.070527,0.053287,0.051882,0.039199
40.93210,0.070214,0.053046,0.051613,0.038993
40.93783,0.069901,0.052804,0.051344,0.038786
40.94356,0.069587,0.052563,0.051075,0.038580
40.94929,0.069274,0.052322,0.050807,0.038374
40.95502,0.068960,0.052081,0.050539,0.038169
40.96075,0.068647,0.051839,0.050272,0.037963
40.96648,0.068333,0.051598,0.050005,0.037758
40.97221,0.068020,0.051357,0.049738,0.037553
40.97794,0.067707,0.051116,0.049471,0.037349
40.98367,0.067393,0.050875,0.049205,0.037144
40.98940,0.067080,0.050634,0.048939,0.036940
40.99513,0.066766,0.050393,0.048673,0.036737
41.00086,0.066453,0.050152,0.048408,0.036533
41.00659,0.066139,0.049911,0.048143,0.036330
41.01232,0.065826,0.049670,0.047878,0.036127
41.01805,0.065512,0.049429,0.047613,0.035924
41.02378,0.065199,0.049188,0.047349,0.035722
41.02951,0.064885,0.048948,0.047086,0.035520
41.03524,0.064572,0.048707,0.046822,0.035318
41.04097,0.064258,0.048466,0.046559,0.035117
41.04670,0.063945,0.048226,0.046296,0.034915
41.05243,0.063631,0.047985,0.046034,0.034714
41.05816,0.063318,0.047744,0.045771,0.034514
41.06389,0.063004,0.047504,0.045510,0.034313
41.06961,0.062691,0.047263,0.045248,0.034113
41.07534,0.062377,0.047023,0.044987,0.033913
41.08107,0.062064,0.046782,0.044726,0.033713
41.08680,0.061750,0.046542,0.044465,0.033514
41.09253,0.061437,0.046302,0.044205,0.033315
41.09826,0.061123,0.046061,0.043945,0.033116
41.10399,0.060810,0.045821,0.043686,0.032918
41.10972,0.060496,0.045581,0.043426,0.032720
41.11545,0.060183,0.045341,0.043167,0.032522
41.12118,0.059869,0.045101,0.042909,0.032324
41.12691,0.059555,0.044860,0.042650,0.032127
41.13264,0.059242,0.044620,0.042393,0.031930
41.13837,0.058928,0.044380,0.042135,0.031733
41.14410,0.058615,0.044140,0.041878,0.031536
41.14983,0.058301,0.043900,0.041621,0.031340
41.15556,0.057988,0.043661,0.041364,0.031144
41.16129,0.057674,0.043421,0.041108,0.030948
41.16702,0.057361,0.043181,0.040852,0.030753
41.17275,0.057048,0.042941,0.040596,0.030558
41.17848,0.056734,0.042702,0.040341,0.030363
41.18421,0.056421,0.042462,0.040086,0.030169
41.18994,0.056107,0.042222,0.039831,0.029974
41.19567,0.055794,0.041983,0.039577,0.029780
41.20140,0.055480,0.041743,0.039323,0.029587
41.20712,0.055167,0.041504,0.039070,0.029393
41.21285,0.054853,0.041264,0.038816,0.029200
41.21858,0.054540,0.041025,0.038564,0.029008
41.22431,0.054227,0.040786,0.038311,0.028815
41.23004,0.053913,0.040546,0.038059,0.028623
41.23577,0.053600,0.040307,0.037807,0.028431
41.24150,0.053286,0.040068,0.037555,0.028239
41.24723,0.052973,0.039829,0.037304,0.028048
41.25296,0.052660,0.039590,0.037053,0.027857
41.25869,0.052346,0.039351,0.036803,0.027666
41.26442,0.052033,0.039112,0.036553,0.027476
41.27015,0.051720,0.038873,0.036303,0.027286
41.27588,0.051406,0.038634,0.036053,0.027096
41.28161,0.051093,0.038395,0.035804,0.026906
41.28734,0.050780,0.038156,0.035556,0.026717
41.29307,0.050467,0.037918,0.035307,0.026528
41.29880,0.050153,0.037679,0.035059,0.026339
41.30453,0.049840,0.037440,0.034812,0.026151
41.31026,0.049527,0.037202,0.034564,0.025963
41.31599,0.049214,0.036963,0.034317,0.025775
41.32172,0.048900,0.036725,0.034071,0.025587
41.32745,0.048587,0.036487,0.033824,0.025400
41.33318,0.048274,0.036248,0.033578,0.025213
41.33890,0.047961,0.036010,0.033333,0.025027
41.34463,0.047648,0.035772,0.033088,0.024840
41.35036,0.047335,0.035533,0.032843,0.024654
41.35609,0.047022,0.035295,0.032598,0.024469
41.36182,0.046709,0.035057,0.032354,0.024283
41.36755,0.046396,0.034819,0.032110,0.024098
41.37328,0.046083,0.034581,0.031867,0.023914
41.37901,0.045770,0.034343,0.031624,0.023729
41.38474,0.045457,0.034106,0.031381,0.023545
41.39047,0.045144,0.033868,0.031139,0.023361
41.39620,0.044831,0.033630,0.030897,0.023177
41.40193,0.044518,0.033392,0.030655,0.022994
41.40766,0.044205,0.033155,0.030414,0.022811
41.41339,0.043892,0.032917,0.030173,0.022628
41.41912,0.043579,0.032680,0.029933,0.022446
41.42485,0.043267,0.032442,0.029692,0.022264
41.43058,0.042954,0.032205,0.029453,0.022082
41.43631,0.042641,0.031968,0.029213,0.021901
41.44204,0.042328,0.031730,0.028974,0.021720
41.44777,0.042016,0.031493,0.028735,0.021539
41.45350,0.041703,0.031256,0.028497,0.021358
41.45923,0.041390,0.031019,0.028259,0.021178
41.46496,0.041078,0.030782,0.028022,0.020998
41.47069,0.040765,0.030545,0.027784,0.020819
41.47641,0.040453,0.030308,0.027548,0.020639
41.48214,0.040140,0.030071,0.027311,0.020460
41.48787,0.039828,0.029835,0.027075,0.020282
41.49360,0.039515,0.029598,0.026839,0.020103
41.49933,0.039203,0.029361,0.026604,0.019925
41.50506,0.038890,0.029125,0.026369,0.019748
41.51079,0.038578,0.028888,0.026134,0.019570
41.51652,0.038265,0.028652,0.025900,0.019393
41.52225,0.037953,0.028415,0.025666,0.019216
41.52798,0.037641,0.028179,0.025433,0.019040
41.53371,0.037329,0.027943,0.025200,0.018864
41.53944,0.037016,0.027707,0.024967,0.018688
41.54517,0.036704,0.027471,0.024735,0.018512
41.55090,0.036392,0.027235,0.024503,0.018337
41.55663,0.036080,0.026999,0.024271,0.018162
41.56236,0.035768,0.026763,0.024040,0.017988
41.56809,0.035456,0.026527,0.023809,0.017813
41.57382,0.035144,0.026291,0.023579,0.017639
41.57955,0.034832,0.026055,0.023349,0.017466
41.58528,0.034520,0.025820,0.023119,0.017292
41.59101,0.034208,0.025584,0.022890,0.017119
41.59674,0.033896,0.025349,0.022661,0.016947
41.60247,0.033584,0.025113,0.022432,0.016774
41.60820,0.033272,0.024878,0.022204,0.016602
41.61392,0.032961,0.024643,0.021977,0.016430
41.61965,0.032649,0.024407,0.021749,0.016259
41.62538,0.032337,0.024172,0.021522,0.016088
41.63111,0.032026,0.023937,0.021296,0.015917
41.63684,0.031714,0.023702,0.021069,0.015747
41.64257,0.031403,0.023467,0.020844,0.015577
41.64830,0.031091,0.023232,0.020618,0.015407
41.65403,0.030780,0.022998,0.020393,0.015237
41.65976,0.030468,0.022763,0.020169,0.015068
41.66549,0.030157,0.022528,0.019944,0.014899
41.67122,0.029845,0.022294,0.019720,0.014731
41.67695,0.029534,0.022059,0.019497,0.014562
41.68268,0.029223,0.021825,0.019274,0.014395
41.68841,0.028912,0.021590,0.019051,0.014227
41.69414,0.028601,0.021356,0.018829,0.014060
41.69987,0.028289,0.021122,0.018607,0.013893
41.70560,0.027978,0.020888,0.018386,0.013726
41.71133,0.027667,0.020654,0.018164,0.013560
41.71706,0.027356,0.020420,0.017944,0.013394
41.72279,0.027045,0.020186,0.017723,0.013228
41.72852,0.026735,0.019952,0.017504,0.013063
41.73425,0.026424,0.019718,0.017284,0.012898
41.73998,0.026113,0.019485,0.017065,0.012733
41.74570,0.025802,0.019251,0.016846,0.012569
41.75143,0.025491,0.019018,0.016628,0.012405
41.75716,0.025181,0.018784,0.016410,0.012241
41.76289,0.024870,0.018551,0.016193,0.012078
41.76862,0.024560,0.018318,0.015975,0.011915
41.77435,0.024249,0.018084,0.015759,0.011752
41.78008,0.023939,0.017851,0.015542,0.011590
41.78581,0.023628,0.017618,0.015327,0.011428
41.79154,0.023318,0.017385,0.015111,0.011266
41.79727,0.023008,0.017152,0.014896,0.011105
41.80300,0.022697,0.016920,0.014681,0.010944
41.80873,0.022387,0.016687,0.014467,0.010783
41.81446,0.022077,0.016454,0.014253,0.010623
41.82019,0.021767,0.016222,0.014040,0.010463
41.82592,0.021457,0.015989,0.013827,0.010303
41.83165,0.021147,0.015757,0.013614,0.010144
41.83738,0.020837,0.015525,0.013402,0.009985
41.84311,0.020527,0.015292,0.013190,0.009826
41.84884,0.020218,0.015060,0.012978,0.009668
41.85457,0.019908,0.014828,0.012767,0.009510
41.86030,0.019598,0.014596,0.012557,0.009352
41.86603,0.019289,0.014364,0.012346,0.009194
41.87176,0.018979,0.014133,0.012137,0.009037
41.87749,0.018669,0.013901,0.011927,0.008881
41.88321,0.018360,0.013669,0.011718,0.008724
41.88894,0.018051,0.013438,0.011510,0.008568
41.89467,0.017741,0.013206,0.011302,0.008413
41.90040,0.017432,0.012975,0.011094,0.008257
41.90613,0.017123,0.012744,0.010886,0.008102
41.91186,0.016814,0.012512,0.010680,0.007947
41.91759,0.016505,0.012281,0.010473,0.007793
41.92332,0.016196,0.012050,0.010267,0.007639
41.92905,0.015887,0.011819,0.010061,0.007485
41.93478,0.015578,0.011588,0.009856,0.007332
41.94051,0.015269,0.011358,0.009651,0.007179
41.94624,0.014960,0.011127,0.009447,0.007026
41.95197,0.014651,0.010896,0.009243,0.006874
41.95770,0.014343,0.010666,0.009039,0.006722
41.96343,0.014034,0.010435,0.008836,0.006570
41.96916,0.013726,0.010205,0.008633,0.006419
41.97489,0.013417,0.009975,0.008431,0.006268
41.98062,0.013109,0.009745,0.008229,0.006117
41.98635,0.012801,0.009515,0.008028,0.005967
41.99208,0.012492,0.009285,0.007826,0.005817
41.99781,0.012184,0.009055,0.007626,0.005667
42.00354,0.011876,0.008825,0.007426,0.005518
42.00927,0.011568,0.008595,0.007226,0.005369
42.01500,0.011260,0.008366,0.007026,0.005220
42.02072,0.010952,0.008136,0.006827,0.005072
42.02645,0.010644,0.007907,0.006629,0.004924
42.03218,0.010337,0.007678,0.006431,0.004777
42.03791,0.010029,0.007448,0.006233,0.004629
42.04364,0.009721,0.007219,0.006036,0.004482
42.04937,0.009414,0.006990,0.005839,0.004336
42.05510,0.009106,0.006761,0.005643,0.004190
42.06083,0.008799,0.006532,0.005447,0.004044
42.06656,0.008491,0.006304,0.005251,0.003898
42.07229,0.008184,0.006075,0.005056,0.003753
42.07802,0.007877,0.005847,0.004861,0.003608
42.08375,0.007570,0.005618,0.004667,0.003464
42.08948,0.007263,0.005390,0.004473,0.003319
42.09521,0.006956,0.005161,0.004280,0.003176
42.10094,0.006649,0.004933,0.004087,0.003032
42.10667,0.006342,0.004705,0.003894,0.002889
42.11240,0.006035,0.004477,0.003702,0.002746
42.11813,0.005729,0.004249,0.003510,0.002604
42.12386,0.005422,0.004022,0.003319,0.002462
42.12959,0.005116,0.003794,0.003128,0.002320
42.13532,0.004809,0.003566,0.002938,0.002179
42.14105,0.004503,0.003339,0.002748,0.002037
42.14678,0.004197,0.003111,0.002558,0.001897
42.15250,0.003890,0.002884,0.002369,0.001756
42.15823,0.003584,0.002657,0.002180,0.001616
42.16396,0.003278,0.002430,0.001992,0.001477
42.16969,0.002972,0.002203,0.001804,0.001337
42.17542,0.002666,0.001976,0.001617,0.001198
42.18115,0.002361,0.001749,0.001430,0.001060
42.18688,0.002055,0.001523,0.001244,0.000921
42.19261,0.001749,0.001296,0.001058,0.000784
42.19834,0.001444,0.001070,0.000872,0.000646
42.20407,0.001138,0.000843,0.000687,0.000509
42.20980,0.000833,0.000617,0.000502,0.000372
42.21553,0.000528,0.000391,0.000318,0.000235
42.22126,0.000222,0.000165,0.000134,0.000099
42.22699,0.000083,0.000061,0.000050,0.000037
42.23272,0.000388,0.000287,0.000233,0.000172
42.23845,0.000693,0.000513,0.000415,0.000307
42.24418,0.000998,0.000739,0.000597,0.000442
42.24991,0.001302,0.000964,0.000779,0.000577
42.25564,0.001607,0.001190,0.000960,0.000711
42.26137,0.001912,0.001415,0.001141,0.000845
42.26710,0.002216,0.001640,0.001322,0.000978
42.27283,0.002521,0.001865,0.001501,0.001111
42.27856,0.002825,0.002090,0.001681,0.001244
42.28429,0.003129,0.002315,0.001860,0.001376
42.29001,0.003433,0.002540,0.002039,0.001508
42.29574,0.003738,0.002765,0.002217,0.001640
42.30147,0.004042,0.002989,0.002394,0.001771
42.30720,0.004345,0.003214,0.002572,0.001902
42.31293,0.004649,0.003438,0.002749,0.002033
42.31866,0.004953,0.003662,0.002925,0.002163
42.32439,0.005257,0.003886,0.003101,0.002293
42.33012,0.005560,0.004110,0.003276,0.002422
42.33585,0.005864,0.004334,0.003451,0.002551
42.34158,0.006167,0.004558,0.003626,0.002680
42.34731,0.006470,0.004782,0.003800,0.002809
42.35304,0.006773,0.005006,0.003974,0.002937
42.35877,0.007076,0.005229,0.004147,0.003064
42.36450,0.007379,0.005452,0.004320,0.003192
42.37023,0.007682,0.005676,0.004492,0.003319
42.37596,0.007985,0.005899,0.004664,0.003446
42.38169,0.008288,0.006122,0.004836,0.003572
42.38742,0.008590,0.006345,0.005007,0.003698
42.39315,0.008893,0.006568,0.005177,0.003824
42.39888,0.009195,0.006790,0.005347,0.003949
42.40461,0.009497,0.007013,0.005517,0.004074
42.41034,0.009800,0.007235,0.005686,0.004198
42.41607,0.010102,0.007458,0.005855,0.004323
42.42180,0.010404,0.007680,0.006023,0.004447
42.42752,0.010706,0.007902,0.006191,0.004570
42.43325,0.011007,0.008124,0.006359,0.004693
42.43898,0.011309,0.008346,0.006526,0.004816
42.44471,0.011611,0.008568,0.006692,0.004938
42.45044,0.011912,0.008790,0.006858,0.005060
42.45617,0.012214,0.009011,0.007024,0.005182
42.46190,0.012515,0.009233,0.007189,0.005304
42.46763,0.012816,0.009454,0.007354,0.005425
42.47336,0.013117,0.009675,0.007518,0.005545
42.47909,0.013418,0.009896,0.007682,0.005666
42.48482,0.013719,0.010117,0.007845,0.005786
42.49055,0.014020,0.010338,0.008008,0.005905
42.49628,0.014321,0.010559,0.008171,0.006024
42.50201,0.014621,0.010779,0.008333,0.006143
42.50774,0.014922,0.011000,0.008494,0.006262
42.51347,0.015222,0.011220,0.008655,0.006380
42.51920,0.015522,0.011441,0.008816,0.006498
42.52493,0.015822,0.011661,0.008976,0.006615
42.53066,0.016122,0.011881,0.009136,0.006732
42.53639,0.016422,0.012101,0.009295,0.006849
42.54212,0.016722,0.012321,0.009454,0.006965
42.54785,0.017022,0.012540,0.009612,0.007081
42.55358,0.017321,0.012760,0.009770,0.007197
42.55931,0.017621,0.012979,0.009927,0.007312
42.56503,0.017920,0.013198,0.010084,0.007427
42.57076,0.018220,0.013418,0.010241,0.007542
42.57649,0.018519,0.013637,0.010397,0.007656
42.58222,0.018818,0.013856,0.010552,0.007770
42.58795,0.019117,0.014074,0.010708,0.007883
42.59368,0.019416,0.014293,0.010862,0.007997
42.59941,0.019714,0.014512,0.011017,0.008109
42.60514,0.020013,0.014730,0.011170,0.008222
42.61087,0.020311,0.014949,0.011324,0.008334
42.61660,0.020610,0.015167,0.011476,0.008445
42.62233,0.020908,0.015385,0.011629,0.008557
42.62806,0.021206,0.015603,0.011781,0.008668
42.63379,0.021504,0.015821,0.011932,0.008778
42.63952,0.021802,0.016038,0.012083,0.008889
42.64525,0.022100,0.016256,0.012234,0.008999
42.65098,0.022398,0.016473,0.012384,0.009108
42.65671,0.022695,0.016691,0.012533,0.009217
42.66244,0.022993,0.016908,0.012682,0.009326
42.66817,0.023290,0.017125,0.012831,0.009435
42.67390,0.023587,0.017342,0.012979,0.009543
42.67963,0.023884,0.017559,0.013127,0.009650
42.68536,0.024181,0.017775,0.013274,0.009758
42.69109,0.024478,0.017992,0.013421,0.009865
42.69681,0.024775,0.018208,0.013568,0.009972
42.70254,0.025071,0.018425,0.013713,0.010078
42.70827,0.025368,0.018641,0.013859,0.010184
42.71400,0.025664,0.018857,0.014004,0.010289
42.71973,0.025961,0.019073,0.014148,0.010395
42.72546,0.026257,0.019289,0.014292,0.010499
42.73119,0.026553,0.019504,0.014436,0.010604
42.73692,0.026849,0.019720,0.014579,0.010708
42.74265,0.027144,0.019935,0.014722,0.010812
42.74838,0.027440,0.020150,0.014864,0.010915
42.75411,0.027736,0.020365,0.015006,0.011018
42.75984,0.028031,0.020581,0.015147,0.011121
42.76557,0.028326,0.020795,0.015288,0.011223
42.77130,0.028621,0.021010,0.015428,0.011325
42.77703,0.028916,0.021225,0.015568,0.011427
42.78276,0.029211,0.021439,0.015707,0.011528
42.78849,0.029506,0.021654,0.015846,0.011629
42.79422,0.029801,0.021868,0.015985,0.011729
42.79995,0.030095,0.022082,0.016123,0.011830
42.80568,0.030390,0.022296,0.016260,0.011929
42.81141,0.030684,0.022510,0.016397,0.012029
42.81714,0.030978,0.022723,0.016534,0.012128
42.82287,0.031272,0.022937,0.016670,0.012227
42.82860,0.031566,0.023150,0.016805,0.012325
42.83432,0.031860,0.023363,0.016941,0.012423
42.84005,0.032153,0.023577,0.017075,0.012521
42.84578,0.032447,0.023790,0.017210,0.012618
42.85151,0.032740,0.024002,0.017343,0.012715
42.85724,0.033033,0.024215,0.017477,0.012811
42.86297,0.033326,0.024428,0.017609,0.012907
42.86870,0.033619,0.024640,0.017742,0.013003
42.87443,0.033912,0.024852,0.017874,0.013099
42.88016,0.034205,0.025065,0.018005,0.013194
42.88589,0.034498,0.025277,0.018136,0.013288
42.89162,0.034790,0.025489,0.018266,0.013383
42.89735,0.035082,0.025700,0.018396,0.013477
42.90308,0.035374,0.025912,0.018526,0.013570
42.90881,0.035666,0.026123,0.018655,0.013664
42.91454,0.035958,0.026335,0.018784,0.013757
42.92027,0.036250,0.026546,0.018912,0.013849
42.92600,0.036542,0.026757,0.019039,0.013941
42.93173,0.036833,0.026968,0.019167,0.014033
42.93746,0.037125,0.027179,0.019293,0.014125
42.94319,0.037416,0.027389,0.019419,0.014216
42.94892,0.037707,0.027600,0.019545,0.014306
42.95465,0.037998,0.027810,0.019671,0.014397
42.96038,0.038289,0.028021,0.019795,0.014487
42.96611,0.038579,0.028231,0.019920,0.014576
42.97183,0.038870,0.028441,0.020044,0.014666
42.97756,0.039160,0.028650,0.020167,0.014755
42.98329,0.039450,0.028860,0.020290,0.014843
42.98902,0.039740,0.029069,0.020412,0.014931
42.99475,0.040030,0.029279,0.020534,0.015019
43.00048,0.040320,0.029488,0.020656,0.015107
43.00621,0.040610,0.029697,0.020777,0.015194
43.01194,0.040899,0.029906,0.020897,0.015280
43.01767,0.041189,0.030115,0.021017,0.015367
43.02340,0.041478,0.030324,0.021137,0.015453
43.02913,0.041767,0.030532,0.021256,0.015538
43.03486,0.042056,0.030740,0.021375,0.015624
43.04059,0.042345,0.030949,0.021493,0.015709
43.04632,0.042634,0.031157,0.021611,0.015793
43.05205,0.042922,0.031365,0.021728,0.015877
43.05778,0.043210,0.031572,0.021845,0.015961
43.06351,0.043499,0.031780,0.021961,0.016045
43.06924,0.043787,0.031987,0.022077,0.016128
43.07497,0.044075,0.032195,0.022192,0.016211
43.08070,0.044362,0.032402,0.022307,0.016293
43.08643,0.044650,0.032609,0.022421,0.016375
43.09216,0.044938,0.032816,0.022535,0.016457
43.09789,0.045225,0.033023,0.022649,0.016538
43.10361,0.045512,0.033229,0.022762,0.016619
43.10934,0.045799,0.033436,0.022874,0.016699
43.11507,0.046086,0.033642,0.022986,0.016780
43.12080,0.046373,0.033848,0.023098,0.016859
43.12653,0.046659,0.034054,0.023209,0.016939
43.13226,0.046946,0.034260,0.023319,0.017018
43.13799,0.047232,0.034466,0.023430,0.017097
43.14372,0.047518,0.034671,0.023539,0.017175
43.14945,0.047804,0.034877,0.023648,0.017253
43.15518,0.048090,0.035082,0.023757,0.017331
43.16091,0.048376,0.035287,0.023865,0.017408
43.16664,0.048661,0.035492,0.023973,0.017485
43.17237,0.048947,0.035697,0.024080,0.017562
43.17810,0.049232,0.035901,0.024187,0.017638
43.18383,0.049517,0.036106,0.024293,0.017714
43.18956,0.049802,0.036310,0.024399,0.017789
43.19529,0.050086,0.036514,0.024504,0.017864
43.20102,0.050371,0.036718,0.024609,0.017939
43.20675,0.050656,0.036922,0.024714,0.018014
43.21248,0.050940,0.037126,0.024818,0.018088
43.21821,0.051224,0.037329,0.024921,0.018161
43.22394,0.051508,0.037533,0.025024,0.018235
43.22967,0.051792,0.037736,0.025127,0.018308
43.23540,0.052075,0.037939,0.025229,0.018380
43.24112,0.052359,0.038142,0.025330,0.018452
43.24685,0.052642,0.038345,0.025431,0.018524
43.25258,0.052925,0.038548,0.025532,0.018596
43.25831,0.053208,0.038750,0.025632,0.018667
43.26404,0.053491,0.038952,0.025731,0.018738
43.26977,0.053774,0.039155,0.025831,0.018808
43.27550,0.054056,0.039357,0.025929,0.018878
43.28123,0.054339,0.039558,0.026027,0.018948
43.28696,0.054621,0.039760,0.026125,0.019017
43.29269,0.054903,0.039962,0.026222,0.019086
43.29842,0.055185,0.040163,0.026319,0.019155
43.30415,0.055467,0.040364,0.026415,0.019223
43.30988,0.055748,0.040565,0.026511,0.019291
43.31561,0.056030,0.040766,0.026607,0.019359
43.32134,0.056311,0.040967,0.026702,0.019426
43.32707,0.056592,0.041168,0.026796,0.019493
43.33280,0.056873,0.041368,0.026890,0.019559
43.33853,0.057153,0.041568,0.026983,0.019625
43.34426,0.057434,0.041768,0.027076,0.019691
43.34999,0.057714,0.041968,0.027169,0.019756
43.35572,0.057995,0.042168,0.027261,0.019821
43.36145,0.058275,0.042368,0.027352,0.019886
43.36718,0.058555,0.042567,0.027443,0.019950
43.37291,0.058834,0.042767,0.027534,0.020014
43.37863,0.059114,0.042966,0.027624,0.020078
43.38436,0.059393,0.043165,0.027713,0.020141
43.39009,0.059672,0.043364,0.027803,0.020204
43.39582,0.059951,0.043562,0.027891,0.020266
43.40155,0.060230,0.043761,0.027979,0.020329
43.40728,0.060509,0.043959,0.028067,0.020390
43.41301,0.060788,0.044157,0.028154,0.020452
43.41874,0.061066,0.044355,0.028241,0.020513
43.42447,0.061344,0.044553,0.028327,0.020574
43.43020,0.061622,0.044751,0.028413,0.020634
43.43593,0.061900,0.044948,0.028498,0.020694
43.44166,0.062178,0.045146,0.028583,0.020754
43.44739,0.062455,0.045343,0.028668,0.020813
43.45312,0.062732,0.045540,0.028751,0.020872
43.45885,0.063010,0.045737,0.028835,0.020930
43.46458,0.063287,0.045933,0.028918,0.020989
43.47031,0.063563,0.046130,0.029000,0.021046
43.47604,0.063840,0.046326,0.029082,0.021104
43.48177,0.064116,0.046522,0.029164,0.021161
43.48750,0.064393,0.046718,0.029245,0.021218
43.49323,0.064669,0.046914,0.029325,0.021274
43.49896,0.064945,0.047110,0.029405,0.021330
43.50469,0.065220,0.047306,0.029485,0.021386
43.51041,0.065496,0.047501,0.029564,0.021441
43.51614,0.065771,0.047696,0.029643,0.021496
43.52187,0.066047,0.047891,0.029721,0.021551
43.52760,0.066322,0.048086,0.029799,0.021605
43.53333,0.066596,0.048281,0.029876,0.021659
43.53906,0.066871,0.048475,0.029952,0.021713
43.54479,0.067146,0.048670,0.030029,0.021766
43.55052,0.067420,0.048864,0.030105,0.021819
43.55625,0.067694,0.049058,0.030180,0.021871
43.56198,0.067968,0.049252,0.030255,0.021923
43.56771,0.068242,0.049445,0.030329,0.021975
43.57344,0.068515,0.049639,0.030403,0.022027
43.57917,0.068789,0.049832,0.030476,0.022078
43.58490,0.069062,0.050025,0.030549,0.022128
43.59063,0.069335,0.050218,0.030622,0.022179
43.59636,0.069608,0.050411,0.030694,0.022229
43.60209,0.069880,0.050604,0.030765,0.022278
43.60782,0.070153,0.050796,0.030836,0.022328
43.61355,0.070425,0.050988,0.030907,0.022377
43.61928,0.070697,0.051181,0.030977,0.022425
43.62501,0.070969,0.051373,0.031046,0.022474
43.63074,0.071241,0.051564,0.031115,0.022521
43.63647,0.071512,0.051756,0.031184,0.022569
43.64220,0.071784,0.051947,0.031252,0.022616
43.64792,0.072055,0.052139,0.031320,0.022663
43.65365,0.072326,0.052330,0.031387,0.022709
43.65938,0.072597,0.052521,0.031454,0.022756
43.66511,0.072867,0.052711,0.031520,0.022801
43.67084,0.073138,0.052902,0.031586,0.022847
43.67657,0.073408,0.053092,0.031651,0.022892
43.68230,0.073678,0.053283,0.031716,0.022936
43.68803,0.073948,0.053473,0.031781,0.022981
43.69376,0.074218,0.053662,0.031844,0.023025
43.69949,0.074487,0.053852,0.031908,0.023069
43.70522,0.074756,0.054042,0.031971,0.023112
43.71095,0.075025,0.054231,0.032033,0.023155
43.71668,0.075294,0.054420,0.032095,0.023197
43.72241,0.075563,0.054609,0.032157,0.023240
43.72814,0.075831,0.054798,0.032218,0.023282
43.73387,0.076100,0.054987,0.032278,0.023323
43.73960,0.076368,0.055175,0.032339,0.023364
43.74533,0.076636,0.055363,0.032398,0.023405
43.75106,0.076904,0.055551,0.032457,0.023446
43.75679,0.077171,0.055739,0.032516,0.023486
43.76252,0.077438,0.055927,0.032574,0.023526
43.76825,0.077706,0.056115,0.032632,0.023565
43.77398,0.077972,0.056302,0.032689,0.023604
43.77971,0.078239,0.056489,0.032746,0.023643
43.78543,0.078506,0.056676,0.032802,0.023681
43.79116,0.078772,0.056863,0.032858,0.023719
43.79689,0.079038,0.057050,0.032914,0.023757
43.80262,0.079304,0.057236,0.032969,0.023794
43.80835,0.079570,0.057422,0.033023,0.023831
43.81408,0.079836,0.057609,0.033077,0.023868
43.81981,0.080101,0.057794,0.033131,0.023904
43.82554,0.080366,0.057980,0.033184,0.023940
43.83127,0.080631,0.058166,0.033236,0.023976
43.83700,0.080896,0.058351,0.033288,0.024011
43.84273,0.081160,0.058536,0.033340,0.024046
43.84846,0.081425,0.058721,0.033391,0.024081
43.85419,0.081689,0.058906,0.033442,0.024115
43.85992,0.081953,0.059091,0.033492,0.024149
43.86565,0.082217,0.059275,0.033542,0.024182
43.87138,0.082480,0.059460,0.033591,0.024216
43.87711,0.082743,0.059644,0.033640,0.024248
43.88284,0.083007,0.059828,0.033688,0.024281
43.88857,0.083270,0.060011,0.033736,0.024313
43.89430,0.083532,0.060195,0.033783,0.024345
43.90003,0.083795,0.060378,0.033830,0.024376
43.90576,0.084057,0.060562,0.033877,0.024408
43.91149,0.084319,0.060745,0.033923,0.024438
43.91721,0.084581,0.060927,0.033968,0.024469
43.92294,0.084843,0.061110,0.034013,0.024499
43.92867,0.085104,0.061293,0.034058,0.024529
43.93440,0.085366,0.061475,0.034102,0.024558
43.94013,0.085627,0.061657,0.034146,0.024587
43.94586,0.085888,0.061839,0.034189,0.024616
43.95159,0.086148,0.062020,0.034231,0.024644
43.95732,0.086409,0.062202,0.034274,0.024672
43.96305,0.086669,0.062383,0.034316,0.024700
43.96878,0.086929,0.062564,0.034357,0.024727
43.97451,0.087189,0.062745,0.034398,0.024754
43.98024,0.087449,0.062926,0.034438,0.024781
43.98597,0.087708,0.063107,0.034478,0.024807
43.99170,0.087967,0.063287,0.034517,0.024833
43.99743,0.088226,0.063467,0.034556,0.024859
44.00316,0.088485,0.063647,0.034595,0.024884
44.00889,0.088744,0.063827,0.034633,0.024909
44.01462,0.089002,0.064007,0.034671,0.024934
44.02035,0.089260,0.064186,0.034708,0.024958
44.02608,0.089518,0.064366,0.034744,0.024982
44.03181,0.089776,0.064545,0.034781,0.025006
44.03754,0.090033,0.064723,0.034816,0.025029
44.04327,0.090290,0.064902,0.034852,0.025052
44.04900,0.090548,0.065081,0.034886,0.025074
44.05472,0.090804,0.065259,0.034921,0.025097
44.06045,0.091061,0.065437,0.034955,0.025119
44.06618,0.091317,0.065615,0.034988,0.025140
44.07191,0.091574,0.065793,0.035021,0.025161
44.07764,0.091830,0.065970,0.035054,0.025182
44.08337,0.092085,0.066148,0.035086,0.025203
44.08910,0.092341,0.066325,0.035117,0.025223
44.09483,0.092596,0.066502,0.035148,0.025243
44.10056,0.092851,0.066678,0.035179,0.025263
44.10629,0.093106,0.066855,0.035209,0.025282
44.11202,0.093361,0.067031,0.035239,0.025301
44.11775,0.093616,0.067208,0.035268,0.025319
44.12348,0.093870,0.067384,0.035297,0.025338
44.12921,0.094124,0.067559,0.035325,0.025355
44.13494,0.094378,0.067735,0.035353,0.025373
44.14067,0.094631,0.067910,0.035381,0.025390
44.14640,0.094885,0.068086,0.035408,0.025407
44.15213,0.095138,0.068261,0.035434,0.025424
44.15786,0.095391,0.068435,0.035460,0.025440
44.16359,0.095643,0.068610,0.035486,0.025456
44.16932,0.095896,0.068785,0.035511,0.025471
44.17505,0.096148,0.068959,0.035536,0.025487
44.18078,0.096400,0.069133,0.035560,0.025502
44.18651,0.096652,0.069307,0.035584,0.025516
44.19223,0.096904,0.069480,0.035607,0.025530
44.19796,0.097155,0.069654,0.035630,0.025544
44.20369,0.097406,0.069827,0.035652,0.025558
44.20942,0.097657,0.070000,0.035674,0.025571
44.21515,0.097908,0.070173,0.035696,0.025584
44.22088,0.098158,0.070346,0.035717,0.025597
44.22661,0.098408,0.070518,0.035737,0.025609
44.23234,0.098658,0.070690,0.035757,0.025621
44.23807,0.098908,0.070862,0.035777,0.025632
44.24380,0.099158,0.071034,0.035796,0.025644
44.24953,0.099407,0.071206,0.035815,0.025655
44.25526,0.099656,0.071378,0.035833,0.025665
44.26099,0.099905,0.071549,0.035851,0.025675
44.26672,0.100154,0.071720,0.035869,0.025685
44.27245,0.100402,0.071891,0.035885,0.025695
44.27818,0.100650,0.072061,0.035902,0.025704
44.28391,0.100898,0.072232,0.035918,0.025713
44.28964,0.101146,0.072402,0.035934,0.025722
44.29537,0.101393,0.072572,0.035949,0.025730
44.30110,0.101641,0.072742,0.035963,0.025738
44.30683,0.101888,0.072912,0.035978,0.025746
44.31256,0.102135,0.073081,0.035991,0.025753
44.31829,0.102381,0.073251,0.036005,0.025760
44.32402,0.102627,0.073420,0.036018,0.025767
44.32974,0.102874,0.073589,0.036030,0.025773
44.33547,0.103119,0.073757,0.036042,0.025779
44.34120,0.103365,0.073926,0.036054,0.025785
44.34693,0.103610,0.074094,0.036065,0.025791
44.35266,0.103856,0.074262,0.036075,0.025796
44.35839,0.104101,0.074430,0.036086,0.025800
44.36412,0.104345,0.074598,0.036095,0.025805
44.36985,0.104590,0.074765,0.036105,0.025809
44.37558,0.104834,0.074932,0.036113,0.025813
44.38131,0.105078,0.075099,0.036122,0.025816
44.38704,0.105322,0.075266,0.036130,0.025820
44.39277,0.105565,0.075433,0.036137,0.025822
44.39850,0.105809,0.075599,0.036144,0.025825
44.40423,0.106052,0.075765,0.036151,0.025827
44.40996,0.106294,0.075932,0.036157,0.025829
44.41569,0.106537,0.076097,0.036163,0.025831
44.42142,0.106779,0.076263,0.036168,0.025832
44.42715,0.107021,0.076428,0.036173,0.025833
44.43288,0.107263,0.076594,0.036178,0.025833
44.43861,0.107505,0.076759,0.036181,0.025834
44.44434,0.107746,0.076923,0.036185,0.025834
44.45007,0.107987,0.077088,0.036188,0.025833
44.45580,0.108228,0.077252,0.036191,0.025833
44.46152,0.108469,0.077417,0.036193,0.025832
44.46725,0.108709,0.077581,0.036195,0.025830
44.47298,0.108949,0.077744,0.036196,0.025829
44.47871,0.109189,0.077908,0.036197,0.025827
44.48444,0.109429,0.078071,0.036197,0.025825
44.49017,0.109669,0.078234,0.036197,0.025822
44.49590,0.109908,0.078397,0.036197,0.025819
44.50163,0.110147,0.078560,0.036196,0.025816
44.50736,0.110385,0.078723,0.036195,0.025813
44.51309,0.110624,0.078885,0.036193,0.025809
44.51882,0.110862,0.079047,0.036191,0.025805
44.52455,0.111100,0.079209,0.036188,0.025800
44.53028,0.111338,0.079370,0.036185,0.025795
44.53601,0.111575,0.079532,0.036181,0.025790
44.54174,0.111813,0.079693,0.036177,0.025785
44.54747,0.112050,0.079854,0.036173,0.025779
44.55320,0.112286,0.080015,0.036168,0.025773
44.55893,0.112523,0.080176,0.036163,0.025767
44.56466,0.112759,0.080336,0.036157,0.025761
44.57039,0.112995,0.080496,0.036151,0.025754
44.57612,0.113231,0.080656,0.036145,0.025746
44.58185,0.113466,0.080816,0.036138,0.025739
44.58758,0.113702,0.080976,0.036130,0.025731
44.59331,0.113937,0.081135,0.036122,0.025723
44.59903,0.114171,0.081294,0.036114,0.025714
44.60476,0.114406,0.081453,0.036105,0.025706
44.61049,0.114640,0.081612,0.036096,0.025697
44.61622,0.114874,0.081771,0.036086,0.025687
44.62195,0.115108,0.081929,0.036076,0.025678
44.62768,0.115341,0.082087,0.036066,0.025668
44.63341,0.115575,0.082245,0.036055,0.025657
44.63914,0.115808,0.082402,0.036044,0.025647
44.64487,0.116040,0.082560,0.036032,0.025636
44.65060,0.116273,0.082717,0.036020,0.025625
44.65633,0.116505,0.082874,0.036007,0.025613
44.66206,0.116737,0.083031,0.035994,0.025601
44.66779,0.116969,0.083188,0.035981,0.025589
44.67352,0.117200,0.083344,0.035967,0.025577
44.67925,0.117432,0.083500,0.035953,0.025564
44.68498,0.117663,0.083656,0.035938,0.025551
44.69071,0.117893,0.083812,0.035923,0.025538
44.69644,0.118124,0.083967,0.035907,0.025524
44.70217,0.118354,0.084123,0.035891,0.025510
44.70790,0.118584,0.084278,0.035875,0.025496
44.71363,0.118814,0.084433,0.035858,0.025482
44.71936,0.119043,0.084587,0.035841,0.025467
44.72509,0.119272,0.084742,0.035823,0.025452
44.73082,0.119501,0.084896,0.035805,0.025436
44.73654,0.119730,0.085050,0.035786,0.025421
44.74227,0.119958,0.085204,0.035767,0.025405
44.74800,0.120186,0.085358,0.035748,0.025388
44.75373,0.120414,0.085511,0.035728,0.025372
44.75946,0.120642,0.085664,0.035708,0.025355
44.76519,0.120869,0.085817,0.035687,0.025338
44.77092,0.121096,0.085970,0.035666,0.025320
44.77665,0.121323,0.086122,0.035645,0.025303
44.78238,0.121550,0.086275,0.035623,0.025285
44.78811,0.121776,0.086427,0.035600,0.025266
44.79384,0.122002,0.086579,0.035578,0.025248
44.79957,0.122228,0.086730,0.035554,0.025229
44.80530,0.122454,0.086882,0.035531,0.025209
44.81103,0.122679,0.087033,0.035507,0.025190
44.81676,0.122904,0.087184,0.035483,0.025170
44.82249,0.123129,0.087334,0.035458,0.025150
44.82822,0.123353,0.087485,0.035432,0.025130
44.83395,0.123577,0.087635,0.035407,0.025109
44.83968,0.123801,0.087785,0.035381,0.025088
44.84541,0.124025,0.087935,0.035354,0.025067
44.85114,0.124249,0.088085,0.035327,0.025045
44.85687,0.124472,0.088234,0.035300,0.025023
44.86260,0.124695,0.088384,0.035272,0.025001
44.86832,0.124917,0.088533,0.035244,0.024979
44.87405,0.125140,0.088681,0.035216,0.024956
44.87978,0.125362,0.088830,0.035187,0.024933
44.88551,0.125584,0.088978,0.035157,0.024910
44.89124,0.125805,0.089126,0.035128,0.024886
44.89697,0.126027,0.089274,0.035097,0.024862
44.90270,0.126248,0.089422,0.035067,0.024838
44.90843,0.126468,0.089569,0.035036,0.024814
44.91416,0.126689,0.089717,0.035004,0.024789
44.91989,0.126909,0.089864,0.034973,0.024764
44.92562,0.127129,0.090011,0.034940,0.024739
44.93135,0.127349,0.090157,0.034908,0.024713
44.93708,0.127568,0.090303,0.034875,0.024687
44.94281,0.127787,0.090450,0.034841,0.024661
44.94854,0.128006,0.090595,0.034808,0.024635
44.95427,0.128225,0.090741,0.034773,0.024608
44.96000,0.128443,0.090887,0.034739,0.024581
44.96573,0.128661,0.091032,0.034704,0.024554
44.97146,0.128879,0.091177,0.034668,0.024526
44.97719,0.129097,0.091322,0.034632,0.024498
44.98292,0.129314,0.091466,0.034596,0.024470
44.98865,0.129531,0.091610,0.034559,0.024442
44.99438,0.129748,0.091755,0.034522,0.024413
45.00011,0.129964,0.091898,0.034485,0.024384
45.00583,0.130180,0.092042,0.034447,0.024355
45.01156,0.130396,0.092186,0.034409,0.024326
45.01729,0.130612,0.092329,0.034370,0.024296
45.02302,0.130827,0.092472,0.034331,0.024266
45.02875,0.131042,0.092614,0.034292,0.024236
45.03448,0.131257,0.092757,0.034252,0.024205
45.04021,0.131472,0.092899,0.034212,0.024174
45.04594,0.131686,0.093041,0.034171,0.024143
45.05167,0.131900,0.093183,0.034130,0.024112
45.05740,0.132114,0.093325,0.034088,0.024080
45.06313,0.132327,0.093466,0.034047,0.024048
45.06886,0.132540,0.093607,0.034004,0.024016
45.07459,0.132753,0.093748,0.033962,0.023983
45.08032,0.132966,0.093889,0.033919,0.023951
45.08605,0.133178,0.094030,0.033875,0.023918
45.09178,0.133390,0.094170,0.033832,0.023884
45.09751,0.133602,0.094310,0.033788,0.023851
45.10324,0.133813,0.094450,0.033743,0.023817
45.10897,0.134025,0.094589,0.033698,0.023783
45.11470,0.134236,0.094729,0.033653,0.023748
45.12043,0.134446,0.094868,0.033607,0.023714
45.12616,0.134657,0.095007,0.033561,0.023679
45.13189,0.134867,0.095145,0.033514,0.023644
45.13762,0.135076,0.095284,0.033467,0.023608
45.14334,0.135286,0.095422,0.033420,0.023572
45.14907,0.135495,0.095560,0.033373,0.023536
45.15480,0.135704,0.095698,0.033325,0.023500
45.16053,0.135913,0.095835,0.033276,0.023464
45.16626,0.136121,0.095973,0.033227,0.023427
45.17199,0.136329,0.096110,0.033178,0.023390
45.17772,0.136537,0.096246,0.033128,0.023353
45.18345,0.136745,0.096383,0.033079,0.023315
45.18918,0.136952,0.096519,0.033028,0.023277
45.19491,0.137159,0.096656,0.032977,0.023239
45.20064,0.137366,0.096791,0.032926,0.023201
45.20637,0.137572,0.096927,0.032875,0.023162
45.21210,0.137778,0.097063,0.032823,0.023123
45.21783,0.137984,0.097198,0.032771,0.023084
45.22356,0.138190,0.097333,0.032718,0.023045
45.22929,0.138395,0.097468,0.032665,0.023005
45.23502,0.138600,0.097602,0.032612,0.022965
45.24075,0.138805,0.097736,0.032558,0.022925
45.24648,0.139009,0.097870,0.032504,0.022885
45.25221,0.139213,0.098004,0.032449,0.022844
45.25794,0.139417,0.098138,0.032395,0.022803
45.26367,0.139621,0.098271,0.032339,0.022762
45.26940,0.139824,0.098404,0.032284,0.022720
45.27512,0.140027,0.098537,0.032228,0.022679
45.28085,0.140229,0.098670,0.032171,0.022637
45.28658,0.140432,0.098802,0.032115,0.022595
45.29231,0.140634,0.098935,0.032057,0.022552
45.29804,0.140836,0.099067,0.032000,0.022509
45.30377,0.141037,0.099198,0.031942,0.022466
45.30950,0.141239,0.099330,0.031884,0.022423
45.31523,0.141440,0.099461,0.031825,0.022380
45.32096,0.141640,0.099592,0.031766,0.022336
45.32669,0.141841,0.099723,0.031707,0.022292
45.33242,0.142041,0.099853,0.031647,0.022248
45.33815,0.142240,0.099984,0.031587,0.022203
45.34388,0.142440,0.100114,0.031527,0.022159
45.34961,0.142639,0.100244,0.031466,0.022114
45.35534,0.142838,0.100373,0.031405,0.022068
45.36107,0.143037,0.100503,0.031343,0.022023
45.36680,0.143235,0.100632,0.031281,0.021977
45.37253,0.143433,0.100761,0.031219,0.021931
45.37826,0.143631,0.100890,0.031157,0.021885
45.38399,0.143828,0.101018,0.031094,0.021839
45.38972,0.144025,0.101146,0.031030,0.021792
45.39545,0.144222,0.101274,0.030967,0.021745
45.40118,0.144419,0.101402,0.030903,0.021698
45.40691,0.144615,0.101529,0.030838,0.021650
45.41263,0.144811,0.101657,0.030773,0.021603
45.41836,0.145007,0.101784,0.030708,0.021555
45.42409,0.145202,0.101911,0.030643,0.021507
45.42982,0.145397,0.102037,0.030577,0.021458
45.43555,0.145592,0.102164,0.030511,0.021410
45.44128,0.145786,0.102290,0.030444,0.021361
45.44701,0.145981,0.102415,0.030377,0.021312
45.45274,0.146175,0.102541,0.030310,0.021262
45.45847,0.146368,0.102666,0.030242,0.021213
45.46420,0.146561,0.102792,0.030174,0.021163
45.46993,0.146754,0.102917,0.030106,0.021113
45.47566,0.146947,0.103041,0.030037,0.021063
45.48139,0.147140,0.103166,0.029968,0.021012
45.48712,0.147332,0.103290,0.029899,0.020961
45.49285,0.147524,0.103414,0.029829,0.020910
45.49858,0.147715,0.103537,0.029759,0.020859
45.50431,0.147906,0.103661,0.029689,0.020808
45.51004,0.148097,0.103784,0.029618,0.020756
45.51577,0.148288,0.103907,0.029547,0.020704
45.52150,0.148478,0.104030,0.029476,0.020652
45.52723,0.148668,0.104152,0.029404,0.020599
45.53296,0.148858,0.104275,0.029332,0.020547
45.53869,0.149047,0.104397,0.029259,0.020494
45.54442,0.149236,0.104519,0.029186,0.020441
45.55014,0.149425,0.104640,0.029113,0.020388
45.55587,0.149614,0.104761,0.029040,0.020334
45.56160,0.149802,0.104883,0.028966,0.020280
45.56733,0.149990,0.105003,0.028892,0.020226
45.57306,0.150177,0.105124,0.028817,0.020172
45.57879,0.150365,0.105244,0.028742,0.020117
45.58452,0.150552,0.105365,0.028667,0.020063
45.59025,0.150738,0.105484,0.028591,0.020008
45.59598,0.150925,0.105604,0.028516,0.019953
45.60171,0.151111,0.105723,0.028439,0.019897
45.60744,0.151297,0.105843,0.028363,0.019842
45.61317,0.151482,0.105962,0.028286,0.019786
45.61890,0.151667,0.106080,0.028209,0.019730
45.62463,0.151852,0.106199,0.028131,0.019674
45.63036,0.152037,0.106317,0.028053,0.019617
45.63609,0.152221,0.106435,0.027975,0.019560
45.64182,0.152405,0.106552,0.027896,0.019503
45.64755,0.152588,0.106670,0.027817,0.019446
45.65328,0.152772,0.106787,0.027738,0.019389
45.65901,0.152955,0.106904,0.027659,0.019331
45.66474,0.153137,0.107021,0.027579,0.019274
45.67047,0.153320,0.107137,0.027499,0.019216
45.67620,0.153502,0.107254,0.027418,0.019157
45.68193,0.153684,0.107370,0.027337,0.019099
45.68765,0.153865,0.107485,0.027256,0.019040
45.69338,0.154046,0.107601,0.027174,0.018981
45.69911,0.154227,0.107716,0.027093,0.018922
45.70484,0.154408,0.107831,0.027010,0.018863
45.71057,0.154588,0.107946,0.026928,0.018803
45.71630,0.154768,0.108061,0.026845,0.018744
45.72203,0.154947,0.108175,0.026762,0.018684
45.72776,0.155127,0.108289,0.026678,0.018623
45.73349,0.155306,0.108403,0.026595,0.018563
45.73922,0.155484,0.108516,0.026511,0.018502
45.74495,0.155663,0.108630,0.026426,0.018442
45.75068,0.155841,0.108743,0.026341,0.018381
45.75641,0.156019,0.108856,0.026256,0.018319
45.76214,0.156196,0.108968,0.026171,0.018258
45.76787,0.156373,0.109081,0.026085,0.018196
45.77360,0.156550,0.109193,0.025999,0.018134
45.77933,0.156726,0.109305,0.025913,0.018072
45.78506,0.156903,0.109416,0.025826,0.018010
45.79079,0.157079,0.109528,0.025739,0.017948
45.79652,0.157254,0.109639,0.025652,0.017885
45.80225,0.157429,0.109750,0.025564,0.017822
45.80798,0.157604,0.109860,0.025477,0.017759
45.81371,0.157779,0.109971,0.025388,0.017696
45.81943,0.157953,0.110081,0.025300,0.017632
45.82516,0.158127,0.110191,0.025211,0.017568
45.83089,0.158301,0.110301,0.025122,0.017504
45.83662,0.158474,0.110410,0.025032,0.017440
45.84235,0.158647,0.110519,0.024943,0.017376
45.84808,0.158820,0.110628,0.024853,0.017311
45.85381,0.158992,0.110737,0.024762,0.017247
45.85954,0.159164,0.110845,0.024672,0.017182
45.86527,0.159336,0.110953,0.024581,0.017117
45.87100,0.159508,0.111061,0.024489,0.017051
45.87673,0.159679,0.111169,0.024398,0.016986
45.88246,0.159850,0.111276,0.024306,0.016920
45.88819,0.160020,0.111384,0.024214,0.016854
45.89392,0.160190,0.111491,0.024121,0.016788
45.89965,0.160360,0.111597,0.024028,0.016722
45.90538,0.160530,0.111704,0.023935,0.016655
45.91111,0.160699,0.111810,0.023842,0.016589
45.91684,0.160868,0.111916,0.023748,0.016522
45.92257,0.161036,0.112022,0.023654,0.016455
45.92830,0.161205,0.112127,0.023560,0.016387
45.93403,0.161373,0.112232,0.023465,0.016320
45.93976,0.161540,0.112337,0.023371,0.016252
45.94549,0.161708,0.112442,0.023275,0.016184
45.95122,0.161874,0.112547,0.023180,0.016116
45.95694,0.162041,0.112651,0.023084,0.016048
45.96267,0.162207,0.112755,0.022988,0.015980
45.96840,0.162374,0.112859,0.022892,0.015911
45.97413,0.162539,0.112962,0.022795,0.015842
45.97986,0.162705,0.113065,0.022698,0.015773
45.98559,0.162870,0.113168,0.022601,0.015704
45.99132,0.163034,0.113271,0.022504,0.015635
45.99705,0.163199,0.113373,0.022406,0.015565
46.00278,0.163363,0.113476,0.022308,0.015496
46.00851,0.163527,0.113578,0.022209,0.015426
46.01424,0.163690,0.113679,0.022111,0.015356
46.01997,0.163853,0.113781,0.022012,0.015285
46.02570,0.164016,0.113882,0.021913,0.015215
46.03143,0.164178,0.113983,0.021813,0.015144
46.03716,0.164341,0.114084,0.021713,0.015073
46.04289,0.164502,0.114184,0.021613,0.015002
46.04862,0.164664,0.114285,0.021513,0.014931
46.05435,0.164825,0.114385,0.021412,0.014860
46.06008,0.164986,0.114484,0.021312,0.014788
46.06581,0.165146,0.114584,0.021210,0.014716
46.07154,0.165307,0.114683,0.021109,0.014645
46.07727,0.165467,0.114782,0.021007,0.014572
46.08300,0.165626,0.114881,0.020905,0.014500
46.08873,0.165785,0.114979,0.020803,0.014428
46.09445,0.165944,0.115078,0.020700,0.014355
46.10018,0.166103,0.115176,0.020598,0.014282
46.10591,0.166261,0.115273,0.020495,0.014209
46.11164,0.166419,0.115371,0.020391,0.014136
46.11737,0.166576,0.115468,0.020288,0.014063
46.12310,0.166734,0.115565,0.020184,0.013989
46.12883,0.166891,0.115662,0.020079,0.013916
46.13456,0.167047,0.115758,0.019975,0.013842
46.14029,0.167203,0.115854,0.019870,0.013768
46.14602,0.167359,0.115950,0.019765,0.013694
46.15175,0.167515,0.116046,0.019660,0.013619
46.15748,0.167670,0.116142,0.019555,0.013545
46.16321,0.167825,0.116237,0.019449,0.013470
46.16894,0.167980,0.116332,0.019343,0.013395
46.17467,0.168134,0.116427,0.019236,0.013320
46.18040,0.168288,0.116521,0.019130,0.013245
46.18613,0.168442,0.116615,0.019023,0.013170
46.19186,0.168595,0.116709,0.018916,0.013094
46.19759,0.168748,0.116803,0.018809,0.013019
46.20332,0.168901,0.116896,0.018701,0.012943
46.20905,0.169053,0.116990,0.018593,0.012867
46.21478,0.169205,0.117083,0.018485,0.012791
46.22051,0.169357,0.117175,0.018376,0.012714
46.22623,0.169508,0.117268,0.018268,0.012638
46.23196,0.169659,0.117360,0.018159,0.012561
46.23769,0.169810,0.117452,0.018050,0.012484
46.24342,0.169960,0.117544,0.017940,0.012407
46.24915,0.170110,0.117635,0.017831,0.012330
46.25488,0.170259,0.117726,0.017721,0.012253
46.26061,0.170409,0.117817,0.017611,0.012176
46.26634,0.170558,0.117908,0.017500,0.012098
46.27207,0.170706,0.117998,0.017390,0.012020
46.27780,0.170855,0.118088,0.017279,0.011942
46.28353,0.171003,0.118178,0.017167,0.011864
46.28926,0.171150,0.118268,0.017056,0.011786
46.29499,0.171298,0.118357,0.016944,0.011708
46.30072,0.171445,0.118446,0.016832,0.011629
46.30645,0.171591,0.118535,0.016720,0.011550
46.31218,0.171738,0.118624,0.016608,0.011472
46.31791,0.171883,0.118712,0.016495,0.011393
46.32364,0.172029,0.118801,0.016382,0.011313
46.32937,0.172174,0.118888,0.016269,0.011234
46.33510,0.172319,0.118976,0.016156,0.011155
46.34083,0.172464,0.119063,0.016042,0.011075
46.34656,0.172608,0.119151,0.015928,0.010995
46.35229,0.172752,0.119237,0.015814,0.010915
46.35802,0.172896,0.119324,0.015700,0.010835
46.36374,0.173039,0.119410,0.015585,0.010755
46.36947,0.173182,0.119497,0.015471,0.010675
46.37520,0.173325,0.119582,0.015356,0.010594
46.38093,0.173467,0.119668,0.015240,0.010514
46.38666,0.173609,0.119753,0.015125,0.010433
46.39239,0.173750,0.119838,0.015009,0.010352
46.39812,0.173892,0.119923,0.014893,0.010271
46.40385,0.174033,0.120008,0.014777,0.010190
46.40958,0.174173,0.120092,0.014660,0.010108
46.41531,0.174313,0.120176,0.014544,0.010027
46.42104,0.174453,0.120260,0.014427,0.009945
46.42677,0.174593,0.120344,0.014310,0.009863
46.43250,0.174732,0.120427,0.014192,0.009781
46.43823,0.174871,0.120510,0.014075,0.009699
46.44396,0.175009,0.120593,0.013957,0.009617
46.44969,0.175148,0.120675,0.013839,0.009535
46.45542,0.175285,0.120757,0.013721,0.009452
46.46115,0.175423,0.120839,0.013602,0.009370
46.46688,0.175560,0.120921,0.013483,0.009287
46.47261,0.175697,0.121003,0.013365,0.009204
46.47834,0.175833,0.121084,0.013245,0.009121
46.48407,0.175970,0.121165,0.013126,0.009038
46.48980,0.176105,0.121246,0.013006,0.008955
46.49553,0.176241,0.121326,0.012887,0.008871
46.50125,0.176376,0.121406,0.012767,0.008788
46.50698,0.176511,0.121486,0.012646,0.008704
46.51271,0.176645,0.121566,0.012526,0.008620
46.51844,0.176779,0.121646,0.012405,0.008536
46.52417,0.176913,0.121725,0.012284,0.008452
46.52990,0.177046,0.121804,0.012163,0.008368
46.53563,0.177179,0.121882,0.012042,0.008284
46.54136,0.177312,0.121961,0.011920,0.008199
46.54709,0.177445,0.122039,0.011799,0.008115
46.55282,0.177577,0.122117,0.011677,0.008030
46.55855,0.177708,0.122194,0.011555,0.007945
46.56428,0.177840,0.122272,0.011432,0.007860
46.57001,0.177971,0.122349,0.011310,0.007775
46.57574,0.178101,0.122426,0.011187,0.007690
46.58147,0.178232,0.122503,0.011064,0.007605
46.58720,0.178361,0.122579,0.010941,0.007519
46.59293,0.178491,0.122655,0.010817,0.007433
46.59866,0.178620,0.122731,0.010694,0.007348
46.60439,0.178749,0.122806,0.010570,0.007262
46.61012,0.178878,0.122882,0.010446,0.007176
46.61585,0.179006,0.122957,0.010322,0.007090
46.62158,0.179134,0.123032,0.010197,0.007004
46.62731,0.179262,0.123106,0.010073,0.006917
46.63303,0.179389,0.123181,0.009948,0.006831
46.63876,0.179516,0.123255,0.009823,0.006744
46.64449,0.179642,0.123328,0.009698,0.006658
46.65022,0.179768,0.123402,0.009572,0.006571
46.65595,0.179894,0.123475,0.009447,0.006484
46.66168,0.180019,0.123548,0.009321,0.006397
46.66741,0.180145,0.123621,0.009195,0.006310
46.67314,0.180269,0.123693,0.009069,0.006223
46.67887,0.180394,0.123766,0.008943,0.006135
46.68460,0.180518,0.123838,0.008816,0.006048
46.69033,0.180642,0.123909,0.008689,0.005960
46.69606,0.180765,0.123981,0.008562,0.005873
46.70179,0.180888,0.124052,0.008435,0.005785
46.70752,0.181011,0.124123,0.008308,0.005697
46.71325,0.181133,0.124194,0.008181,0.005609
46.71898,0.181255,0.124264,0.008053,0.005521
46.72471,0.181376,0.124334,0.007925,0.005433
46.73044,0.181498,0.124404,0.007797,0.005344
46.73617,0.181619,0.124474,0.007669,0.005256
46.74190,0.181739,0.124543,0.007540,0.005167
46.74763,0.181859,0.124612,0.007412,0.005079
46.75336,0.181979,0.124681,0.007283,0.004990
46.75909,0.182099,0.124750,0.007154,0.004901
46.76482,0.182218,0.124818,0.007025,0.004812
46.77054,0.182337,0.124886,0.006896,0.004723
46.77627,0.182455,0.124954,0.006766,0.004634
46.78200,0.182573,0.125022,0.006637,0.004545
46.78773,0.182691,0.125089,0.006507,0.004455
46.79346,0.182809,0.125156,0.006377,0.004366
46.79919,0.182926,0.125223,0.006247,0.004276
46.80492,0.183042,0.125290,0.006116,0.004186
46.81065,0.183159,0.125356,0.005986,0.004097
46.81638,0.183275,0.125422,0.005855,0.004007
46.82211,0.183390,0.125488,0.005724,0.003917
46.82784,0.183506,0.125553,0.005593,0.003827
46.83357,0.183621,0.125618,0.005462,0.003737
46.83930,0.183735,0.125683,0.005331,0.003646
46.84503,0.183849,0.125748,0.005199,0.003556
46.85076,0.183963,0.125813,0.005067,0.003466
46.85649,0.184077,0.125877,0.004935,0.003375
46.86222,0.184190,0.125941,0.004803,0.003284
46.86795,0.184303,0.126005,0.004671,0.003194
46.87368,0.184415,0.126068,0.004539,0.003103
46.87941,0.184527,0.126131,0.004406,0.003012
46.88514,0.184639,0.126194,0.004274,0.002921
46.89087,0.184751,0.126257,0.004141,0.002830
46.89660,0.184862,0.126319,0.004008,0.002739
46.90233,0.184972,0.126381,0.003875,0.002647
46.90805,0.185083,0.126443,0.003741,0.002556
46.91378,0.185193,0.126505,0.003608,0.002465
46.91951,0.185302,0.126566,0.003474,0.002373
46.92524,0.185412,0.126627,0.003341,0.002281
46.93097,0.185521,0.126688,0.003207,0.002190
46.93670,0.185629,0.126749,0.003073,0.002098
46.94243,0.185737,0.126809,0.002938,0.002006
46.94816,0.185845,0.126869,0.002804,0.001914
46.95389,0.185953,0.126929,0.002669,0.001822
46.95962,0.186060,0.126988,0.002535,0.001730
46.96535,0.186167,0.127048,0.002400,0.001638
46.97108,0.186273,0.127107,0.002265,0.001545
46.97681,0.186379,0.127165,0.002130,0.001453
46.98254,0.186485,0.127224,0.001995,0.001361
46.98827,0.186590,0.127282,0.001859,0.001268
46.99400,0.186695,0.127340,0.001724,0.001176
46.99973,0.186800,0.127398,0.001588,0.001083
47.00546,0.186904,0.127455,0.001452,0.000990
47.01119,0.187008,0.127512,0.001316,0.000897
47.01692,0.187112,0.127569,0.001180,0.000804
47.02265,0.187215,0.127626,0.001044,0.000711
47.02838,0.187318,0.127682,0.000907,0.000618
47.03411,0.187420,0.127739,0.000771,0.000525
47.03983,0.187522,0.127795,0.000634,0.000432
47.04556,0.187624,0.127850,0.000497,0.000339
47.05129,0.187725,0.127906,0.000360,0.000245
47.05702,0.187827,0.127961,0.000223,0.000152
47.06275,0.187927,0.128015,0.000086,0.000059
47.06848,0.188028,0.128070,0.000051,0.000035
47.07421,0.188128,0.128124,0.000189,0.000129
47.07994,0.188227,0.128178,0.000326,0.000222
47.08567,0.188326,0.128232,0.000464,0.000316
47.09140,0.188425,0.128286,0.000602,0.000410
47.09713,0.188524,0.128339,0.000740,0.000504
47.10286,0.188622,0.128392,0.000878,0.000598
47.10859,0.188720,0.128445,0.001016,0.000692
47.11432,0.188817,0.128497,0.001155,0.000786
47.12005,0.188914,0.128550,0.001293,0.000880
47.12578,0.189011,0.128602,0.001432,0.000974
47.13151,0.189108,0.128653,0.001571,0.001069
47.13724,0.189204,0.128705,0.001710,0.001163
47.14297,0.189299,0.128756,0.001849,0.001257
47.14870,0.189395,0.128807,0.001988,0.001352
47.15443,0.189490,0.128858,0.002127,0.001446
47.16016,0.189584,0.128908,0.002266,0.001541
47.16589,0.189678,0.128958,0.002406,0.001636
47.17162,0.189772,0.129008,0.002545,0.001730
47.17734,0.189866,0.129058,0.002685,0.001825
47.18307,0.189959,0.129107,0.002825,0.001920
47.18880,0.190052,0.129156,0.002965,0.002015
47.19453,0.190144,0.129205,0.003105,0.002110
47.20026,0.190236,0.129254,0.003245,0.002205
47.20599,0.190328,0.129302,0.003385,0.002300
47.21172,0.190419,0.129350,0.003525,0.002395
47.21745,0.190510,0.129398,0.003666,0.002490
47.22318,0.190601,0.129445,0.003807,0.002585
47.22891,0.190691,0.129493,0.003947,0.002680
47.23464,0.190781,0.129540,0.004088,0.002776
47.24037,0.190870,0.129586,0.004229,0.002871
47.24610,0.190959,0.129633,0.004370,0.002967
47.25183,0.191048,0.129679,0.004511,0.003062
47.25756,0.191137,0.129725,0.004652,0.003158
47.26329,0.191225,0.129771,0.004794,0.003253
47.26902,0.191312,0.129816,0.004935,0.003349
47.27475,0.191400,0.129861,0.005077,0.003444
47.28048,0.191487,0.129906,0.005218,0.003540
47.28621,0.191573,0.129951,0.005360,0.003636
47.29194,0.191659,0.129996,0.005502,0.003732
47.29767,0.191745,0.130040,0.005644,0.003827
47.30340,0.191831,0.130084,0.005786,0.003923
47.30913,0.191916,0.130127,0.005928,0.004019
47.31485,0.192001,0.130171,0.006070,0.004115
47.32058,0.192085,0.130214,0.006212,0.004211
47.32631,0.192169,0.130256,0.006355,0.004307
47.33204,0.192253,0.130299,0.006497,0.004403
47.33777,0.192336,0.130341,0.006640,0.004500
47.34350,0.192419,0.130383,0.006782,0.004596
47.34923,0.192502,0.130425,0.006925,0.004692
47.35496,0.192584,0.130467,0.007068,0.004788
47.36069,0.192666,0.130508,0.007211,0.004884
47.36642,0.192747,0.130549,0.007354,0.004981
47.37215,0.192828,0.130590,0.007497,0.005077
47.37788,0.192909,0.130630,0.007640,0.005174
47.38361,0.192990,0.130671,0.007783,0.005270
47.38934,0.193070,0.130711,0.007927,0.005366
47.39507,0.193149,0.130750,0.008070,0.005463
47.40080,0.193228,0.130790,0.008214,0.005559
47.40653,0.193307,0.130829,0.008357,0.005656
47.41226,0.193386,0.130868,0.008501,0.005753
47.41799,0.193464,0.130907,0.008645,0.005849
47.42372,0.193542,0.130945,0.008788,0.005946
47.42945,0.193619,0.130983,0.008932,0.006043
47.43518,0.193697,0.131021,0.009076,0.006139
47.44091,0.193773,0.131059,0.009220,0.006236
47.44664,0.193850,0.131096,0.009364,0.006333
47.45236,0.193926,0.131133,0.009509,0.006430
47.45809,0.194001,0.131170,0.009653,0.006527
47.46382,0.194076,0.131206,0.009797,0.006623
47.46955,0.194151,0.131243,0.009941,0.006720
47.47528,0.194226,0.131279,0.010086,0.006817
47.48101,0.194300,0.131315,0.010230,0.006914
47.48674,0.194374,0.131350,0.010375,0.007011
47.49247,0.194447,0.131385,0.010520,0.007108
47.49820,0.194520,0.131421,0.010664,0.007205
47.50393,0.194593,0.131455,0.010809,0.007302
47.50966,0.194665,0.131490,0.010954,0.007399
47.51539,0.194737,0.131524,0.011099,0.007496
47.52112,0.194809,0.131558,0.011244,0.007593
47.52685,0.194880,0.131592,0.011389,0.007690
47.53258,0.194951,0.131625,0.011534,0.007788
47.53831,0.195021,0.131658,0.011679,0.007885
47.54404,0.195091,0.131691,0.011825,0.007982
47.54977,0.195161,0.131724,0.011970,0.008079
47.55550,0.195231,0.131756,0.012115,0.008176
47.56123,0.195300,0.131788,0.012261,0.008273
47.56696,0.195368,0.131820,0.012406,0.008371
47.57269,0.195436,0.131852,0.012552,0.008468
47.57842,0.195504,0.131883,0.012697,0.008565
47.58414,0.195572,0.131914,0.012843,0.008662
47.58987,0.195639,0.131945,0.012988,0.008760
47.59560,0.195706,0.131976,0.013134,0.008857
47.60133,0.195772,0.132006,0.013280,0.008954
47.60706,0.195838,0.132036,0.013426,0.009052
47.61279,0.195904,0.132066,0.013571,0.009149
47.61852,0.195969,0.132096,0.013717,0.009246
47.62425,0.196034,0.132125,0.013863,0.009344
47.62998,0.196099,0.132154,0.014009,0.009441
47.63571,0.196163,0.132183,0.014155,0.009538
47.64144,0.196227,0.132211,0.014301,0.009636
47.64717,0.196290,0.132239,0.014447,0.009733
47.65290,0.196353,0.132267,0.014594,0.009831
47.65863,0.196416,0.132295,0.014740,0.009928
47.66436,0.196478,0.132323,0.014886,0.010025
47.67009,0.196540,0.132350,0.015032,0.010123
47.67582,0.196602,0.132377,0.015179,0.010220
47.68155,0.196663,0.132403,0.015325,0.010317
47.68728,0.196724,0.132430,0.015471,0.010415
47.69301,0.196784,0.132456,0.015618,0.010512
47.69874,0.196844,0.132482,0.015764,0.010610
47.70447,0.196904,0.132508,0.015911,0.010707
47.71020,0.196964,0.132533,0.016057,0.010805
47.71593,0.197023,0.132558,0.016204,0.010902
47.72165,0.197081,0.132583,0.016350,0.010999
47.72738,0.197139,0.132608,0.016497,0.011097
47.73311,0.197197,0.132632,0.016643,0.011194
47.73884,0.197255,0.132656,0.016790,0.011292
47.74457,0.197312,0.132680,0.016937,0.011389
47.75030,0.197369,0.132703,0.017083,0.011486
47.75603,0.197425,0.132727,0.017230,0.011584
47.76176,0.197481,0.132750,0.017377,0.011681
47.76749,0.197537,0.132773,0.017524,0.011778
47.77322,0.197592,0.132795,0.017671,0.011876
47.77895,0.197647,0.132817,0.017817,0.011973
47.78468,0.197701,0.132839,0.017964,0.012070
47.79041,0.197756,0.132861,0.018111,0.012168
47.79614,0.197809,0.132883,0.018258,0.012265
47.80187,0.197863,0.132904,0.018405,0.012362
47.80760,0.197916,0.132925,0.018552,0.012460
47.81333,0.197969,0.132945,0.018699,0.012557
47.81906,0.198021,0.132966,0.018846,0.012654
47.82479,0.198073,0.132986,0.018993,0.012752
47.83052,0.198124,0.133006,0.019140,0.012849
47.83625,0.198176,0.133026,0.019287,0.012946
47.84198,0.198226,0.133045,0.019434,0.013043
47.84771,0.198277,0.133064,0.019581,0.013141
47.85344,0.198327,0.133083,0.019728,0.013238
47.85916,0.198377,0.133102,0.019875,0.013335
47.86489,0.198426,0.133120,0.020022,0.013432
47.87062,0.198475,0.133138,0.020169,0.013529
47.87635,0.198523,0.133156,0.020316,0.013626
47.88208,0.198572,0.133174,0.020463,0.013724
47.88781,0.198619,0.133191,0.020610,0.013821
47.89354,0.198667,0.133208,0.020757,0.013918
47.89927,0.198714,0.133225,0.020904,0.014015
47.90500,0.198761,0.133242,0.021051,0.014112
47.91073,0.198807,0.133258,0.021198,0.014209
47.91646,0.198853,0.133274,0.021345,0.014306
47.92219,0.198899,0.133290,0.021492,0.014403
47.92792,0.198944,0.133305,0.021639,0.014500
47.93365,0.198989,0.133321,0.021786,0.014597
47.93938,0.199033,0.133336,0.021933,0.014693
47.94511,0.199077,0.133350,0.022080,0.014790
47.95084,0.199121,0.133365,0.022227,0.014887
47.95657,0.199164,0.133379,0.022374,0.014984
47.96230,0.199207,0.133393,0.022521,0.015081
47.96803,0.199250,0.133407,0.022668,0.015178
47.97376,0.199292,0.133420,0.022815,0.015274
47.97949,0.199334,0.133433,0.022962,0.015371
47.98522,0.199375,0.133446,0.023109,0.015468
47.99094,0.199417,0.133459,0.023256,0.015564
47.99667,0.199457,0.133472,0.023403,0.015661
48.00240,0.199498,0.133484,0.023550,0.015757
48.00813,0.199538,0.133496,0.023697,0.015854
48.01386,0.199577,0.133507,0.023844,0.015951
48.01959,0.199616,0.133519,0.023991,0.016047
48.02532,0.199655,0.133530,0.024138,0.016143
48.03105,0.199694,0.133541,0.024285,0.016240
48.03678,0.199732,0.133551,0.024432,0.016336
48.04251,0.199770,0.133562,0.024578,0.016433
48.04824,0.199807,0.133572,0.024725,0.016529
48.05397,0.199844,0.133582,0.024872,0.016625
48.05970,0.199881,0.133591,0.025019,0.016721
48.06543,0.199917,0.133601,0.025165,0.016818
48.07116,0.199953,0.133610,0.025312,0.016914
48.07689,0.199988,0.133619,0.025459,0.017010
48.08262,0.200023,0.133627,0.025605,0.017106
48.08835,0.200058,0.133636,0.025752,0.017202
48.09408,0.200092,0.133644,0.025899,0.017298
48.09981,0.200126,0.133651,0.026045,0.017394
48.10554,0.200160,0.133659,0.026192,0.017490
48.11127,0.200193,0.133666,0.026338,0.017586
48.11700,0.200226,0.133673,0.026485,0.017682
48.12273,0.200259,0.133680,0.026631,0.017777
48.12845,0.200291,0.133687,0.026778,0.017873
48.13418,0.200323,0.133693,0.026924,0.017969
48.13991,0.200354,0.133699,0.027070,0.018064
48.14564,0.200385,0.133705,0.027217,0.018160
48.15137,0.200415,0.133710,0.027363,0.018256
48.15710,0.200446,0.133715,0.027509,0.018351
48.16283,0.200476,0.133720,0.027655,0.018447
48.16856,0.200505,0.133725,0.027801,0.018542
48.17429,0.200534,0.133730,0.027948,0.018637
48.18002,0.200563,0.133734,0.028094,0.018733
48.18575,0.200591,0.133738,0.028240,0.018828
48.19148,0.200619,0.133742,0.028386,0.018923
48.19721,0.200647,0.133745,0.028532,0.019018
48.20294,0.200674,0.133748,0.028677,0.019113
48.20867,0.200701,0.133751,0.028823,0.019208
48.21440,0.200728,0.133754,0.028969,0.019303
48.22013,0.200754,0.133756,0.029115,0.019398
48.22586,0.200779,0.133758,0.029261,0.019493
48.23159,0.200805,0.133760,0.029406,0.019588
48.23732,0.200830,0.133762,0.029552,0.019683
48.24305,0.200854,0.133763,0.029697,0.019778
48.24878,0.200879,0.133765,0.029843,0.019872
48.25451,0.200903,0.133766,0.029988,0.019967
48.26024,0.200926,0.133766,0.030134,0.020062
48.26596,0.200949,0.133767,0.030279,0.020156
48.27169,0.200972,0.133767,0.030424,0.020250
48.27742,0.200994,0.133767,0.030570,0.020345
48.28315,0.201016,0.133766,0.030715,0.020439
48.28888,0.201038,0.133766,0.030860,0.020533
48.29461,0.201059,0.133765,0.031005,0.020628
48.30034,0.201080,0.133764,0.031150,0.020722
48.30607,0.201101,0.133762,0.031295,0.020816
48.31180,0.201121,0.133761,0.031440,0.020910
48.31753,0.201140,0.133759,0.031585,0.021004
48.32326,0.201160,0.133757,0.031729,0.021098
48.32899,0.201179,0.133754,0.031874,0.021192
48.33472,0.201197,0.133752,0.032019,0.021285
48.34045,0.201216,0.133749,0.032163,0.021379
48.34618,0.201233,0.133745,0.032308,0.021473
48.35191,0.201251,0.133742,0.032452,0.021566
48.35764,0.201268,0.133738,0.032596,0.021660
48.36337,0.201285,0.133734,0.032741,0.021753
48.36910,0.201301,0.133730,0.032885,0.021846
48.37483,0.201317,0.133726,0.033029,0.021940
48.38056,0.201333,0.133721,0.033173,0.022033
48.38629,0.201348,0.133716,0.033317,0.022126
48.39202,0.201363,0.133711,0.033461,0.022219
48.39774,0.201377,0.133706,0.033605,0.022312
48.40347,0.201392,0.133700,0.033749,0.022405
48.40920,0.201405,0.133694,0.033892,0.022498
48.41493,0.201419,0.133688,0.034036,0.022591
48.42066,0.201432,0.133681,0.034179,0.022683
48.42639,0.201444,0.133675,0.034323,0.022776
48.43212,0.201456,0.133668,0.034466,0.022869
48.43785,0.201468,0.133661,0.034610,0.022961
48.44358,0.201480,0.133653,0.034753,0.023054
48.44931,0.201491,0.133645,0.034896,0.023146
48.45504,0.201502,0.133637,0.035039,0.023238
48.46077,0.201512,0.133629,0.035182,0.023330
48.46650,0.201522,0.133621,0.035325,0.023422
48.47223,0.201532,0.133612,0.035468,0.023514
48.47796,0.201541,0.133603,0.035610,0.023606
48.48369,0.201550,0.133594,0.035753,0.023698
48.48942,0.201558,0.133584,0.035896,0.023790
48.49515,0.201566,0.133575,0.036038,0.023882
48.50088,0.201574,0.133565,0.036180,0.023973
48.50661,0.201582,0.133555,0.036323,0.024065
48.51234,0.201588,0.133544,0.036465,0.024156
48.51807,0.201595,0.133533,0.036607,0.024248
48.52380,0.201601,0.133522,0.036749,0.024339
48.52953,0.201607,0.133511,0.036891,0.024430
48.53525,0.201613,0.133500,0.037033,0.024521
48.54098,0.201618,0.133488,0.037174,0.024612
48.54671,0.201623,0.133476,0.037316,0.024703
48.55244,0.201627,0.133464,0.037457,0.024794
48.55817,0.201631,0.133451,0.037599,0.024885
48.56390,0.201635,0.133439,0.037740,0.024976
48.56963,0.201638,0.133426,0.037881,0.025066
48.57536,0.201641,0.133412,0.038022,0.025157
48.58109,0.201643,0.133399,0.038163,0.025247
48.58682,0.201645,0.133385,0.038304,0.025338
48.59255,0.201647,0.133371,0.038445,0.025428
48.59828,0.201648,0.133357,0.038586,0.025518
48.60401,0.201649,0.133343,0.038726,0.025608
48.60974,0.201650,0.133328,0.038867,0.025698
48.61547,0.201650,0.133313,0.039007,0.025788
48.62120,0.201650,0.133298,0.039147,0.025878
48.62693,0.201650,0.133282,0.039288,0.025968
48.63266,0.201649,0.133266,0.039428,0.026057
48.63839,0.201648,0.133251,0.039568,0.026147
48.64412,0.201646,0.133234,0.039707,0.026236
48.64985,0.201644,0.133218,0.039847,0.026325
48.65558,0.201642,0.133201,0.039987,0.026415
48.66131,0.201639,0.133184,0.040126,0.026504
48.66704,0.201636,0.133167,0.040266,0.026593
48.67276,0.201632,0.133150,0.040405,0.026682
48.67849,0.201628,0.133132,0.040544,0.026771
48.68422,0.201624,0.133114,0.040683,0.026859
48.68995,0.201619,0.133096,0.040822,0.026948
48.69568,0.201614,0.133077,0.040961,0.027036
48.70141,0.201609,0.133059,0.041099,0.027125
48.70714,0.201603,0.133040,0.041238,0.027213
48.71287,0.201597,0.133020,0.041376,0.027301
48.71860,0.201591,0.133001,0.041515,0.027390
48.72433,0.201584,0.132981,0.041653,0.027478
48.73006,0.201577,0.132961,0.041791,0.027566
48.73579,0.201569,0.132941,0.041929,0.027653
48.74152,0.201561,0.132921,0.042067,0.027741
48.74725,0.201553,0.132900,0.042204,0.027829
48.75298,0.201544,0.132879,0.042342,0.027916
48.75871,0.201535,0.132858,0.042479,0.028004
48.76444,0.201525,0.132837,0.042617,0.028091
48.77017,0.201516,0.132815,0.042754,0.028178
48.77590,0.201505,0.132793,0.042891,0.028265
48.78163,0.201495,0.132771,0.043028,0.028352
48.78736,0.201484,0.132749,0.043165,0.028439
48.79309,0.201472,0.132726,0.043301,0.028526
48.79882,0.201461,0.132703,0.043438,0.028613
48.80454,0.201449,0.132680,0.043574,0.028699
48.81027,0.201436,0.132657,0.043710,0.028786
48.81600,0.201423,0.132633,0.043846,0.028872
48.82173,0.201410,0.132609,0.043982,0.028958
48.82746,0.201397,0.132585,0.044118,0.029044
48.83319,0.201383,0.132561,0.044254,0.029130
48.83892,0.201368,0.132536,0.044389,0.029216
48.84465,0.201354,0.132511,0.044525,0.029302
48.85038,0.201339,0.132486,0.044660,0.029388
48.85611,0.201323,0.132461,0.044795,0.029473
48.86184,0.201307,0.132435,0.044930,0.029559
48.86757,0.201291,0.132410,0.045065,0.029644
48.87330,0.201275,0.132384,0.045200,0.029729
48.87903,0.201258,0.132357,0.045334,0.029814
48.88476,0.201240,0.132331,0.045469,0.029899
48.89049,0.201223,0.132304,0.045603,0.029984
48.89622,0.201205,0.132277,0.045737,0.030069
48.90195,0.201186,0.132250,0.045871,0.030153
48.90768,0.201167,0.132222,0.046005,0.030238
48.91341,0.201148,0.132194,0.046139,0.030322
48.91914,0.201129,0.132166,0.046272,0.030406
48.92487,0.201109,0.132138,0.046405,0.030491
48.93060,0.201089,0.132110,0.046539,0.030575
48.93633,0.201068,0.132081,0.046672,0.030659
48.94205,0.201047,0.132052,0.046805,0.030742
48.94778,0.201026,0.132023,0.046937,0.030826
48.95351,0.201004,0.131993,0.047070,0.030909
48.95924,0.200982,0.131964,0.047202,0.030993
48.96497,0.200959,0.131934,0.047335,0.031076
48.97070,0.200936,0.131904,0.047467,0.031159
48.97643,0.200913,0.131873,0.047599,0.031242
48.98216,0.200889,0.131842,0.047731,0.031325
48.98789,0.200865,0.131812,0.047862,0.031408
48.99362,0.200841,0.131780,0.047994,0.031491
48.99935,0.200816,0.131749,0.048125,0.031573
49.00508,0.200791,0.131717,0.048256,0.031656
49.01081,0.200766,0.131686,0.048387,0.031738
49.01654,0.200740,0.131653,0.048518,0.031820
49.02227,0.200714,0.131621,0.048649,0.031902
49.02800,0.200687,0.131589,0.048779,0.031984
49.03373,0.200660,0.131556,0.048910,0.032066
49.03946,0.200633,0.131523,0.049040,0.032147
49.04519,0.200605,0.131489,0.049170,0.032229
49.05092,0.200577,0.131456,0.049300,0.032310
49.05665,0.200549,0.131422,0.049429,0.032392
49.06238,0.200520,0.131388,0.049559,0.032473
49.06811,0.200491,0.131354,0.049688,0.032554
49.07384,0.200461,0.131319,0.049817,0.032635
49.07956,0.200431,0.131285,0.049946,0.032715
49.08529,0.200401,0.131250,0.050075,0.032796
49.09102,0.200370,0.131214,0.050204,0.032876
49.09675,0.200339,0.131179,0.050332,0.032957
49.10248,0.200308,0.131143,0.050460,0.033037
49.10821,0.200276,0.131107,0.050588,0.033117
49.11394,0.200244,0.131071,0.050716,0.033197
49.11967,0.200212,0.131035,0.050844,0.033277
49.12540,0.200179,0.130998,0.050972,0.033356
49.13113,0.200145,0.130961,0.051099,0.033436
49.13686,0.200112,0.130924,0.051226,0.033515
49.14259,0.200078,0.130887,0.051353,0.033594
49.14832,0.200044,0.130849,0.051480,0.033673
49.15405,0.200009,0.130811,0.051607,0.033752
49.15978,0.199974,0.130773,0.051733,0.033831
49.16551,0.199938,0.130735,0.051860,0.033910
49.17124,0.199902,0.130696,0.051986,0.033988
49.17697,0.199866,0.130658,0.052112,0.034067
49.18270,0.199830,0.130619,0.052237,0.034145
49.18843,0.199793,0.130579,0.052363,0.034223
49.19416,0.199756,0.130540,0.052488,0.034301
49.19989,0.199718,0.130500,0.052613,0.034379
49.20562,0.199680,0.130460,0.052738,0.034456
49.21135,0.199642,0.130420,0.052863,0.034534
49.21707,0.199603,0.130380,0.052988,0.034611
49.22280,0.199564,0.130339,0.053112,0.034689
49.22853,0.199524,0.130298,0.053236,0.034766
49.23426,0.199484,0.130257,0.053361,0.034843
49.23999,0.199444,0.130215,0.053484,0.034919
49.24572,0.199403,0.130174,0.053608,0.034996
49.25145,0.199363,0.130132,0.053731,0.035073
49.25718,0.199321,0.130090,0.053855,0.035149
49.26291,0.199280,0.130048,0.053978,0.035225
49.26864,0.199237,0.130005,0.054101,0.035301
49.27437,0.199195,0.129962,0.054223,0.035377
49.28010,0.199152,0.129919,0.054346,0.035453
49.28583,0.199109,0.129876,0.054468,0.035529
49.29156,0.199066,0.129833,0.054590,0.035604
49.29729,0.199022,0.129789,0.054712,0.035679
49.30302,0.198977,0.129745,0.054833,0.035755
49.30875,0.198933,0.129701,0.054955,0.035830
49.31448,0.198888,0.129656,0.055076,0.035905
49.32021,0.198843,0.129612,0.055197,0.035979
49.32594,0.198797,0.129567,0.055318,0.036054
49.33167,0.198751,0.129522,0.055439,0.036128
49.33740,0.198704,0.129476,0.055559,0.036203
49.34313,0.198658,0.129431,0.055679,0.036277
49.34885,0.198610,0.129385,0.055799,0.036351
49.35458,0.198563,0.129339,0.055919,0.036424
49.36031,0.198515,0.129293,0.056039,0.036498
49.36604,0.198467,0.129246,0.056158,0.036572
49.37177,0.198418,0.129200,0.056277,0.036645
49.37750,0.198369,0.129153,0.056396,0.036718
49.38323,0.198320,0.129105,0.056515,0.036791
49.38896,0.198270,0.129058,0.056633,0.036864
49.39469,0.198220,0.129010,0.056752,0.036937
49.40042,0.198169,0.128962,0.056870,0.037009
49.40615,0.198119,0.128914,0.056988,0.037082
49.41188,0.198067,0.128866,0.057105,0.037154
49.41761,0.198016,0.128817,0.057223,0.037226
49.42334,0.197964,0.128769,0.057340,0.037298
49.42907,0.197912,0.128720,0.057457,0.037370
49.43480,0.197859,0.128670,0.057574,0.037441
49.44053,0.197806,0.128621,0.057691,0.037513
49.44626,0.197753,0.128571,0.057807,0.037584
49.45199,0.197699,0.128521,0.057923,0.037655
49.45772,0.197645,0.128471,0.058039,0.037726
49.46345,0.197591,0.128421,0.058155,0.037797
49.46918,0.197536,0.128370,0.058270,0.037867
49.47491,0.197481,0.128319,0.058385,0.037938
49.48064,0.197425,0.128268,0.058500,0.038008
49.48636,0.197369,0.128217,0.058615,0.038078
49.49209,0.197313,0.128165,0.058730,0.038148
49.49782,0.197256,0.128113,0.058844,0.038218
49.50355,0.197199,0.128061,0.058958,0.038288
49.50928,0.197142,0.128009,0.059072,0.038357
49.51501,0.197084,0.127957,0.059186,0.038426
49.52074,0.197026,0.127904,0.059299,0.038495
49.52647,0.196968,0.127851,0.059412,0.038564
49.53220,0.196909,0.127798,0.059525,0.038633
49.53793,0.196850,0.127745,0.059638,0.038702
49.54366,0.196791,0.127691,0.059751,0.038770
49.54939,0.196731,0.127637,0.059863,0.038839
49.55512,0.196670,0.127583,0.059975,0.038907
49.56085,0.196610,0.127529,0.060087,0.038975
49.56658,0.196549,0.127475,0.060198,0.039043
49.57231,0.196488,0.127420,0.060310,0.039110
49.57804,0.196426,0.127365,0.060421,0.039178
49.58377,0.196364,0.127310,0.060532,0.039245
49.58950,0.196302,0.127254,0.060642,0.039312
49.59523,0.196239,0.127199,0.060753,0.039379
49.60096,0.196176,0.127143,0.060863,0.039446
49.60669,0.196112,0.127087,0.060973,0.039512
49.61242,0.196049,0.127031,0.061082,0.039579
49.61815,0.195984,0.126974,0.061192,0.039645
49.62387,0.195920,0.126917,0.061301,0.039711
49.62960,0.195855,0.126860,0.061410,0.039777
49.63533,0.195790,0.126803,0.061519,0.039843
49.64106,0.195724,0.126746,0.061627,0.039908
49.64679,0.195658,0.126688,0.061735,0.039974
49.65252,0.195592,0.126630,0.061843,0.040039
49.65825,0.195525,0.126572,0.061951,0.040104
49.66398,0.195458,0.126514,0.062059,0.040169
49.66971,0.195391,0.126456,0.062166,0.040233
49.67544,0.195323,0.126397,0.062273,0.040298
49.68117,0.195255,0.126338,0.062380,0.040362
49.68690,0.195187,0.126279,0.062486,0.040426
49.69263,0.195118,0.126219,0.062592,0.040490
49.69836,0.195049,0.126160,0.062698,0.040554
49.70409,0.194979,0.126100,0.062804,0.040618
49.70982,0.194909,0.126040,0.062910,0.040681
49.71555,0.194839,0.125980,0.063015,0.040744
49.72128,0.194768,0.125919,0.063120,0.040807
49.72701,0.194698,0.125858,0.063224,0.040870
49.73274,0.194626,0.125797,0.063329,0.040933
49.73847,0.194555,0.125736,0.063433,0.040995
49.74420,0.194483,0.125675,0.063537,0.041058
49.74993,0.194410,0.125613,0.063641,0.041120
49.75565,0.194337,0.125551,0.063744,0.041182
49.76138,0.194264,0.125489,0.063847,0.041244
49.76711,0.194191,0.125427,0.063950,0.041305
49.77284,0.194117,0.125365,0.064053,0.041367
49.77857,0.194043,0.125302,0.064156,0.041428
49.78430,0.193969,0.125239,0.064258,0.041489
49.79003,0.193894,0.125176,0.064360,0.041550
49.79576,0.193819,0.125113,0.064461,0.041611
49.80149,0.193743,0.125049,0.064563,0.041671
49.80722,0.193667,0.124985,0.064664,0.041731
49.81295,0.193591,0.124921,0.064765,0.041792
49.81868,0.193514,0.124857,0.064865,0.041852
49.82441,0.193437,0.124793,0.064965,0.041911
49.83014,0.193360,0.124728,0.065066,0.041971
49.83587,0.193282,0.124663,0.065165,0.042030
49.84160,0.193204,0.124598,0.065265,0.042090
49.84733,0.193126,0.124533,0.065364,0.042149
49.85306,0.193047,0.124467,0.065463,0.042207
49.85879,0.192968,0.124402,0.065562,0.042266
49.86452,0.192889,0.124336,0.065660,0.042324
49.87025,0.192809,0.124269,0.065758,0.042383
49.87598,0.192729,0.124203,0.065856,0.042441
49.88171,0.192648,0.124136,0.065954,0.042499
49.88744,0.192568,0.124070,0.066051,0.042556
49.89316,0.192486,0.124003,0.066149,0.042614
49.89889,0.192405,0.123935,0.066245,0.042671
49.90462,0.192323,0.123868,0.066342,0.042728
49.91035,0.192241,0.123800,0.066438,0.042785
49.91608,0.192158,0.123732,0.066534,0.042842
49.92181,0.192075,0.123664,0.066630,0.042899
49.92754,0.191992,0.123596,0.066725,0.042955
49.93327,0.191908,0.123528,0.066821,0.043011
49.93900,0.191825,0.123459,0.066915,0.043067
49.94473,0.191740,0.123390,0.067010,0.043123
49.95046,0.191656,0.123321,0.067104,0.043178
49.95619,0.191571,0.123251,0.067199,0.043234
49.96192,0.191485,0.123182,0.067292,0.043289
49.96765,0.191399,0.123112,0.067386,0.043344
49.97338,0.191313,0.123042,0.067479,0.043399
49.97911,0.191227,0.122972,0.067572,0.043453
49.98484,0.191140,0.122901,0.067665,0.043508
49.99057,0.191053,0.122831,0.067757,0.043562
49.99630,0.190966,0.122760,0.067849,0.043616
50.00203,0.190878,0.122689,0.067941,0.043670
50.00776,0.190790,0.122618,0.068033,0.043723
50.01349,0.190701,0.122546,0.068124,0.043777
50.01922,0.190613,0.122474,0.068215,0.043830
50.02495,0.190523,0.122402,0.068306,0.043883
50.03067,0.190434,0.122330,0.068396,0.043936
50.03640,0.190344,0.122258,0.068486,0.043989
50.04213,0.190254,0.122186,0.068576,0.044041
50.04786,0.190163,0.122113,0.068665,0.044093
50.05359,0.190072,0.122040,0.068755,0.044145
50.05932,0.189981,0.121967,0.068844,0.044197
50.06505,0.189889,0.121893,0.068932,0.044249
50.07078,0.189798,0.121820,0.069021,0.044300
50.07651,0.189705,0.121746,0.069109,0.044352
50.08224,0.189613,0.121672,0.069197,0.044403
50.08797,0.189520,0.121598,0.069284,0.044453
50.09370,0.189426,0.121523,0.069371,0.044504
50.09943,0.189333,0.121449,0.069458,0.044554
50.10516,0.189239,0.121374,0.069545,0.044605
50.11089,0.189144,0.121299,0.069631,0.044655
50.11662,0.189050,0.121224,0.069717,0.044705
50.12235,0.188955,0.121148,0.069803,0.044754
50.12808,0.188859,0.121073,0.069888,0.044804
50.13381,0.188764,0.120997,0.069974,0.044853
50.13954,0.188668,0.120921,0.070058,0.044902
50.14527,0.188571,0.120845,0.070143,0.044951
50.15100,0.188474,0.120768,0.070227,0.044999
50.15673,0.188377,0.120691,0.070311,0.045048
50.16245,0.188280,0.120615,0.070395,0.045096
50.16818,0.188182,0.120538,0.070478,0.045144
50.17391,0.188084,0.120460,0.070561,0.045192
50.17964,0.187986,0.120383,0.070644,0.045239
50.18537,0.187887,0.120305,0.070727,0.045287
50.19110,0.187788,0.120227,0.070809,0.045334
50.19683,0.187688,0.120149,0.070891,0.045381
50.20256,0.187589,0.120071,0.070972,0.045428
50.20829,0.187488,0.119992,0.071053,0.045474
50.21402,0.187388,0.119914,0.071134,0.045520
50.21975,0.187287,0.119835,0.071215,0.045567
50.22548,0.187186,0.119756,0.071295,0.045613
50.23121,0.187085,0.119676,0.071375,0.045658
50.23694,0.186983,0.119597,0.071455,0.045704
50.24267,0.186881,0.119517,0.071535,0.045749
50.24840,0.186778,0.119437,0.071614,0.045794
50.25413,0.186675,0.119357,0.071693,0.045839
50.25986,0.186572,0.119277,0.071771,0.045884
50.26559,0.186469,0.119196,0.071849,0.045928
50.27132,0.186365,0.119116,0.071927,0.045972
50.27705,0.186261,0.119035,0.072005,0.046017
50.28278,0.186156,0.118954,0.072082,0.046060
50.28851,0.186051,0.118872,0.072159,0.046104
50.29424,0.185946,0.118791,0.072236,0.046147
50.29996,0.185840,0.118709,0.072312,0.046191
50.30569,0.185735,0.118627,0.072388,0.046234
50.31142,0.185628,0.118545,0.072464,0.046276
50.31715,0.185522,0.118463,0.072539,0.046319
50.32288,0.185415,0.118380,0.072614,0.046361
50.32861,0.185308,0.118297,0.072689,0.046403
50.33434,0.185200,0.118215,0.072763,0.046445
50.34007,0.185092,0.118131,0.072838,0.046487
50.34580,0.184984,0.118048,0.072911,0.046529
50.35153,0.184876,0.117965,0.072985,0.046570
50.35726,0.184767,0.117881,0.073058,0.046611
50.36299,0.184658,0.117797,0.073131,0.046652
50.36872,0.184548,0.117713,0.073204,0.046692
50.37445,0.184438,0.117629,0.073276,0.046733
50.38018,0.184328,0.117544,0.073348,0.046773
50.38591,0.184217,0.117460,0.073419,0.046813
50.39164,0.184107,0.117375,0.073491,0.046853
50.39737,0.183995,0.117290,0.073562,0.046893
50.40310,0.183884,0.117204,0.073632,0.046932
50.40883,0.183772,0.117119,0.073703,0.046971
50.41456,0.183660,0.117033,0.073773,0.047010
50.42029,0.183547,0.116947,0.073842,0.047049
50.42602,0.183435,0.116861,0.073912,0.047087
50.43175,0.183321,0.116775,0.073981,0.047125
50.43747,0.183208,0.116689,0.074049,0.047164
50.44320,0.183094,0.116602,0.074118,0.047201
50.44893,0.182980,0.116515,0.074186,0.047239
50.45466,0.182865,0.116428,0.074254,0.047276
50.46039,0.182751,0.116341,0.074321,0.047314
50.46612,0.182635,0.116254,0.074388,0.047351
50.47185,0.182520,0.116166,0.074455,0.047387
50.47758,0.182404,0.116078,0.074521,0.047424
50.48331,0.182288,0.115990,0.074587,0.047460
50.48904,0.182171,0.115902,0.074653,0.047496
50.49477,0.182055,0.115814,0.074719,0.047532
50.50050,0.181938,0.115725,0.074784,0.047568
50.50623,0.181820,0.115637,0.074849,0.047603
50.51196,0.181702,0.115548,0.074913,0.047638
50.51769,0.181584,0.115459,0.074977,0.047673
50.52342,0.181466,0.115369,0.075041,0.047708
50.52915,0.181347,0.115280,0.075104,0.047743
50.53488,0.181228,0.115190,0.075168,0.047777
50.54061,0.181109,0.115100,0.075230,0.047811
50.54634,0.180989,0.115010,0.075293,0.047845
50.55207,0.180869,0.114920,0.075355,0.047879
50.55780,0.180749,0.114829,0.075417,0.047912
50.56353,0.180628,0.114739,0.075478,0.047946
50.56925,0.180507,0.114648,0.075540,0.047979
50.57498,0.180385,0.114557,0.075600,0.048011
50.58071,0.180264,0.114466,0.075661,0.048044
50.58644,0.180142,0.114374,0.075721,0.048076
50.59217,0.180019,0.114283,0.075781,0.048108
50.59790,0.179897,0.114191,0.075840,0.048140
50.60363,0.179774,0.114099,0.075899,0.048172
50.60936,0.179651,0.114007,0.075958,0.048203
50.61509,0.179527,0.113915,0.076017,0.048235
50.62082,0.179403,0.113822,0.076075,0.048266
50.62655,0.179279,0.113730,0.076133,0.048296
50.63228,0.179154,0.113637,0.076190,0.048327
50.63801,0.179029,0.113544,0.076247,0.048357
50.64374,0.178904,0.113450,0.076304,0.048387
50.64947,0.178779,0.113357,0.076360,0.048417
50.65520,0.178653,0.113263,0.076417,0.048447
50.66093,0.178527,0.113170,0.076472,0.048476
50.66666,0.178400,0.113076,0.076528,0.048506
50.67239,0.178273,0.112981,0.076583,0.048535
50.67812,0.178146,0.112887,0.076638,0.048563
50.68385,0.178019,0.112793,0.076692,0.048592
50.68958,0.177891,0.112698,0.076746,0.048620
50.69531,0.177763,0.112603,0.076800,0.048648
50.70104,0.177635,0.112508,0.076853,0.048676
50.70676,0.177506,0.112413,0.076906,0.048704
50.71249,0.177377,0.112317,0.076959,0.048731
50.71822,0.177247,0.112222,0.077011,0.048758
50.72395,0.177118,0.112126,0.077063,0.048785
50.72968,0.176988,0.112030,0.077115,0.048812
50.73541,0.176858,0.111934,0.077166,0.048839
50.74114,0.176727,0.111837,0.077217,0.048865
50.74687,0.176596,0.111741,0.077268,0.048891
50.75260,0.176465,0.111644,0.077318,0.048917
50.75833,0.176333,0.111547,0.077368,0.048942
50.76406,0.176201,0.111450,0.077417,0.048968
50.76979,0.176069,0.111353,0.077466,0.048993
50.77552,0.175937,0.111255,0.077515,0.049018
50.78125,0.175804,0.111158,0.077564,0.049042
50.78698,0.175671,0.111060,0.077612,0.049067
50.79271,0.175537,0.110962,0.077660,0.049091
50.79844,0.175403,0.110864,0.077707,0.049115
50.80417,0.175269,0.110766,0.077754,0.049139
50.80990,0.175135,0.110667,0.077801,0.049162
50.81563,0.175000,0.110568,0.077848,0.049186
50.82136,0.174865,0.110470,0.077894,0.049209
50.82709,0.174730,0.110370,0.077939,0.049231
50.83282,0.174594,0.110271,0.077985,0.049254
50.83855,0.174458,0.110172,0.078030,0.049276
50.84427,0.174322,0.110072,0.078074,0.049299
50.85000,0.174186,0.109973,0.078119,0.049320
50.85573,0.174049,0.109873,0.078163,0.049342
50.86146,0.173912,0.109773,0.078206,0.049364
50.86719,0.173774,0.109672,0.078250,0.049385
50.87292,0.173636,0.109572,0.078292,0.049406
50.87865,0.173498,0.109471,0.078335,0.049427
50.88438,0.173360,0.109371,0.078377,0.049447
50.89011,0.173221,0.109270,0.078419,0.049467
50.89584,0.173082,0.109168,0.078460,0.049488
50.90157,0.172943,0.109067,0.078502,0.049507
50.90730,0.172803,0.108966,0.078542,0.049527
50.91303,0.172663,0.108864,0.078583,0.049546
50.91876,0.172523,0.108762,0.078623,0.049566
50.92449,0.172382,0.108660,0.078662,0.049584
50.93022,0.172241,0.108558,0.078702,0.049603
50.93595,0.172100,0.108456,0.078741,0.049622
50.94168,0.171959,0.108353,0.078779,0.049640
50.94741,0.171817,0.108250,0.078818,0.049658
50.95314,0.171675,0.108148,0.078856,0.049675
50.95887,0.171533,0.108045,0.078893,0.049693
50.96460,0.171390,0.107941,0.078930,0.049710
50.97033,0.171247,0.107838,0.078967,0.049727
50.97606,0.171104,0.107734,0.079004,0.049744
50.98178,0.170960,0.107631,0.079040,0.049761
50.98751,0.170816,0.107527,0.079075,0.049777
50.99324,0.170672,0.107423,0.079111,0.049793
50.99897,0.170527,0.107319,0.079146,0.049809
51.00470,0.170382,0.107214,0.079180,0.049825
51.01043,0.170237,0.107110,0.079215,0.049840
51.01616,0.170092,0.107005,0.079249,0.049855
51.02189,0.169946,0.106900,0.079282,0.049870
51.02762,0.169800,0.106795,0.079315,0.049885
51.03335,0.169654,0.106690,0.079348,0.049900
51.03908,0.169507,0.106584,0.079381,0.049914
51.04481,0.169360,0.106479,0.079413,0.049928
51.05054,0.169213,0.106373,0.079444,0.049942
51.05627,0.169065,0.106267,0.079476,0.049955
51.06200,0.168918,0.106161,0.079507,0.049968
51.06773,0.168770,0.106055,0.079538,0.049981
51.07346,0.168621,0.105949,0.079568,0.049994
51.07919,0.168472,0.105842,0.079598,0.050007
51.08492,0.168323,0.105735,0.079627,0.050019
51.09065,0.168174,0.105628,0.079656,0.050031
51.09638,0.168024,0.105521,0.079685,0.050043
51.10211,0.167875,0.105414,0.079714,0.050055
51.10784,0.167724,0.105307,0.079742,0.050066
51.11356,0.167574,0.105199,0.079770,0.050078
51.11929,0.167423,0.105092,0.079797,0.050089
51.12502,0.167272,0.104984,0.079824,0.050099
51.13075,0.167121,0.104876,0.079850,0.050110
51.13648,0.166969,0.104768,0.079877,0.050120
51.14221,0.166817,0.104659,0.079903,0.050130
51.14794,0.166665,0.104551,0.079928,0.050140
51.15367,0.166512,0.104442,0.079953,0.050149
51.15940,0.166359,0.104333,0.079978,0.050159
51.16513,0.166206,0.104224,0.080002,0.050168
51.17086,0.166053,0.104115,0.080026,0.050177
51.17659,0.165899,0.104006,0.080050,0.050185
51.18232,0.165745,0.103896,0.080073,0.050194
51.18805,0.165590,0.103787,0.080096,0.050202
51.19378,0.165436,0.103677,0.080119,0.050210
51.19951,0.165281,0.103567,0.080141,0.050217
51.20524,0.165126,0.103457,0.080163,0.050225
51.21097,0.164970,0.103346,0.080184,0.050232
51.21670,0.164814,0.103236,0.080205,0.050239
51.22243,0.164658,0.103125,0.080226,0.050245
51.22816,0.164502,0.103015,0.080246,0.050252
51.23389,0.164345,0.102904,0.080266,0.050258
51.23962,0.164188,0.102793,0.080286,0.050264
51.24535,0.164031,0.102681,0.080305,0.050270
51.25107,0.163874,0.102570,0.080324,0.050275
51.25680,0.163716,0.102458,0.080342,0.050281
51.26253,0.163558,0.102347,0.080360,0.050286
51.26826,0.163399,0.102235,0.080378,0.050290
51.27399,0.163241,0.102123,0.080395,0.050295
51.27972,0.163082,0.102011,0.080412,0.050299
51.28545,0.162923,0.101898,0.080429,0.050303
51.29118,0.162763,0.101786,0.080445,0.050307
51.29691,0.162603,0.101673,0.080461,0.050311
51.30264,0.162443,0.101561,0.080476,0.050314
51.30837,0.162283,0.101448,0.080491,0.050317
51.31410,0.162122,0.101335,0.080506,0.050320
51.31983,0.161961,0.101221,0.080520,0.050323
51.32556,0.161800,0.101108,0.080534,0.050325
51.33129,0.161638,0.100994,0.080548,0.050328
51.33702,0.161477,0.100881,0.080561,0.050330
51.34275,0.161315,0.100767,0.080574,0.050331
51.34848,0.161152,0.100653,0.080586,0.050333
51.35421,0.160990,0.100539,0.080598,0.050334
51.35994,0.160827,0.100424,0.080610,0.050335
51.36567,0.160663,0.100310,0.080621,0.050336
51.37140,0.160500,0.100195,0.080632,0.050336
51.37713,0.160336,0.100080,0.080643,0.050336
51.38286,0.160172,0.099966,0.080653,0.050337
51.38858,0.160008,0.099850,0.080663,0.050336
51.39431,0.159843,0.099735,0.080672,0.050336
51.40004,0.159678,0.099620,0.080681,0.050335
51.40577,0.159513,0.099504,0.080690,0.050334
51.41150,0.159348,0.099389,0.080698,0.050333
51.41723,0.159182,0.099273,0.080706,0.050332
51.42296,0.159016,0.099157,0.080713,0.050330
51.42869,0.158850,0.099041,0.080721,0.050328
51.43442,0.158683,0.098925,0.080727,0.050326
51.44015,0.158516,0.098808,0.080734,0.050324
51.44588,0.158349,0.098692,0.080740,0.050321
51.45161,0.158182,0.098575,0.080745,0.050318
51.45734,0.158014,0.098458,0.080750,0.050315
51.46307,0.157846,0.098341,0.080755,0.050312
51.46880,0.157678,0.098224,0.080760,0.050309
51.47453,0.157509,0.098107,0.080764,0.050305
51.48026,0.157341,0.097989,0.080768,0.050301
51.48599,0.157172,0.097872,0.080771,0.050296
51.49172,0.157002,0.097754,0.080774,0.050292
51.49745,0.156833,0.097636,0.080776,0.050287
51.50318,0.156663,0.097518,0.080779,0.050282
51.50891,0.156493,0.097400,0.080780,0.050277
51.51464,0.156322,0.097282,0.080782,0.050272
51.52036,0.156152,0.097163,0.080783,0.050266
51.52609,0.155981,0.097045,0.080783,0.050260
51.53182,0.155809,0.096926,0.080784,0.050254
51.53755,0.155638,0.096807,0.080783,0.050247
51.54328,0.155466,0.096688,0.080783,0.050241
51.54901,0.155294,0.096569,0.080782,0.050234
51.55474,0.155122,0.096450,0.080781,0.050227
51.56047,0.154949,0.096330,0.080779,0.050219
51.56620,0.154776,0.096211,0.080777,0.050212
51.57193,0.154603,0.096091,0.080775,0.050204
51.57766,0.154430,0.095971,0.080772,0.050196
51.58339,0.154256,0.095851,0.080769,0.050188
51.58912,0.154082,0.095731,0.080765,0.050179
51.59485,0.153908,0.095611,0.080761,0.050170
51.60058,0.153734,0.095490,0.080757,0.050161
51.60631,0.153559,0.095370,0.080752,0.050152
51.61204,0.153384,0.095249,0.080747,0.050142
51.61777,0.153209,0.095128,0.080741,0.050133
51.62350,0.153033,0.095007,0.080736,0.050123
51.62923,0.152858,0.094886,0.080729,0.050113
51.63496,0.152682,0.094765,0.080723,0.050102
51.64069,0.152505,0.094643,0.080716,0.050091
51.64642,0.152329,0.094522,0.080708,0.050080
51.65215,0.152152,0.094400,0.080700,0.050069
51.65787,0.151975,0.094278,0.080692,0.050058
51.66360,0.151797,0.094157,0.080684,0.050046
51.66933,0.151620,0.094034,0.080675,0.050034
51.67506,0.151442,0.093912,0.080665,0.050022
51.68079,0.151264,0.093790,0.080655,0.050010
51.68652,0.151085,0.093667,0.080645,0.049997
51.69225,0.150907,0.093545,0.080635,0.049984
51.69798,0.150728,0.093422,0.080624,0.049971
51.70371,0.150549,0.093299,0.080613,0.049958
51.70944,0.150369,0.093176,0.080601,0.049944
51.71517,0.150189,0.093053,0.080589,0.049931
51.72090,0.150010,0.092930,0.080576,0.049916
51.72663,0.149829,0.092806,0.080564,0.049902
51.73236,0.149649,0.092683,0.080550,0.049888
51.73809,0.149468,0.092559,0.080537,0.049873
51.74382,0.149287,0.092435,0.080523,0.049858
51.74955,0.149106,0.092311,0.080508,0.049843
51.75528,0.148924,0.092187,0.080494,0.049827
51.76101,0.148743,0.092063,0.080478,0.049812
51.76674,0.148561,0.091939,0.080463,0.049796
51.77247,0.148378,0.091814,0.080447,0.049779
51.77820,0.148196,0.091690,0.080431,0.049763
51.78393,0.148013,0.091565,0.080414,0.049746
51.78966,0.147830,0.091440,0.080397,0.049729
51.79538,0.147647,0.091315,0.080379,0.049712
51.80111,0.147463,0.091190,0.080361,0.049695
51.80684,0.147279,0.091065,0.080343,0.049677
51.81257,0.147095,0.090940,0.080324,0.049659
51.81830,0.146911,0.090814,0.080305,0.049641
51.82403,0.146726,0.090688,0.080286,0.049623
51.82976,0.146542,0.090563,0.080266,0.049604
51.83549,0.146357,0.090437,0.080246,0.049586
51.84122,0.146171,0.090311,0.080225,0.049567
51.84695,0.145986,0.090185,0.080204,0.049547
51.85268,0.145800,0.090058,0.080183,0.049528
51.85841,0.145614,0.089932,0.080161,0.049508
51.86414,0.145427,0.089806,0.080139,0.049488
51.86987,0.145241,0.089679,0.080117,0.049468
51.87560,0.145054,0.089552,0.080094,0.049447
51.88133,0.144867,0.089425,0.080070,0.049427
51.88706,0.144680,0.089298,0.080047,0.049406
51.89279,0.144492,0.089171,0.080022,0.049385
51.89852,0.144304,0.089044,0.079998,0.049363
51.90425,0.144116,0.088917,0.079973,0.049342
51.90998,0.143928,0.088789,0.079948,0.049320
51.91571,0.143740,0.088661,0.079922,0.049298
51.92144,0.143551,0.088534,0.079896,0.049275
51.92716,0.143362,0.088406,0.079870,0.049253
51.93289,0.143172,0.088278,0.079843,0.049230
51.93862,0.142983,0.088150,0.079816,0.049207
51.94435,0.142793,0.088022,0.079788,0.049184
51.95008,0.142603,0.087893,0.079760,0.049160
51.95581,0.142413,0.087765,0.079732,0.049136
51.96154,0.142222,0.087636,0.079703,0.049112
51.96727,0.142032,0.087507,0.079674,0.049088
51.97300,0.141841,0.087379,0.079644,0.049064
51.97873,0.141650,0.087250,0.079614,0.049039
51.98446,0.141458,0.087121,0.079584,0.049014
51.99019,0.141266,0.086991,0.079553,0.048989
51.99592,0.141075,0.086862,0.079522,0.048963
52.00165,0.140882,0.086733,0.079491,0.048938
52.00738,0.140690,0.086603,0.079459,0.048912
52.01311,0.140497,0.086473,0.079427,0.048886
52.01884,0.140304,0.086344,0.079394,0.048859
52.02457,0.140111,0.086214,0.079361,0.048833
52.03030,0.139918,0.086084,0.079328,0.048806
52.03603,0.139724,0.085954,0.079294,0.048779
52.04176,0.139531,0.085823,0.079260,0.048751
52.04749,0.139336,0.085693,0.079225,0.048724
52.05322,0.139142,0.085563,0.079190,0.048696
52.05895,0.138948,0.085432,0.079155,0.048668
52.06467,0.138753,0.085301,0.079119,0.048640
52.07040,0.138558,0.085170,0.079083,0.048612
52.07613,0.138363,0.085040,0.079046,0.048583
52.08186,0.138167,0.084908,0.079009,0.048554
52.08759,0.137971,0.084777,0.078972,0.048525
52.09332,0.137775,0.084646,0.078934,0.048495
52.09905,0.137579,0.084515,0.078896,0.048466
52.10478,0.137383,0.084383,0.078858,0.048436
52.11051,0.137186,0.084252,0.078819,0.048406
52.11624,0.136989,0.084120,0.078779,0.048375
52.12197,0.136792,0.083988,0.078740,0.048345
52.12770,0.136595,0.083856,0.078700,0.048314
52.13343,0.136397,0.083724,0.078659,0.048283
52.13916,0.136199,0.083592,0.078618,0.048252
52.14489,0.136001,0.083460,0.078577,0.048220
52.15062,0.135803,0.083327,0.078536,0.048189
52.15635,0.135605,0.083195,0.078494,0.048157
52.16208,0.135406,0.083062,0.078451,0.048124
52.16781,0.135207,0.082929,0.078409,0.048092
52.17354,0.135008,0.082797,0.078365,0.048059
52.17927,0.134809,0.082664,0.078322,0.048026
52.18500,0.134609,0.082531,0.078278,0.047993
52.19073,0.134409,0.082397,0.078234,0.047960
52.19646,0.134209,0.082264,0.078189,0.047926
52.20218,0.134009,0.082131,0.078144,0.047893
52.20791,0.133808,0.081997,0.078098,0.047858
52.21364,0.133607,0.081864,0.078052,0.047824
52.21937,0.133406,0.081730,0.078006,0.047790
52.22510,0.133205,0.081596,0.077960,0.047755
52.23083,0.133004,0.081462,0.077912,0.047720
52.23656,0.132802,0.081328,0.077865,0.047685
52.24229,0.132600,0.081194,0.077817,0.047649
52.24802,0.132398,0.081060,0.077769,0.047614
52.25375,0.132196,0.080926,0.077720,0.047578
52.25948,0.131993,0.080791,0.077672,0.047542
52.26521,0.131791,0.080657,0.077622,0.047505
52.27094,0.131588,0.080522,0.077572,0.047469
52.27667,0.131385,0.080388,0.077522,0.047432
52.28240,0.131181,0.080253,0.077472,0.047395
52.28813,0.130978,0.080118,0.077421,0.047358
52.29386,0.130774,0.079983,0.077370,0.047320
52.29959,0.130570,0.079848,0.077318,0.047282
52.30532,0.130365,0.079712,0.077266,0.047244
52.31105,0.130161,0.079577,0.077213,0.047206
52.31678,0.129956,0.079442,0.077161,0.047168
52.32251,0.129751,0.079306,0.077107,0.047129
52.32824,0.129546,0.079170,0.077054,0.047090
52.33397,0.129341,0.079035,0.077000,0.047051
52.33969,0.129135,0.078899,0.076945,0.047012
52.34542,0.128929,0.078763,0.076891,0.046972
52.35115,0.128723,0.078627,0.076835,0.046933
52.35688,0.128517,0.078491,0.076780,0.046893
52.36261,0.128311,0.078355,0.076724,0.046852
52.36834,0.128104,0.078218,0.076668,0.046812
52.37407,0.127897,0.078082,0.076611,0.046771
52.37980,0.127690,0.077945,0.076554,0.046730
52.38553,0.127483,0.077809,0.076496,0.046689
52.39126,0.127276,0.077672,0.076438,0.046648
52.39699,0.127068,0.077535,0.076380,0.046606
52.40272,0.126860,0.077398,0.076322,0.046564
52.40845,0.126652,0.077261,0.076263,0.046522
52.41418,0.126444,0.077124,0.076203,0.046480
52.41991,0.126235,0.076987,0.076143,0.046438
52.42564,0.126026,0.076850,0.076083,0.046395
52.43137,0.125817,0.076712,0.076023,0.046352
52.43710,0.125608,0.076575,0.075962,0.046309
52.44283,0.125399,0.076437,0.075900,0.046265
52.44856,0.125189,0.076300,0.075839,0.046222
52.45429,0.124979,0.076162,0.075777,0.046178
52.46002,0.124769,0.076024,0.075714,0.046134
52.46575,0.124559,0.075886,0.075651,0.046089
52.47147,0.124349,0.075748,0.075588,0.046045
52.47720,0.124138,0.075610,0.075524,0.046000
52.48293,0.123928,0.075472,0.075460,0.045955
52.48866,0.123717,0.075333,0.075396,0.045910
52.49439,0.123505,0.075195,0.075331,0.045865
52.50012,0.123294,0.075056,0.075266,0.045819
52.50585,0.123082,0.074918,0.075201,0.045773
52.51158,0.122871,0.074779,0.075135,0.045727
52.51731,0.122659,0.074640,0.075068,0.045681
52.52304,0.122446,0.074502,0.075002,0.045634
52.52877,0.122234,0.074363,0.074935,0.045587
52.53450,0.122021,0.074224,0.074867,0.045541
52.54023,0.121809,0.074084,0.074799,0.045493
52.54596,0.121596,0.073945,0.074731,0.045446
52.55169,0.121382,0.073806,0.074663,0.045398
52.55742,0.121169,0.073667,0.074594,0.045350
52.56315,0.120955,0.073527,0.074524,0.045302
52.56888,0.120742,0.073388,0.074455,0.045254
52.57461,0.120528,0.073248,0.074384,0.045206
52.58034,0.120313,0.073108,0.074314,0.045157
52.58607,0.120099,0.072968,0.074243,0.045108
52.59180,0.119884,0.072829,0.074172,0.045059
52.59753,0.119670,0.072689,0.074100,0.045009
52.60326,0.119455,0.072548,0.074028,0.044960
52.60898,0.119239,0.072408,0.073956,0.044910
52.61471,0.119024,0.072268,0.073883,0.044860
52.62044,0.118809,0.072128,0.073810,0.044809
52.62617,0.118593,0.071987,0.073736,0.044759
52.63190,0.118377,0.071847,0.073662,0.044708
52.63763,0.118161,0.071706,0.073588,0.044657
52.64336,0.117944,0.071566,0.073514,0.044606
52.64909,0.117728,0.071425,0.073439,0.044555
52.65482,0.117511,0.071284,0.073363,0.044503
52.66055,0.117294,0.071143,0.073287,0.044451
52.66628,0.117077,0.071002,0.073211,0.044399
52.67201,0.116860,0.070861,0.073135,0.044347
52.67774,0.116643,0.070720,0.073058,0.044295
52.68347,0.116425,0.070579,0.072980,0.044242
52.68920,0.116207,0.070438,0.072903,0.044189
52.69493,0.115989,0.070296,0.072825,0.044136
52.70066,0.115771,0.070155,0.072746,0.044083
52.70639,0.115553,0.070013,0.072667,0.044029
52.71212,0.115334,0.069872,0.072588,0.043975
52.71785,0.115115,0.069730,0.072509,0.043921
52.72358,0.114896,0.069588,0.072429,0.043867
52.72931,0.114677,0.069446,0.072348,0.043813
52.73504,0.114458,0.069304,0.072268,0.043758
52.74077,0.114238,0.069162,0.072187,0.043703
52.74649,0.114019,0.069020,0.072105,0.043648
52.75222,0.113799,0.068878,0.072023,0.043593
52.75795,0.113579,0.068736,0.071941,0.043538
52.76368,0.113359,0.068594,0.071859,0.043482
52.76941,0.113138,0.068451,0.071776,0.043426
52.77514,0.112918,0.068309,0.071692,0.043370
52.78087,0.112697,0.068166,0.071609,0.043314
52.78660,0.112476,0.068024,0.071525,0.043257
52.79233,0.112255,0.067881,0.071440,0.043200
52.79806,0.112034,0.067738,0.071355,0.043143
52.80379,0.111812,0.067596,0.071270,0.043086
52.80952,0.111590,0.067453,0.071185,0.043029
52.81525,0.111369,0.067310,0.071099,0.042971
52.82098,0.111147,0.067167,0.071013,0.042913
52.82671,0.110924,0.067024,0.070926,0.042855
52.83244,0.110702,0.066880,0.070839,0.042797
52.83817,0.110480,0.066737,0.070751,0.042739
52.84390,0.110257,0.066594,0.070664,0.042680
52.84963,0.110034,0.066450,0.070576,0.042621
52.85536,0.109811,0.066307,0.070487,0.042562
52.86109,0.109588,0.066163,0.070398,0.042503
52.86682,0.109364,0.066020,0.070309,0.042443
52.87255,0.109141,0.065876,0.070219,0.042384
52.87827,0.108917,0.065732,0.070129,0.042324
52.88400,0.108693,0.065589,0.070039,0.042264
52.88973,0.108469,0.065445,0.069948,0.042203
52.89546,0.108245,0.065301,0.069857,0.042143
52.90119,0.108020,0.065157,0.069766,0.042082
52.90692,0.107796,0.065013,0.069674,0.042021
52.91265,0.107571,0.064869,0.069582,0.041960
52.91838,0.107346,0.064724,0.069489,0.041899
52.92411,0.107121,0.064580,0.069396,0.041837
52.92984,0.106896,0.064436,0.069303,0.041775
52.93557,0.106670,0.064291,0.069209,0.041713
52.94130,0.106445,0.064147,0.069115,0.041651
52.94703,0.106219,0.064002,0.069021,0.041589
52.95276,0.105993,0.063858,0.068926,0.041526
52.95849,0.105767,0.063713,0.068831,0.041463
52.96422,0.105540,0.063568,0.068736,0.041400
52.96995,0.105314,0.063424,0.068640,0.041337
52.97568,0.105087,0.063279,0.068543,0.041274
52.98141,0.104861,0.063134,0.068447,0.041210
52.98714,0.104634,0.062989,0.068350,0.041146
52.99287,0.104407,0.062844,0.068253,0.041082
52.99860,0.104179,0.062699,0.068155,0.041018
53.00433,0.103952,0.062554,0.068057,0.040954
53.01006,0.103724,0.062408,0.067959,0.040889
53.01578,0.103497,0.062263,0.067860,0.040824
53.02151,0.103269,0.062118,0.067761,0.040759
53.02724,0.103041,0.061972,0.067661,0.040694
53.03297,0.102813,0.061827,0.067561,0.040628
53.03870,0.102584,0.061681,0.067461,0.040563
53.04443,0.102356,0.061536,0.067361,0.040497
53.05016,0.102127,0.061390,0.067260,0.040431
53.05589,0.101898,0.061244,0.067158,0.040365
53.06162,0.101669,0.061099,0.067057,0.040298
53.06735,0.101440,0.060953,0.066955,0.040231
53.07308,0.101211,0.060807,0.066852,0.040165
53.07881,0.100981,0.060661,0.066750,0.040098
53.08454,0.100752,0.060515,0.066647,0.040030
53.09027,0.100522,0.060369,0.066543,0.039963
53.09600,0.100292,0.060223,0.066439,0.039895
53.10173,0.100062,0.060077,0.066335,0.039827
53.10746,0.099832,0.059931,0.066231,0.039759
53.11319,0.099601,0.059784,0.066126,0.039691
53.11892,0.099371,0.059638,0.066021,0.039623
53.12465,0.099140,0.059492,0.065915,0.039554
53.13038,0.098909,0.059345,0.065809,0.039485
53.13611,0.098678,0.059199,0.065703,0.039416
53.14184,0.098447,0.059052,0.065596,0.039347
53.14757,0.098216,0.058906,0.065489,0.039278
53.15329,0.097984,0.058759,0.065382,0.039208
53.15902,0.097753,0.058612,0.065274,0.039138
53.16475,0.097521,0.058465,0.065166,0.039068
53.17048,0.097289,0.058319,0.065058,0.038998
53.17621,0.097057,0.058172,0.064949,0.038928
53.18194,0.096825,0.058025,0.064840,0.038857
53.18767,0.096593,0.057878,0.064730,0.038786
53.19340,0.096360,0.057731,0.064621,0.038715
53.19913,0.096128,0.057584,0.064510,0.038644
53.20486,0.095895,0.057437,0.064400,0.038573
53.21059,0.095662,0.057290,0.064289,0.038501
53.21632,0.095429,0.057142,0.064178,0.038429
53.22205,0.095196,0.056995,0.064066,0.038357
53.22778,0.094963,0.056848,0.063954,0.038285
53.23351,0.094729,0.056701,0.063842,0.038213
53.23924,0.094495,0.056553,0.063729,0.038140
53.24497,0.094262,0.056406,0.063616,0.038068
53.25070,0.094028,0.056258,0.063503,0.037995
53.25643,0.093794,0.056111,0.063389,0.037922
53.26216,0.093560,0.055963,0.063275,0.037848
53.26789,0.093325,0.055816,0.063161,0.037775
53.27362,0.093091,0.055668,0.063046,0.037701
53.27935,0.092856,0.055520,0.062931,0.037627
53.28507,0.092622,0.055372,0.062816,0.037553
53.29080,0.092387,0.055225,0.062700,0.037479
53.29653,0.092152,0.055077,0.062584,0.037405
53.30226,0.091917,0.054929,0.062468,0.037330
53.30799,0.091681,0.054781,0.062351,0.037255
53.31372,0.091446,0.054633,0.062234,0.037180
53.31945,0.091211,0.054485,0.062116,0.037105
53.32518,0.090975,0.054337,0.061998,0.037030
53.33091,0.090739,0.054189,0.061880,0.036954
53.33664,0.090503,0.054041,0.061762,0.036879
53.34237,0.090267,0.053892,0.061643,0.036803
53.34810,0.090031,0.053744,0.061524,0.036727
53.35383,0.089795,0.053596,0.061404,0.036650
53.35956,0.089558,0.053448,0.061284,0.036574
53.36529,0.089322,0.053299,0.061164,0.036497
53.37102,0.089085,0.053151,0.061044,0.036420
53.37675,0.088848,0.053002,0.060923,0.036343
53.38248,0.088611,0.052854,0.060801,0.036266
53.38821,0.088374,0.052705,0.060680,0.036189
53.39394,0.088137,0.052557,0.060558,0.036111
53.39967,0.087899,0.052408,0.060436,0.036034
53.40540,0.087662,0.052260,0.060313,0.035956
53.41113,0.087424,0.052111,0.060190,0.035877
53.41686,0.087187,0.051962,0.060067,0.035799
53.42258,0.086949,0.051813,0.059943,0.035721
53.42831,0.086711,0.051665,0.059819,0.035642
53.43404,0.086473,0.051516,0.059695,0.035563
53.43977,0.086234,0.051367,0.059571,0.035484
53.44550,0.085996,0.051218,0.059446,0.035405
53.45123,0.085758,0.051069,0.059320,0.035326
53.45696,0.085519,0.050920,0.059195,0.035246
53.46269,0.085280,0.050771,0.059069,0.035166
53.46842,0.085041,0.050622,0.058943,0.035086
53.47415,0.084802,0.050473,0.058816,0.035006
53.47988,0.084563,0.050324,0.058689,0.034926
53.48561,0.084324,0.050175,0.058562,0.034846
53.49134,0.084085,0.050026,0.058434,0.034765
53.49707,0.083845,0.049877,0.058306,0.034684
53.50280,0.083606,0.049727,0.058178,0.034603
53.50853,0.083366,0.049578,0.058049,0.034522
53.51426,0.083126,0.049429,0.057920,0.034441
53.51999,0.082886,0.049280,0.057791,0.034359
53.52572,0.082646,0.049130,0.057662,0.034278
53.53145,0.082406,0.048981,0.057532,0.034196
53.53718,0.082166,0.048831,0.057401,0.034114
53.54291,0.081926,0.048682,0.057271,0.034032
53.54864,0.081685,0.048532,0.057140,0.033949
53.55437,0.081445,0.048383,0.057009,0.033867
53.56009,0.081204,0.048233,0.056877,0.033784
53.56582,0.080963,0.048084,0.056745,0.033701
53.57155,0.080722,0.047934,0.056613,0.033618
53.57728,0.080481,0.047785,0.056481,0.033535
53.58301,0.080240,0.047635,0.056348,0.033451
53.58874,0.079999,0.047485,0.056215,0.033368
53.59447,0.079757,0.047336,0.056081,0.033284
53.60020,0.079516,0.047186,0.055947,0.033200
53.60593,0.079274,0.047036,0.055813,0.033116
53.61166,0.079033,0.046886,0.055679,0.033032
53.61739,0.078791,0.046737,0.055544,0.032947
53.62312,0.078549,0.046587,0.055409,0.032863
53.62885,0.078307,0.046437,0.055273,0.032778
53.63458,0.078065,0.046287,0.055138,0.032693
53.64031,0.077822,0.046137,0.055002,0.032608
53.64604,0.077580,0.045987,0.054865,0.032523
53.65177,0.077338,0.045837,0.054728,0.032437
53.65750,0.077095,0.045687,0.054591,0.032351
53.66323,0.076852,0.045537,0.054454,0.032266
53.66896,0.076610,0.045387,0.054316,0.032180
53.67469,0.076367,0.045237,0.054178,0.032094
53.68042,0.076124,0.045087,0.054040,0.032007
53.68615,0.075881,0.044937,0.053902,0.031921
53.69187,0.075638,0.044787,0.053763,0.031834
53.69760,0.075394,0.044637,0.053623,0.031748
53.70333,0.075151,0.044487,0.053484,0.031661
53.70906,0.074908,0.044337,0.053344,0.031574
53.71479,0.074664,0.044187,0.053204,0.031486
53.72052,0.074420,0.044036,0.053063,0.031399
53.72625,0.074177,0.043886,0.052923,0.031311
53.73198,0.073933,0.043736,0.052781,0.031224
53.73771,0.073689,0.043586,0.052640,0.031136
53.74344,0.073445,0.043435,0.052498,0.031048
53.74917,0.073201,0.043285,0.052356,0.030959
53.75490,0.072956,0.043135,0.052214,0.030871
53.76063,0.072712,0.042984,0.052071,0.030782
53.76636,0.072468,0.042834,0.051928,0.030694
53.77209,0.072223,0.042684,0.051785,0.030605
53.77782,0.071978,0.042533,0.051641,0.030516
53.78355,0.071734,0.042383,0.051497,0.030427
53.78928,0.071489,0.042233,0.051353,0.030337
53.79501,0.071244,0.042082,0.051209,0.030248
53.80074,0.070999,0.041932,0.051064,0.030158
53.80647,0.070754,0.041781,0.050919,0.030068
53.81220,0.070509,0.041631,0.050773,0.029978
53.81793,0.070264,0.041480,0.050628,0.029888
53.82366,0.070018,0.041330,0.050481,0.029798
53.82938,0.069773,0.041179,0.050335,0.029707
53.83511,0.069527,0.041029,0.050188,0.029617
53.84084,0.069282,0.040878,0.050042,0.029526
53.84657,0.069036,0.040728,0.049894,0.029435
53.85230,0.068790,0.040577,0.049747,0.029344
53.85803,0.068544,0.040427,0.049599,0.029253
53.86376,0.068298,0.040276,0.049451,0.029161
53.86949,0.068052,0.040125,0.049302,0.029070
53.87522,0.067806,0.039975,0.049153,0.028978
53.88095,0.067560,0.039824,0.049004,0.028886
53.88668,0.067314,0.039674,0.048855,0.028794
53.89241,0.067067,0.039523,0.048705,0.028702
53.89814,0.066821,0.039372,0.048555,0.028610
53.90387,0.066574,0.039222,0.048405,0.028518
53.90960,0.066328,0.039071,0.048255,0.028425
53.91533,0.066081,0.038920,0.048104,0.028332
53.92106,0.065834,0.038770,0.047953,0.028239
53.92679,0.065587,0.038619,0.047801,0.028146
53.93252,0.065340,0.038468,0.047650,0.028053
53.93825,0.065093,0.038318,0.047498,0.027960
53.94398,0.064846,0.038167,0.047345,0.027866
53.94971,0.064599,0.038016,0.047193,0.027773
53.95544,0.064352,0.037866,0.047040,0.027679
53.96117,0.064105,0.037715,0.046887,0.027585
53.96689,0.063857,0.037564,0.046733,0.027491
53.97262,0.063610,0.037413,0.046579,0.027397
53.97835,0.063362,0.037263,0.046425,0.027302
53.98408,0.063114,0.037112,0.046271,0.027208
53.98981,0.062867,0.036961,0.046116,0.027113
53.99554,0.062619,0.036810,0.045961,0.027018
54.00127,0.062371,0.036660,0.045806,0.026923
54.00700,0.062123,0.036509,0.045651,0.026828
54.01273,0.061875,0.036358,0.045495,0.026733
54.01846,0.061627,0.036207,0.045339,0.026638
54.02419,0.061379,0.036057,0.045182,0.026542
54.02992,0.061131,0.035906,0.045026,0.026446
54.03565,0.060883,0.035755,0.044869,0.026351
54.04138,0.060634,0.035604,0.044712,0.026255
54.04711,0.060386,0.035454,0.044554,0.026159
54.05284,0.060137,0.035303,0.044396,0.026062
54.05857,0.059889,0.035152,0.044238,0.025966
54.06430,0.059640,0.035001,0.044080,0.025869
54.07003,0.059392,0.034851,0.043921,0.025773
54.07576,0.059143,0.034700,0.043762,0.025676
54.08149,0.058894,0.034549,0.043603,0.025579
54.08722,0.058645,0.034398,0.043444,0.025482
54.09295,0.058396,0.034248,0.043284,0.025385
54.09868,0.058147,0.034097,0.043124,0.025288
54.10440,0.057898,0.033946,0.042964,0.025190
54.11013,0.057649,0.033796,0.042803,0.025092
54.11586,0.057400,0.033645,0.042642,0.024995
54.12159,0.057151,0.033494,0.042481,0.024897
54.12732,0.056901,0.033343,0.042320,0.024799
54.13305,0.056652,0.033193,0.042158,0.024701
54.13878,0.056402,0.033042,0.041996,0.024602
54.14451,0.056153,0.032891,0.041834,0.024504
54.15024,0.055903,0.032740,0.041671,0.024405
54.15597,0.055654,0.032590,0.041509,0.024307
54.16170,0.055404,0.032439,0.041346,0.024208
54.16743,0.055154,0.032288,0.041182,0.024109
54.17316,0.054905,0.032138,0.041019,0.024010
54.17889,0.054655,0.031987,0.040855,0.023911
54.18462,0.054405,0.031836,0.040691,0.023811
54.19035,0.054155,0.031686,0.040526,0.023712
54.19608,0.053905,0.031535,0.040362,0.023612
54.20181,0.053655,0.031384,0.040197,0.023512
54.20754,0.053405,0.031234,0.040032,0.023413
54.21327,0.053155,0.031083,0.039866,0.023313
54.21900,0.052904,0.030933,0.039700,0.023212
54.22473,0.052654,0.030782,0.039534,0.023112
54.23046,0.052404,0.030631,0.039368,0.023012
54.23618,0.052153,0.030481,0.039202,0.022911
54.24191,0.051903,0.030330,0.039035,0.022811
54.24764,0.051653,0.030180,0.038868,0.022710
54.25337,0.051402,0.030029,0.038701,0.022609
54.25910,0.051151,0.029879,0.038533,0.022508
54.26483,0.050901,0.029728,0.038365,0.022407
54.27056,0.050650,0.029578,0.038197,0.022306
54.27629,0.050399,0.029427,0.038029,0.022204
54.28202,0.050149,0.029277,0.037860,0.022103
54.28775,0.049898,0.029126,0.037691,0.022001
54.29348,0.049647,0.028976,0.037522,0.021899
54.29921,0.049396,0.028825,0.037353,0.021797
54.30494,0.049145,0.028675,0.037183,0.021695
54.31067,0.048894,0.028524,0.037013,0.021593
54.31640,0.048643,0.028374,0.036843,0.021491
54.32213,0.048392,0.028224,0.036673,0.021389
54.32786,0.048141,0.028073,0.036502,0.021286
54.33359,0.047890,0.027923,0.036331,0.021183
54.33932,0.047639,0.027773,0.036160,0.021081
54.34505,0.047387,0.027622,0.035989,0.020978
54.35078,0.047136,0.027472,0.035817,0.020875
54.35651,0.046885,0.027322,0.035645,0.020772
54.36224,0.046634,0.027171,0.035473,0.020669
54.36797,0.046382,0.027021,0.035300,0.020565
54.37369,0.046131,0.026871,0.035128,0.020462
54.37942,0.045879,0.026721,0.034955,0.020358
54.38515,0.045628,0.026571,0.034782,0.020255
54.39088,0.045376,0.026420,0.034608,0.020151
54.39661,0.045125,0.026270,0.034435,0.020047
54.40234,0.044873,0.026120,0.034261,0.019943
54.40807,0.044621,0.025970,0.034087,0.019839
54.41380,0.044370,0.025820,0.033912,0.019734
54.41953,0.044118,0.025670,0.033738,0.019630
54.42526,0.043866,0.025520,0.033563,0.019526
54.43099,0.043614,0.025370,0.033388,0.019421
54.43672,0.043363,0.025220,0.033212,0.019316
54.44245,0.043111,0.025070,0.033037,0.019211
54.44818,0.042859,0.024920,0.032861,0.019107
54.45391,0.042607,0.024770,0.032685,0.019001
54.45964,0.042355,0.024620,0.032508,0.018896
54.46537,0.042103,0.024470,0.032332,0.018791
54.47110,0.041851,0.024320,0.032155,0.018686
54.47683,0.041599,0.024170,0.031978,0.018580
54.48256,0.041347,0.024021,0.031801,0.018475
54.48829,0.041095,0.023871,0.031623,0.018369
54.49402,0.040843,0.023721,0.031445,0.018263
54.49975,0.040591,0.023571,0.031267,0.018157
54.50548,0.040339,0.023422,0.031089,0.018051
54.51120,0.040086,0.023272,0.030911,0.017945
54.51693,0.039834,0.023122,0.030732,0.017839
54.52266,0.039582,0.022973,0.030553,0.017732
54.52839,0.039330,0.022823,0.030374,0.017626
54.53412,0.039077,0.022673,0.030195,0.017519
54.53985,0.038825,0.022524,0.030015,0.017413
54.54558,0.038573,0.022374,0.029835,0.017306
54.55131,0.038320,0.022225,0.029655,0.017199
54.55704,0.038068,0.022075,0.029475,0.017092
54.56277,0.037816,0.021926,0.029294,0.016985
54.56850,0.037563,0.021777,0.029113,0.016878
54.57423,0.037311,0.021627,0.028932,0.016771
54.57996,0.037059,0.021478,0.028751,0.016663
54.58569,0.036806,0.021329,0.028570,0.016556
54.59142,0.036554,0.021179,0.028388,0.016448
54.59715,0.036301,0.021030,0.028206,0.016341
54.60288,0.036049,0.020881,0.028024,0.016233
54.60861,0.035796,0.020732,0.027842,0.016125
54.61434,0.035544,0.020582,0.027659,0.016017
54.62007,0.035291,0.020433,0.027477,0.015909
54.62580,0.035038,0.020284,0.027294,0.015801
54.63153,0.034786,0.020135,0.027110,0.015692
54.63726,0.034533,0.019986,0.026927,0.015584
54.64298,0.034281,0.019837,0.026743,0.015476
54.64871,0.034028,0.019688,0.026559,0.015367
54.65444,0.033775,0.019539,0.026375,0.015258
54.66017,0.033523,0.019390,0.026191,0.015150
54.66590,0.033270,0.019242,0.026007,0.015041
54.67163,0.033017,0.019093,0.025822,0.014932
54.67736,0.032765,0.018944,0.025637,0.014823
54.68309,0.032512,0.018795,0.025452,0.014714
54.68882,0.032259,0.018646,0.025266,0.014604
54.69455,0.032007,0.018498,0.025081,0.014495
54.70028,0.031754,0.018349,0.024895,0.014386
54.70601,0.031501,0.018201,0.024709,0.014276
54.71174,0.031249,0.018052,0.024523,0.014167
54.71747,0.030996,0.017903,0.024336,0.014057
54.72320,0.030743,0.017755,0.024150,0.013947
54.72893,0.030490,0.017607,0.023963,0.013837
54.73466,0.030238,0.017458,0.023776,0.013727
54.74039,0.029985,0.017310,0.023589,0.013617
54.74612,0.029732,0.017161,0.023401,0.013507
54.75185,0.029480,0.017013,0.023213,0.013397
54.75758,0.029227,0.016865,0.023026,0.013287
54.76331,0.028974,0.016717,0.022837,0.013176
54.76904,0.028721,0.016569,0.022649,0.013066
54.77477,0.028469,0.016420,0.022461,0.012955
54.78049,0.028216,0.016272,0.022272,0.012845
54.78622,0.027963,0.016124,0.022083,0.012734
54.79195,0.027710,0.015976,0.021894,0.012623
54.79768,0.027458,0.015828,0.021705,0.012512
54.80341,0.027205,0.015680,0.021515,0.012401
54.80914,0.026952,0.015533,0.021326,0.012290
54.81487,0.026699,0.015385,0.021136,0.012179
54.82060,0.026447,0.015237,0.020946,0.012068
54.82633,0.026194,0.015089,0.020755,0.011956
54.83206,0.025941,0.014942,0.020565,0.011845
54.83779,0.025689,0.014794,0.020374,0.011733
54.84352,0.025436,0.014646,0.020183,0.011622
54.84925,0.025183,0.014499,0.019992,0.011510
54.85498,0.024930,0.014351,0.019801,0.011398
54.86071,0.024678,0.014204,0.019610,0.011287
54.86644,0.024425,0.014056,0.019418,0.011175
54.87217,0.024172,0.013909,0.019226,0.011063
54.87790,0.023920,0.013762,0.019034,0.010951
54.88363,0.023667,0.013614,0.018842,0.010839
54.88936,0.023415,0.013467,0.018650,0.010726
54.89509,0.023162,0.013320,0.018457,0.010614
54.90082,0.022909,0.013173,0.018264,0.010502
54.90655,0.022657,0.013026,0.018071,0.010389
54.91228,0.022404,0.012879,0.017878,0.010277
54.91800,0.022152,0.012732,0.017685,0.010164
54.92373,0.021899,0.012585,0.017491,0.010052
54.92946,0.021646,0.012438,0.017298,0.009939
54.93519,0.021394,0.012291,0.017104,0.009826
54.94092,0.021141,0.012144,0.016910,0.009713
54.94665,0.020889,0.011997,0.016716,0.009600
54.95238,0.020636,0.011851,0.016521,0.009487
54.95811,0.020384,0.011704,0.016327,0.009374
54.96384,0.020132,0.011557,0.016132,0.009261
54.96957,0.019879,0.011411,0.015937,0.009148
54.97530,0.019627,0.011264,0.015742,0.009035
54.98103,0.019374,0.011118,0.015546,0.008921
54.98676,0.019122,0.010972,0.015351,0.008808
54.99249,0.018870,0.010825,0.015155,0.008694
54.99822,0.018617,0.010679,0.014959,0.008581
55.00395,0.018365,0.010533,0.014763,0.008467
55.00968,0.018113,0.010387,0.014567,0.008353
55.01541,0.017861,0.010240,0.014371,0.008240
55.02114,0.017608,0.010094,0.014174,0.008126
55.02687,0.017356,0.009948,0.013978,0.008012
55.03260,0.017104,0.009802,0.013781,0.007898
55.03833,0.016852,0.009657,0.013584,0.007784
55.04406,0.016600,0.009511,0.013387,0.007670
55.04978,0.016348,0.009365,0.013189,0.007556
55.05551,0.016095,0.009219,0.012992,0.007441
55.06124,0.015843,0.009074,0.012794,0.007327
55.06697,0.015591,0.008928,0.012596,0.007213
55.07270,0.015339,0.008782,0.012398,0.007098
55.07843,0.015087,0.008637,0.012200,0.006984
55.08416,0.014835,0.008491,0.012002,0.006869
55.08989,0.014584,0.008346,0.011803,0.006755
55.09562,0.014332,0.008201,0.011604,0.006640
55.10135,0.014080,0.008055,0.011406,0.006525
55.10708,0.013828,0.007910,0.011207,0.006411
55.11281,0.013576,0.007765,0.011007,0.006296
55.11854,0.013325,0.007620,0.010808,0.006181
55.12427,0.013073,0.007475,0.010609,0.006066
55.13000,0.012821,0.007330,0.010409,0.005951
55.13573,0.012569,0.007185,0.010209,0.005836
55.14146,0.012318,0.007040,0.010009,0.005721
55.14719,0.012066,0.006896,0.009809,0.005606
55.15292,0.011815,0.006751,0.009609,0.005490
55.15865,0.011563,0.006606,0.009408,0.005375
55.16438,0.011312,0.006462,0.009208,0.005260
55.17011,0.011060,0.006317,0.009007,0.005144
55.17584,0.010809,0.006173,0.008806,0.005029
55.18157,0.010558,0.006028,0.008605,0.004913
55.18729,0.010306,0.005884,0.008404,0.004798
55.19302,0.010055,0.005740,0.008203,0.004682
55.19875,0.009804,0.005595,0.008001,0.004566
55.20448,0.009553,0.005451,0.007799,0.004451
55.21021,0.009301,0.005307,0.007598,0.004335
55.21594,0.009050,0.005163,0.007396,0.004219
55.22167,0.008799,0.005019,0.007194,0.004103
55.22740,0.008548,0.004875,0.006991,0.003987
55.23313,0.008297,0.004731,0.006789,0.003871
55.23886,0.008046,0.004588,0.006587,0.003755
55.24459,0.007795,0.004444,0.006384,0.003639
55.25032,0.007545,0.004300,0.006181,0.003523
55.25605,0.007294,0.004157,0.005978,0.003407
55.26178,0.007043,0.004013,0.005775,0.003291
55.26751,0.006792,0.003870,0.005572,0.003175
55.27324,0.006542,0.003727,0.005369,0.003058
55.27897,0.006291,0.003583,0.005165,0.002942
55.28470,0.006040,0.003440,0.004962,0.002826
55.29043,0.005790,0.003297,0.004758,0.002709
55.29616,0.005539,0.003154,0.004554,0.002593
55.30189,0.005289,0.003011,0.004350,0.002476
55.30762,0.005039,0.002868,0.004146,0.002360
55.31335,0.004788,0.002725,0.003941,0.002243
55.31908,0.004538,0.002582,0.003737,0.002126
55.32480,0.004288,0.002439,0.003532,0.002010
55.33053,0.004038,0.002297,0.003328,0.001893
55.33626,0.003788,0.002154,0.003123,0.001776
55.34199,0.003538,0.002012,0.002918,0.001659
55.34772,0.003288,0.001869,0.002713,0.001543
55.35345,0.003038,0.001727,0.002508,0.001426
55.35918,0.002788,0.001585,0.002302,0.001309
55.36491,0.002538,0.001442,0.002097,0.001192
55.37064,0.002288,0.001300,0.001891,0.001075
55.37637,0.002038,0.001158,0.001686,0.000958
55.38210,0.001789,0.001016,0.001480,0.000841
55.38783,0.001539,0.000874,0.001274,0.000724
55.39356,0.001290,0.000732,0.001068,0.000606
55.39929,0.001040,0.000591,0.000861,0.000489
55.40502,0.000791,0.000449,0.000655,0.000372
55.41075,0.000541,0.000307,0.000449,0.000255
55.41648,0.000292,0.000166,0.000242,0.000137
55.42221,0.000043,0.000024,0.000035,0.000020
55.42794,0.000206,0.000117,0.000171,0.000097
55.43367,0.000456,0.000258,0.000378,0.000215
55.43940,0.000705,0.000400,0.000585,0.000332
55.44513,0.000954,0.000541,0.000792,0.000449
55.45086,0.001203,0.000682,0.001000,0.000567
55.45658,0.001451,0.000823,0.001207,0.000684
55.46231,0.001700,0.000964,0.001415,0.000802
55.46804,0.001949,0.001105,0.001622,0.000920
55.47377,0.002198,0.001246,0.001830,0.001037
55.47950,0.002446,0.001386,0.002038,0.001155
55.48523,0.002695,0.001527,0.002246,0.001272
55.49096,0.002943,0.001667,0.002454,0.001390
55.49669,0.003192,0.001808,0.002662,0.001508
55.50242,0.003440,0.001948,0.002870,0.001626
55.50815,0.003688,0.002089,0.003079,0.001743
55.51388,0.003936,0.002229,0.003287,0.001861
55.51961,0.004185,0.002369,0.003496,0.001979
55.52534,0.004433,0.002509,0.003704,0.002097
55.53107,0.004681,0.002649,0.003913,0.002215
55.53680,0.004929,0.002789,0.004122,0.002333
55.54253,0.005176,0.002929,0.004331,0.002451
55.54826,0.005424,0.003068,0.004540,0.002568
55.55399,0.005672,0.003208,0.004749,0.002686
55.55972,0.005919,0.003348,0.004959,0.002804
55.56545,0.006167,0.003487,0.005168,0.002922
55.57118,0.006414,0.003627,0.005378,0.003040
55.57691,0.006662,0.003766,0.005587,0.003158
55.58264,0.006909,0.003905,0.005797,0.003277
55.58837,0.007156,0.004044,0.006007,0.003395
55.59409,0.007404,0.004183,0.006217,0.003513
55.59982,0.007651,0.004322,0.006427,0.003631
55.60555,0.007898,0.004461,0.006637,0.003749
55.61128,0.008145,0.004600,0.006847,0.003867
55.61701,0.008391,0.004739,0.007057,0.003985
55.62274,0.008638,0.004877,0.007268,0.004104
55.62847,0.008885,0.005016,0.007478,0.004222
55.63420,0.009131,0.005154,0.007688,0.004340
55.63993,0.009378,0.005293,0.007899,0.004458
55.64566,0.009624,0.005431,0.008110,0.004576
55.65139,0.009871,0.005569,0.008321,0.004695
55.65712,0.010117,0.005707,0.008532,0.004813
55.66285,0.010363,0.005845,0.008743,0.004931
55.66858,0.010609,0.005983,0.008954,0.005050
55.67431,0.010855,0.006121,0.009165,0.005168
55.68004,0.011101,0.006259,0.009376,0.005286
55.68577,0.011347,0.006397,0.009587,0.005405
55.69150,0.011593,0.006534,0.009799,0.005523
55.69723,0.011839,0.006672,0.010010,0.005641
55.70296,0.012084,0.006809,0.010222,0.005760
55.70869,0.012330,0.006947,0.010433,0.005878
55.71442,0.012575,0.007084,0.010645,0.005997
55.72015,0.012820,0.007221,0.010857,0.006115
55.72588,0.013066,0.007358,0.011069,0.006233
55.73160,0.013311,0.007495,0.011281,0.006352
55.73733,0.013556,0.007632,0.011493,0.006470
55.74306,0.013801,0.007769,0.011705,0.006589
55.74879,0.014046,0.007905,0.011917,0.006707
55.75452,0.014290,0.008042,0.012129,0.006826
55.76025,0.014535,0.008178,0.012341,0.006944
55.76598,0.014780,0.008315,0.012554,0.007062
55.77171,0.015024,0.008451,0.012766,0.007181
55.77744,0.015269,0.008587,0.012979,0.007299
55.78317,0.015513,0.008723,0.013191,0.007418
55.78890,0.015757,0.008859,0.013404,0.007536
55.79463,0.016001,0.008995,0.013617,0.007655
55.80036,0.016245,0.009131,0.013830,0.007773
55.80609,0.016489,0.009267,0.014043,0.007892
55.81182,0.016733,0.009402,0.014255,0.008010
55.81755,0.016977,0.009538,0.014468,0.008129
55.82328,0.017220,0.009673,0.014682,0.008247
55.82901,0.017464,0.009809,0.014895,0.008366
55.83474,0.017707,0.009944,0.015108,0.008484
55.84047,0.017951,0.010079,0.015321,0.008603
55.84620,0.018194,0.010214,0.015534,0.008721
55.85193,0.018437,0.010349,0.015748,0.008840
55.85766,0.018680,0.010484,0.015961,0.008958
55.86339,0.018923,0.010619,0.016175,0.009077
55.86911,0.019166,0.010754,0.016388,0.009195
55.87484,0.019408,0.010888,0.016602,0.009314
55.88057,0.019651,0.011023,0.016815,0.009432
55.88630,0.019894,0.011157,0.017029,0.009551
55.89203,0.020136,0.011291,0.017243,0.009669
55.89776,0.020378,0.011425,0.017457,0.009787
55.90349,0.020620,0.011560,0.017671,0.009906
55.90922,0.020863,0.011694,0.017884,0.010024
55.91495,0.021104,0.011827,0.018098,0.010143
55.92068,0.021346,0.011961,0.018312,0.010261
55.92641,0.021588,0.012095,0.018527,0.010380
55.93214,0.021830,0.012228,0.018741,0.010498
55.93787,0.022071,0.012362,0.018955,0.010616
55.94360,0.022313,0.012495,0.019169,0.010735
55.94933,0.022554,0.012629,0.019383,0.010853
55.95506,0.022795,0.012762,0.019598,0.010972
55.96079,0.023036,0.012895,0.019812,0.011090
55.96652,0.023277,0.013028,0.020026,0.011208
55.97225,0.023518,0.013161,0.020241,0.011327
55.97798,0.023759,0.013293,0.020455,0.011445
55.98371,0.024000,0.013426,0.020670,0.011563
55.98944,0.024240,0.013559,0.020884,0.011682
55.99517,0.024481,0.013691,0.021099,0.011800
56.00089,0.024721,0.013823,0.021313,0.011918
56.00662,0.024961,0.013956,0.021528,0.012036
56.01235,0.025201,0.014088,0.021743,0.012155
56.01808,0.025441,0.014220,0.021958,0.012273
56.02381,0.025681,0.014352,0.022172,0.012391
56.02954,0.025921,0.014484,0.022387,0.012509
56.03527,0.026160,0.014615,0.022602,0.012627
56.04100,0.026400,0.014747,0.022817,0.012746
56.04673,0.026639,0.014878,0.023032,0.012864
56.05246,0.026879,0.015010,0.023247,0.012982
56.05819,0.027118,0.015141,0.023462,0.013100
56.06392,0.027357,0.015272,0.023677,0.013218
56.06965,0.027596,0.015403,0.023892,0.013336
56.07538,0.027834,0.015534,0.024107,0.013454
56.08111,0.028073,0.015665,0.024322,0.013572
56.08684,0.028311,0.015796,0.024537,0.013690
56.09257,0.028550,0.015927,0.024752,0.013808
56.09830,0.028788,0.016057,0.024967,0.013926
56.10403,0.029026,0.016188,0.025182,0.014044
56.10976,0.029264,0.016318,0.025398,0.014162
56.11549,0.029502,0.016448,0.025613,0.014280
56.12122,0.029740,0.016578,0.025828,0.014398
56.12695,0.029978,0.016708,0.026043,0.014515
56.13268,0.030215,0.016838,0.026259,0.014633
56.13840,0.030453,0.016968,0.026474,0.014751
56.14413,0.030690,0.017097,0.026689,0.014869
56.14986,0.030927,0.017227,0.026905,0.014987
56.15559,0.031164,0.017356,0.027120,0.015104
56.16132,0.031401,0.017486,0.027335,0.015222
56.16705,0.031638,0.017615,0.027551,0.015340
56.17278,0.031874,0.017744,0.027766,0.015457
56.17851,0.032111,0.017873,0.027982,0.015575
56.18424,0.032347,0.018002,0.028197,0.015692
56.18997,0.032583,0.018131,0.028413,0.015810
56.19570,0.032819,0.018259,0.028628,0.015927
56.20143,0.033055,0.018388,0.028844,0.016045
56.20716,0.033291,0.018516,0.029059,0.016162
56.21289,0.033527,0.018645,0.029275,0.016280
56.21862,0.033763,0.018773,0.029490,0.016397
56.22435,0.033998,0.018901,0.029706,0.016515
56.23008,0.034233,0.019029,0.029921,0.016632
56.23581,0.034468,0.019157,0.030137,0.016749
56.24154,0.034703,0.019284,0.030352,0.016866
56.24727,0.034938,0.019412,0.030568,0.016984
56.25300,0.035173,0.019540,0.030783,0.017101
56.25873,0.035408,0.019667,0.030999,0.017218
56.26446,0.035642,0.019794,0.031214,0.017335
56.27019,0.035876,0.019921,0.031430,0.017452
56.27591,0.036111,0.020048,0.031645,0.017569
56.28164,0.036345,0.020175,0.031861,0.017686
56.28737,0.036579,0.020302,0.032076,0.017803
56.29310,0.036812,0.020429,0.032292,0.017920
56.29883,0.037046,0.020555,0.032507,0.018037
56.30456,0.037279,0.020682,0.032723,0.018154
56.31029,0.037513,0.020808,0.032938,0.018271
56.31602,0.037746,0.020934,0.033154,0.018388
56.32175,0.037979,0.021060,0.033369,0.018504
56.32748,0.038212,0.021186,0.033585,0.018621
56.33321,0.038445,0.021312,0.033800,0.018738
56.33894,0.038677,0.021438,0.034016,0.018854
56.34467,0.038910,0.021564,0.034231,0.018971
56.35040,0.039142,0.021689,0.034447,0.019087
56.35613,0.039374,0.021815,0.034662,0.019204
56.36186,0.039606,0.021940,0.034878,0.019320
56.36759,0.039838,0.022065,0.035093,0.019437
56.37332,0.040070,0.022190,0.035308,0.019553
56.37905,0.040302,0.022315,0.035524,0.019669
56.38478,0.040533,0.022440,0.035739,0.019786
56.39051,0.040764,0.022564,0.035954,0.019902
56.39624,0.040995,0.022689,0.036170,0.020018
56.40197,0.041226,0.022813,0.036385,0.020134
56.40769,0.041457,0.022937,0.036600,0.020250
56.41342,0.041688,0.023062,0.036816,0.020366
56.41915,0.041919,0.023186,0.037031,0.020482
56.42488,0.042149,0.023310,0.037246,0.020598
56.43061,0.042379,0.023433,0.037461,0.020714
56.43634,0.042609,0.023557,0.037677,0.020830
56.44207,0.042839,0.023681,0.037892,0.020946
56.44780,0.043069,0.023804,0.038107,0.021062
56.45353,0.043299,0.023927,0.038322,0.021177
56.45926,0.043528,0.024051,0.038537,0.021293
56.46499,0.043757,0.024174,0.038752,0.021408
56.47072,0.043986,0.024296,0.038967,0.021524
56.47645,0.044215,0.024419,0.039182,0.021640
56.48218,0.044444,0.024542,0.039397,0.021755
56.48791,0.044673,0.024665,0.039612,0.021870
56.49364,0.044901,0.024787,0.039827,0.021986
56.49937,0.045130,0.024909,0.040042,0.022101
56.50510,0.045358,0.025031,0.040257,0.022216
56.51083,0.045586,0.025153,0.040472,0.022331
56.51656,0.045814,0.025275,0.040686,0.022446
56.52229,0.046042,0.025397,0.040901,0.022562
56.52802,0.046269,0.025519,0.041116,0.022677
56.53375,0.046497,0.025640,0.041330,0.022792
56.53948,0.046724,0.025762,0.041545,0.022906
56.54520,0.046951,0.025883,0.041760,0.023021
56.55093,0.047178,0.026004,0.041974,0.023136
56.55666,0.047405,0.026125,0.042189,0.023251
56.56239,0.047631,0.026246,0.042403,0.023365
56.56812,0.047857,0.026367,0.042618,0.023480
56.57385,0.048084,0.026487,0.042832,0.023595
56.57958,0.048310,0.026608,0.043046,0.023709
56.58531,0.048536,0.026728,0.043261,0.023823
56.59104,0.048761,0.026849,0.043475,0.023938
56.59677,0.048987,0.026969,0.043689,0.024052
56.60250,0.049212,0.027089,0.043903,0.024166
56.60823,0.049438,0.027209,0.044117,0.024281
56.61396,0.049663,0.027328,0.044332,0.024395
56.61969,0.049888,0.027448,0.044546,0.024509
56.62542,0.050112,0.027567,0.044760,0.024623
56.63115,0.050337,0.027687,0.044973,0.024737
56.63688,0.050561,0.027806,0.045187,0.024850
56.64261,0.050786,0.027925,0.045401,0.024964
56.64834,0.051010,0.028044,0.045615,0.025078
56.65407,0.051233,0.028163,0.045829,0.025192
56.65980,0.051457,0.028281,0.046042,0.025305
56.66553,0.051681,0.028400,0.046256,0.025419
56.67126,0.051904,0.028518,0.046469,0.025532
56.67699,0.052127,0.028637,0.046683,0.025646
56.68271,0.052350,0.028755,0.046896,0.025759
56.68844,0.052573,0.028873,0.047110,0.025872
56.69417,0.052796,0.028991,0.047323,0.025985
56.69990,0.053018,0.029108,0.047536,0.026099
56.70563,0.053240,0.029226,0.047749,0.026212
56.71136,0.053463,0.029343,0.047963,0.026325
56.71709,0.053685,0.029461,0.048176,0.026438
56.72282,0.053906,0.029578,0.048389,0.026550
56.72855,0.054128,0.029695,0.048602,0.026663
56.73428,0.054349,0.029812,0.048814,0.026776
56.74001,0.054571,0.029929,0.049027,0.026888
56.74574,0.054792,0.030045,0.049240,0.027001
56.75147,0.055012,0.030162,0.049453,0.027114
56.75720,0.055233,0.030278,0.049665,0.027226
56.76293,0.055454,0.030394,0.049878,0.027338
56.76866,0.055674,0.030510,0.050090,0.027451
56.77439,0.055894,0.030626,0.050303,0.027563
56.78012,0.056114,0.030742,0.050515,0.027675
56.78585,0.056334,0.030858,0.050727,0.027787
56.79158,0.056553,0.030974,0.050939,0.027899
56.79731,0.056773,0.031089,0.051152,0.028011
56.80304,0.056992,0.031204,0.051364,0.028123
56.80877,0.057211,0.031319,0.051576,0.028234
56.81449,0.057430,0.031434,0.051787,0.028346
56.82022,0.057649,0.031549,0.051999,0.028458
56.82595,0.057867,0.031664,0.052211,0.028569
56.83168,0.058085,0.031779,0.052423,0.028680
56.83741,0.058303,0.031893,0.052634,0.028792
56.84314,0.058521,0.032007,0.052846,0.028903
56.84887,0.058739,0.032121,0.053057,0.029014
56.85460,0.058957,0.032235,0.053268,0.029125
56.86033,0.059174,0.032349,0.053480,0.029236
56.86606,0.059391,0.032463,0.053691,0.029347
56.87179,0.059608,0.032577,0.053902,0.029458
56.87752,0.059825,0.032690,0.054113,0.029569
56.88325,0.060042,0.032803,0.054324,0.029680
56.88898,0.060258,0.032917,0.054535,0.029790
56.89471,0.060474,0.033030,0.054745,0.029901
56.90044,0.060690,0.033143,0.054956,0.030011
56.90617,0.060906,0.033255,0.055167,0.030122
56.91190,0.061122,0.033368,0.055377,0.030232
56.91763,0.061337,0.033480,0.055587,0.030342
56.92336,0.061552,0.033593,0.055798,0.030452
56.92909,0.061767,0.033705,0.056008,0.030562
56.93482,0.061982,0.033817,0.056218,0.030672
56.94055,0.062197,0.033929,0.056428,0.030782
56.94628,0.062411,0.034041,0.056638,0.030892
56.95200,0.062625,0.034152,0.056848,0.031001
56.95773,0.062839,0.034264,0.057057,0.031111
56.96346,0.063053,0.034375,0.057267,0.031220
56.96919,0.063267,0.034486,0.057477,0.031330
56.97492,0.063480,0.034597,0.057686,0.031439
56.98065,0.063694,0.034708,0.057895,0.031548
56.98638,0.063907,0.034819,0.058104,0.031658
56.99211,0.064120,0.034929,0.058314,0.031767
56.99784,0.064332,0.035040,0.058523,0.031876
57.00357,0.064545,0.035150,0.058732,0.031984
57.00930,0.064757,0.035260,0.058940,0.032093
57.01503,0.064969,0.035370,0.059149,0.032202
57.02076,0.065181,0.035480,0.059358,0.032310
57.02649,0.065393,0.035590,0.059566,0.032419
57.03222,0.065604,0.035700,0.059775,0.032527
57.03795,0.065815,0.035809,0.059983,0.032636
57.04368,0.066026,0.035918,0.060191,0.032744
57.04941,0.066237,0.036027,0.060399,0.032852
57.05514,0.066448,0.036136,0.060607,0.032960
57.06087,0.066658,0.036245,0.060815,0.033068
57.06660,0.066868,0.036354,0.061023,0.033176
57.07233,0.067078,0.036462,0.061230,0.033284
57.07806,0.067288,0.036571,0.061438,0.033391
57.08379,0.067498,0.036679,0.061645,0.033499
57.08951,0.067707,0.036787,0.061853,0.033606
57.09524,0.067916,0.036895,0.062060,0.033714
57.10097,0.068125,0.037003,0.062267,0.033821
57.10670,0.068334,0.037111,0.062474,0.033928
57.11243,0.068543,0.037218,0.062681,0.034035
57.11816,0.068751,0.037325,0.062887,0.034142
57.12389,0.068959,0.037433,0.063094,0.034249
57.12962,0.069167,0.037540,0.063300,0.034356
57.13535,0.069375,0.037647,0.063507,0.034462
57.14108,0.069582,0.037753,0.063713,0.034569
57.14681,0.069789,0.037860,0.063919,0.034675
57.15254,0.069997,0.037966,0.064125,0.034782
57.15827,0.070203,0.038073,0.064331,0.034888
57.16400,0.070410,0.038179,0.064537,0.034994
57.16973,0.070616,0.038285,0.064742,0.035100
57.17546,0.070823,0.038391,0.064948,0.035206
57.18119,0.071029,0.038496,0.065153,0.035312
57.18692,0.071234,0.038602,0.065358,0.035418
57.19265,0.071440,0.038707,0.065563,0.035523
57.19838,0.071645,0.038813,0.065768,0.035629
57.20411,0.071850,0.038918,0.065973,0.035734
57.20984,0.072055,0.039023,0.066178,0.035840
57.21557,0.072260,0.039127,0.066383,0.035945
57.22129,0.072465,0.039232,0.066587,0.036050
57.22702,0.072669,0.039336,0.066791,0.036155
57.23275,0.072873,0.039441,0.066996,0.036260
57.23848,0.073077,0.039545,0.067200,0.036365
57.24421,0.073280,0.039649,0.067404,0.036469
57.24994,0.073484,0.039753,0.067607,0.036574
57.25567,0.073687,0.039857,0.067811,0.036678
57.26140,0.073890,0.039960,0.068015,0.036783
57.26713,0.074092,0.040063,0.068218,0.036887
57.27286,0.074295,0.040167,0.068421,0.036991
57.27859,0.074497,0.040270,0.068624,0.037095
57.28432,0.074699,0.040373,0.068827,0.037199
57.29005,0.074901,0.040475,0.069030,0.037303
57.29578,0.075103,0.040578,0.069233,0.037407
57.30151,0.075304,0.040681,0.069435,0.037510
57.30724,0.075505,0.040783,0.069638,0.037614
57.31297,0.075706,0.040885,0.069840,0.037717
57.31870,0.075907,0.040987,0.070042,0.037820
57.32443,0.076107,0.041089,0.070244,0.037923
57.33016,0.076307,0.041191,0.070446,0.038026
57.33589,0.076507,0.041292,0.070647,0.038129
57.34162,0.076707,0.041393,0.070849,0.038232
57.34735,0.076907,0.041495,0.071050,0.038335
57.35308,0.077106,0.041596,0.071252,0.038437
57.35880,0.077305,0.041697,0.071453,0.038540
57.36453,0.077504,0.041797,0.071654,0.038642
57.37026,0.077703,0.041898,0.071854,0.038744
57.37599,0.077901,0.041998,0.072055,0.038847
57.38172,0.078099,0.042099,0.072255,0.038948
57.38745,0.078297,0.042199,0.072456,0.039050
57.39318,0.078495,0.042299,0.072656,0.039152
57.39891,0.078693,0.042398,0.072856,0.039254
57.40464,0.078890,0.042498,0.073056,0.039355
57.41037,0.079087,0.042598,0.073255,0.039457
57.41610,0.079284,0.042697,0.073455,0.039558
57.42183,0.079480,0.042796,0.073654,0.039659
57.42756,0.079676,0.042895,0.073853,0.039760
57.43329,0.079873,0.042994,0.074053,0.039861
57.43902,0.080068,0.043093,0.074251,0.039962
57.44475,0.080264,0.043191,0.074450,0.040063
57.45048,0.080459,0.043289,0.074649,0.040163
57.45621,0.080655,0.043388,0.074847,0.040264
57.46194,0.080849,0.043486,0.075045,0.040364
57.46767,0.081044,0.043584,0.075243,0.040464
57.47340,0.081239,0.043681,0.075441,0.040564
57.47913,0.081433,0.043779,0.075639,0.040664
57.48486,0.081627,0.043876,0.075837,0.040764
57.49059,0.081820,0.043973,0.076034,0.040864
57.49631,0.082014,0.044071,0.076231,0.040963
57.50204,0.082207,0.044167,0.076428,0.041063
57.50777,0.082400,0.044264,0.076625,0.041162
57.51350,0.082593,0.044361,0.076822,0.041261
57.51923,0.082785,0.044457,0.077019,0.041360
57.52496,0.082978,0.044553,0.077215,0.041459
57.53069,0.083170,0.044650,0.077411,0.041558
57.53642,0.083362,0.044745,0.077607,0.041657
57.54215,0.083553,0.044841,0.077803,0.041755
57.54788,0.083744,0.044937,0.077999,0.041854
57.55361,0.083936,0.045032,0.078195,0.041952
57.55934,0.084126,0.045128,0.078390,0.042050
57.56507,0.084317,0.045223,0.078585,0.042148
57.57080,0.084507,0.045318,0.078780,0.042246
57.57653,0.084697,0.045412,0.078975,0.042344
57.58226,0.084887,0.045507,0.079170,0.042442
57.58799,0.085077,0.045601,0.079364,0.042539
57.59372,0.085266,0.045696,0.079558,0.042637
57.59945,0.085455,0.045790,0.079752,0.042734
57.60518,0.085644,0.045884,0.079946,0.042831
57.61091,0.085833,0.045978,0.080140,0.042928
57.61664,0.086021,0.046071,0.080334,0.043025
57.62237,0.086209,0.046165,0.080527,0.043122
57.62810,0.086397,0.046258,0.080720,0.043219
57.63382,0.086585,0.046351,0.080913,0.043315
57.63955,0.086772,0.046444,0.081106,0.043411
57.64528,0.086959,0.046537,0.081299,0.043508
57.65101,0.087146,0.046630,0.081491,0.043604
57.65674,0.087333,0.046722,0.081683,0.043700
57.66247,0.087519,0.046814,0.081875,0.043796
57.66820,0.087705,0.046907,0.082067,0.043891
57.67393,0.087891,0.046999,0.082259,0.043987
57.67966,0.088077,0.047090,0.082451,0.044082
57.68539,0.088262,0.047182,0.082642,0.044178
57.69112,0.088447,0.047274,0.082833,0.044273
57.69685,0.088632,0.047365,0.083024,0.044368
57.70258,0.088817,0.047456,0.083215,0.044463
57.70831,0.089001,0.047547,0.083405,0.044557
57.71404,0.089185,0.047638,0.083595,0.044652
57.71977,0.089369,0.047728,0.083786,0.044747
57.72550,0.089552,0.047819,0.083976,0.044841
57.73123,0.089736,0.047909,0.084165,0.044935
57.73696,0.089919,0.047999,0.084355,0.045029
57.74269,0.090102,0.048089,0.084544,0.045123
57.74842,0.090284,0.048179,0.084733,0.045217
57.75415,0.090467,0.048269,0.084922,0.045311
57.75988,0.090649,0.048358,0.085111,0.045404
57.76560,0.090830,0.048447,0.085300,0.045497
57.77133,0.091012,0.048537,0.085488,0.045591
57.77706,0.091193,0.048626,0.085676,0.045684
57.78279,0.091374,0.048714,0.085864,0.045777
57.78852,0.091555,0.048803,0.086052,0.045870
57.79425,0.091735,0.048891,0.086239,0.045962
57.79998,0.091916,0.048980,0.086427,0.046055
57.80571,0.092096,0.049068,0.086614,0.046147
57.81144,0.092275,0.049156,0.086801,0.046239
57.81717,0.092455,0.049244,0.086987,0.046331
57.82290,0.092634,0.049331,0.087174,0.046423
57.82863,0.092813,0.049419,0.087360,0.046515
57.83436,0.092992,0.049506,0.087546,0.046607
57.84009,0.093170,0.049593,0.087732,0.046698
57.84582,0.093348,0.049680,0.087918,0.046790
57.85155,0.093526,0.049767,0.088103,0.046881
57.85728,0.093704,0.049853,0.088289,0.046972
57.86301,0.093881,0.049940,0.088474,0.047063
57.86874,0.094058,0.050026,0.088658,0.047154
57.87447,0.094235,0.050112,0.088843,0.047245
57.88020,0.094411,0.050198,0.089027,0.047335
57.88593,0.094588,0.050283,0.089212,0.047425
57.89166,0.094764,0.050369,0.089396,0.047516
57.89739,0.094939,0.050454,0.089579,0.047606
57.90311,0.095115,0.050540,0.089763,0.047696
57.90884,0.095290,0.050625,0.089946,0.047785
57.91457,0.095465,0.050709,0.090129,0.047875
57.92030,0.095640,0.050794,0.090312,0.047965
57.92603,0.095814,0.050879,0.090495,0.048054
57.93176,0.095988,0.050963,0.090677,0.048143
57.93749,0.096162,0.051047,0.090859,0.048232
57.94322,0.096336,0.051131,0.091041,0.048321
57.94895,0.096509,0.051215,0.091223,0.048410
57.95468,0.096682,0.051299,0.091405,0.048498
57.96041,0.096855,0.051382,0.091586,0.048587
57.96614,0.097027,0.051465,0.091767,0.048675
57.97187,0.097200,0.051548,0.091948,0.048763
57.97760,0.097372,0.051631,0.092128,0.048851
57.98333,0.097543,0.051714,0.092309,0.048939
57.98906,0.097715,0.051797,0.092489,0.049027
57.99479,0.097886,0.051879,0.092669,0.049114
58.00052,0.098057,0.051961,0.092849,0.049202
58.00625,0.098227,0.052043,0.093028,0.049289
58.01198,0.098398,0.052125,0.093207,0.049376
58.01771,0.098568,0.052207,0.093386,0.049463
58.02344,0.098737,0.052289,0.093565,0.049549
58.02917,0.098907,0.052370,0.093744,0.049636
58.03490,0.099076,0.052451,0.093922,0.049723
58.04062,0.099245,0.052532,0.094100,0.049809
58.04635,0.099414,0.052613,0.094278,0.049895
58.05208,0.099582,0.052694,0.094456,0.049981
58.05781,0.099750,0.052774,0.094633,0.050067
58.06354,0.099918,0.052855,0.094810,0.050152
58.06927,0.100086,0.052935,0.094987,0.050238
58.07500,0.100253,0.053015,0.095164,0.050323
58.08073,0.100420,0.053094,0.095340,0.050409
58.08646,0.100587,0.053174,0.095516,0.050494
58.09219,0.100753,0.053254,0.095692,0.050579
58.09792,0.100919,0.053333,0.095868,0.050663
58.10365,0.101085,0.053412,0.096043,0.050748
58.10938,0.101251,0.053491,0.096219,0.050832
58.11511,0.101416,0.053570,0.096394,0.050917
58.12084,0.101581,0.053648,0.096568,0.051001
58.12657,0.101746,0.053726,0.096743,0.051085
58.13230,0.101911,0.053805,0.096917,0.051168
58.13803,0.102075,0.053883,0.097091,0.051252
58.14376,0.102239,0.053961,0.097265,0.051335
58.14949,0.102402,0.054038,0.097438,0.051419
58.15522,0.102566,0.054116,0.097612,0.051502
58.16095,0.102729,0.054193,0.097785,0.051585
58.16668,0.102892,0.054270,0.097958,0.051668
58.17240,0.103054,0.054347,0.098130,0.051750
58.17813,0.103216,0.054424,0.098302,0.051833
58.18386,0.103378,0.054500,0.098474,0.051915
58.18959,0.103540,0.054577,0.098646,0.051997
58.19532,0.103701,0.054653,0.098818,0.052079
58.20105,0.103862,0.054729,0.098989,0.052161
58.20678,0.104023,0.054805,0.099160,0.052243
58.21251,0.104184,0.054881,0.099331,0.052325
58.21824,0.104344,0.054956,0.099501,0.052406
58.22397,0.104504,0.055032,0.099672,0.052487
58.22970,0.104663,0.055107,0.099842,0.052568
58.23543,0.104823,0.055182,0.100011,0.052649
58.24116,0.104982,0.055257,0.100181,0.052730
58.24689,0.105141,0.055331,0.100350,0.052810
58.25262,0.105299,0.055406,0.100519,0.052891
58.25835,0.105457,0.055480,0.100688,0.052971
58.26408,0.105615,0.055554,0.100856,0.053051
58.26981,0.105773,0.055628,0.101025,0.053131
58.27554,0.105930,0.055702,0.101192,0.053211
58.28127,0.106087,0.055775,0.101360,0.053290
58.28700,0.106244,0.055849,0.101528,0.053369
58.29273,0.106400,0.055922,0.101695,0.053449
58.29846,0.106556,0.055995,0.101862,0.053528
58.30419,0.106712,0.056068,0.102028,0.053607
58.30991,0.106868,0.056140,0.102195,0.053685
58.31564,0.107023,0.056213,0.102361,0.053764
58.32137,0.107178,0.056285,0.102527,0.053842
58.32710,0.107333,0.056357,0.102692,0.053921
58.33283,0.107487,0.056429,0.102858,0.053999
58.33856,0.107641,0.056501,0.103023,0.054076
58.34429,0.107795,0.056572,0.103187,0.054154
58.35002,0.107949,0.056644,0.103352,0.054232
58.35575,0.108102,0.056715,0.103516,0.054309
58.36148,0.108255,0.056786,0.103680,0.054386
58.36721,0.108408,0.056857,0.103844,0.054463
58.37294,0.108560,0.056928,0.104007,0.054540
58.37867,0.108712,0.056998,0.104171,0.054617
58.38440,0.108864,0.057068,0.104333,0.054693
58.39013,0.109015,0.057138,0.104496,0.054770
58.39586,0.109166,0.057208,0.104658,0.054846
58.40159,0.109317,0.057278,0.104821,0.054922
58.40732,0.109468,0.057348,0.104982,0.054998
58.41305,0.109618,0.057417,0.105144,0.055074
58.41878,0.109768,0.057486,0.105305,0.055149
58.42451,0.109918,0.057555,0.105466,0.055224
58.43024,0.110067,0.057624,0.105627,0.055299
58.43597,0.110216,0.057693,0.105787,0.055374
58.44170,0.110365,0.057761,0.105947,0.055449
58.44742,0.110513,0.057829,0.106107,0.055524
58.45315,0.110661,0.057898,0.106267,0.055598
58.45888,0.110809,0.057965,0.106426,0.055673
58.46461,0.110957,0.058033,0.106585,0.055747
58.47034,0.111104,0.058101,0.106744,0.055821
58.47607,0.111251,0.058168,0.106903,0.055894
58.48180,0.111398,0.058235,0.107061,0.055968
58.48753,0.111544,0.058302,0.107219,0.056041
58.49326,0.111690,0.058369,0.107376,0.056115
58.49899,0.111836,0.058436,0.107534,0.056188
58.50472,0.111981,0.058502,0.107691,0.056261
58.51045,0.112126,0.058568,0.107848,0.056333
58.51618,0.112271,0.058635,0.108004,0.056406
58.52191,0.112416,0.058700,0.108160,0.056478
58.52764,0.112560,0.058766,0.108316,0.056550
58.53337,0.112704,0.058832,0.108472,0.056623
58.53910,0.112848,0.058897,0.108627,0.056694
58.54483,0.112991,0.058962,0.108782,0.056766
58.55056,0.113134,0.059027,0.108937,0.056837
58.55629,0.113277,0.059092,0.109092,0.056909
58.56202,0.113419,0.059157,0.109246,0.056980
58.56775,0.113561,0.059221,0.109400,0.057051
58.57348,0.113703,0.059285,0.109553,0.057122
58.57920,0.113844,0.059349,0.109707,0.057192
58.58493,0.113986,0.059413,0.109860,0.057263
58.59066,0.114126,0.059477,0.110012,0.057333
58.59639,0.114267,0.059540,0.110165,0.057403
58.60212,0.114407,0.059604,0.110317,0.057473
58.60785,0.114547,0.059667,0.110469,0.057542
58.61358,0.114687,0.059730,0.110621,0.057612
58.61931,0.114826,0.059792,0.110772,0.057681
58.62504,0.114965,0.059855,0.110923,0.057750
58.63077,0.115104,0.059917,0.111074,0.057819
58.63650,0.115242,0.059980,0.111224,0.057888
58.64223,0.115380,0.060042,0.111374,0.057957
58.64796,0.115518,0.060103,0.111524,0.058025
58.65369,0.115655,0.060165,0.111673,0.058094
58.65942,0.115793,0.060227,0.111823,0.058162
58.66515,0.115929,0.060288,0.111972,0.058230
58.67088,0.116066,0.060349,0.112120,0.058297
58.67661,0.116202,0.060410,0.112268,0.058365
58.68234,0.116338,0.060470,0.112416,0.058432
58.68807,0.116474,0.060531,0.112564,0.058499
58.69380,0.116609,0.060591,0.112712,0.058566
58.69953,0.116744,0.060652,0.112859,0.058633
58.70526,0.116879,0.060711,0.113006,0.058700
58.71099,0.117013,0.060771,0.113152,0.058766
58.71671,0.117147,0.060831,0.113298,0.058832
58.72244,0.117281,0.060890,0.113444,0.058898
58.72817,0.117414,0.060949,0.113590,0.058964
58.73390,0.117547,0.061008,0.113735,0.059030
58.73963,0.117680,0.061067,0.113880,0.059096
58.74536,0.117812,0.061126,0.114025,0.059161
58.75109,0.117944,0.061184,0.114169,0.059226
58.75682,0.118076,0.061243,0.114313,0.059291
58.76255,0.118208,0.061301,0.114457,0.059356
58.76828,0.118339,0.061359,0.114600,0.059420
58.77401,0.118470,0.061416,0.114743,0.059485
58.77974,0.118600,0.061474,0.114886,0.059549
58.78547,0.118730,0.061531,0.115029,0.059613
58.79120,0.118860,0.061589,0.115171,0.059677
58.79693,0.118990,0.061645,0.115313,0.059740
58.80266,0.119119,0.061702,0.115455,0.059804
58.80839,0.119248,0.061759,0.115596,0.059867
58.81412,0.119377,0.061815,0.115737,0.059930
58.81985,0.119505,0.061871,0.115877,0.059993
58.82558,0.119633,0.061928,0.116018,0.060056
58.83131,0.119761,0.061983,0.116158,0.060119
58.83704,0.119888,0.062039,0.116297,0.060181
58.84277,0.120015,0.062094,0.116437,0.060243
58.84850,0.120142,0.062150,0.116576,0.060305
58.85422,0.120268,0.062205,0.116715,0.060367
58.85995,0.120394,0.062260,0.116853,0.060428
58.86568,0.120520,0.062314,0.116991,0.060490
58.87141,0.120646,0.062369,0.117129,0.060551
58.87714,0.120771,0.062423,0.117267,0.060612
58.88287,0.120896,0.062478,0.117404,0.060673
58.88860,0.121020,0.062531,0.117541,0.060734
58.89433,0.121144,0.062585,0.117677,0.060794
58.90006,0.121268,0.062639,0.117813,0.060854
58.90579,0.121391,0.062692,0.117949,0.060915
58.91152,0.121515,0.062745,0.118085,0.060974
58.91725,0.121637,0.062798,0.118220,0.061034
58.92298,0.121760,0.062851,0.118355,0.061094
58.92871,0.121882,0.062904,0.118490,0.061153
58.93444,0.122004,0.062956,0.118624,0.061212
58.94017,0.122126,0.063009,0.118758,0.061271
58.94590,0.122247,0.063061,0.118892,0.061330
58.95163,0.122368,0.063113,0.119025,0.061389
58.95736,0.122488,0.063164,0.119158,0.061447
58.96309,0.122609,0.063216,0.119291,0.061505
58.96882,0.122729,0.063267,0.119423,0.061563
58.97455,0.122848,0.063318,0.119555,0.061621
58.98028,0.122967,0.063369,0.119687,0.061679
58.98601,0.123086,0.063420,0.119818,0.061736
58.99173,0.123205,0.063471,0.119949,0.061793
58.99746,0.123323,0.063521,0.120080,0.061850
59.00319,0.123441,0.063571,0.120210,0.061907
59.00892,0.123559,0.063621,0.120340,0.061964
59.01465,0.123676,0.063671,0.120470,0.062020
59.02038,0.123793,0.063720,0.120599,0.062077
59.02611,0.123910,0.063770,0.120729,0.062133
59.03184,0.124026,0.063819,0.120857,0.062189
59.03757,0.124142,0.063868,0.120986,0.062244
59.04330,0.124258,0.063917,0.121114,0.062300
59.04903,0.124373,0.063966,0.121241,0.062355
59.05476,0.124488,0.064014,0.121369,0.062410
59.06049,0.124603,0.064062,0.121496,0.062465
59.06622,0.124717,0.064111,0.121623,0.062520
59.07195,0.124831,0.064158,0.121749,0.062574
59.07768,0.124945,0.064206,0.121875,0.062629
59.08341,0.125058,0.064254,0.122001,0.062683
59.08914,0.125171,0.064301,0.122126,0.062737
59.09487,0.125284,0.064348,0.122251,0.062791
59.10060,0.125397,0.064395,0.122376,0.062844
59.10633,0.125509,0.064442,0.122501,0.062898
59.11206,0.125620,0.064489,0.122625,0.062951
59.11779,0.125732,0.064535,0.122748,0.063004
59.12351,0.125843,0.064581,0.122872,0.063056
59.12924,0.125953,0.064627,0.122995,0.063109
59.13497,0.126064,0.064673,0.123118,0.063161
59.14070,0.126174,0.064719,0.123240,0.063214
59.14643,0.126284,0.064764,0.123362,0.063266
59.15216,0.126393,0.064809,0.123484,0.063318
59.15789,0.126502,0.064854,0.123605,0.063369
59.16362,0.126611,0.064899,0.123726,0.063421
59.16935,0.126719,0.064944,0.123847,0.063472
59.17508,0.126827,0.064988,0.123967,0.063523
59.18081,0.126935,0.065033,0.124087,0.063574
59.18654,0.127042,0.065077,0.124207,0.063624
59.19227,0.127149,0.065121,0.124326,0.063675
59.19800,0.127256,0.065164,0.124445,0.063725
59.20373,0.127362,0.065208,0.124564,0.063775
59.20946,0.127468,0.065251,0.124682,0.063825
59.21519,0.127574,0.065294,0.124800,0.063875
59.22092,0.127679,0.065337,0.124918,0.063924
59.22665,0.127785,0.065380,0.125035,0.063973
59.23238,0.127889,0.065423,0.125152,0.064022
59.23811,0.127994,0.065465,0.125268,0.064071
59.24384,0.128098,0.065507,0.125384,0.064120
59.24957,0.128201,0.065549,0.125500,0.064168
59.25530,0.128305,0.065591,0.125616,0.064217
59.26102,0.128408,0.065633,0.125731,0.064265
59.26675,0.128510,0.065674,0.125846,0.064313
59.27248,0.128613,0.065715,0.125960,0.064360
59.27821,0.128715,0.065756,0.126074,0.064408
59.28394,0.128816,0.065797,0.126188,0.064455
59.28967,0.128918,0.065838,0.126302,0.064502
59.29540,0.129019,0.065878,0.126415,0.064549
59.30113,0.129119,0.065919,0.126528,0.064596
59.30686,0.129220,0.065959,0.126640,0.064642
59.31259,0.129320,0.065999,0.126752,0.064688
59.31832,0.129419,0.066038,0.126864,0.064734
59.32405,0.129518,0.066078,0.126975,0.064780
59.32978,0.129617,0.066117,0.127086,0.064826
59.33551,0.129716,0.066156,0.127197,0.064871
59.34124,0.129814,0.066195,0.127307,0.064917
59.34697,0.129912,0.066234,0.127417,0.064962
59.35270,0.130010,0.066273,0.127526,0.065007
59.35843,0.130107,0.066311,0.127635,0.065051
59.36416,0.130204,0.066349,0.127744,0.065096
59.36989,0.130301,0.066387,0.127853,0.065140
59.37562,0.130397,0.066425,0.127961,0.065184
59.38135,0.130493,0.066463,0.128069,0.065228
59.38708,0.130588,0.066500,0.128176,0.065272
59.39281,0.130683,0.066537,0.128283,0.065315
59.39853,0.130778,0.066574,0.128390,0.065359
59.40426,0.130873,0.066611,0.128496,0.065402
59.40999,0.130967,0.066648,0.128602,0.065445
59.41572,0.131061,0.066684,0.128708,0.065487
59.42145,0.131154,0.066721,0.128813,0.065530
59.42718,0.131247,0.066757,0.128918,0.065572
59.43291,0.131340,0.066793,0.129023,0.065614
59.43864,0.131433,0.066828,0.129127,0.065656
59.44437,0.131525,0.066864,0.129231,0.065698
59.45010,0.131617,0.066899,0.129334,0.065739
59.45583,0.131708,0.066934,0.129438,0.065780
59.46156,0.131799,0.066969,0.129540,0.065822
59.46729,0.131890,0.067004,0.129643,0.065862
59.47302,0.131980,0.067039,0.129745,0.065903
59.47875,0.132070,0.067073,0.129847,0.065944
59.48448,0.132160,0.067107,0.129948,0.065984
59.49021,0.132249,0.067141,0.130049,0.066024
59.49594,0.132338,0.067175,0.130149,0.066064
59.50167,0.132427,0.067208,0.130250,0.066103
59.50740,0.132515,0.067242,0.130350,0.066143
59.51313,0.132603,0.067275,0.130449,0.066182
59.51886,0.132691,0.067308,0.130548,0.066221
59.52459,0.132778,0.067341,0.130647,0.066260
59.53031,0.132865,0.067374,0.130745,0.066299
59.53604,0.132952,0.067406,0.130844,0.066337
59.54177,0.133038,0.067438,0.130941,0.066375
59.54750,0.133124,0.067470,0.131039,0.066413
59.55323,0.133210,0.067502,0.131136,0.066451
59.55896,0.133295,0.067534,0.131232,0.066489
59.56469,0.133380,0.067565,0.131328,0.066526
59.57042,0.133464,0.067597,0.131424,0.066564
59.57615,0.133548,0.067628,0.131520,0.066601
59.58188,0.133632,0.067659,0.131615,0.066637
59.58761,0.133716,0.067690,0.131710,0.066674
59.59334,0.133799,0.067720,0.131804,0.066710
59.59907,0.133881,0.067750,0.131898,0.066747
59.60480,0.133964,0.067781,0.131992,0.066783
59.61053,0.134046,0.067811,0.132085,0.066819
59.61626,0.134128,0.067840,0.132178,0.066854
59.62199,0.134209,0.067870,0.132270,0.066890
59.62772,0.134290,0.067899,0.132363,0.066925
59.63345,0.134371,0.067929,0.132454,0.066960
59.63918,0.134451,0.067958,0.132546,0.066995
59.64491,0.134531,0.067986,0.132637,0.067029
59.65064,0.134611,0.068015,0.132728,0.067063
59.65637,0.134690,0.068043,0.132818,0.067098
59.66210,0.134769,0.068072,0.132908,0.067132
59.66782,0.134848,0.068100,0.132998,0.067165
59.67355,0.134926,0.068128,0.133087,0.067199
59.67928,0.135004,0.068155,0.133176,0.067232
59.68501,0.135081,0.068183,0.133264,0.067265
59.69074,0.135158,0.068210,0.133352,0.067298
59.69647,0.135235,0.068237,0.133440,0.067331
59.70220,0.135312,0.068264,0.133527,0.067364
59.70793,0.135388,0.068291,0.133614,0.067396
59.71366,0.135464,0.068317,0.133701,0.067428
59.71939,0.135539,0.068344,0.133787,0.067460
59.72512,0.135614,0.068370,0.133873,0.067492
59.73085,0.135689,0.068396,0.133958,0.067523
59.73658,0.135763,0.068422,0.134043,0.067555
59.74231,0.135837,0.068447,0.134128,0.067586
59.74804,0.135911,0.068472,0.134213,0.067617
59.75377,0.135984,0.068498,0.134296,0.067647
59.75950,0.136057,0.068523,0.134380,0.067678
59.76523,0.136130,0.068547,0.134463,0.067708
59.77096,0.136202,0.068572,0.134546,0.067738
59.77669,0.136274,0.068597,0.134629,0.067768
59.78242,0.136346,0.068621,0.134711,0.067798
59.78815,0.136417,0.068645,0.134792,0.067827
59.79388,0.136488,0.068669,0.134874,0.067857
59.79961,0.136558,0.068692,0.134955,0.067886
59.80533,0.136628,0.068716,0.135035,0.067915
59.81106,0.136698,0.068739,0.135115,0.067943
59.81679,0.136768,0.068762,0.135195,0.067972
59.82252,0.136837,0.068785,0.135275,0.068000
59.82825,0.136906,0.068808,0.135354,0.068028
59.83398,0.136974,0.068830,0.135432,0.068056
59.83971,0.137042,0.068853,0.135511,0.068083
59.84544,0.137110,0.068875,0.135589,0.068111
59.85117,0.137177,0.068897,0.135666,0.068138
59.85690,0.137244,0.068919,0.135743,0.068165
59.86263,0.137311,0.068940,0.135820,0.068192
59.86836,0.137377,0.068962,0.135896,0.068218
59.87409,0.137443,0.068983,0.135973,0.068245
59.87982,0.137508,0.069004,0.136048,0.068271
59.88555,0.137573,0.069025,0.136123,0.068297
59.89128,0.137638,0.069045,0.136198,0.068323
59.89701,0.137703,0.069066,0.136273,0.068348
59.90274,0.137767,0.069086,0.136347,0.068374
59.90847,0.137831,0.069106,0.136421,0.068399
59.91420,0.137894,0.069126,0.136494,0.068424
59.91993,0.137957,0.069145,0.136567,0.068449
59.92566,0.138020,0.069165,0.136639,0.068473
59.93139,0.138082,0.069184,0.136712,0.068498
59.93711,0.138144,0.069203,0.136783,0.068522
59.94284,0.138206,0.069222,0.136855,0.068546
59.94857,0.138267,0.069241,0.136926,0.068569
59.95430,0.138328,0.069260,0.136996,0.068593
59.96003,0.138389,0.069278,0.137067,0.068616
59.96576,0.138449,0.069296,0.137137,0.068639
59.97149,0.138509,0.069314,0.137206,0.068662
59.97722,0.138568,0.069332,0.137275,0.068685
59.98295,0.138627,0.069349,0.137344,0.068707
59.98868,0.138686,0.069367,0.137412,0.068730
59.99441,0.138745,0.069384,0.137480,0.068752
60.00014,0.138803,0.069401,0.137548,0.068774
60.00587,0.138860,0.069418,0.137615,0.068795
60.01160,0.138918,0.069435,0.137682,0.068817
60.01733,0.138975,0.069451,0.137748,0.068838
60.02306,0.139031,0.069467,0.137814,0.068859
60.02879,0.139088,0.069483,0.137880,0.068880
60.03452,0.139144,0.069499,0.137945,0.068900
60.04025,0.139199,0.069515,0.138010,0.068921
60.04598,0.139254,0.069530,0.138074,0.068941
60.05171,0.139309,0.069546,0.138138,0.068961
60.05744,0.139364,0.069561,0.138202,0.068981
60.06317,0.139418,0.069576,0.138265,0.069001
60.06890,0.139472,0.069591,0.138328,0.069020
60.07462,0.139525,0.069605,0.138391,0.069039
60.08035,0.139578,0.069619,0.138453,0.069058
60.08608,0.139631,0.069634,0.138514,0.069077
60.09181,0.139683,0.069648,0.138576,0.069096
60.09754,0.139735,0.069661,0.138637,0.069114
60.10327,0.139787,0.069675,0.138697,0.069132
60.10900,0.139838,0.069689,0.138758,0.069150
60.11473,0.139889,0.069702,0.138817,0.069168
60.12046,0.139940,0.069715,0.138877,0.069185
60.12619,0.139990,0.069728,0.138936,0.069203
60.13192,0.140040,0.069740,0.138994,0.069220
60.13765,0.140089,0.069753,0.139053,0.069237
60.14338,0.140138,0.069765,0.139110,0.069253
60.14911,0.140187,0.069777,0.139168,0.069270
60.15484,0.140235,0.069789,0.139225,0.069286
60.16057,0.140283,0.069801,0.139281,0.069302
60.16630,0.140331,0.069813,0.139338,0.069318
60.17203,0.140378,0.069824,0.139394,0.069334
60.17776,0.140425,0.069835,0.139449,0.069350
60.18349,0.140472,0.069846,0.139504,0.069365
60.18922,0.140518,0.069857,0.139559,0.069380
60.19495,0.140564,0.069867,0.139613,0.069395
60.20068,0.140610,0.069878,0.139667,0.069409
60.20641,0.140655,0.069888,0.139721,0.069424
60.21213,0.140700,0.069898,0.139774,0.069438
60.21786,0.140744,0.069908,0.139826,0.069452
60.22359,0.140788,0.069918,0.139879,0.069466
60.22932,0.140832,0.069927,0.139931,0.069480
60.23505,0.140875,0.069937,0.139982,0.069493
60.24078,0.140918,0.069946,0.140033,0.069506
60.24651,0.140961,0.069955,0.140084,0.069519
60.25224,0.141003,0.069963,0.140134,0.069532
60.25797,0.141045,0.069972,0.140184,0.069545
60.26370,0.141087,0.069980,0.140234,0.069557
60.26943,0.141128,0.069988,0.140283,0.069570
60.27516,0.141169,0.069996,0.140332,0.069582
60.28089,0.141209,0.070004,0.140380,0.069593
60.28662,0.141249,0.070012,0.140428,0.069605
60.29235,0.141289,0.070019,0.140476,0.069616
60.29808,0.141329,0.070027,0.140523,0.069628
60.30381,0.141368,0.070034,0.140570,0.069638
60.30954,0.141406,0.070040,0.140616,0.069649
60.31527,0.141445,0.070047,0.140662,0.069660
60.32100,0.141483,0.070054,0.140708,0.069670
60.32673,0.141520,0.070060,0.140753,0.069680
60.33246,0.141557,0.070066,0.140798,0.069690
60.33819,0.141594,0.070072,0.140842,0.069700
60.34391,0.141631,0.070078,0.140887,0.069710
60.34964,0.141667,0.070083,0.140930,0.069719
60.35537,0.141703,0.070089,0.140973,0.069728
60.36110,0.141738,0.070094,0.141016,0.069737
60.36683,0.141773,0.070099,0.141059,0.069746
60.37256,0.141808,0.070104,0.141101,0.069754
60.37829,0.141842,0.070109,0.141142,0.069763
60.38402,0.141876,0.070113,0.141184,0.069771
60.38975,0.141910,0.070117,0.141224,0.069779
60.39548,0.141943,0.070121,0.141265,0.069786
60.40121,0.141976,0.070125,0.141305,0.069794
60.40694,0.142008,0.070129,0.141345,0.069801
60.41267,0.142041,0.070133,0.141384,0.069808
60.41840,0.142072,0.070136,0.141423,0.069815
60.42413,0.142104,0.070139,0.141461,0.069822
60.42986,0.142135,0.070142,0.141499,0.069828
60.43559,0.142166,0.070145,0.141537,0.069835
60.44132,0.142196,0.070147,0.141574,0.069841
60.44705,0.142226,0.070150,0.141611,0.069847
60.45278,0.142256,0.070152,0.141648,0.069852
60.45851,0.142285,0.070154,0.141684,0.069858
60.46424,0.142314,0.070156,0.141719,0.069863
60.46997,0.142342,0.070158,0.141755,0.069868
60.47570,0.142371,0.070159,0.141790,0.069873
60.48142,0.142398,0.070161,0.141824,0.069878
60.48715,0.142426,0.070162,0.141858,0.069882
60.49288,0.142453,0.070163,0.141892,0.069886
60.49861,0.142480,0.070163,0.141925,0.069890
60.50434,0.142506,0.070164,0.141958,0.069894
60.51007,0.142532,0.070164,0.141991,0.069898
60.51580,0.142558,0.070165,0.142023,0.069901
60.52153,0.142583,0.070165,0.142054,0.069904
60.52726,0.142608,0.070164,0.142086,0.069907
60.53299,0.142633,0.070164,0.142117,0.069910
60.53872,0.142657,0.070164,0.142147,0.069913
60.54445,0.142681,0.070163,0.142177,0.069915
60.55018,0.142704,0.070162,0.142207,0.069918
60.55591,0.142727,0.070161,0.142236,0.069920
60.56164,0.142750,0.070160,0.142265,0.069921
60.56737,0.142772,0.070158,0.142294,0.069923
60.57310,0.142794,0.070157,0.142322,0.069924
60.57883,0.142816,0.070155,0.142349,0.069926
60.58456,0.142837,0.070153,0.142377,0.069927
60.59029,0.142858,0.070151,0.142404,0.069927
60.59602,0.142879,0.070148,0.142430,0.069928
60.60175,0.142899,0.070146,0.142456,0.069928
60.60748,0.142919,0.070143,0.142482,0.069929
60.61321,0.142939,0.070140,0.142507,0.069929
60.61893,0.142958,0.070137,0.142532,0.069928
60.62466,0.142976,0.070134,0.142556,0.069928
60.63039,0.142995,0.070131,0.142581,0.069927
60.63612,0.143013,0.070127,0.142604,0.069927
60.64185,0.143031,0.070123,0.142628,0.069926
60.64758,0.143048,0.070119,0.142650,0.069924
60.65331,0.143065,0.070115,0.142673,0.069923
60.65904,0.143081,0.070111,0.142695,0.069921
60.66477,0.143098,0.070106,0.142717,0.069920
60.67050,0.143114,0.070101,0.142738,0.069918
60.67623,0.143129,0.070097,0.142759,0.069915
60.68196,0.143144,0.070092,0.142779,0.069913
60.68769,0.143159,0.070086,0.142799,0.069910
60.69342,0.143173,0.070081,0.142819,0.069908
60.69915,0.143187,0.070075,0.142838,0.069904
60.70488,0.143201,0.070069,0.142857,0.069901
60.71061,0.143214,0.070064,0.142876,0.069898
60.71634,0.143227,0.070057,0.142894,0.069894
60.72207,0.143240,0.070051,0.142912,0.069890
60.72780,0.143252,0.070045,0.142929,0.069886
60.73353,0.143264,0.070038,0.142946,0.069882
60.73926,0.143276,0.070031,0.142962,0.069878
60.74499,0.143287,0.070024,0.142978,0.069873
60.75072,0.143298,0.070017,0.142994,0.069868
60.75644,0.143308,0.070009,0.143009,0.069863
60.76217,0.143318,0.070002,0.143024,0.069858
60.76790,0.143328,0.069994,0.143039,0.069853
60.77363,0.143337,0.069986,0.143053,0.069847
60.77936,0.143346,0.069978,0.143066,0.069841
60.78509,0.143355,0.069970,0.143080,0.069835
60.79082,0.143363,0.069961,0.143093,0.069829
60.79655,0.143371,0.069952,0.143105,0.069823
60.80228,0.143379,0.069944,0.143117,0.069816
60.80801,0.143386,0.069935,0.143129,0.069809
60.81374,0.143393,0.069925,0.143140,0.069802
60.81947,0.143399,0.069916,0.143151,0.069795
60.82520,0.143405,0.069906,0.143161,0.069788
60.83093,0.143411,0.069897,0.143171,0.069780
60.83666,0.143416,0.069887,0.143181,0.069772
60.84239,0.143421,0.069877,0.143190,0.069764
60.84812,0.143426,0.069866,0.143199,0.069756
60.85385,0.143430,0.069856,0.143208,0.069748
60.85958,0.143434,0.069845,0.143216,0.069739
60.86531,0.143438,0.069835,0.143223,0.069730
60.87104,0.143441,0.069824,0.143231,0.069721
60.87677,0.143444,0.069813,0.143238,0.069712
60.88250,0.143446,0.069801,0.143244,0.069703
60.88822,0.143448,0.069790,0.143250,0.069693
60.89395,0.143450,0.069778,0.143256,0.069684
60.89968,0.143451,0.069766,0.143261,0.069674
60.90541,0.143452,0.069754,0.143266,0.069663
60.91114,0.143453,0.069742,0.143270,0.069653
60.91687,0.143453,0.069729,0.143274,0.069643
60.92260,0.143453,0.069717,0.143278,0.069632
60.92833,0.143453,0.069704,0.143281,0.069621
60.93406,0.143452,0.069691,0.143284,0.069610
60.93979,0.143451,0.069678,0.143287,0.069598
60.94552,0.143449,0.069665,0.143289,0.069587
60.95125,0.143448,0.069651,0.143290,0.069575
60.95698,0.143445,0.069638,0.143292,0.069563
60.96271,0.143443,0.069624,0.143292,0.069551
60.96844,0.143440,0.069610,0.143293,0.069539
60.97417,0.143436,0.069596,0.143293,0.069526
60.97990,0.143433,0.069582,0.143293,0.069514
60.98563,0.143429,0.069567,0.143292,0.069501
60.99136,0.143424,0.069552,0.143291,0.069488
60.99709,0.143420,0.069538,0.143289,0.069474
61.00282,0.143414,0.069523,0.143287,0.069461
61.00855,0.143409,0.069507,0.143285,0.069447
61.01428,0.143403,0.069492,0.143282,0.069433
61.02001,0.143397,0.069476,0.143279,0.069419
61.02573,0.143390,0.069461,0.143275,0.069405
61.03146,0.143384,0.069445,0.143271,0.069391
61.03719,0.143376,0.069429,0.143267,0.069376
61.04292,0.143369,0.069413,0.143262,0.069361
61.04865,0.143361,0.069396,0.143257,0.069346
61.05438,0.143352,0.069380,0.143252,0.069331
61.06011,0.143344,0.069363,0.143246,0.069315
61.06584,0.143334,0.069346,0.143239,0.069300
61.07157,0.143325,0.069329,0.143233,0.069284
61.07730,0.143315,0.069311,0.143226,0.069268
61.08303,0.143305,0.069294,0.143218,0.069252
61.08876,0.143295,0.069276,0.143210,0.069235
61.09449,0.143284,0.069259,0.143202,0.069219
61.10022,0.143272,0.069241,0.143193,0.069202
61.10595,0.143261,0.069222,0.143184,0.069185
61.11168,0.143249,0.069204,0.143174,0.069168
61.11741,0.143237,0.069186,0.143164,0.069151
61.12314,0.143224,0.069167,0.143154,0.069133
61.12887,0.143211,0.069148,0.143143,0.069116
61.13460,0.143197,0.069129,0.143132,0.069098
61.14033,0.143184,0.069110,0.143121,0.069079
61.14606,0.143170,0.069091,0.143109,0.069061
61.15179,0.143155,0.069071,0.143096,0.069043
61.15752,0.143140,0.069051,0.143084,0.069024
61.16324,0.143125,0.069032,0.143071,0.069005
61.16897,0.143110,0.069011,0.143057,0.068986
61.17470,0.143094,0.068991,0.143043,0.068967
61.18043,0.143077,0.068971,0.143029,0.068947
61.18616,0.143061,0.068950,0.143014,0.068928
61.19189,0.143044,0.068930,0.142999,0.068908
61.19762,0.143027,0.068909,0.142984,0.068888
61.20335,0.143009,0.068888,0.142968,0.068868
61.20908,0.142991,0.068866,0.142951,0.068848
61.21481,0.142972,0.068845,0.142935,0.068827
61.22054,0.142954,0.068824,0.142918,0.068806
61.22627,0.142935,0.068802,0.142900,0.068785
61.23200,0.142915,0.068780,0.142882,0.068764
61.23773,0.142895,0.068758,0.142864,0.068743
61.24346,0.142875,0.068736,0.142845,0.068721
61.24919,0.142854,0.068713,0.142826,0.068700
61.25492,0.142834,0.068691,0.142807,0.068678
61.26065,0.142812,0.068668,0.142787,0.068656
61.26638,0.142791,0.068645,0.142767,0.068633
61.27211,0.142769,0.068622,0.142746,0.068611
61.27784,0.142746,0.068599,0.142725,0.068588
61.28357,0.142724,0.068575,0.142704,0.068566
61.28930,0.142701,0.068552,0.142682,0.068542
61.29502,0.142677,0.068528,0.142659,0.068519
61.30075,0.142653,0.068504,0.142637,0.068496
61.30648,0.142629,0.068480,0.142614,0.068472
61.31221,0.142605,0.068456,0.142590,0.068449
61.31794,0.142580,0.068431,0.142567,0.068425
61.32367,0.142555,0.068406,0.142542,0.068401
61.32940,0.142529,0.068382,0.142518,0.068376
61.33513,0.142503,0.068357,0.142493,0.068352
61.34086,0.142477,0.068332,0.142467,0.068327
61.34659,0.142450,0.068306,0.142442,0.068302
61.35232,0.142423,0.068281,0.142416,0.068277
61.35805,0.142396,0.068255,0.142389,0.068252
61.36378,0.142368,0.068230,0.142362,0.068227
61.36951,0.142340,0.068204,0.142335,0.068201
61.37524,0.142312,0.068178,0.142307,0.068175
61.38097,0.142283,0.068151,0.142279,0.068149
61.38670,0.142254,0.068125,0.142250,0.068123
61.39243,0.142225,0.068098,0.142221,0.068097
61.39816,0.142195,0.068072,0.142192,0.068070
61.40389,0.142165,0.068045,0.142162,0.068043
61.40962,0.142134,0.068018,0.142132,0.068017
61.41535,0.142103,0.067990,0.142102,0.067989
61.42108,0.142072,0.067963,0.142071,0.067962
61.42681,0.142041,0.067935,0.142040,0.067935
61.43253,0.142009,0.067908,0.142008,0.067907
61.43826,0.141976,0.067880,0.141976,0.067879
61.44399,0.141944,0.067852,0.141943,0.067851
61.44972,0.141911,0.067823,0.141911,0.067823
61.45545,0.141877,0.067795,0.141877,0.067795
61.46118,0.141844,0.067766,0.141844,0.067766
61.46691,0.141810,0.067738,0.141810,0.067738
61.47264,0.141775,0.067709,0.141775,0.067709
61.47837,0.141740,0.067680,0.141740,0.067680
61.48410,0.141705,0.067651,0.141705,0.067650
61.48983,0.141670,0.067621,0.141670,0.067621
61.49556,0.141634,0.067592,0.141634,0.067591
61.50129,0.141598,0.067562,0.141597,0.067562
61.50702,0.141561,0.067532,0.141561,0.067532
61.51275,0.141525,0.067502,0.141524,0.067502
61.51848,0.141487,0.067472,0.141486,0.067471
61.52421,0.141450,0.067441,0.141448,0.067441
61.52994,0.141412,0.067411,0.141410,0.067410
61.53567,0.141374,0.067380,0.141371,0.067379
61.54140,0.141335,0.067349,0.141332,0.067348
61.54713,0.141296,0.067318,0.141293,0.067317
61.55286,0.141257,0.067287,0.141253,0.067285
61.55859,0.141217,0.067256,0.141213,0.067254
61.56432,0.141177,0.067224,0.141172,0.067222
61.57004,0.141136,0.067193,0.141131,0.067190
61.57577,0.141096,0.067161,0.141090,0.067158
61.58150,0.141055,0.067129,0.141048,0.067126
61.58723,0.141013,0.067097,0.141006,0.067093
61.59296,0.140971,0.067065,0.140963,0.067061
61.59869,0.140929,0.067032,0.140920,0.067028
61.60442,0.140887,0.067000,0.140877,0.066995
61.61015,0.140844,0.066967,0.140833,0.066962
61.61588,0.140801,0.066934,0.140789,0.066928
61.62161,0.140757,0.066901,0.140744,0.066895
61.62734,0.140713,0.066868,0.140700,0.066861
61.63307,0.140669,0.066834,0.140654,0.066827
61.63880,0.140625,0.066801,0.140609,0.066793
61.64453,0.140580,0.066767,0.140563,0.066759
61.65026,0.140534,0.066733,0.140516,0.066725
61.65599,0.140489,0.066699,0.140470,0.066690
61.66172,0.140443,0.066665,0.140422,0.066655
61.66745,0.140396,0.066631,0.140375,0.066620
61.67318,0.140350,0.066596,0.140327,0.066585
61.67891,0.140303,0.066561,0.140279,0.066550
61.68464,0.140255,0.066527,0.140230,0.066514
61.69037,0.140208,0.066492,0.140181,0.066479
61.69610,0.140160,0.066456,0.140131,0.066443
61.70182,0.140111,0.066421,0.140081,0.066407
61.70755,0.140062,0.066386,0.140031,0.066371
61.71328,0.140013,0.066350,0.139981,0.066335
61.71901,0.139964,0.066314,0.139930,0.066298
61.72474,0.139914,0.066278,0.139878,0.066261
61.73047,0.139864,0.066242,0.139826,0.066225
61.73620,0.139813,0.066206,0.139774,0.066188
61.74193,0.139763,0.066170,0.139722,0.066150
61.74766,0.139711,0.066133,0.139669,0.066113
61.75339,0.139660,0.066097,0.139616,0.066076
61.75912,0.139608,0.066060,0.139562,0.066038
61.76485,0.139556,0.066023,0.139508,0.066000
61.77058,0.139503,0.065986,0.139454,0.065962
61.77631,0.139450,0.065948,0.139399,0.065924
61.78204,0.139397,0.065911,0.139344,0.065885
61.78777,0.139344,0.065873,0.139288,0.065847
61.79350,0.139290,0.065835,0.139232,0.065808
61.79923,0.139235,0.065797,0.139176,0.065769
61.80496,0.139181,0.065759,0.139119,0.065730
61.81069,0.139126,0.065721,0.139062,0.065691
61.81642,0.139070,0.065683,0.139005,0.065652
61.82215,0.139015,0.065644,0.138947,0.065612
61.82788,0.138959,0.065605,0.138889,0.065572
61.83361,0.138902,0.065567,0.138830,0.065532
61.83933,0.138846,0.065528,0.138771,0.065492
61.84506,0.138789,0.065488,0.138712,0.065452
61.85079,0.138731,0.065449,0.138652,0.065412
61.85652,0.138674,0.065410,0.138592,0.065371
61.86225,0.138616,0.065370,0.138532,0.065331
61.86798,0.138557,0.065330,0.138471,0.065290
61.87371,0.138498,0.065290,0.138410,0.065249
61.87944,0.138439,0.065250,0.138348,0.065207
61.88517,0.138380,0.065210,0.138286,0.065166
61.89090,0.138320,0.065170,0.138224,0.065124
61.89663,0.138260,0.065129,0.138161,0.065083
61.90236,0.138200,0.065089,0.138098,0.065041
61.90809,0.138139,0.065048,0.138035,0.064999
61.91382,0.138078,0.065007,0.137971,0.064957
61.91955,0.138016,0.064966,0.137907,0.064914
61.92528,0.137954,0.064925,0.137842,0.064872
61.93101,0.137892,0.064883,0.137777,0.064829
61.93674,0.137830,0.064842,0.137712,0.064786
61.94247,0.137767,0.064800,0.137646,0.064743
61.94820,0.137704,0.064758,0.137580,0.064700
61.95393,0.137640,0.064716,0.137514,0.064656
61.95966,0.137577,0.064674,0.137447,0.064613
61.96539,0.137512,0.064631,0.137380,0.064569
61.97112,0.137448,0.064589,0.137312,0.064525
61.97684,0.137383,0.064546,0.137244,0.064481
61.98257,0.137318,0.064504,0.137176,0.064437
61.98830,0.137252,0.064461,0.137108,0.064393
61.99403,0.137186,0.064418,0.137039,0.064348
61.99976,0.137120,0.064375,0.136969,0.064304
62.00549,0.137054,0.064331,0.136900,0.064259
62.01122,0.136987,0.064288,0.136829,0.064214
62.01695,0.136920,0.064244,0.136759,0.064169
62.02268,0.136852,0.064200,0.136688,0.064123
62.02841,0.136784,0.064156,0.136617,0.064078
62.03414,0.136716,0.064112,0.136545,0.064032
62.03987,0.136647,0.064068,0.136473,0.063987
62.04560,0.136578,0.064024,0.136401,0.063941
62.05133,0.136509,0.063979,0.136329,0.063895
62.05706,0.136440,0.063935,0.136256,0.063848
62.06279,0.136370,0.063890,0.136182,0.063802
62.06852,0.136300,0.063845,0.136108,0.063755
62.07425,0.136229,0.063800,0.136034,0.063709
62.07998,0.136158,0.063754,0.135960,0.063662
62.08571,0.136087,0.063709,0.135885,0.063615
62.09144,0.136015,0.063664,0.135810,0.063567
62.09717,0.135943,0.063618,0.135734,0.063520
62.10290,0.135871,0.063572,0.135658,0.063473
62.10862,0.135799,0.063526,0.135582,0.063425
62.11435,0.135726,0.063480,0.135505,0.063377
62.12008,0.135652,0.063434,0.135428,0.063329
62.12581,0.135579,0.063387,0.135351,0.063281
62.13154,0.135505,0.063341,0.135273,0.063233
62.13727,0.135431,0.063294,0.135195,0.063184
62.14300,0.135356,0.063247,0.135117,0.063135
62.14873,0.135281,0.063200,0.135038,0.063087
62.15446,0.135206,0.063153,0.134959,0.063038
62.16019,0.135130,0.063106,0.134879,0.062989
62.16592,0.135055,0.063059,0.134799,0.062940
62.17165,0.134978,0.063011,0.134719,0.062890
62.17738,0.134902,0.062963,0.134638,0.062841
62.18311,0.134825,0.062916,0.134557,0.062791
62.18884,0.134748,0.062868,0.134476,0.062741
62.19457,0.134670,0.062820,0.134394,0.062691
62.20030,0.134592,0.062771,0.134312,0.062641
62.20603,0.134514,0.062723,0.134230,0.062591
62.21176,0.134436,0.062675,0.134147,0.062540
62.21749,0.134357,0.062626,0.134064,0.062490
62.22322,0.134277,0.062577,0.133981,0.062439
62.22895,0.134198,0.062528,0.133897,0.062388
62.23468,0.134118,0.062479,0.133813,0.062337
62.24041,0.134038,0.062430,0.133728,0.062286
62.24613,0.133957,0.062381,0.133643,0.062234
62.25186,0.133877,0.062331,0.133558,0.062183
62.25759,0.133795,0.062281,0.133473,0.062131
62.26332,0.133714,0.062232,0.133387,0.062079
62.26905,0.133632,0.062182,0.133300,0.062027
62.27478,0.133550,0.062132,0.133214,0.061975
62.28051,0.133468,0.062082,0.133127,0.061923
62.28624,0.133385,0.062031,0.133039,0.061871
62.29197,0.133302,0.061981,0.132952,0.061818
62.29770,0.133218,0.061930,0.132864,0.061765
62.30343,0.133135,0.061879,0.132775,0.061712
62.30916,0.133050,0.061829,0.132687,0.061659
62.31489,0.132966,0.061778,0.132597,0.061606
62.32062,0.132881,0.061726,0.132508,0.061553
62.32635,0.132796,0.061675,0.132418,0.061500
62.33208,0.132711,0.061624,0.132328,0.061446
62.33781,0.132625,0.061572,0.132238,0.061392
62.34354,0.132539,0.061521,0.132147,0.061338
62.34927,0.132453,0.061469,0.132056,0.061284
62.35500,0.132366,0.061417,0.131964,0.061230
62.36073,0.132279,0.061365,0.131872,0.061176
62.36646,0.132192,0.061313,0.131780,0.061121
62.37219,0.132104,0.061260,0.131687,0.061067
62.37792,0.132016,0.061208,0.131594,0.061012
62.38364,0.131928,0.061155,0.131501,0.060957
62.38937,0.131839,0.061102,0.131408,0.060902
62.39510,0.131750,0.061049,0.131314,0.060847
62.40083,0.131661,0.060996,0.131219,0.060792
62.40656,0.131572,0.060943,0.131125,0.060736
62.41229,0.131482,0.060890,0.131030,0.060681
62.41802,0.131392,0.060837,0.130934,0.060625
62.42375,0.131301,0.060783,0.130839,0.060569
62.42948,0.131210,0.060729,0.130743,0.060513
62.43521,0.131119,0.060675,0.130646,0.060457
62.44094,0.131028,0.060622,0.130550,0.060401
62.44667,0.130936,0.060567,0.130453,0.060344
62.45240,0.130844,0.060513,0.130355,0.060287
62.45813,0.130751,0.060459,0.130258,0.060231
62.46386,0.130658,0.060404,0.130160,0.060174
62.46959,0.130565,0.060350,0.130061,0.060117
62.47532,0.130472,0.060295,0.129963,0.060060
62.48105,0.130378,0.060240,0.129863,0.060002
62.48678,0.130284,0.060185,0.129764,0.059945
62.49251,0.130190,0.060130,0.129664,0.059887
62.49824,0.130095,0.060075,0.129564,0.059830
62.50397,0.130000,0.060019,0.129464,0.059772
62.50970,0.129905,0.059964,0.129363,0.059714
62.51543,0.129809,0.059908,0.129262,0.059656
62.52115,0.129714,0.059853,0.129161,0.059597
62.52688,0.129617,0.059797,0.129059,0.059539
62.53261,0.129521,0.059741,0.128957,0.059481
62.53834,0.129424,0.059684,0.128854,0.059422
62.54407,0.129327,0.059628,0.128752,0.059363
62.54980,0.129229,0.059572,0.128649,0.059304
62.55553,0.129131,0.059515,0.128545,0.059245
62.56126,0.129033,0.059459,0.128441,0.059186
62.56699,0.128935,0.059402,0.128337,0.059126
62.57272,0.128836,0.059345,0.128233,0.059067
62.57845,0.128737,0.059288,0.128128,0.059007
62.58418,0.128638,0.059231,0.128023,0.058948
62.58991,0.128538,0.059173,0.127918,0.058888
62.59564,0.128438,0.059116,0.127812,0.058828
62.60137,0.128338,0.059058,0.127706,0.058768
62.60710,0.128237,0.059001,0.127600,0.058707
62.61283,0.128136,0.058943,0.127493,0.058647
62.61856,0.128035,0.058885,0.127386,0.058586
62.62429,0.127934,0.058827,0.127278,0.058526
62.63002,0.127832,0.058769,0.127171,0.058465
62.63575,0.127730,0.058710,0.127063,0.058404
62.64148,0.127627,0.058652,0.126954,0.058343
62.64721,0.127524,0.058593,0.126846,0.058282
62.65293,0.127421,0.058535,0.126737,0.058220
62.65866,0.127318,0.058476,0.126627,0.058159
62.66439,0.127214,0.058417,0.126518,0.058097
62.67012,0.127110,0.058358,0.126408,0.058035
62.67585,0.127006,0.058299,0.126297,0.057974
62.68158,0.126901,0.058240,0.126187,0.057912
62.68731,0.126797,0.058180,0.126076,0.057849
62.69304,0.126691,0.058121,0.125964,0.057787
62.69877,0.126586,0.058061,0.125853,0.057725
62.70450,0.126480,0.058001,0.125741,0.057662
62.71023,0.126374,0.057941,0.125629,0.057600
62.71596,0.126267,0.057881,0.125516,0.057537
62.72169,0.126161,0.057821,0.125403,0.057474
62.72742,0.126054,0.057761,0.125290,0.057411
62.73315,0.125946,0.057700,0.125177,0.057348
62.73888,0.125839,0.057640,0.125063,0.057285
62.74461,0.125731,0.057579,0.124949,0.057221
62.75034,0.125622,0.057519,0.124834,0.057158
62.75607,0.125514,0.057458,0.124719,0.057094
62.76180,0.125405,0.057397,0.124604,0.057030
62.76753,0.125296,0.057336,0.124489,0.056966
62.77326,0.125186,0.057274,0.124373,0.056902
62.77899,0.125077,0.057213,0.124257,0.056838
62.78472,0.124967,0.057152,0.124141,0.056774
62.79044,0.124856,0.057090,0.124024,0.056710
62.79617,0.124746,0.057028,0.123907,0.056645
62.80190,0.124635,0.056967,0.123790,0.056580
62.80763,0.124523,0.056905,0.123672,0.056516
62.81336,0.124412,0.056843,0.123554,0.056451
62.81909,0.124300,0.056780,0.123436,0.056386
62.82482,0.124188,0.056718,0.123317,0.056321
62.83055,0.124075,0.056656,0.123198,0.056255
62.83628,0.123962,0.056593,0.123079,0.056190
62.84201,0.123849,0.056531,0.122960,0.056124
62.84774,0.123736,0.056468,0.122840,0.056059
62.85347,0.123622,0.056405,0.122720,0.055993
62.85920,0.123508,0.056342,0.122599,0.055927
62.86493,0.123394,0.056279,0.122479,0.055861
62.87066,0.123280,0.056216,0.122358,0.055795
62.87639,0.123165,0.056152,0.122236,0.055729
62.88212,0.123050,0.056089,0.122115,0.055663
62.88785,0.122934,0.056025,0.121993,0.055596
62.89358,0.122819,0.055962,0.121870,0.055530
62.89931,0.122703,0.055898,0.121748,0.055463
62.90504,0.122586,0.055834,0.121625,0.055396
62.91077,0.122470,0.055770,0.121502,0.055329
62.91650,0.122353,0.055706,0.121378,0.055262
62.92223,0.122236,0.055642,0.121255,0.055195
62.92795,0.122118,0.055577,0.121131,0.055128
62.93368,0.122000,0.055513,0.121006,0.055060
62.93941,0.121882,0.055448,0.120881,0.054993
62.94514,0.121764,0.055384,0.120756,0.054925
62.95087,0.121645,0.055319,0.120631,0.054858
62.95660,0.121526,0.055254,0.120506,0.054790
62.96233,0.121407,0.055189,0.120380,0.054722
62.96806,0.121288,0.055124,0.120253,0.054654
62.97379,0.121168,0.055058,0.120127,0.054585
62.97952,0.121048,0.054993,0.120000,0.054517
62.98525,0.120927,0.054928,0.119873,0.054449
62.99098,0.120807,0.054862,0.119746,0.054380
62.99671,0.120686,0.054796,0.119618,0.054312
63.00244,0.120564,0.054731,0.119490,0.054243
63.00817,0.120443,0.054665,0.119362,0.054174
63.01390,0.120321,0.054599,0.119233,0.054105
63.01963,0.120199,0.054532,0.119104,0.054036
63.02536,0.120077,0.054466,0.118975,0.053967
63.03109,0.119954,0.054400,0.118846,0.053897
63.03682,0.119831,0.054333,0.118716,0.053828
63.04255,0.119708,0.054267,0.118586,0.053758
63.04828,0.119584,0.054200,0.118456,0.053689
63.05401,0.119460,0.054133,0.118325,0.053619
63.05973,0.119336,0.054067,0.118194,0.053549
63.06546,0.119212,0.054000,0.118063,0.053479
63.07119,0.119087,0.053933,0.117931,0.053409
63.07692,0.118962,0.053865,0.117799,0.053339
63.08265,0.118837,0.053798,0.117667,0.053269
63.08838,0.118711,0.053731,0.117535,0.053198
63.09411,0.118586,0.053663,0.117402,0.053128
63.09984,0.118459,0.053595,0.117269,0.053057
63.10557,0.118333,0.053528,0.117136,0.052986
63.11130,0.118206,0.053460,0.117003,0.052915
63.11703,0.118080,0.053392,0.116869,0.052845
63.12276,0.117952,0.053324,0.116735,0.052773
63.12849,0.117825,0.053256,0.116600,0.052702
63.13422,0.117697,0.053188,0.116466,0.052631
63.13995,0.117569,0.053119,0.116331,0.052560
63.14568,0.117441,0.053051,0.116196,0.052488
63.15141,0.117312,0.052982,0.116060,0.052417
63.15714,0.117183,0.052913,0.115924,0.052345
63.16287,0.117054,0.052845,0.115788,0.052273
63.16860,0.116925,0.052776,0.115652,0.052201
63.17433,0.116795,0.052707,0.115515,0.052129
63.18006,0.116665,0.052638,0.115378,0.052057
63.18579,0.116535,0.052569,0.115241,0.051985
63.19152,0.116404,0.052499,0.115103,0.051913
63.19724,0.116273,0.052430,0.114966,0.051840
63.20297,0.116142,0.052360,0.114828,0.051768
63.20870,0.116011,0.052291,0.114689,0.051695
63.21443,0.115879,0.052221,0.114551,0.051623
63.22016,0.115747,0.052151,0.114412,0.051550
63.22589,0.115615,0.052082,0.114273,0.051477
63.23162,0.115482,0.052012,0.114133,0.051404
63.23735,0.115350,0.051941,0.113994,0.051331
63.24308,0.115217,0.051871,0.113854,0.051258
63.24881,0.115083,0.051801,0.113713,0.051184
63.25454,0.114950,0.051731,0.113573,0.051111
63.26027,0.114816,0.051660,0.113432,0.051037
63.26600,0.114682,0.051590,0.113291,0.050964
63.27173,0.114547,0.051519,0.113150,0.050890
63.27746,0.114413,0.051448,0.113008,0.050816
63.28319,0.114278,0.051377,0.112866,0.050742
63.28892,0.114143,0.051306,0.112724,0.050669
63.29465,0.114007,0.051235,0.112582,0.050594
63.30038,0.113872,0.051164,0.112439,0.050520
63.30611,0.113736,0.051093,0.112296,0.050446
63.31184,0.113599,0.051021,0.112153,0.050372
63.31757,0.113463,0.050950,0.112009,0.050297
63.32330,0.113326,0.050878,0.111865,0.050223
63.32903,0.113189,0.050807,0.111721,0.050148
63.33475,0.113052,0.050735,0.111577,0.050073
63.34048,0.112914,0.050663,0.111432,0.049998
63.34621,0.112776,0.050591,0.111288,0.049923
63.35194,0.112638,0.050519,0.111143,0.049848
63.35767,0.112500,0.050447,0.110997,0.049773
63.36340,0.112361,0.050375,0.110852,0.049698
63.36913,0.112222,0.050302,0.110706,0.049623
63.37486,0.112083,0.050230,0.110560,0.049547
63.38059,0.111943,0.050158,0.110413,0.049472
63.38632,0.111804,0.050085,0.110266,0.049396
63.39205,0.111664,0.050012,0.110120,0.049321
63.39778,0.111523,0.049940,0.109972,0.049245
63.40351,0.111383,0.049867,0.109825,0.049169
63.40924,0.111242,0.049794,0.109677,0.049093
63.41497,0.111101,0.049721,0.109529,0.049017
63.42070,0.110960,0.049647,0.109381,0.048941
63.42643,0.110818,0.049574,0.109233,0.048865
63.43216,0.110677,0.049501,0.109084,0.048789
63.43789,0.110535,0.049427,0.108935,0.048712
63.44362,0.110392,0.049354,0.108786,0.048636
63.44935,0.110250,0.049280,0.108636,0.048559
63.45508,0.110107,0.049207,0.108486,0.048482
63.46081,0.109964,0.049133,0.108336,0.048406
63.46653,0.109820,0.049059,0.108186,0.048329
63.47226,0.109677,0.048985,0.108036,0.048252
63.47799,0.109533,0.048911,0.107885,0.048175
63.48372,0.109389,0.048837,0.107734,0.048098
63.48945,0.109244,0.048763,0.107582,0.048021
63.49518,0.109100,0.048688,0.107431,0.047944
63.50091,0.108955,0.048614,0.107279,0.047866
63.50664,0.108810,0.048539,0.107127,0.047789
63.51237,0.108664,0.048465,0.106975,0.047711
63.51810,0.108519,0.048390,0.106822,0.047634
63.52383,0.108373,0.048315,0.106670,0.047556
63.52956,0.108227,0.048241,0.106517,0.047478
63.53529,0.108080,0.048166,0.106363,0.047400
63.54102,0.107934,0.048091,0.106210,0.047323
63.54675,0.107787,0.048015,0.106056,0.047245
63.55248,0.107639,0.047940,0.105902,0.047166
63.55821,0.107492,0.047865,0.105748,0.047088
63.56394,0.107344,0.047790,0.105593,0.047010
63.56967,0.107196,0.047714,0.105439,0.046932
63.57540,0.107048,0.047639,0.105284,0.046853
63.58113,0.106900,0.047563,0.105129,0.046775
63.58686,0.106751,0.047487,0.104973,0.046696
63.59259,0.106602,0.047412,0.104817,0.046618
63.59832,0.106453,0.047336,0.104661,0.046539
63.60404,0.106304,0.047260,0.104505,0.046460
63.60977,0.106154,0.047184,0.104349,0.046381
63.61550,0.106004,0.047108,0.104192,0.046302
63.62123,0.105854,0.047031,0.104035,0.046223
63.62696,0.105704,0.046955,0.103878,0.046144
63.63269,0.105553,0.046879,0.103721,0.046065
63.63842,0.105402,0.046802,0.103563,0.045986
63.64415,0.105251,0.046726,0.103406,0.045906
63.64988,0.105100,0.046649,0.103247,0.045827
63.65561,0.104948,0.046572,0.103089,0.045747
63.66134,0.104796,0.046496,0.102931,0.045668
63.66707,0.104644,0.046419,0.102772,0.045588
63.67280,0.104492,0.046342,0.102613,0.045508
63.67853,0.104339,0.046265,0.102454,0.045429
63.68426,0.104186,0.046188,0.102294,0.045349
63.68999,0.104033,0.046110,0.102135,0.045269
63.69572,0.103880,0.046033,0.101975,0.045189
63.70145,0.103726,0.045956,0.101815,0.045109
63.70718,0.103573,0.045878,0.101654,0.045029
63.71291,0.103419,0.045801,0.101494,0.044948
63.71864,0.103264,0.045723,0.101333,0.044868
63.72437,0.103110,0.045646,0.101172,0.044788
63.73010,0.102955,0.045568,0.101010,0.044707
63.73583,0.102800,0.045490,0.100849,0.044627
63.74155,0.102645,0.045412,0.100687,0.044546
63.74728,0.102490,0.045334,0.100525,0.044465
63.75301,0.102334,0.045256,0.100363,0.044385
63.75874,0.102178,0.045178,0.100201,0.044304
63.76447,0.102022,0.045100,0.100038,0.044223
63.77020,0.101865,0.045022,0.099875,0.044142
63.77593,0.101709,0.044943,0.099712,0.044061
63.78166,0.101552,0.044865,0.099549,0.043980
63.78739,0.101395,0.044786,0.099385,0.043899
63.79312,0.101237,0.044708,0.099222,0.043818
63.79885,0.101080,0.044629,0.099058,0.043736
63.80458,0.100922,0.044550,0.098894,0.043655
63.81031,0.100764,0.044472,0.098729,0.043574
63.81604,0.100606,0.044393,0.098565,0.043492
63.82177,0.100447,0.044314,0.098400,0.043411
63.82750,0.100289,0.044235,0.098235,0.043329
63.83323,0.100130,0.044156,0.098069,0.043247
63.83896,0.099971,0.044077,0.097904,0.043165
63.84469,0.099811,0.043997,0.097738,0.043084
63.85042,0.099651,0.043918,0.097572,0.043002
63.85615,0.099492,0.043839,0.097406,0.042920
63.86188,0.099332,0.043759,0.097240,0.042838
63.86761,0.099171,0.043680,0.097074,0.042756
63.87334,0.099011,0.043600,0.096907,0.042674
63.87906,0.098850,0.043520,0.096740,0.042591
63.88479,0.098689,0.043441,0.096573,0.042509
63.89052,0.098528,0.043361,0.096405,0.042427
63.89625,0.098366,0.043281,0.096238,0.042344
63.90198,0.098205,0.043201,0.096070,0.042262
63.90771,0.098043,0.043121,0.095902,0.042179
63.91344,0.097881,0.043041,0.095734,0.042097
63.91917,0.097718,0.042961,0.095565,0.042014
63.92490,0.097556,0.042880,0.095397,0.041932
63.93063,0.097393,0.042800,0.095228,0.041849
63.93636,0.097230,0.042720,0.095059,0.041766
63.94209,0.097067,0.042639,0.094890,0.041683
63.94782,0.096903,0.042559,0.094720,0.041600
63.95355,0.096739,0.042478,0.094551,0.041517
63.95928,0.096576,0.042398,0.094381,0.041434
63.96501,0.096411,0.042317,0.094211,0.041351
63.97074,0.096247,0.042236,0.094041,0.041268
63.97647,0.096083,0.042155,0.093870,0.041185
63.98220,0.095918,0.042074,0.093700,0.041101
63.98793,0.095753,0.041993,0.093529,0.041018
63.99366,0.095588,0.041912,0.093358,0.040935
63.99939,0.095422,0.041831,0.093187,0.040851
64.00512,0.095257,0.041750,0.093015,0.040768
64.01084,0.095091,0.041669,0.092844,0.040684
64.01657,0.094925,0.041588,0.092672,0.040601
64.02230,0.094758,0.041506,0.092500,0.040517
64.02803,0.094592,0.041425,0.092328,0.040433
64.03376,0.094425,0.041343,0.092155,0.040349
64.03949,0.094258,0.041262,0.091983,0.040266
64.04522,0.094091,0.041180,0.091810,0.040182
64.05095,0.093924,0.041098,0.091637,0.040098
64.05668,0.093756,0.041017,0.091464,0.040014
64.06241,0.093588,0.040935,0.091291,0.039930
64.06814,0.093420,0.040853,0.091117,0.039846
64.07387,0.093252,0.040771,0.090943,0.039762
64.07960,0.093084,0.040689,0.090769,0.039677
64.08533,0.092915,0.040607,0.090595,0.039593
64.09106,0.092746,0.040525,0.090421,0.039509
64.09679,0.092577,0.040443,0.090247,0.039424
64.10252,0.092408,0.040360,0.090072,0.039340
64.10825,0.092239,0.040278,0.089897,0.039256
64.11398,0.092069,0.040196,0.089722,0.039171
64.11971,0.091899,0.040113,0.089547,0.039087
64.12544,0.091729,0.040031,0.089372,0.039002
64.13117,0.091559,0.039948,0.089196,0.038917
64.13690,0.091388,0.039866,0.089020,0.038833
64.14263,0.091218,0.039783,0.088844,0.038748
64.14835,0.091047,0.039700,0.088668,0.038663
64.15408,0.090876,0.039617,0.088492,0.038578
64.15981,0.090704,0.039535,0.088315,0.038493
64.16554,0.090533,0.039452,0.088139,0.038408
64.17127,0.090361,0.039369,0.087962,0.038323
64.17700,0.090189,0.039286,0.087785,0.038238
64.18273,0.090017,0.039203,0.087608,0.038153
64.18846,0.089845,0.039120,0.087430,0.038068
64.19419,0.089672,0.039036,0.087253,0.037983
64.19992,0.089500,0.038953,0.087075,0.037898
64.20565,0.089327,0.038870,0.086897,0.037813
64.21138,0.089154,0.038786,0.086719,0.037727
64.21711,0.088980,0.038703,0.086541,0.037642
64.22284,0.088807,0.038620,0.086363,0.037557
64.22857,0.088633,0.038536,0.086184,0.037471
64.23430,0.088459,0.038452,0.086005,0.037386
64.24003,0.088285,0.038369,0.085826,0.037300
64.24576,0.088111,0.038285,0.085647,0.037215
64.25149,0.087936,0.038201,0.085468,0.037129
64.25722,0.087762,0.038118,0.085289,0.037044
64.26295,0.087587,0.038034,0.085109,0.036958
64.26868,0.087412,0.037950,0.084929,0.036872
64.27441,0.087236,0.037866,0.084749,0.036786
64.28014,0.087061,0.037782,0.084569,0.036701
64.28586,0.086885,0.037698,0.084389,0.036615
64.29159,0.086709,0.037614,0.084209,0.036529
64.29732,0.086533,0.037530,0.084028,0.036443
64.30305,0.086357,0.037445,0.083847,0.036357
64.30878,0.086181,0.037361,0.083666,0.036271
64.31451,0.086004,0.037277,0.083485,0.036185
64.32024,0.085827,0.037192,0.083304,0.036099
64.32597,0.085650,0.037108,0.083123,0.036013
64.33170,0.085473,0.037024,0.082941,0.035927
64.33743,0.085296,0.036939,0.082760,0.035841
64.34316,0.085118,0.036854,0.082578,0.035754
64.34889,0.084940,0.036770,0.082396,0.035668
64.35462,0.084762,0.036685,0.082213,0.035582
64.36035,0.084584,0.036600,0.082031,0.035496
64.36608,0.084406,0.036516,0.081849,0.035409
64.37181,0.084227,0.036431,0.081666,0.035323
64.37754,0.084049,0.036346,0.081483,0.035237
64.38327,0.083870,0.036261,0.081300,0.035150
64.38900,0.083691,0.036176,0.081117,0.035064
64.39473,0.083512,0.036091,0.080934,0.034977
64.40046,0.083332,0.036006,0.080750,0.034891
64.40619,0.083153,0.035921,0.080567,0.034804
64.41192,0.082973,0.035836,0.080383,0.034717
64.41764,0.082793,0.035751,0.080199,0.034631
64.42337,0.082613,0.035665,0.080015,0.034544
64.42910,0.082432,0.035580,0.079831,0.034457
64.43483,0.082252,0.035495,0.079647,0.034371
64.44056,0.082071,0.035409,0.079462,0.034284
64.44629,0.081890,0.035324,0.079278,0.034197
64.45202,0.081709,0.035238,0.079093,0.034110
64.45775,0.081528,0.035153,0.078908,0.034023
64.46348,0.081347,0.035067,0.078723,0.033936
64.46921,0.081165,0.034982,0.078538,0.033850
64.47494,0.080983,0.034896,0.078353,0.033763
64.48067,0.080801,0.034810,0.078167,0.033676
64.48640,0.080619,0.034725,0.077982,0.033589
64.49213,0.080437,0.034639,0.077796,0.033502
64.49786,0.080255,0.034553,0.077610,0.033415
64.50359,0.080072,0.034467,0.077424,0.033327
64.50932,0.079889,0.034381,0.077238,0.033240
64.51505,0.079706,0.034295,0.077051,0.033153
64.52078,0.079523,0.034209,0.076865,0.033066
64.52651,0.079340,0.034123,0.076678,0.032979
64.53224,0.079156,0.034037,0.076492,0.032892
64.53797,0.078973,0.033951,0.076305,0.032804
64.54370,0.078789,0.033865,0.076118,0.032717
64.54943,0.078605,0.033779,0.075931,0.032630
64.55515,0.078421,0.033693,0.075743,0.032543
64.56088,0.078236,0.033606,0.075556,0.032455
64.56661,0.078052,0.033520,0.075368,0.032368
64.57234,0.077867,0.033434,0.075181,0.032280
64.57807,0.077682,0.033347,0.074993,0.032193
64.58380,0.077497,0.033261,0.074805,0.032106
64.58953,0.077312,0.033175,0.074617,0.032018
64.59526,0.077127,0.033088,0.074429,0.031931
64.60099,0.076941,0.033002,0.074241,0.031843
64.60672,0.076755,0.032915,0.074052,0.031756
64.61245,0.076570,0.032828,0.073864,0.031668
64.61818,0.076384,0.032742,0.073675,0.031581
64.62391,0.076197,0.032655,0.073486,0.031493
64.62964,0.076011,0.032568,0.073297,0.031405
64.63537,0.075825,0.032482,0.073108,0.031318
64.64110,0.075638,0.032395,0.072919,0.031230
64.64683,0.075451,0.032308,0.072729,0.031143
64.65256,0.075264,0.032221,0.072540,0.031055
64.65829,0.075077,0.032134,0.072350,0.030967
64.66402,0.074890,0.032047,0.072161,0.030879
64.66975,0.074702,0.031960,0.071971,0.030792
64.67548,0.074515,0.031873,0.071781,0.030704
64.68121,0.074327,0.031786,0.071591,0.030616
64.68694,0.074139,0.031699,0.071401,0.030528
64.69266,0.073951,0.031612,0.071211,0.030441
64.69839,0.073763,0.031525,0.071020,0.030353
64.70412,0.073574,0.031438,0.070830,0.030265
64.70985,0.073386,0.031351,0.070639,0.030177
64.71558,0.073197,0.031263,0.070448,0.030089
64.72131,0.073008,0.031176,0.070257,0.030001
64.72704,0.072819,0.031089,0.070066,0.029914
64.73277,0.072630,0.031001,0.069875,0.029826
64.73850,0.072441,0.030914,0.069684,0.029738
64.74423,0.072251,0.030827,0.069493,0.029650
64.74996,0.072061,0.030739,0.069301,0.029562
64.75569,0.071872,0.030652,0.069110,0.029474
64.76142,0.071682,0.030564,0.068918,0.029386
64.76715,0.071492,0.030477,0.068727,0.029298
64.77288,0.071301,0.030389,0.068535,0.029210
64.77861,0.071111,0.030302,0.068343,0.029122
64.78434,0.070921,0.030214,0.068151,0.029034
64.79007,0.070730,0.030126,0.067958,0.028946
64.79580,0.070539,0.030039,0.067766,0.028858
64.80153,0.070348,0.029951,0.067574,0.028770
64.80726,0.070157,0.029863,0.067381,0.028682
64.81299,0.069966,0.029776,0.067189,0.028594
64.81872,0.069774,0.029688,0.066996,0.028506
64.82444,0.069583,0.029600,0.066803,0.028418
64.83017,0.069391,0.029512,0.066610,0.028330
64.83590,0.069199,0.029424,0.066417,0.028241
64.84163,0.069007,0.029336,0.066224,0.028153
64.84736,0.068815,0.029249,0.066031,0.028065
64.85309,0.068623,0.029161,0.065838,0.027977
64.85882,0.068430,0.029073,0.065644,0.027889
64.86455,0.068238,0.028985,0.065451,0.027801
64.87028,0.068045,0.028897,0.065257,0.027713
64.87601,0.067852,0.028809,0.065063,0.027625
64.88174,0.067659,0.028721,0.064870,0.027536
64.88747,0.067466,0.028633,0.064676,0.027448
64.89320,0.067273,0.028544,0.064482,0.027360
64.89893,0.067080,0.028456,0.064288,0.027272
64.90466,0.066886,0.028368,0.064094,0.027184
64.91039,0.066692,0.028280,0.063899,0.027096
64.91612,0.066499,0.028192,0.063705,0.027007
64.92185,0.066305,0.028104,0.063510,0.026919
64.92758,0.066111,0.028015,0.063316,0.026831
64.93331,0.065916,0.027927,0.063121,0.026743
64.93904,0.065722,0.027839,0.062927,0.026655
64.94477,0.065528,0.027750,0.062732,0.026566
64.95050,0.065333,0.027662,0.062537,0.026478
64.95623,0.065138,0.027574,0.062342,0.026390
64.96195,0.064943,0.027485,0.062147,0.026302
64.96768,0.064748,0.027397,0.061952,0.026214
64.97341,0.064553,0.027309,0.061756,0.026125
64.97914,0.064358,0.027220,0.061561,0.026037
64.98487,0.064163,0.027132,0.061366,0.025949
64.99060,0.063967,0.027043,0.061170,0.025861
64.99633,0.063771,0.026955,0.060975,0.025773
65.00206,0.063576,0.026866,0.060779,0.025684
65.00779,0.063380,0.026778,0.060583,0.025596
65.01352,0.063184,0.026689,0.060388,0.025508
65.01925,0.062987,0.026600,0.060192,0.025420
65.02498,0.062791,0.026512,0.059996,0.025332
65.03071,0.062595,0.026423,0.059800,0.025243
65.03644,0.062398,0.026335,0.059604,0.025155
65.04217,0.062202,0.026246,0.059407,0.025067
65.04790,0.062005,0.026157,0.059211,0.024979
65.05363,0.061808,0.026069,0.059015,0.024891
65.05936,0.061611,0.025980,0.058818,0.024802
65.06509,0.061414,0.025891,0.058622,0.024714
65.07082,0.061216,0.025803,0.058425,0.024626
65.07655,0.061019,0.025714,0.058229,0.024538
65.08228,0.060821,0.025625,0.058032,0.024450
65.08801,0.060624,0.025536,0.057835,0.024362
65.09374,0.060426,0.025447,0.057638,0.024273
65.09946,0.060228,0.025359,0.057441,0.024185
65.10519,0.060030,0.025270,0.057244,0.024097
65.11092,0.059832,0.025181,0.057047,0.024009
65.11665,0.059634,0.025092,0.056850,0.023921
65.12238,0.059435,0.025003,0.056653,0.023833
65.12811,0.059237,0.024914,0.056456,0.023745
65.13384,0.059038,0.024826,0.056258,0.023657
65.13957,0.058840,0.024737,0.056061,0.023568
65.14530,0.058641,0.024648,0.055863,0.023480
65.15103,0.058442,0.024559,0.055666,0.023392
65.15676,0.058243,0.024470,0.055468,0.023304
65.16249,0.058044,0.024381,0.055271,0.023216
65.16822,0.057844,0.024292,0.055073,0.023128
65.17395,0.057645,0.024203,0.054875,0.023040
65.17968,0.057445,0.024114,0.054677,0.022952
65.18541,0.057246,0.024025,0.054479,0.022864
65.19114,0.057046,0.023936,0.054281,0.022776
65.19687,0.056846,0.023847,0.054083,0.022688
65.20260,0.056646,0.023758,0.053885,0.022600
65.20833,0.056446,0.023669,0.053687,0.022512
65.21406,0.056246,0.023580,0.053489,0.022424
65.21979,0.056046,0.023491,0.053291,0.022336
65.22552,0.055846,0.023402,0.053092,0.022248
65.23124,0.055645,0.023313,0.052894,0.022160
65.23697,0.055445,0.023224,0.052696,0.022072
65.24270,0.055244,0.023135,0.052497,0.021985
65.24843,0.055043,0.023046,0.052299,0.021897
65.25416,0.054842,0.022957,0.052100,0.021809
65.25989,0.054641,0.022867,0.051902,0.021721
65.26562,0.054440,0.022778,0.051703,0.021633
65.27135,0.054239,0.022689,0.051504,0.021545
65.27708,0.054038,0.022600,0.051305,0.021457
65.28281,0.053836,0.022511,0.051107,0.021370
65.28854,0.053635,0.022422,0.050908,0.021282
65.29427,0.053433,0.022333,0.050709,0.021194
65.30000,0.053231,0.022244,0.050510,0.021106
65.30573,0.053029,0.022154,0.050311,0.021019
65.31146,0.052828,0.022065,0.050112,0.020931
65.31719,0.052626,0.021976,0.049913,0.020843
65.32292,0.052423,0.021887,0.049714,0.020756
65.32865,0.052221,0.021798,0.049514,0.020668
65.33438,0.052019,0.021709,0.049315,0.020580
65.34011,0.051817,0.021619,0.049116,0.020493
65.34584,0.051614,0.021530,0.048917,0.020405
65.35157,0.051411,0.021441,0.048717,0.020318
65.35730,0.051209,0.021352,0.048518,0.020230
65.36303,0.051006,0.021263,0.048318,0.020142
65.36875,0.050803,0.021174,0.048119,0.020055
65.37448,0.050600,0.021084,0.047920,0.019967
65.38021,0.050397,0.020995,0.047720,0.019880
65.38594,0.050194,0.020906,0.047520,0.019792
65.39167,0.049991,0.020817,0.047321,0.019705
65.39740,0.049787,0.020728,0.047121,0.019618
65.40313,0.049584,0.020638,0.046922,0.019530
65.40886,0.049381,0.020549,0.046722,0.019443
65.41459,0.049177,0.020460,0.046522,0.019355
65.42032,0.048973,0.020371,0.046322,0.019268
65.42605,0.048770,0.020282,0.046122,0.019181
65.43178,0.048566,0.020192,0.045923,0.019094
65.43751,0.048362,0.020103,0.045723,0.019006
65.44324,0.048158,0.020014,0.045523,0.018919
65.44897,0.047954,0.019925,0.045323,0.018832
65.45470,0.047749,0.019836,0.045123,0.018745
65.46043,0.047545,0.019747,0.044923,0.018658
65.46616,0.047341,0.019657,0.044723,0.018570
65.47189,0.047136,0.019568,0.044523,0.018483
65.47762,0.046932,0.019479,0.044323,0.018396
65.48335,0.046727,0.019390,0.044123,0.018309
65.48908,0.046522,0.019301,0.043923,0.018222
65.49481,0.046318,0.019211,0.043723,0.018135
65.50054,0.046113,0.019122,0.043522,0.018048
65.50626,0.045908,0.019033,0.043322,0.017961
65.51199,0.045703,0.018944,0.043122,0.017874
65.51772,0.045498,0.018855,0.042922,0.017787
65.52345,0.045293,0.018766,0.042722,0.017700
65.52918,0.045087,0.018677,0.042521,0.017614
65.53491,0.044882,0.018587,0.042321,0.017527
65.54064,0.044677,0.018498,0.042121,0.017440
65.54637,0.044471,0.018409,0.041921,0.017353
65.55210,0.044266,0.018320,0.041720,0.017267
65.55783,0.044060,0.018231,0.041520,0.017180
65.56356,0.043854,0.018142,0.041319,0.017093
65.56929,0.043649,0.018053,0.041119,0.017007
65.57502,0.043443,0.017964,0.040919,0.016920
65.58075,0.043237,0.017875,0.040718,0.016833
65.58648,0.043031,0.017785,0.040518,0.016747
65.59221,0.042825,0.017696,0.040317,0.016660
65.59794,0.042619,0.017607,0.040117,0.016574
65.60367,0.042412,0.017518,0.039917,0.016487
65.60940,0.042206,0.017429,0.039716,0.016401
65.61513,0.042000,0.017340,0.039516,0.016315
65.62086,0.041793,0.017251,0.039315,0.016228
65.62659,0.041587,0.017162,0.039115,0.016142
65.63232,0.041380,0.017073,0.038914,0.016056
65.63805,0.041174,0.016984,0.038714,0.015969
65.64377,0.040967,0.016895,0.038513,0.015883
65.64950,0.040760,0.016806,0.038313,0.015797
65.65523,0.040553,0.016717,0.038112,0.015711
65.66096,0.040347,0.016628,0.037912,0.015625
65.66669,0.040140,0.016539,0.037711,0.015539
65.67242,0.039933,0.016450,0.037511,0.015453
65.67815,0.039726,0.016361,0.037310,0.015367
65.68388,0.039518,0.016273,0.037110,0.015281
65.68961,0.039311,0.016184,0.036909,0.015195
65.69534,0.039104,0.016095,0.036708,0.015109
65.70107,0.038897,0.016006,0.036508,0.015023
65.70680,0.038689,0.015917,0.036307,0.014937
65.71253,0.038482,0.015828,0.036107,0.014851
65.71826,0.038274,0.015739,0.035906,0.014766
65.72399,0.038067,0.015651,0.035706,0.014680
65.72972,0.037859,0.015562,0.035505,0.014594
65.73545,0.037652,0.015473,0.035305,0.014509
65.74118,0.037444,0.015384,0.035104,0.014423
65.74691,0.037236,0.015295,0.034904,0.014337
65.75264,0.037028,0.015207,0.034703,0.014252
65.75837,0.036820,0.015118,0.034503,0.014166
65.76410,0.036612,0.015029,0.034302,0.014081
65.76983,0.036404,0.014941,0.034102,0.013996
65.77555,0.036196,0.014852,0.033901,0.013910
65.78128,0.035988,0.014763,0.033701,0.013825
65.78701,0.035780,0.014675,0.033500,0.013740
65.79274,0.035572,0.014586,0.033300,0.013654
65.79847,0.035364,0.014497,0.033100,0.013569
65.80420,0.035155,0.014409,0.032899,0.013484
65.80993,0.034947,0.014320,0.032699,0.013399
65.81566,0.034739,0.014232,0.032498,0.013314
65.82139,0.034530,0.014143,0.032298,0.013229
65.82712,0.034322,0.014054,0.032098,0.013144
65.83285,0.034113,0.013966,0.031897,0.013059
65.83858,0.033905,0.013877,0.031697,0.012974
65.84431,0.033696,0.013789,0.031497,0.012889
65.85004,0.033487,0.013701,0.031296,0.012804
65.85577,0.033279,0.013612,0.031096,0.012719
65.86150,0.033070,0.013524,0.030896,0.012635
65.86723,0.032861,0.013435,0.030696,0.012550
65.87296,0.032652,0.013347,0.030495,0.012465
65.87869,0.032443,0.013259,0.030295,0.012381
65.88442,0.032234,0.013170,0.030095,0.012296
65.89015,0.032025,0.013082,0.029895,0.012212
65.89588,0.031816,0.012994,0.029695,0.012127
65.90161,0.031607,0.012905,0.029495,0.012043
65.90734,0.031398,0.012817,0.029295,0.011958
65.91306,0.031189,0.012729,0.029095,0.011874
65.91879,0.030980,0.012641,0.028895,0.011790
65.92452,0.030770,0.012553,0.028695,0.011706
65.93025,0.030561,0.012464,0.028495,0.011621
65.93598,0.030352,0.012376,0.028295,0.011537
65.94171,0.030143,0.012288,0.028095,0.011453
65.94744,0.029933,0.012200,0.027895,0.011369
65.95317,0.029724,0.012112,0.027695,0.011285
65.95890,0.029514,0.012024,0.027495,0.011201
65.96463,0.029305,0.011936,0.027295,0.011117
65.97036,0.029095,0.011848,0.027096,0.011034
65.97609,0.028886,0.011760,0.026896,0.010950
65.98182,0.028676,0.011672,0.026696,0.010866
65.98755,0.028467,0.011584,0.026496,0.010782
65.99328,0.028257,0.011496,0.026297,0.010699
65.99901,0.028047,0.011408,0.026097,0.010615
66.00474,0.027838,0.011320,0.025898,0.010532
66.01047,0.027628,0.011233,0.025698,0.010448
66.01620,0.027418,0.011145,0.025499,0.010365
66.02193,0.027208,0.011057,0.025299,0.010281
66.02766,0.026999,0.010969,0.025100,0.010198
66.03339,0.026789,0.010882,0.024900,0.010115
66.03912,0.026579,0.010794,0.024701,0.010031
66.04485,0.026369,0.010706,0.024502,0.009948
66.05057,0.026159,0.010619,0.024302,0.009865
66.05630,0.025949,0.010531,0.024103,0.009782
66.06203,0.025739,0.010444,0.023904,0.009699
66.06776,0.025529,0.010356,0.023705,0.009616
66.07349,0.025319,0.010269,0.023506,0.009533
66.07922,0.025109,0.010181,0.023307,0.009450
66.08495,0.024899,0.010094,0.023108,0.009367
66.09068,0.024689,0.010006,0.022909,0.009285
66.09641,0.024479,0.009919,0.022710,0.009202
66.10214,0.024269,0.009831,0.022511,0.009119
66.10787,0.024059,0.009744,0.022312,0.009037
66.11360,0.023848,0.009657,0.022113,0.008954
66.11933,0.023638,0.009570,0.021915,0.008872
66.12506,0.023428,0.009482,0.021716,0.008789
66.13079,0.023218,0.009395,0.021517,0.008707
66.13652,0.023008,0.009308,0.021319,0.008625
66.14225,0.022797,0.009221,0.021120,0.008542
66.14798,0.022587,0.009134,0.020922,0.008460
66.15371,0.022377,0.009047,0.020723,0.008378
66.15944,0.022167,0.008960,0.020525,0.008296
66.16517,0.021956,0.008873,0.020326,0.008214
66.17090,0.021746,0.008786,0.020128,0.008132
66.17663,0.021536,0.008699,0.019930,0.008050
66.18235,0.021325,0.008612,0.019732,0.007968
66.18808,0.021115,0.008525,0.019534,0.007886
66.19381,0.020904,0.008438,0.019336,0.007805
66.19954,0.020694,0.008351,0.019138,0.007723
66.20527,0.020484,0.008264,0.018940,0.007641
66.21100,0.020273,0.008178,0.018742,0.007560
66.21673,0.020063,0.008091,0.018544,0.007478
66.22246,0.019852,0.008004,0.018346,0.007397
66.22819,0.019642,0.007918,0.018149,0.007316
66.23392,0.019432,0.007831,0.017951,0.007234
66.23965,0.019221,0.007744,0.017753,0.007153
66.24538,0.019011,0.007658,0.017556,0.007072
66.25111,0.018800,0.007571,0.017358,0.006991
66.25684,0.018590,0.007485,0.017161,0.006910
66.26257,0.018379,0.007399,0.016964,0.006829
66.26830,0.018169,0.007312,0.016766,0.006748
66.27403,0.017958,0.007226,0.016569,0.006667
66.27976,0.017748,0.007139,0.016372,0.006586
66.28549,0.017537,0.007053,0.016175,0.006505
66.29122,0.017327,0.006967,0.015978,0.006424
66.29695,0.017117,0.006881,0.015781,0.006344
66.30268,0.016906,0.006795,0.015584,0.006263
66.30841,0.016696,0.006708,0.015387,0.006183
66.31414,0.016485,0.006622,0.015190,0.006102
66.31986,0.016275,0.006536,0.014994,0.006022
66.32559,0.016064,0.006450,0.014797,0.005942
66.33132,0.015854,0.006364,0.014601,0.005861
66.33705,0.015643,0.006278,0.014404,0.005781
66.34278,0.015433,0.006193,0.014208,0.005701
66.34851,0.015222,0.006107,0.014012,0.005621
66.35424,0.015012,0.006021,0.013815,0.005541
66.35997,0.014801,0.005935,0.013619,0.005461
66.36570,0.014591,0.005849,0.013423,0.005381
66.37143,0.014381,0.005764,0.013227,0.005301
66.37716,0.014170,0.005678,0.013031,0.005222
66.38289,0.013960,0.005593,0.012835,0.005142
66.38862,0.013749,0.005507,0.012639,0.005062
66.39435,0.013539,0.005421,0.012444,0.004983
66.40008,0.013328,0.005336,0.012248,0.004903
66.40581,0.013118,0.005251,0.012053,0.004824
66.41154,0.012908,0.005165,0.011857,0.004745
66.41727,0.012697,0.005080,0.011662,0.004666
66.42300,0.012487,0.004995,0.011466,0.004586
66.42873,0.012277,0.004909,0.011271,0.004507
66.43446,0.012066,0.004824,0.011076,0.004428
66.44019,0.011856,0.004739,0.010881,0.004349
66.44592,0.011646,0.004654,0.010686,0.004270
66.45165,0.011435,0.004569,0.010491,0.004191
66.45737,0.011225,0.004484,0.010296,0.004113
66.46310,0.011015,0.004399,0.010101,0.004034
66.46883,0.010805,0.004314,0.009907,0.003955
66.47456,0.010595,0.004229,0.009712,0.003877
66.48029,0.010384,0.004144,0.009518,0.003798
66.48602,0.010174,0.004059,0.009323,0.003720
66.49175,0.009964,0.003974,0.009129,0.003641
66.49748,0.009754,0.003890,0.008935,0.003563
66.50321,0.009544,0.003805,0.008741,0.003485
66.50894,0.009334,0.003720,0.008547,0.003407
66.51467,0.009124,0.003636,0.008353,0.003329
66.52040,0.008913,0.003551,0.008159,0.003251
66.52613,0.008703,0.003467,0.007965,0.003173
66.53186,0.008493,0.003382,0.007772,0.003095
66.53759,0.008283,0.003298,0.007578,0.003017
66.54332,0.008073,0.003214,0.007385,0.002939
66.54905,0.007864,0.003129,0.007191,0.002862
66.55478,0.007654,0.003045,0.006998,0.002784
66.56051,0.007444,0.002961,0.006805,0.002707
66.56624,0.007234,0.002877,0.006612,0.002629
66.57197,0.007024,0.002793,0.006419,0.002552
66.57770,0.006814,0.002709,0.006226,0.002475
66.58343,0.006604,0.002625,0.006033,0.002398
66.58915,0.006395,0.002541,0.005840,0.002320
66.59488,0.006185,0.002457,0.005648,0.002243
66.60061,0.005975,0.002373,0.005455,0.002166
66.60634,0.005766,0.002289,0.005263,0.002089
66.61207,0.005556,0.002205,0.005070,0.002013
66.61780,0.005346,0.002122,0.004878,0.001936
66.62353,0.005137,0.002038,0.004686,0.001859
66.62926,0.004927,0.001955,0.004494,0.001783
66.63499,0.004718,0.001871,0.004302,0.001706
66.64072,0.004508,0.001787,0.004110,0.001630
66.64645,0.004299,0.001704,0.003919,0.001553
66.65218,0.004089,0.001621,0.003727,0.001477
66.65791,0.003880,0.001537,0.003535,0.001401
66.66364,0.003671,0.001454,0.003344,0.001325
66.66937,0.003461,0.001371,0.003153,0.001249
66.67510,0.003252,0.001288,0.002962,0.001173
66.68083,0.003043,0.001205,0.002771,0.001097
66.68656,0.002834,0.001121,0.002580,0.001021
66.69229,0.002625,0.001038,0.002389,0.000945
66.69802,0.002415,0.000956,0.002198,0.000869
66.70375,0.002206,0.000873,0.002007,0.000794
66.70948,0.001997,0.000790,0.001817,0.000718
66.71521,0.001788,0.000707,0.001626,0.000643
66.72094,0.001579,0.000624,0.001436,0.000568
66.72666,0.001371,0.000542,0.001246,0.000492
66.73239,0.001162,0.000459,0.001056,0.000417
66.73812,0.000953,0.000376,0.000866,0.000342
66.74385,0.000744,0.000294,0.000676,0.000267
66.74958,0.000535,0.000211,0.000486,0.000192
66.75531,0.000327,0.000129,0.000297,0.000117
66.76104,0.000118,0.000047,0.000107,0.000042
66.76677,0.000091,0.000036,0.000082,0.000032
66.77250,0.000299,0.000118,0.000271,0.000107
66.77823,0.000508,0.000200,0.000461,0.000182
66.78396,0.000716,0.000282,0.000650,0.000256
66.78969,0.000924,0.000364,0.000839,0.000330
66.79542,0.001133,0.000446,0.001027,0.000405
66.80115,0.001341,0.000528,0.001216,0.000479
66.80688,0.001549,0.000610,0.001405,0.000553
66.81261,0.001758,0.000692,0.001593,0.000627
66.81834,0.001966,0.000774,0.001781,0.000701
66.82407,0.002174,0.000855,0.001970,0.000775
66.82980,0.002382,0.000937,0.002158,0.000849
66.83553,0.002590,0.001019,0.002346,0.000923
66.84126,0.002798,0.001100,0.002533,0.000996
66.84699,0.003006,0.001182,0.002721,0.001070
66.85272,0.003213,0.001263,0.002909,0.001143
66.85845,0.003421,0.001345,0.003096,0.001217
66.86417,0.003629,0.001426,0.003283,0.001290
66.86990,0.003837,0.001507,0.003471,0.001363
66.87563,0.004044,0.001588,0.003658,0.001437
66.88136,0.004252,0.001669,0.003845,0.001510
66.88709,0.004459,0.001750,0.004032,0.001583
66.89282,0.004667,0.001831,0.004218,0.001655
66.89855,0.004874,0.001912,0.004405,0.001728
66.90428,0.005081,0.001993,0.004591,0.001801
66.91001,0.005289,0.002074,0.004778,0.001874
66.91574,0.005496,0.002155,0.004964,0.001946
66.92147,0.005703,0.002236,0.005150,0.002019
66.92720,0.005910,0.002316,0.005336,0.002091
66.93293,0.006117,0.002397,0.005522,0.002163
66.93866,0.006324,0.002477,0.005707,0.002236
66.94439,0.006531,0.002558,0.005893,0.002308
66.95012,0.006738,0.002638,0.006078,0.002380
66.95585,0.006944,0.002718,0.006263,0.002452
66.96158,0.007151,0.002799,0.006448,0.002524
66.96731,0.007358,0.002879,0.006633,0.002595
66.97304,0.007564,0.002959,0.006818,0.002667
66.97877,0.007771,0.003039,0.007003,0.002739
66.98450,0.007977,0.003119,0.007188,0.002810
66.99023,0.008184,0.003199,0.007372,0.002882
66.99595,0.008390,0.003279,0.007556,0.002953
67.00168,0.008596,0.003359,0.007740,0.003024
67.00741,0.008802,0.003438,0.007924,0.003095
67.01314,0.009008,0.003518,0.008108,0.003166
67.01887,0.009214,0.003597,0.008292,0.003237
67.02460,0.009420,0.003677,0.008476,0.003308
67.03033,0.009626,0.003756,0.008659,0.003379
67.03606,0.009832,0.003836,0.008842,0.003450
67.04179,0.010038,0.003915,0.009026,0.003521
67.04752,0.010243,0.003995,0.009209,0.003591
67.05325,0.010449,0.004074,0.009392,0.003662
67.05898,0.010654,0.004153,0.009574,0.003732
67.06471,0.010860,0.004232,0.009757,0.003802
67.07044,0.011065,0.004311,0.009939,0.003872
67.07617,0.011270,0.004390,0.010122,0.003942
67.08190,0.011475,0.004469,0.010304,0.004012
67.08763,0.011681,0.004547,0.010486,0.004082
67.09336,0.011886,0.004626,0.010668,0.004152
67.09909,0.012090,0.004705,0.010849,0.004222
67.10482,0.012295,0.004783,0.011031,0.004292
67.11055,0.012500,0.004862,0.011212,0.004361
67.11628,0.012705,0.004940,0.011394,0.004431
67.12201,0.012909,0.005019,0.011575,0.004500
67.12774,0.013114,0.005097,0.011756,0.004569
67.13346,0.013319,0.005175,0.011937,0.004638
67.13919,0.013523,0.005254,0.012117,0.004707
67.14492,0.013727,0.005332,0.012298,0.004776
67.15065,0.013931,0.005410,0.012478,0.004845
67.15638,0.014136,0.005488,0.012658,0.004914
67.16211,0.014340,0.005566,0.012838,0.004983
67.16784,0.014544,0.005643,0.013018,0.005052
67.17357,0.014747,0.005721,0.013198,0.005120
67.17930,0.014951,0.005799,0.013378,0.005189
67.18503,0.015155,0.005876,0.013557,0.005257
67.19076,0.015359,0.005954,0.013736,0.005325
67.19649,0.015562,0.006031,0.013916,0.005393
67.20222,0.015765,0.006109,0.014095,0.005461
67.20795,0.015969,0.006186,0.014273,0.005529
67.21368,0.016172,0.006263,0.014452,0.005597
67.21941,0.016375,0.006341,0.014631,0.005665
67.22514,0.016578,0.006418,0.014809,0.005733
67.23087,0.016781,0.006495,0.014987,0.005800
67.23660,0.016984,0.006572,0.015165,0.005868
67.24233,0.017187,0.006649,0.015343,0.005935
67.24806,0.017390,0.006725,0.015521,0.006003
67.25379,0.017592,0.006802,0.015698,0.006070
67.25952,0.017795,0.006879,0.015876,0.006137
67.26525,0.017997,0.006955,0.016053,0.006204
67.27097,0.018200,0.007032,0.016230,0.006271
67.27670,0.018402,0.007108,0.016407,0.006338
67.28243,0.018604,0.007185,0.016584,0.006404
67.28816,0.018806,0.007261,0.016760,0.006471
67.29389,0.019008,0.007337,0.016936,0.006538
67.29962,0.019210,0.007413,0.017113,0.006604
67.30535,0.019412,0.007489,0.017289,0.006670
67.31108,0.019613,0.007565,0.017465,0.006737
67.31681,0.019815,0.007641,0.017640,0.006803
67.32254,0.020016,0.007717,0.017816,0.006869
67.32827,0.020218,0.007793,0.017991,0.006935
67.33400,0.020419,0.007869,0.018167,0.007001
67.33973,0.020620,0.007944,0.018342,0.007066
67.34546,0.020821,0.008020,0.018517,0.007132
67.35119,0.021022,0.008095,0.018691,0.007198
67.35692,0.021223,0.008171,0.018866,0.007263
67.36265,0.021423,0.008246,0.019040,0.007329
67.36838,0.021624,0.008321,0.019214,0.007394
67.37411,0.021825,0.008396,0.019389,0.007459
67.37984,0.022025,0.008471,0.019562,0.007524
67.38557,0.022225,0.008546,0.019736,0.007589
67.39130,0.022426,0.008621,0.019910,0.007654
67.39703,0.022626,0.008696,0.020083,0.007719
67.40276,0.022826,0.008771,0.020256,0.007783
67.40848,0.023025,0.008845,0.020429,0.007848
67.41421,0.023225,0.008920,0.020602,0.007913
67.41994,0.023425,0.008995,0.020775,0.007977
67.42567,0.023624,0.009069,0.020947,0.008041
67.43140,0.023824,0.009143,0.021119,0.008105
67.43713,0.024023,0.009218,0.021292,0.008169
67.44286,0.024222,0.009292,0.021463,0.008233
67.44859,0.024422,0.009366,0.021635,0.008297
67.45432,0.024621,0.009440,0.021807,0.008361
67.46005,0.024819,0.009514,0.021978,0.008425
67.46578,0.025018,0.009588,0.022149,0.008488
67.47151,0.025217,0.009662,0.022320,0.008552
67.47724,0.025415,0.009735,0.022491,0.008615
67.48297,0.025614,0.009809,0.022662,0.008679
67.48870,0.025812,0.009883,0.022833,0.008742
67.49443,0.026010,0.009956,0.023003,0.008805
67.50016,0.026208,0.010029,0.023173,0.008868
67.50589,0.026406,0.010103,0.023343,0.008931
67.51162,0.026604,0.010176,0.023513,0.008994
67.51735,0.026802,0.010249,0.023682,0.009056
67.52308,0.026999,0.010322,0.023852,0.009119
67.52881,0.027197,0.010395,0.024021,0.009181
67.53454,0.027394,0.010468,0.024190,0.009244
67.54026,0.027591,0.010541,0.024359,0.009306
67.54599,0.027789,0.010614,0.024528,0.009368
67.55172,0.027986,0.010686,0.024696,0.009430
67.55745,0.028182,0.010759,0.024864,0.009492
67.56318,0.028379,0.010831,0.025032,0.009554
67.56891,0.028576,0.010904,0.025200,0.009616
67.57464,0.028772,0.010976,0.025368,0.009677
67.58037,0.028969,0.011048,0.025536,0.009739
67.58610,0.029165,0.011120,0.025703,0.009800
67.59183,0.029361,0.011193,0.025870,0.009862
67.59756,0.029557,0.011264,0.026037,0.009923
67.60329,0.029753,0.011336,0.026204,0.009984
67.60902,0.029949,0.011408,0.026371,0.010045
67.61475,0.030144,0.011480,0.026537,0.010106
67.62048,0.030340,0.011552,0.026703,0.010167
67.62621,0.030535,0.011623,0.026869,0.010228
67.63194,0.030730,0.011695,0.027035,0.010288
67.63767,0.030925,0.011766,0.027201,0.010349
67.64340,0.031120,0.011837,0.027366,0.010409
67.64913,0.031315,0.011909,0.027531,0.010470
67.65486,0.031510,0.011980,0.027696,0.010530
67.66059,0.031705,0.012051,0.027861,0.010590
67.66632,0.031899,0.012122,0.028026,0.010650
67.67205,0.032093,0.012193,0.028190,0.010710
67.67777,0.032288,0.012263,0.028355,0.010770
67.68350,0.032482,0.012334,0.028519,0.010829
67.68923,0.032675,0.012405,0.028683,0.010889
67.69496,0.032869,0.012475,0.028846,0.010948
67.70069,0.033063,0.012546,0.029010,0.011008
67.70642,0.033256,0.012616,0.029173,0.011067
67.71215,0.033450,0.012686,0.029336,0.011126
67.71788,0.033643,0.012756,0.029499,0.011185
67.72361,0.033836,0.012826,0.029662,0.011244
67.72934,0.034029,0.012896,0.029824,0.011303
67.73507,0.034222,0.012966,0.029986,0.011362
67.74080,0.034415,0.013036,0.030149,0.011420
67.74653,0.034607,0.013106,0.030310,0.011479
67.75226,0.034799,0.013175,0.030472,0.011537
67.75799,0.034992,0.013245,0.030634,0.011595
67.76372,0.035184,0.013315,0.030795,0.011654
67.76945,0.035376,0.013384,0.030956,0.011712
67.77518,0.035568,0.013453,0.031117,0.011770
67.78091,0.035759,0.013522,0.031278,0.011828
67.78664,0.035951,0.013591,0.031438,0.011885
67.79237,0.036142,0.013660,0.031598,0.011943
67.79810,0.036334,0.013729,0.031758,0.012001
67.80383,0.036525,0.013798,0.031918,0.012058
67.80956,0.036716,0.013867,0.032078,0.012115
67.81528,0.036906,0.013936,0.032237,0.012173
67.82101,0.037097,0.014004,0.032396,0.012230
67.82674,0.037288,0.014073,0.032556,0.012287
67.83247,0.037478,0.014141,0.032714,0.012344
67.83820,0.037668,0.014209,0.032873,0.012400
67.84393,0.037858,0.014278,0.033031,0.012457
67.84966,0.038048,0.014346,0.033190,0.012514
67.85539,0.038238,0.014414,0.033348,0.012570
67.86112,0.038428,0.014482,0.033505,0.012627
67.86685,0.038617,0.014549,0.033663,0.012683
67.87258,0.038806,0.014617,0.033820,0.012739
67.87831,0.038996,0.014685,0.033977,0.012795
67.88404,0.039185,0.014752,0.034134,0.012851
67.88977,0.039374,0.014820,0.034291,0.012907
67.89550,0.039562,0.014887,0.034448,0.012963
67.90123,0.039751,0.014954,0.034604,0.013018
67.90696,0.039939,0.015022,0.034760,0.013074
67.91269,0.040128,0.015089,0.034916,0.013129
67.91842,0.040316,0.015156,0.035071,0.013184
67.92415,0.040504,0.015223,0.035227,0.013239
67.92988,0.040691,0.015289,0.035382,0.013295
67.93561,0.040879,0.015356,0.035537,0.013349
67.94134,0.041066,0.015423,0.035692,0.013404
67.94706,0.041254,0.015489,0.035847,0.013459
67.95279,0.041441,0.015556,0.036001,0.013514
67.95852,0.041628,0.015622,0.036155,0.013568
67.96425,0.041815,0.015688,0.036309,0.013623
67.96998,0.042002,0.015754,0.036463,0.013677
67.97571,0.042188,0.015820,0.036616,0.013731
67.98144,0.042374,0.015886,0.036769,0.013785
67.98717,0.042561,0.015952,0.036923,0.013839
67.99290,0.042747,0.016018,0.037075,0.013893
67.99863,0.042933,0.016084,0.037228,0.013947
68.00436,0.043118,0.016149,0.037380,0.014000
68.01009,0.043304,0.016215,0.037533,0.014054
68.01582,0.043489,0.016280,0.037685,0.014107
68.02155,0.043674,0.016346,0.037836,0.014161
68.02728,0.043859,0.016411,0.037988,0.014214
68.03301,0.044044,0.016476,0.038139,0.014267
68.03874,0.044229,0.016541,0.038290,0.014320
68.04447,0.044414,0.016606,0.038441,0.014373
68.05020,0.044598,0.016671,0.038592,0.014425
68.05593,0.044782,0.016735,0.038742,0.014478
68.06166,0.044966,0.016800,0.038892,0.014531
68.06739,0.045150,0.016864,0.039042,0.014583
68.07312,0.045334,0.016929,0.039192,0.014635
68.07885,0.045518,0.016993,0.039342,0.014687
68.08457,0.045701,0.017057,0.039491,0.014740
68.09030,0.045884,0.017121,0.039640,0.014791
68.09603,0.046067,0.017185,0.039789,0.014843
68.10176,0.046250,0.017249,0.039937,0.014895
68.10749,0.046433,0.017313,0.040086,0.014947
68.11322,0.046615,0.017377,0.040234,0.014998
68.11895,0.046798,0.017441,0.040382,0.015050
68.12468,0.046980,0.017504,0.040530,0.015101
68.13041,0.047162,0.017568,0.040677,0.015152
68.13614,0.047344,0.017631,0.040824,0.015203
68.14187,0.047525,0.017694,0.040972,0.015254
68.14760,0.047707,0.017757,0.041118,0.015305
68.15333,0.047888,0.017820,0.041265,0.015356
68.15906,0.048069,0.017883,0.041411,0.015406
68.16479,0.048250,0.017946,0.041557,0.015457
68.17052,0.048431,0.018009,0.041703,0.015507
68.17625,0.048612,0.018072,0.041849,0.015557
68.18198,0.048792,0.018134,0.041994,0.015608
68.18771,0.048972,0.018197,0.042140,0.015658
68.19344,0.049153,0.018259,0.042285,0.015708
68.19917,0.049332,0.018321,0.042429,0.015757
68.20490,0.049512,0.018383,0.042574,0.015807
68.21063,0.049692,0.018445,0.042718,0.015857
68.21636,0.049871,0.018507,0.042862,0.015906
68.22208,0.050050,0.018569,0.043006,0.015956
68.22781,0.050229,0.018631,0.043149,0.016005
68.23354,0.050408,0.018693,0.043293,0.016054
68.23927,0.050587,0.018754,0.043436,0.016103
68.24500,0.050765,0.018815,0.043579,0.016152
68.25073,0.050943,0.018877,0.043721,0.016201
68.25646,0.051121,0.018938,0.043864,0.016249
68.26219,0.051299,0.018999,0.044006,0.016298
68.26792,0.051477,0.019060,0.044148,0.016347
68.27365,0.051655,0.019121,0.044290,0.016395
68.27938,0.051832,0.019182,0.044431,0.016443
68.28511,0.052009,0.019243,0.044572,0.016491
68.29084,0.052186,0.019303,0.044713,0.016539
68.29657,0.052363,0.019364,0.044854,0.016587
68.30230,0.052539,0.019424,0.044995,0.016635
68.30803,0.052716,0.019485,0.045135,0.016683
68.31376,0.052892,0.019545,0.045275,0.016730
68.31949,0.053068,0.019605,0.045415,0.016778
68.32522,0.053244,0.019665,0.045554,0.016825
68.33095,0.053419,0.019725,0.045693,0.016872
68.33668,0.053595,0.019785,0.045833,0.016919
68.34241,0.053770,0.019844,0.045971,0.016966
68.34814,0.053945,0.019904,0.046110,0.017013
68.35386,0.054120,0.019963,0.046248,0.017060
68.35959,0.054295,0.020023,0.046386,0.017106
68.36532,0.054469,0.020082,0.046524,0.017153
68.37105,0.054644,0.020141,0.046662,0.017199
68.37678,0.054818,0.020200,0.046799,0.017246
68.38251,0.054992,0.020259,0.046937,0.017292
68.38824,0.055165,0.020318,0.047073,0.017338
68.39397,0.055339,0.020377,0.047210,0.017384
68.39970,0.055512,0.020436,0.047347,0.017430
68.40543,0.055685,0.020494,0.047483,0.017475
68.41116,0.055858,0.020553,0.047619,0.017521
68.41689,0.056031,0.020611,0.047754,0.017566
68.42262,0.056204,0.020669,0.047890,0.017612
68.42835,0.056376,0.020727,0.048025,0.017657
68.43408,0.056548,0.020785,0.048160,0.017702
68.43981,0.056720,0.020843,0.048295,0.017747
68.44554,0.056892,0.020901,0.048429,0.017792
68.45127,0.057063,0.020959,0.048563,0.017837
68.45700,0.057235,0.021016,0.048697,0.017882
68.46273,0.057406,0.021074,0.048831,0.017926
68.46846,0.057577,0.021131,0.048964,0.017971
68.47419,0.057747,0.021189,0.049098,0.018015
68.47992,0.057918,0.021246,0.049231,0.018059
68.48565,0.058088,0.021303,0.049363,0.018103
68.49137,0.058258,0.021360,0.049496,0.018147
68.49710,0.058428,0.021417,0.049628,0.018191
68.50283,0.058598,0.021474,0.049760,0.018235
68.50856,0.058768,0.021530,0.049892,0.018279
68.51429,0.058937,0.021587,0.050023,0.018322
68.52002,0.059106,0.021643,0.050155,0.018365
68.52575,0.059275,0.021700,0.050286,0.018409
68.53148,0.059444,0.021756,0.050416,0.018452
68.53721,0.059612,0.021812,0.050547,0.018495
68.54294,0.059780,0.021868,0.050677,0.018538
68.54867,0.059948,0.021924,0.050807,0.018581
68.55440,0.060116,0.021980,0.050937,0.018623
68.56013,0.060284,0.022035,0.051066,0.018666
68.56586,0.060451,0.022091,0.051196,0.018709
68.57159,0.060619,0.022146,0.051325,0.018751
68.57732,0.060786,0.022202,0.051453,0.018793
68.58305,0.060952,0.022257,0.051582,0.018835
68.58878,0.061119,0.022312,0.051710,0.018877
68.59451,0.061285,0.022367,0.051838,0.018919
68.60024,0.061452,0.022422,0.051966,0.018961
68.60597,0.061618,0.022477,0.052093,0.019003
68.61170,0.061783,0.022532,0.052221,0.019044
68.61743,0.061949,0.022586,0.052348,0.019086
68.62316,0.062114,0.022641,0.052474,0.019127
68.62888,0.062279,0.022695,0.052601,0.019168
68.63461,0.062444,0.022749,0.052727,0.019209
68.64034,0.062609,0.022804,0.052853,0.019250
68.64607,0.062773,0.022858,0.052979,0.019291
68.65180,0.062938,0.022912,0.053104,0.019332
68.65753,0.063102,0.022965,0.053229,0.019372
68.66326,0.063266,0.023019,0.053354,0.019413
68.66899,0.063429,0.023073,0.053479,0.019453
68.67472,0.063593,0.023126,0.053603,0.019493
68.68045,0.063756,0.023180,0.053727,0.019534
68.68618,0.063919,0.023233,0.053851,0.019574
68.69191,0.064081,0.023286,0.053975,0.019614
68.69764,0.064244,0.023339,0.054098,0.019653
68.70337,0.064406,0.023392,0.054221,0.019693
68.70910,0.064568,0.023445,0.054344,0.019733
68.71483,0.064730,0.023498,0.054467,0.019772
68.72056,0.064892,0.023550,0.054589,0.019811
68.72629,0.065053,0.023603,0.054711,0.019851
68.73202,0.065214,0.023655,0.054833,0.019890
68.73775,0.065375,0.023708,0.054955,0.019929
68.74348,0.065536,0.023760,0.055076,0.019968
68.74921,0.065697,0.023812,0.055197,0.020006
68.75494,0.065857,0.023864,0.055318,0.020045
68.76066,0.066017,0.023916,0.055438,0.020083
68.76639,0.066177,0.023967,0.055559,0.020122
68.77212,0.066337,0.024019,0.055679,0.020160
68.77785,0.066496,0.024071,0.055799,0.020198
68.78358,0.066655,0.024122,0.055918,0.020236
68.78931,0.066814,0.024173,0.056037,0.020274
68.79504,0.066973,0.024224,0.056156,0.020312
68.80077,0.067131,0.024276,0.056275,0.020350
68.80650,0.067290,0.024326,0.056393,0.020387
68.81223,0.067448,0.024377,0.056512,0.020425
68.81796,0.067606,0.024428,0.056630,0.020462
68.82369,0.067763,0.024479,0.056747,0.020499
68.82942,0.067921,0.024529,0.056865,0.020536
68.83515,0.068078,0.024580,0.056982,0.020573
68.84088,0.068235,0.024630,0.057099,0.020610
68.84661,0.068391,0.024680,0.057215,0.020647
68.85234,0.068548,0.024730,0.057332,0.020684
68.85807,0.068704,0.024780,0.057448,0.020720
68.86380,0.068860,0.024830,0.057563,0.020757
68.86953,0.069016,0.024880,0.057679,0.020793
68.87526,0.069171,0.024929,0.057794,0.020829
68.88099,0.069326,0.024979,0.057909,0.020865
68.88672,0.069482,0.025028,0.058024,0.020901
68.89245,0.069636,0.025077,0.058139,0.020937
68.89817,0.069791,0.025127,0.058253,0.020973
68.90390,0.069945,0.025176,0.058367,0.021008
68.90963,0.070099,0.025225,0.058480,0.021044
68.91536,0.070253,0.025273,0.058594,0.021079
68.92109,0.070407,0.025322,0.058707,0.021114
68.92682,0.070560,0.025371,0.058820,0.021149
68.93255,0.070714,0.025419,0.058932,0.021184
68.93828,0.070867,0.025468,0.059045,0.021219
68.94401,0.071019,0.025516,0.059157,0.021254
68.94974,0.071172,0.025564,0.059269,0.021289
68.95547,0.071324,0.025612,0.059380,0.021323
68.96120,0.071476,0.025660,0.059492,0.021357
68.96693,0.071628,0.025708,0.059603,0.021392
68.97266,0.071779,0.025755,0.059713,0.021426
68.97839,0.071930,0.025803,0.059824,0.021460
68.98412,0.072082,0.025850,0.059934,0.021494
68.98985,0.072232,0.025898,0.060044,0.021528
68.99558,0.072383,0.025945,0.060154,0.021561
69.00131,0.072533,0.025992,0.060263,0.021595
69.00704,0.072683,0.026039,0.060372,0.021629
69.01277,0.072833,0.026086,0.060481,0.021662
69.01850,0.072983,0.026133,0.060590,0.021695
69.02423,0.073132,0.026179,0.060698,0.021728
69.02996,0.073281,0.026226,0.060806,0.021761
69.03568,0.073430,0.026272,0.060914,0.021794
69.04141,0.073579,0.026319,0.061021,0.021827
69.04714,0.073727,0.026365,0.061129,0.021860
69.05287,0.073875,0.026411,0.061236,0.021892
69.05860,0.074023,0.026457,0.061342,0.021925
69.06433,0.074171,0.026503,0.061449,0.021957
69.07006,0.074318,0.026548,0.061555,0.021989
69.07579,0.074465,0.026594,0.061661,0.022021
69.08152,0.074612,0.026639,0.061766,0.022053
69.08725,0.074759,0.026685,0.061872,0.022085
69.09298,0.074905,0.026730,0.061977,0.022117
69.09871,0.075051,0.026775,0.062082,0.022148
69.10444,0.075197,0.026820,0.062186,0.022180
69.11017,0.075343,0.026865,0.062290,0.022211
69.11590,0.075488,0.026910,0.062394,0.022242
69.12163,0.075633,0.026955,0.062498,0.022273
69.12736,0.075778,0.026999,0.062601,0.022304
69.13309,0.075923,0.027044,0.062705,0.022335
69.13882,0.076067,0.027088,0.062807,0.022366
69.14455,0.076212,0.027132,0.062910,0.022397
69.15028,0.076356,0.027176,0.063012,0.022427
69.15601,0.076499,0.027220,0.063115,0.022458
69.16174,0.076643,0.027264,0.063216,0.022488
69.16747,0.076786,0.027308,0.063318,0.022518
69.17319,0.076929,0.027352,0.063419,0.022548
69.17892,0.077071,0.027395,0.063520,0.022578
69.18465,0.077214,0.027438,0.063621,0.022608
69.19038,0.077356,0.027482,0.063721,0.022638
69.19611,0.077498,0.027525,0.063821,0.022667
69.20184,0.077639,0.027568,0.063921,0.022697
69.20757,0.077781,0.027611,0.064021,0.022726
69.21330,0.077922,0.027654,0.064120,0.022756
69.21903,0.078063,0.027696,0.064219,0.022785
69.22476,0.078204,0.027739,0.064318,0.022814
69.23049,0.078344,0.027781,0.064416,0.022843
69.23622,0.078484,0.027824,0.064515,0.022871
69.24195,0.078624,0.027866,0.064612,0.022900
69.24768,0.078763,0.027908,0.064710,0.022929
69.25341,0.078903,0.027950,0.064807,0.022957
69.25914,0.079042,0.027992,0.064905,0.022985
69.26487,0.079181,0.028034,0.065001,0.023014
69.27060,0.079319,0.028075,0.065098,0.023042
69.27633,0.079458,0.028117,0.065194,0.023070
69.28206,0.079596,0.028158,0.065290,0.023098
69.28779,0.079733,0.028200,0.065386,0.023125
69.29352,0.079871,0.028241,0.065481,0.023153
69.29925,0.080008,0.028282,0.065577,0.023180
69.30497,0.080145,0.028323,0.065671,0.023208
69.31070,0.080282,0.028364,0.065766,0.023235
69.31643,0.080418,0.028404,0.065860,0.023262
69.32216,0.080555,0.028445,0.065954,0.023289
69.32789,0.080691,0.028485,0.066048,0.023316
69.33362,0.080826,0.028526,0.066142,0.023343
69.33935,0.080962,0.028566,0.066235,0.023370
69.34508,0.081097,0.028606,0.066328,0.023396
69.35081,0.081232,0.028646,0.066420,0.023423
69.35654,0.081366,0.028686,0.066513,0.023449
69.36227,0.081501,0.028726,0.066605,0.023475
69.36800,0.081635,0.028765,0.066697,0.023502
69.37373,0.081769,0.028805,0.066788,0.023528
69.37946,0.081902,0.028844,0.066879,0.023553
69.38519,0.082036,0.028883,0.066970,0.023579
69.39092,0.082169,0.028923,0.067061,0.023605
69.39665,0.082302,0.028962,0.067152,0.023630
69.40238,0.082434,0.029001,0.067242,0.023656
69.40811,0.082566,0.029039,0.067332,0.023681
69.41384,0.082698,0.029078,0.067421,0.023706
69.41957,0.082830,0.029117,0.067510,0.023731
69.42530,0.082961,0.029155,0.067599,0.023756
69.43103,0.083093,0.029193,0.067688,0.023781
69.43676,0.083224,0.029232,0.067777,0.023806
69.44248,0.083354,0.029270,0.067865,0.023831
69.44821,0.083485,0.029308,0.067953,0.023855
69.45394,0.083615,0.029345,0.068040,0.023879
69.45967,0.083745,0.029383,0.068128,0.023904
69.46540,0.083874,0.029421,0.068215,0.023928
69.47113,0.084003,0.029458,0.068301,0.023952
69.47686,0.084132,0.029496,0.068388,0.023976
69.48259,0.084261,0.029533,0.068474,0.024000
69.48832,0.084390,0.029570,0.068560,0.024023
69.49405,0.084518,0.029607,0.068646,0.024047
69.49978,0.084646,0.029644,0.068731,0.024070
69.50551,0.084773,0.029681,0.068816,0.024094
69.51124,0.084901,0.029717,0.068901,0.024117
69.51697,0.085028,0.029754,0.068985,0.024140
69.52270,0.085155,0.029790,0.069070,0.024163
69.52843,0.085281,0.029827,0.069153,0.024186
69.53416,0.085408,0.029863,0.069237,0.024209
69.53989,0.085534,0.029899,0.069320,0.024231
69.54562,0.085659,0.029935,0.069404,0.024254
69.55135,0.085785,0.029970,0.069486,0.024276
69.55708,0.085910,0.030006,0.069569,0.024299
69.56281,0.086035,0.030042,0.069651,0.024321
69.56854,0.086160,0.030077,0.069733,0.024343
69.57427,0.086284,0.030113,0.069815,0.024365
69.57999,0.086408,0.030148,0.069896,0.024387
69.58572,0.086532,0.030183,0.069977,0.024408
69.59145,0.086655,0.030218,0.070058,0.024430
69.59718,0.086779,0.030253,0.070139,0.024452
69.60291,0.086902,0.030287,0.070219,0.024473
69.60864,0.087024,0.030322,0.070299,0.024494
69.61437,0.087147,0.030356,0.070379,0.024515
69.62010,0.087269,0.030391,0.070458,0.024537
69.62583,0.087391,0.030425,0.070537,0.024557
69.63156,0.087512,0.030459,0.070616,0.024578
69.63729,0.087634,0.030493,0.070695,0.024599
69.64302,0.087755,0.030527,0.070773,0.024620
69.64875,0.087876,0.030561,0.070851,0.024640
69.65448,0.087996,0.030594,0.070928,0.024660
69.66021,0.088116,0.030628,0.071006,0.024681
69.66594,0.088236,0.030661,0.071083,0.024701
69.67167,0.088356,0.030695,0.071160,0.024721
69.67740,0.088475,0.030728,0.071236,0.024741
69.68313,0.088594,0.030761,0.071313,0.024761
69.68886,0.088713,0.030794,0.071389,0.024780
69.69459,0.088831,0.030827,0.071464,0.024800
69.70032,0.088950,0.030859,0.071540,0.024819
69.70605,0.089067,0.030892,0.071615,0.024839
69.71177,0.089185,0.030924,0.071690,0.024858
69.71750,0.089302,0.030957,0.071764,0.024877
69.72323,0.089419,0.030989,0.071839,0.024896
69.72896,0.089536,0.031021,0.071913,0.024915
69.73469,0.089653,0.031053,0.071986,0.024934
69.74042,0.089769,0.031085,0.072060,0.024952
69.74615,0.089885,0.031116,0.072133,0.024971
69.75188,0.090001,0.031148,0.072206,0.024989
69.75761,0.090116,0.031179,0.072278,0.025008
69.76334,0.090231,0.031211,0.072351,0.025026
69.76907,0.090346,0.031242,0.072423,0.025044
69.77480,0.090460,0.031273,0.072494,0.025062
69.78053,0.090574,0.031304,0.072566,0.025080
69.78626,0.090688,0.031335,0.072637,0.025098
69.79199,0.090802,0.031366,0.072708,0.025115
69.79772,0.090915,0.031396,0.072778,0.025133
69.80345,0.091028,0.031427,0.072849,0.025150
69.80918,0.091141,0.031457,0.072919,0.025168
69.81491,0.091254,0.031487,0.072988,0.025185
69.82064,0.091366,0.031518,0.073058,0.025202
69.82637,0.091478,0.031548,0.073127,0.025219
69.83210,0.091589,0.031577,0.073196,0.025236
69.83783,0.091701,0.031607,0.073264,0.025253
69.84356,0.091812,0.031637,0.073333,0.025269
69.84928,0.091922,0.031666,0.073401,0.025286
69.85501,0.092033,0.031696,0.073468,0.025302
69.86074,0.092143,0.031725,0.073536,0.025319
69.86647,0.092253,0.031754,0.073603,0.025335
69.87220,0.092362,0.031783,0.073670,0.025351
69.87793,0.092472,0.031812,0.073736,0.025367
69.88366,0.092581,0.031841,0.073803,0.025383
69.88939,0.092689,0.031870,0.073869,0.025399
69.89512,0.092798,0.031898,0.073934,0.025414
69.90085,0.092906,0.031927,0.074000,0.025430
69.90658,0.093014,0.031955,0.074065,0.025445
69.91231,0.093121,0.031983,0.074130,0.025460
69.91804,0.093228,0.032011,0.074194,0.025476
69.92377,0.093335,0.032039,0.074259,0.025491
69.92950,0.093442,0.032067,0.074323,0.025506
69.93523,0.093548,0.032095,0.074386,0.025521
69.94096,0.093654,0.032122,0.074450,0.025535
69.94669,0.093760,0.032150,0.074513,0.025550
69.95242,0.093866,0.032177,0.074576,0.025565
69.95815,0.093971,0.032204,0.074638,0.025579
69.96388,0.094076,0.032231,0.074701,0.025593
69.96961,0.094180,0.032258,0.074763,0.025608
69.97534,0.094284,0.032285,0.074824,0.025622
69.98107,0.094388,0.032312,0.074886,0.025636
69.98679,0.094492,0.032339,0.074947,0.025650
69.99252,0.094596,0.032365,0.075008,0.025663
69.99825,0.094699,0.032392,0.075068,0.025677
70.00398,0.094801,0.032418,0.075129,0.025691
70.00971,0.094904,0.032444,0.075189,0.025704
70.01544,0.095006,0.032470,0.075248,0.025717
70.02117,0.095108,0.032496,0.075308,0.025731
70.02690,0.095210,0.032522,0.075367,0.025744
70.03263,0.095311,0.032547,0.075426,0.025757
70.03836,0.095412,0.032573,0.075484,0.025770
70.04409,0.095512,0.032598,0.075542,0.025782
70.04982,0.095613,0.032623,0.075600,0.025795
70.05555,0.095713,0.032649,0.075658,0.025808
70.06128,0.095813,0.032674,0.075715,0.025820
70.06701,0.095912,0.032698,0.075773,0.025832
70.07274,0.096011,0.032723,0.075829,0.025845
70.07847,0.096110,0.032748,0.075886,0.025857
70.08420,0.096209,0.032772,0.075942,0.025869
70.08993,0.096307,0.032797,0.075998,0.025881
70.09566,0.096405,0.032821,0.076054,0.025893
70.10139,0.096503,0.032845,0.076109,0.025904
70.10712,0.096600,0.032869,0.076164,0.025916
70.11285,0.096697,0.032893,0.076219,0.025927
70.11857,0.096794,0.032917,0.076274,0.025939
70.12430,0.096891,0.032941,0.076328,0.025950
70.13003,0.096987,0.032964,0.076382,0.025961
70.13576,0.097083,0.032988,0.076436,0.025972
70.14149,0.097178,0.033011,0.076489,0.025983
70.14722,0.097273,0.033034,0.076542,0.025994
70.15295,0.097368,0.033058,0.076595,0.026005
70.15868,0.097463,0.033081,0.076647,0.026015
70.16441,0.097557,0.033103,0.076700,0.026026
70.17014,0.097651,0.033126,0.076752,0.026036
70.17587,0.097745,0.033149,0.076803,0.026047
70.18160,0.097838,0.033171,0.076855,0.026057
70.18733,0.097932,0.033194,0.076906,0.026067
70.19306,0.098024,0.033216,0.076957,0.026077
70.19879,0.098117,0.033238,0.077007,0.026087
70.20452,0.098209,0.033260,0.077057,0.026097
70.21025,0.098301,0.033282,0.077107,0.026106
70.21598,0.098393,0.033303,0.077157,0.026116
70.22171,0.098484,0.033325,0.077206,0.026125
70.22744,0.098575,0.033347,0.077256,0.026135
70.23317,0.098665,0.033368,0.077304,0.026144
70.23890,0.098756,0.033389,0.077353,0.026153
70.24463,0.098846,0.033410,0.077401,0.026162
70.25036,0.098936,0.033431,0.077449,0.026171
70.25608,0.099025,0.033452,0.077497,0.026180
70.26181,0.099114,0.033473,0.077544,0.026188
70.26754,0.099203,0.033494,0.077591,0.026197
70.27327,0.099291,0.033514,0.077638,0.026206
70.27900,0.099380,0.033535,0.077685,0.026214
70.28473,0.099468,0.033555,0.077731,0.026222
70.29046,0.099555,0.033575,0.077777,0.026230
70.29619,0.099642,0.033595,0.077822,0.026238
70.30192,0.099729,0.033615,0.077868,0.026246
70.30765,0.099816,0.033635,0.077913,0.026254
70.31338,0.099902,0.033655,0.077958,0.026262
70.31911,0.099988,0.033674,0.078002,0.026270
70.32484,0.100074,0.033694,0.078047,0.026277
70.33057,0.100159,0.033713,0.078090,0.026285
70.33630,0.100245,0.033732,0.078134,0.026292
70.34203,0.100329,0.033751,0.078178,0.026299
70.34776,0.100414,0.033770,0.078221,0.026306
70.35349,0.100498,0.033789,0.078263,0.026313
70.35922,0.100582,0.033808,0.078306,0.026320
70.36495,0.100665,0.033826,0.078348,0.026327
70.37068,0.100749,0.033845,0.078390,0.026334
70.37641,0.100831,0.033863,0.078432,0.026341
70.38214,0.100914,0.033881,0.078473,0.026347
70.38787,0.100996,0.033900,0.078514,0.026353
70.39359,0.101078,0.033918,0.078555,0.026360
70.39932,0.101160,0.033935,0.078596,0.026366
70.40505,0.101241,0.033953,0.078636,0.026372
70.41078,0.101322,0.033971,0.078676,0.026378
70.41651,0.101403,0.033988,0.078716,0.026384
70.42224,0.101483,0.034006,0.078755,0.026390
70.42797,0.101564,0.034023,0.078794,0.026395
70.43370,0.101643,0.034040,0.078833,0.026401
70.43943,0.101723,0.034057,0.078872,0.026406
70.44516,0.101802,0.034074,0.078910,0.026412
70.45089,0.101881,0.034091,0.078948,0.026417
70.45662,0.101959,0.034107,0.078986,0.026422
70.46235,0.102037,0.034124,0.079023,0.026427
70.46808,0.102115,0.034140,0.079060,0.026432
70.47381,0.102193,0.034157,0.079097,0.026437
70.47954,0.102270,0.034173,0.079134,0.026442
70.48527,0.102347,0.034189,0.079170,0.026447
70.49100,0.102424,0.034205,0.079206,0.026451
70.49673,0.102500,0.034221,0.079242,0.026456
70.50246,0.102576,0.034236,0.079277,0.026460
70.50819,0.102652,0.034252,0.079312,0.026464
70.51392,0.102727,0.034267,0.079347,0.026468
70.51965,0.102802,0.034283,0.079382,0.026472
70.52538,0.102877,0.034298,0.079416,0.026476
70.53110,0.102951,0.034313,0.079450,0.026480
70.53683,0.103025,0.034328,0.079484,0.026484
70.54256,0.103099,0.034343,0.079517,0.026488
70.54829,0.103172,0.034358,0.079550,0.026491
70.55402,0.103246,0.034372,0.079583,0.026495
70.55975,0.103318,0.034387,0.079616,0.026498
70.56548,0.103391,0.034401,0.079648,0.026501
70.57121,0.103463,0.034415,0.079680,0.026504
70.57694,0.103535,0.034430,0.079712,0.026507
70.58267,0.103606,0.034444,0.079743,0.026510
70.58840,0.103678,0.034457,0.079775,0.026513
70.59413,0.103748,0.034471,0.079806,0.026516
70.59986,0.103819,0.034485,0.079836,0.026519
70.60559,0.103889,0.034498,0.079867,0.026521
70.61132,0.103959,0.034512,0.079897,0.026524
70.61705,0.104029,0.034525,0.079926,0.026526
70.62278,0.104098,0.034538,0.079956,0.026528
70.62851,0.104167,0.034551,0.079985,0.026530
70.63424,0.104236,0.034564,0.080014,0.026532
70.63997,0.104304,0.034577,0.080043,0.026534
70.64570,0.104372,0.034590,0.080071,0.026536
70.65143,0.104440,0.034602,0.080099,0.026538
70.65716,0.104507,0.034615,0.080127,0.026540
70.66288,0.104574,0.034627,0.080155,0.026541
70.66861,0.104641,0.034639,0.080182,0.026543
70.67434,0.104707,0.034652,0.080209,0.026544
70.68007,0.104773,0.034664,0.080236,0.026545
70.68580,0.104839,0.034675,0.080262,0.026547
70.69153,0.104905,0.034687,0.080288,0.026548
70.69726,0.104970,0.034699,0.080314,0.026549
70.70299,0.105035,0.034710,0.080340,0.026549
70.70872,0.105099,0.034722,0.080365,0.026550
70.71445,0.105163,0.034733,0.080390,0.026551
70.72018,0.105227,0.034744,0.080415,0.026552
70.72591,0.105290,0.034755,0.080439,0.026552
70.73164,0.105354,0.034766,0.080463,0.026552
70.73737,0.105416,0.034777,0.080487,0.026553
70.74310,0.105479,0.034787,0.080511,0.026553
70.74883,0.105541,0.034798,0.080534,0.026553
70.75456,0.105603,0.034808,0.080557,0.026553
70.76029,0.105665,0.034819,0.080580,0.026553
70.76602,0.105726,0.034829,0.080603,0.026553
70.77175,0.105787,0.034839,0.080625,0.026552
70.77748,0.105847,0.034849,0.080647,0.026552
70.78321,0.105908,0.034859,0.080669,0.026552
70.78894,0.105968,0.034869,0.080690,0.026551
70.79467,0.106027,0.034878,0.080711,0.026550
70.80039,0.106087,0.034888,0.080732,0.026550
70.80612,0.106146,0.034897,0.080753,0.026549
70.81185,0.106204,0.034906,0.080773,0.026548
70.81758,0.106262,0.034915,0.080793,0.026547
70.82331,0.106320,0.034924,0.080813,0.026546
70.82904,0.106378,0.034933,0.080832,0.026544
70.83477,0.106435,0.034942,0.080851,0.026543
70.84050,0.106492,0.034951,0.080870,0.026542
70.84623,0.106549,0.034959,0.080889,0.026540
70.85196,0.106606,0.034968,0.080907,0.026538
70.85769,0.106662,0.034976,0.080925,0.026537
70.86342,0.106717,0.034984,0.080943,0.026535
70.86915,0.106773,0.034992,0.080961,0.026533
70.87488,0.106828,0.035000,0.080978,0.026531
70.88061,0.106883,0.035008,0.080995,0.026529
70.88634,0.106937,0.035016,0.081012,0.026527
70.89207,0.106991,0.035023,0.081028,0.026524
70.89780,0.107045,0.035031,0.081044,0.026522
70.90353,0.107098,0.035038,0.081060,0.026520
70.90926,0.107151,0.035045,0.081076,0.026517
70.91499,0.107204,0.035053,0.081091,0.026514
70.92072,0.107257,0.035060,0.081106,0.026512
70.92645,0.107309,0.035066,0.081121,0.026509
70.93218,0.107360,0.035073,0.081136,0.026506
70.93790,0.107412,0.035080,0.081150,0.026503
70.94363,0.107463,0.035086,0.081164,0.026500
70.94936,0.107514,0.035093,0.081178,0.026497
70.95509,0.107564,0.035099,0.081191,0.026493
70.96082,0.107614,0.035105,0.081204,0.026490
70.96655,0.107664,0.035111,0.081217,0.026486
70.97228,0.107714,0.035117,0.081230,0.026483
70.97801,0.107763,0.035123,0.081242,0.026479
70.98374,0.107812,0.035129,0.081254,0.026475
70.98947,0.107860,0.035135,0.081266,0.026472
70.99520,0.107909,0.035140,0.081277,0.026468
71.00093,0.107956,0.035146,0.081288,0.026464
71.00666,0.108004,0.035151,0.081299,0.026460
71.01239,0.108051,0.035156,0.081310,0.026455
71.01812,0.108098,0.035161,0.081321,0.026451
71.02385,0.108145,0.035166,0.081331,0.026447
71.02958,0.108191,0.035171,0.081341,0.026442
71.03531,0.108237,0.035175,0.081350,0.026438
71.04104,0.108282,0.035180,0.081360,0.026433
71.04677,0.108327,0.035184,0.081369,0.026428
71.05250,0.108372,0.035189,0.081377,0.026423
71.05823,0.108417,0.035193,0.081386,0.026418
71.06396,0.108461,0.035197,0.081394,0.026413
71.06968,0.108505,0.035201,0.081402,0.026408
71.07541,0.108549,0.035205,0.081410,0.026403
71.08114,0.108592,0.035209,0.081417,0.026398
71.08687,0.108635,0.035212,0.081425,0.026392
71.09260,0.108677,0.035216,0.081431,0.026387
71.09833,0.108720,0.035219,0.081438,0.026381
71.10406,0.108762,0.035222,0.081444,0.026376
71.10979,0.108803,0.035226,0.081451,0.026370
71.11552,0.108845,0.035229,0.081456,0.026364
71.12125,0.108885,0.035232,0.081462,0.026358
71.12698,0.108926,0.035235,0.081467,0.026352
71.13271,0.108966,0.035237,0.081472,0.026346
71.13844,0.109006,0.035240,0.081477,0.026340
71.14417,0.109046,0.035242,0.081482,0.026334
71.14990,0.109085,0.035245,0.081486,0.026328
71.15563,0.109124,0.035247,0.081490,0.026321
71.16136,0.109163,0.035249,0.081493,0.026315
71.16709,0.109201,0.035251,0.081497,0.026308
71.17282,0.109239,0.035253,0.081500,0.026301
71.17855,0.109277,0.035255,0.081503,0.026294
71.18428,0.109314,0.035257,0.081506,0.026288
71.19001,0.109351,0.035258,0.081508,0.026281
71.19574,0.109388,0.035260,0.081510,0.026274
71.20147,0.109424,0.035261,0.081512,0.026266
71.20719,0.109460,0.035262,0.081513,0.026259
71.21292,0.109496,0.035263,0.081515,0.026252
71.21865,0.109531,0.035264,0.081516,0.026245
71.22438,0.109566,0.035265,0.081516,0.026237
71.23011,0.109601,0.035266,0.081517,0.026230
71.23584,0.109635,0.035267,0.081517,0.026222
71.24157,0.109669,0.035267,0.081517,0.026214
71.24730,0.109703,0.035268,0.081517,0.026206
71.25303,0.109736,0.035268,0.081516,0.026198
71.25876,0.109769,0.035268,0.081515,0.026190
71.26449,0.109802,0.035268,0.081514,0.026182
71.27022,0.109834,0.035268,0.081513,0.026174
71.27595,0.109866,0.035268,0.081511,0.026166
71.28168,0.109898,0.035268,0.081510,0.026158
71.28741,0.109929,0.035268,0.081507,0.026149
71.29314,0.109960,0.035267,0.081505,0.026141
71.29887,0.109991,0.035266,0.081502,0.026132
71.30460,0.110021,0.035266,0.081499,0.026124
71.31033,0.110051,0.035265,0.081496,0.026115
71.31606,0.110081,0.035264,0.081493,0.026106
71.32179,0.110110,0.035263,0.081489,0.026097
71.32752,0.110139,0.035262,0.081485,0.026088
71.33325,0.110168,0.035261,0.081481,0.026079
71.33898,0.110196,0.035259,0.081476,0.026070
71.34470,0.110224,0.035258,0.081472,0.026061
71.35043,0.110252,0.035256,0.081467,0.026051
71.35616,0.110279,0.035255,0.081461,0.026042
71.36189,0.110306,0.035253,0.081456,0.026032
71.36762,0.110333,0.035251,0.081450,0.026023
71.37335,0.110359,0.035249,0.081444,0.026013
71.37908,0.110385,0.035247,0.081438,0.026003
71.38481,0.110411,0.035244,0.081431,0.025994
71.39054,0.110436,0.035242,0.081424,0.025984
71.39627,0.110461,0.035239,0.081417,0.025974
71.40200,0.110486,0.035237,0.081410,0.025964
71.40773,0.110510,0.035234,0.081402,0.025954
71.41346,0.110534,0.035231,0.081394,0.025943
71.41919,0.110558,0.035228,0.081386,0.025933
71.42492,0.110582,0.035225,0.081378,0.025923
71.43065,0.110605,0.035222,0.081369,0.025912
71.43638,0.110627,0.035219,0.081360,0.025902
71.44211,0.110650,0.035216,0.081351,0.025891
71.44784,0.110672,0.035212,0.081342,0.025880
71.45357,0.110693,0.035209,0.081332,0.025870
71.45930,0.110715,0.035205,0.081322,0.025859
71.46503,0.110736,0.035201,0.081312,0.025848
71.47076,0.110756,0.035197,0.081301,0.025837
71.47648,0.110777,0.035193,0.081291,0.025826
71.48221,0.110797,0.035189,0.081280,0.025814
71.48794,0.110817,0.035185,0.081269,0.025803
71.49367,0.110836,0.035180,0.081257,0.025792
71.49940,0.110855,0.035176,0.081245,0.025780
71.50513,0.110874,0.035171,0.081234,0.025769
71.51086,0.110892,0.035167,0.081221,0.025757
71.51659,0.110910,0.035162,0.081209,0.025746
71.52232,0.110928,0.035157,0.081196,0.025734
71.52805,0.110945,0.035152,0.081183,0.025722
71.53378,0.110962,0.035147,0.081170,0.025710
71.53951,0.110979,0.035142,0.081156,0.025698
71.54524,0.110995,0.035136,0.081143,0.025686
71.55097,0.111011,0.035131,0.081129,0.025674
71.55670,0.111027,0.035125,0.081114,0.025662
71.56243,0.111043,0.035120,0.081100,0.025650
71.56816,0.111058,0.035114,0.081085,0.025637
71.57389,0.111072,0.035108,0.081070,0.025625
71.57962,0.111087,0.035102,0.081055,0.025612
71.58535,0.111101,0.035096,0.081039,0.025600
71.59108,0.111114,0.035090,0.081024,0.025587
71.59681,0.111128,0.035083,0.081008,0.025574
71.60254,0.111141,0.035077,0.080991,0.025561
71.60827,0.111154,0.035070,0.080975,0.025549
71.61399,0.111166,0.035064,0.080958,0.025536
71.61972,0.111178,0.035057,0.080941,0.025523
71.62545,0.111190,0.035050,0.080924,0.025509
71.63118,0.111201,0.035043,0.080906,0.025496
71.63691,0.111212,0.035036,0.080889,0.025483
71.64264,0.111223,0.035029,0.080871,0.025470
71.64837,0.111233,0.035022,0.080852,0.025456
71.65410,0.111243,0.035014,0.080834,0.025443
71.65983,0.111253,0.035007,0.080815,0.025429
71.66556,0.111263,0.034999,0.080796,0.025416
71.67129,0.111272,0.034991,0.080777,0.025402
71.67702,0.111280,0.034984,0.080757,0.025388
71.68275,0.111289,0.034976,0.080738,0.025374
71.68848,0.111297,0.034968,0.080718,0.025360
71.69421,0.111304,0.034959,0.080698,0.025346
71.69994,0.111312,0.034951,0.080677,0.025332
71.70567,0.111319,0.034943,0.080656,0.025318
71.71140,0.111326,0.034934,0.080635,0.025304
71.71713,0.111332,0.034926,0.080614,0.025289
71.72286,0.111338,0.034917,0.080593,0.025275
71.72859,0.111344,0.034908,0.080571,0.025261
71.73432,0.111349,0.034900,0.080549,0.025246
71.74005,0.111354,0.034891,0.080527,0.025231
71.74578,0.111359,0.034881,0.080505,0.025217
71.75150,0.111364,0.034872,0.080482,0.025202
71.75723,0.111368,0.034863,0.080459,0.025187
71.76296,0.111371,0.034854,0.080436,0.025172
71.76869,0.111375,0.034844,0.080412,0.025157
71.77442,0.111378,0.034834,0.080389,0.025142
71.78015,0.111381,0.034825,0.080365,0.025127
71.78588,0.111383,0.034815,0.080341,0.025112
71.79161,0.111385,0.034805,0.080316,0.025097
71.79734,0.111387,0.034795,0.080292,0.025081
71.80307,0.111388,0.034785,0.080267,0.025066
71.80880,0.111389,0.034775,0.080242,0.025051
71.81453,0.111390,0.034764,0.080216,0.025035
71.82026,0.111391,0.034754,0.080191,0.025019
71.82599,0.111391,0.034743,0.080165,0.025004
71.83172,0.111390,0.034733,0.080139,0.024988
71.83745,0.111390,0.034722,0.080113,0.024972
71.84318,0.111389,0.034711,0.080086,0.024956
71.84891,0.111388,0.034700,0.080059,0.024940
71.85464,0.111386,0.034689,0.080032,0.024924
71.86037,0.111384,0.034678,0.080005,0.024908
71.86610,0.111382,0.034666,0.079978,0.024892
71.87183,0.111379,0.034655,0.079950,0.024876
71.87756,0.111377,0.034644,0.079922,0.024860
71.88328,0.111373,0.034632,0.079894,0.024843
71.88901,0.111370,0.034620,0.079865,0.024827
71.89474,0.111366,0.034608,0.079837,0.024810
71.90047,0.111362,0.034597,0.079808,0.024794
71.90620,0.111357,0.034585,0.079779,0.024777
71.91193,0.111352,0.034572,0.079749,0.024760
71.91766,0.111347,0.034560,0.079720,0.024744
71.92339,0.111341,0.034548,0.079690,0.024727
71.92912,0.111336,0.034536,0.079660,0.024710
71.93485,0.111329,0.034523,0.079629,0.024693
71.94058,0.111323,0.034510,0.079599,0.024676
71.94631,0.111316,0.034498,0.079568,0.024659
71.95204,0.111309,0.034485,0.079537,0.024642
71.95777,0.111301,0.034472,0.079506,0.024624
71.96350,0.111293,0.034459,0.079474,0.024607
71.96923,0.111285,0.034446,0.079443,0.024590
71.97496,0.111277,0.034433,0.079411,0.024572
71.98069,0.111268,0.034419,0.079379,0.024555
71.98642,0.111259,0.034406,0.079346,0.024537
71.99215,0.111249,0.034392,0.079313,0.024520
71.99788,0.111239,0.034379,0.079281,0.024502
72.00361,0.111229,0.034365,0.079248,0.024484
72.00934,0.111219,0.034351,0.079214,0.024466
72.01507,0.111208,0.034337,0.079181,0.024448
72.02079,0.111197,0.034323,0.079147,0.024430
72.02652,0.111185,0.034309,0.079113,0.024412
72.03225,0.111174,0.034295,0.079079,0.024394
72.03798,0.111161,0.034281,0.079044,0.024376
72.04371,0.111149,0.034266,0.079009,0.024358
72.04944,0.111136,0.034252,0.078974,0.024340
72.05517,0.111123,0.034237,0.078939,0.024321
72.06090,0.111110,0.034222,0.078904,0.024303
72.06663,0.111096,0.034208,0.078868,0.024284
72.07236,0.111082,0.034193,0.078832,0.024266
72.07809,0.111067,0.034178,0.078796,0.024247
72.08382,0.111052,0.034163,0.078760,0.024229
72.08955,0.111037,0.034147,0.078723,0.024210
72.09528,0.111022,0.034132,0.078687,0.024191
72.10101,0.111006,0.034117,0.078650,0.024172
72.10674,0.110990,0.034101,0.078612,0.024153
72.11247,0.110974,0.034086,0.078575,0.024134
72.11820,0.110957,0.034070,0.078537,0.024115
72.12393,0.110940,0.034054,0.078499,0.024096
72.12966,0.110922,0.034038,0.078461,0.024077
72.13539,0.110905,0.034022,0.078423,0.024058
72.14112,0.110887,0.034006,0.078384,0.024038
72.14685,0.110868,0.033990,0.078346,0.024019
72.15258,0.110850,0.033974,0.078307,0.024000
72.15830,0.110831,0.033957,0.078267,0.023980
72.16403,0.110811,0.033941,0.078228,0.023961
72.16976,0.110792,0.033924,0.078188,0.023941
72.17549,0.110772,0.033907,0.078148,0.023921
72.18122,0.110751,0.033891,0.078108,0.023902
72.18695,0.110731,0.033874,0.078068,0.023882
72.19268,0.110710,0.033857,0.078027,0.023862
72.19841,0.110688,0.033840,0.077986,0.023842
72.20414,0.110667,0.033823,0.077945,0.023822
72.20987,0.110645,0.033805,0.077904,0.023802
72.21560,0.110622,0.033788,0.077863,0.023782
72.22133,0.110600,0.033771,0.077821,0.023762
72.22706,0.110577,0.033753,0.077779,0.023742
72.23279,0.110554,0.033735,0.077737,0.023722
72.23852,0.110530,0.033718,0.077695,0.023701
72.24425,0.110506,0.033700,0.077652,0.023681
72.24998,0.110482,0.033682,0.077610,0.023660
72.25571,0.110457,0.033664,0.077567,0.023640
72.26144,0.110432,0.033646,0.077523,0.023619
72.26717,0.110407,0.033628,0.077480,0.023599
72.27290,0.110382,0.033609,0.077436,0.023578
72.27863,0.110356,0.033591,0.077393,0.023557
72.28436,0.110329,0.033572,0.077348,0.023537
72.29009,0.110303,0.033554,0.077304,0.023516
72.29581,0.110276,0.033535,0.077260,0.023495
72.30154,0.110249,0.033516,0.077215,0.023474
72.30727,0.110221,0.033498,0.077170,0.023453
72.31300,0.110194,0.033479,0.077125,0.023432
72.31873,0.110165,0.033460,0.077080,0.023411
72.32446,0.110137,0.033440,0.077034,0.023390
72.33019,0.110108,0.033421,0.076988,0.023368
72.33592,0.110079,0.033402,0.076942,0.023347
72.34165,0.110050,0.033382,0.076896,0.023326
72.34738,0.110020,0.033363,0.076850,0.023304
72.35311,0.109990,0.033343,0.076803,0.023283
72.35884,0.109959,0.033324,0.076756,0.023261
72.36457,0.109929,0.033304,0.076709,0.023240
72.37030,0.109898,0.033284,0.076662,0.023218
72.37603,0.109866,0.033264,0.076614,0.023196
72.38176,0.109834,0.033244,0.076567,0.023175
72.38749,0.109802,0.033224,0.076519,0.023153
72.39322,0.109770,0.033204,0.076471,0.023131
72.39895,0.109737,0.033183,0.076423,0.023109
72.40468,0.109704,0.033163,0.076374,0.023087
72.41041,0.109671,0.033142,0.076325,0.023065
72.41614,0.109638,0.033122,0.076276,0.023043
72.42187,0.109604,0.033101,0.076227,0.023021
72.42759,0.109569,0.033080,0.076178,0.022999
72.43332,0.109535,0.033059,0.076128,0.022977
72.43905,0.109500,0.033038,0.076079,0.022954
72.44478,0.109465,0.033017,0.076029,0.022932
72.45051,0.109429,0.032996,0.075978,0.022910
72.45624,0.109393,0.032975,0.075928,0.022887
72.46197,0.109357,0.032953,0.075877,0.022865
72.46770,0.109320,0.032932,0.075827,0.022842
72.47343,0.109284,0.032911,0.075776,0.022820
72.47916,0.109246,0.032889,0.075725,0.022797
72.48489,0.109209,0.032867,0.075673,0.022774
72.49062,0.109171,0.032845,0.075622,0.022752
72.49635,0.109133,0.032824,0.075570,0.022729
72.50208,0.109095,0.032802,0.075518,0.022706
72.50781,0.109056,0.032780,0.075465,0.022683
72.51354,0.109017,0.032757,0.075413,0.022660
72.51927,0.108977,0.032735,0.075360,0.022637
72.52500,0.108938,0.032713,0.075308,0.022614
72.53073,0.108898,0.032690,0.075255,0.022591
72.53646,0.108857,0.032668,0.075201,0.022568
72.54219,0.108817,0.032645,0.075148,0.022545
72.54792,0.108776,0.032623,0.075094,0.022521
72.55365,0.108734,0.032600,0.075041,0.022498
72.55938,0.108693,0.032577,0.074987,0.022475
72.56510,0.108651,0.032554,0.074932,0.022451
72.57083,0.108608,0.032531,0.074878,0.022428
72.57656,0.108566,0.032508,0.074823,0.022404
72.58229,0.108523,0.032485,0.074768,0.022381
72.58802,0.108480,0.032462,0.074713,0.022357
72.59375,0.108436,0.032438,0.074658,0.022334
72.59948,0.108392,0.032415,0.074603,0.022310
72.60521,0.108348,0.032391,0.074547,0.022286
72.61094,0.108304,0.032368,0.074491,0.022262
72.61667,0.108259,0.032344,0.074435,0.022239
72.62240,0.108214,0.032320,0.074379,0.022215
72.62813,0.108169,0.032296,0.074323,0.022191
72.63386,0.108123,0.032272,0.074266,0.022167
72.63959,0.108077,0.032248,0.074209,0.022143
72.64532,0.108030,0.032224,0.074152,0.022119
72.65105,0.107984,0.032200,0.074095,0.022095
72.65678,0.107937,0.032175,0.074038,0.022070
72.66251,0.107889,0.032151,0.073980,0.022046
72.66824,0.107842,0.032127,0.073923,0.022022
72.67397,0.107794,0.032102,0.073865,0.021998
72.67970,0.107746,0.032077,0.073807,0.021973
72.68543,0.107697,0.032053,0.073748,0.021949
72.69116,0.107648,0.032028,0.073690,0.021924
72.69689,0.107599,0.032003,0.073631,0.021900
72.70261,0.107549,0.031978,0.073572,0.021875
72.70834,0.107500,0.031953,0.073513,0.021851
72.71407,0.107450,0.031928,0.073454,0.021826
72.71980,0.107399,0.031902,0.073394,0.021801
72.72553,0.107348,0.031877,0.073335,0.021777
72.73126,0.107297,0.031852,0.073275,0.021752
72.73699,0.107246,0.031826,0.073215,0.021727
72.74272,0.107194,0.031801,0.073155,0.021702
72.74845,0.107142,0.031775,0.073094,0.021677
72.75418,0.107090,0.031749,0.073034,0.021652
72.75991,0.107037,0.031723,0.072973,0.021627
72.76564,0.106984,0.031697,0.072912,0.021602
72.77137,0.106931,0.031671,0.072851,0.021577
72.77710,0.106878,0.031645,0.072789,0.021552
72.78283,0.106824,0.031619,0.072728,0.021527
72.78856,0.106770,0.031593,0.072666,0.021502
72.79429,0.106715,0.031567,0.072604,0.021477
72.80002,0.106660,0.031540,0.072542,0.021451
72.80575,0.106605,0.031514,0.072480,0.021426
72.81148,0.106550,0.031487,0.072417,0.021401
72.81721,0.106494,0.031461,0.072355,0.021375
72.82294,0.106438,0.031434,0.072292,0.021350
72.82867,0.106382,0.031407,0.072229,0.021324
72.83439,0.106325,0.031380,0.072166,0.021299
72.84012,0.106268,0.031353,0.072102,0.021273
72.84585,0.106211,0.031326,0.072039,0.021247
72.85158,0.106153,0.031299,0.071975,0.021222
72.85731,0.106095,0.031272,0.071911,0.021196
72.86304,0.106037,0.031245,0.071847,0.021170
72.86877,0.105979,0.031217,0.071783,0.021144
72.87450,0.105920,0.031190,0.071718,0.021119
72.88023,0.105861,0.031162,0.071654,0.021093
72.88596,0.105801,0.031135,0.071589,0.021067
72.89169,0.105742,0.031107,0.071524,0.021041
72.89742,0.105682,0.031079,0.071459,0.021015
72.90315,0.105621,0.031051,0.071393,0.020989
72.90888,0.105561,0.031023,0.071328,0.020963
72.91461,0.105500,0.030995,0.071262,0.020937
72.92034,0.105438,0.030967,0.071196,0.020910
72.92607,0.105377,0.030939,0.071130,0.020884
72.93180,0.105315,0.030911,0.071064,0.020858
72.93753,0.105253,0.030883,0.070998,0.020832
72.94326,0.105190,0.030854,0.070931,0.020805
72.94899,0.105128,0.030826,0.070864,0.020779
72.95472,0.105065,0.030797,0.070797,0.020753
72.96045,0.105001,0.030769,0.070730,0.020726
72.96618,0.104938,0.030740,0.070663,0.020700
72.97190,0.104874,0.030711,0.070596,0.020673
72.97763,0.104809,0.030682,0.070528,0.020647
72.98336,0.104745,0.030653,0.070460,0.020620
72.98909,0.104680,0.030624,0.070392,0.020594
72.99482,0.104615,0.030595,0.070324,0.020567
73.00055,0.104549,0.030566,0.070256,0.020540
73.00628,0.104483,0.030537,0.070187,0.020513
73.01201,0.104417,0.030508,0.070119,0.020487
73.01774,0.104351,0.030478,0.070050,0.020460
73.02347,0.104284,0.030449,0.069981,0.020433
73.02920,0.104217,0.030419,0.069912,0.020406
73.03493,0.104150,0.030390,0.069842,0.020379
73.04066,0.104082,0.030360,0.069773,0.020352
73.04639,0.104014,0.030330,0.069703,0.020325
73.05212,0.103946,0.030300,0.069633,0.020298
73.05785,0.103878,0.030271,0.069563,0.020271
73.06358,0.103809,0.030241,0.069493,0.020244
73.06931,0.103740,0.030211,0.069423,0.020217
73.07504,0.103670,0.030180,0.069352,0.020190
73.08077,0.103601,0.030150,0.069282,0.020163
73.08650,0.103531,0.030120,0.069211,0.020135
73.09223,0.103460,0.030090,0.069140,0.020108
73.09796,0.103390,0.030059,0.069069,0.020081
73.10369,0.103319,0.030029,0.068997,0.020053
73.10941,0.103248,0.029998,0.068926,0.020026
73.11514,0.103176,0.029967,0.068854,0.019999
73.12087,0.103104,0.029937,0.068782,0.019971
73.12660,0.103032,0.029906,0.068710,0.019944
73.13233,0.102960,0.029875,0.068638,0.019916
73.13806,0.102887,0.029844,0.068566,0.019889
73.14379,0.102814,0.029813,0.068493,0.019861
73.14952,0.102741,0.029782,0.068421,0.019833
73.15525,0.102668,0.029751,0.068348,0.019806
73.16098,0.102594,0.029720,0.068275,0.019778
73.16671,0.102520,0.029688,0.068202,0.019750
73.17244,0.102445,0.029657,0.068129,0.019723
73.17817,0.102371,0.029626,0.068055,0.019695
73.18390,0.102295,0.029594,0.067982,0.019667
73.18963,0.102220,0.029563,0.067908,0.019639
73.19536,0.102145,0.029531,0.067834,0.019611
73.20109,0.102069,0.029499,0.067760,0.019584
73.20682,0.101993,0.029467,0.067686,0.019556
73.21255,0.101916,0.029436,0.067611,0.019528
73.21828,0.101839,0.029404,0.067537,0.019500
73.22401,0.101762,0.029372,0.067462,0.019472
73.22974,0.101685,0.029340,0.067387,0.019444
73.23547,0.101607,0.029307,0.067312,0.019415
73.24119,0.101529,0.029275,0.067237,0.019387
73.24692,0.101451,0.029243,0.067162,0.019359
73.25265,0.101373,0.029211,0.067086,0.019331
73.25838,0.101294,0.029178,0.067011,0.019303
73.26411,0.101215,0.029146,0.066935,0.019275
73.26984,0.101135,0.029113,0.066859,0.019246
73.27557,0.101056,0.029081,0.066783,0.019218
73.28130,0.100976,0.029048,0.066707,0.019190
73.28703,0.100895,0.029015,0.066630,0.019161
73.29276,0.100815,0.028982,0.066554,0.019133
73.29849,0.100734,0.028949,0.066477,0.019105
73.30422,0.100653,0.028917,0.066400,0.019076
73.30995,0.100571,0.028884,0.066323,0.019048
73.31568,0.100490,0.028850,0.066246,0.019019
73.32141,0.100408,0.028817,0.066169,0.018991
73.32714,0.100325,0.028784,0.066091,0.018962
73.33287,0.100243,0.028751,0.066014,0.018933
73.33860,0.100160,0.028717,0.065936,0.018905
73.34433,0.100077,0.028684,0.065858,0.018876
73.35006,0.099994,0.028651,0.065780,0.018848
73.35579,0.099910,0.028617,0.065702,0.018819
73.36152,0.099826,0.028583,0.065623,0.018790
73.36725,0.099742,0.028550,0.065545,0.018761
73.37298,0.099657,0.028516,0.065466,0.018733
73.37870,0.099572,0.028482,0.065388,0.018704
73.38443,0.099487,0.028448,0.065309,0.018675
73.39016,0.099402,0.028414,0.065230,0.018646
73.39589,0.099316,0.028380,0.065150,0.018617
73.40162,0.099230,0.028346,0.065071,0.018588
73.40735,0.099144,0.028312,0.064992,0.018559
73.41308,0.099057,0.028278,0.064912,0.018530
73.41881,0.098970,0.028244,0.064832,0.018501
73.42454,0.098883,0.028209,0.064752,0.018472
73.43027,0.098796,0.028175,0.064672,0.018443
73.43600,0.098708,0.028140,0.064592,0.018414
73.44173,0.098620,0.028106,0.064512,0.018385
73.44746,0.098532,0.028071,0.064431,0.018356
73.45319,0.098444,0.028037,0.064350,0.018327
73.45892,0.098355,0.028002,0.064270,0.018298
73.46465,0.098266,0.027967,0.064189,0.018269
73.47038,0.098177,0.027932,0.064108,0.018239
73.47611,0.098087,0.027897,0.064027,0.018210
73.48184,0.097997,0.027862,0.063945,0.018181
73.48757,0.097907,0.027827,0.063864,0.018152
73.49330,0.097816,0.027792,0.063782,0.018122
73.49903,0.097726,0.027757,0.063700,0.018093
73.50476,0.097635,0.027722,0.063619,0.018064
73.51049,0.097543,0.027687,0.063536,0.018034
73.51621,0.097452,0.027651,0.063454,0.018005
73.52194,0.097360,0.027616,0.063372,0.017975
73.52767,0.097268,0.027581,0.063290,0.017946
73.53340,0.097175,0.027545,0.063207,0.017916
73.53913,0.097083,0.027509,0.063124,0.017887
73.54486,0.096990,0.027474,0.063042,0.017857
73.55059,0.096897,0.027438,0.062959,0.017828
73.55632,0.096803,0.027402,0.062876,0.017798
73.56205,0.096709,0.027367,0.062792,0.017769
73.56778,0.096615,0.027331,0.062709,0.017739
73.57351,0.096521,0.027295,0.062625,0.017710
73.57924,0.096427,0.027259,0.062542,0.017680
73.58497,0.096332,0.027223,0.062458,0.017650
73.59070,0.096237,0.027187,0.062374,0.017621
73.59643,0.096141,0.027150,0.062290,0.017591
73.60216,0.096045,0.027114,0.062206,0.017561
73.60789,0.095950,0.027078,0.062122,0.017531
73.61362,0.095853,0.027042,0.062037,0.017502
73.61935,0.095757,0.027005,0.061953,0.017472
73.62508,0.095660,0.026969,0.061868,0.017442
73.63081,0.095563,0.026932,0.061783,0.017412
73.63654,0.095466,0.026896,0.061698,0.017382
73.64227,0.095368,0.026859,0.061613,0.017352
73.64799,0.095270,0.026822,0.061528,0.017323
73.65372,0.095172,0.026785,0.061443,0.017293
73.65945,0.095074,0.026749,0.061357,0.017263
73.66518,0.094975,0.026712,0.061272,0.017233
73.67091,0.094876,0.026675,0.061186,0.017203
73.67664,0.094777,0.026638,0.061100,0.017173
73.68237,0.094678,0.026601,0.061015,0.017143
73.68810,0.094578,0.026564,0.060928,0.017113
73.69383,0.094478,0.026527,0.060842,0.017083
73.69956,0.094378,0.026489,0.060756,0.017053
73.70529,0.094277,0.026452,0.060670,0.017023
73.71102,0.094177,0.026415,0.060583,0.016992
73.71675,0.094076,0.026377,0.060496,0.016962
73.72248,0.093974,0.026340,0.060410,0.016932
73.72821,0.093873,0.026303,0.060323,0.016902
73.73394,0.093771,0.026265,0.060236,0.016872
73.73967,0.093669,0.026227,0.060148,0.016842
73.74540,0.093566,0.026190,0.060061,0.016811
73.75113,0.093464,0.026152,0.059974,0.016781
73.75686,0.093361,0.026114,0.059886,0.016751
73.76259,0.093258,0.026077,0.059799,0.016721
73.76832,0.093154,0.026039,0.059711,0.016691
73.77405,0.093051,0.026001,0.059623,0.016660
73.77978,0.092947,0.025963,0.059535,0.016630
73.78550,0.092843,0.025925,0.059447,0.016600
73.79123,0.092738,0.025887,0.059359,0.016569
73.79696,0.092633,0.025849,0.059270,0.016539
73.80269,0.092528,0.025810,0.059182,0.016509
73.80842,0.092423,0.025772,0.059093,0.016478
73.81415,0.092318,0.025734,0.059005,0.016448
73.81988,0.092212,0.025696,0.058916,0.016417
73.82561,0.092106,0.025657,0.058827,0.016387
73.83134,0.092000,0.025619,0.058738,0.016357
73.83707,0.091893,0.025580,0.058649,0.016326
73.84280,0.091786,0.025542,0.058560,0.016296
73.84853,0.091679,0.025503,0.058470,0.016265
73.85426,0.091572,0.025465,0.058381,0.016235
73.85999,0.091465,0.025426,0.058291,0.016204
73.86572,0.091357,0.025387,0.058202,0.016174
73.87145,0.091249,0.025348,0.058112,0.016143
73.87718,0.091140,0.025309,0.058022,0.016113
73.88291,0.091032,0.025271,0.057932,0.016082
73.88864,0.090923,0.025232,0.057842,0.016051
73.89437,0.090814,0.025193,0.057751,0.016021
73.90010,0.090705,0.025154,0.057661,0.015990
73.90583,0.090595,0.025114,0.057571,0.015960
73.91156,0.090485,0.025075,0.057480,0.015929
73.91729,0.090375,0.025036,0.057389,0.015898
73.92301,0.090265,0.024997,0.057299,0.015868
73.92874,0.090154,0.024958,0.057208,0.015837
73.93447,0.090043,0.024918,0.057117,0.015806
73.94020,0.089932,0.024879,0.057026,0.015776
73.94593,0.089821,0.024839,0.056934,0.015745
73.95166,0.089709,0.024800,0.056843,0.015714
73.95739,0.089597,0.024760,0.056752,0.015683
73.96312,0.089485,0.024721,0.056660,0.015653
73.96885,0.089373,0.024681,0.056568,0.015622
73.97458,0.089260,0.024642,0.056477,0.015591
73.98031,0.089148,0.024602,0.056385,0.015560
73.98604,0.089034,0.024562,0.056293,0.015530
73.99177,0.088921,0.024522,0.056201,0.015499
73.99750,0.088808,0.024482,0.056109,0.015468
74.00323,0.088694,0.024442,0.056016,0.015437
74.00896,0.088580,0.024403,0.055924,0.015406
74.01469,0.088465,0.024363,0.055832,0.015376
74.02042,0.088351,0.024322,0.055739,0.015345
74.02615,0.088236,0.024282,0.055646,0.015314
74.03188,0.088121,0.024242,0.055554,0.015283
74.03761,0.088006,0.024202,0.055461,0.015252
74.04334,0.087890,0.024162,0.055368,0.015221
74.04907,0.087774,0.024122,0.055275,0.015190
74.05480,0.087658,0.024081,0.055182,0.015159
74.06052,0.087542,0.024041,0.055088,0.015128
74.06625,0.087425,0.024000,0.054995,0.015098
74.07198,0.087309,0.023960,0.054902,0.015067
74.07771,0.087192,0.023920,0.054808,0.015036
74.08344,0.087074,0.023879,0.054714,0.015005
74.08917,0.086957,0.023838,0.054621,0.014974
74.09490,0.086839,0.023798,0.054527,0.014943
74.10063,0.086721,0.023757,0.054433,0.014912
74.10636,0.086603,0.023716,0.054339,0.014881
74.11209,0.086484,0.023676,0.054245,0.014850
74.11782,0.086366,0.023635,0.054151,0.014819
74.12355,0.086247,0.023594,0.054056,0.014788
74.12928,0.086128,0.023553,0.053962,0.014757
74.13501,0.086008,0.023512,0.053868,0.014726
74.14074,0.085889,0.023471,0.053773,0.014695
74.14647,0.085769,0.023430,0.053678,0.014664
74.15220,0.085649,0.023389,0.053584,0.014633
74.15793,0.085528,0.023348,0.053489,0.014602
74.16366,0.085408,0.023307,0.053394,0.014571
74.16939,0.085287,0.023266,0.053299,0.014540
74.17512,0.085166,0.023225,0.053204,0.014509
74.18085,0.085044,0.023183,0.053108,0.014477
74.18658,0.084923,0.023142,0.053013,0.014446
74.19230,0.084801,0.023101,0.052918,0.014415
74.19803,0.084679,0.023059,0.052822,0.014384
74.20376,0.084557,0.023018,0.052727,0.014353
74.20949,0.084435,0.022976,0.052631,0.014322
74.21522,0.084312,0.022935,0.052535,0.014291
74.22095,0.084189,0.022893,0.052440,0.014260
74.22668,0.084066,0.022852,0.052344,0.014229
74.23241,0.083942,0.022810,0.052248,0.014198
74.23814,0.083819,0.022768,0.052152,0.014166
74.24387,0.083695,0.022727,0.052056,0.014135
74.24960,0.083571,0.022685,0.051959,0.014104
74.25533,0.083446,0.022643,0.051863,0.014073
74.26106,0.083322,0.022601,0.051767,0.014042
74.26679,0.083197,0.022560,0.051670,0.014011
74.27252,0.083072,0.022518,0.051574,0.013980
74.27825,0.082947,0.022476,0.051477,0.013948
74.28398,0.082822,0.022434,0.051380,0.013917
74.28971,0.082696,0.022392,0.051283,0.013886
74.29544,0.082570,0.022350,0.051186,0.013855
74.30117,0.082444,0.022308,0.051089,0.013824
74.30690,0.082317,0.022266,0.050992,0.013793
74.31263,0.082191,0.022223,0.050895,0.013761
74.31836,0.082064,0.022181,0.050798,0.013730
74.32409,0.081937,0.022139,0.050701,0.013699
74.32981,0.081810,0.022097,0.050603,0.013668
74.33554,0.081682,0.022054,0.050506,0.013637
74.34127,0.081555,0.022012,0.050408,0.013606
74.34700,0.081427,0.021970,0.050311,0.013574
74.35273,0.081299,0.021927,0.050213,0.013543
74.35846,0.081170,0.021885,0.050115,0.013512
74.36419,0.081042,0.021842,0.050018,0.013481
74.36992,0.080913,0.021800,0.049920,0.013450
74.37565,0.080784,0.021757,0.049822,0.013418
74.38138,0.080654,0.021715,0.049724,0.013387
74.38711,0.080525,0.021672,0.049626,0.013356
74.39284,0.080395,0.021630,0.049527,0.013325
74.39857,0.080265,0.021587,0.049429,0.013294
74.40430,0.080135,0.021544,0.049331,0.013262
74.41003,0.080005,0.021501,0.049232,0.013231
74.41576,0.079874,0.021459,0.049134,0.013200
74.42149,0.079744,0.021416,0.049035,0.013169
74.42722,0.079613,0.021373,0.048937,0.013138
74.43295,0.079481,0.021330,0.048838,0.013106
74.43868,0.079350,0.021287,0.048739,0.013075
74.44441,0.079218,0.021244,0.048640,0.013044
74.45014,0.079086,0.021201,0.048541,0.013013
74.45587,0.078954,0.021158,0.048442,0.012982
74.46160,0.078822,0.021115,0.048343,0.012950
74.46732,0.078690,0.021072,0.048244,0.012919
74.47305,0.078557,0.021029,0.048145,0.012888
74.47878,0.078424,0.020986,0.048046,0.012857
74.48451,0.078291,0.020943,0.047946,0.012826
74.49024,0.078157,0.020899,0.047847,0.012794
74.49597,0.078024,0.020856,0.047747,0.012763
74.50170,0.077890,0.020813,0.047648,0.012732
74.50743,0.077756,0.020770,0.047548,0.012701
74.51316,0.077622,0.020726,0.047449,0.012670
74.51889,0.077487,0.020683,0.047349,0.012638
74.52462,0.077353,0.020640,0.047249,0.012607
74.53035,0.077218,0.020596,0.047149,0.012576
74.53608,0.077083,0.020553,0.047049,0.012545
74.54181,0.076948,0.020509,0.046949,0.012514
74.54754,0.076812,0.020466,0.046849,0.012482
74.55327,0.076677,0.020422,0.046749,0.012451
74.55900,0.076541,0.020379,0.046649,0.012420
74.56473,0.076405,0.020335,0.046549,0.012389
74.57046,0.076268,0.020291,0.046449,0.012358
74.57619,0.076132,0.020248,0.046348,0.012327
74.58192,0.075995,0.020204,0.046248,0.012295
74.58765,0.075858,0.020160,0.046147,0.012264
74.59338,0.075721,0.020117,0.046047,0.012233
74.59910,0.075584,0.020073,0.045946,0.012202
74.60483,0.075446,0.020029,0.045846,0.012171
74.61056,0.075309,0.019985,0.045745,0.012140
74.61629,0.075171,0.019941,0.045644,0.012109
74.62202,0.075033,0.019898,0.045543,0.012077
74.62775,0.074894,0.019854,0.045442,0.012046
74.63348,0.074756,0.019810,0.045341,0.012015
74.63921,0.074617,0.019766,0.045240,0.011984
74.64494,0.074478,0.019722,0.045139,0.011953
74.65067,0.074339,0.019678,0.045038,0.011922
74.65640,0.074200,0.019634,0.044937,0.011891
74.66213,0.074060,0.019590,0.044836,0.011860
74.66786,0.073921,0.019546,0.044735,0.011828
74.67359,0.073781,0.019502,0.044633,0.011797
74.67932,0.073641,0.019457,0.044532,0.011766
74.68505,0.073500,0.019413,0.044430,0.011735
74.69078,0.073360,0.019369,0.044329,0.011704
74.69651,0.073219,0.019325,0.044227,0.011673
74.70224,0.073078,0.019281,0.044126,0.011642
74.70797,0.072937,0.019236,0.044024,0.011611
74.71370,0.072796,0.019192,0.043923,0.011580
74.71943,0.072654,0.019148,0.043821,0.011549
74.72516,0.072513,0.019103,0.043719,0.011518
74.73089,0.072371,0.019059,0.043617,0.011487
74.73661,0.072229,0.019015,0.043515,0.011456
74.74234,0.072087,0.018970,0.043413,0.011425
74.74807,0.071944,0.018926,0.043311,0.011394
74.75380,0.071802,0.018881,0.043209,0.011363
74.75953,0.071659,0.018837,0.043107,0.011332
74.76526,0.071516,0.018792,0.043005,0.011301
74.77099,0.071372,0.018748,0.042903,0.011270
74.77672,0.071229,0.018703,0.042801,0.011239
74.78245,0.071086,0.018659,0.042698,0.011208
74.78818,0.070942,0.018614,0.042596,0.011177
74.79391,0.070798,0.018570,0.042494,0.011146
74.79964,0.070654,0.018525,0.042391,0.011115
74.80537,0.070509,0.018480,0.042289,0.011084
74.81110,0.070365,0.018436,0.042186,0.011053
74.81683,0.070220,0.018391,0.042084,0.011022
74.82256,0.070075,0.018346,0.041981,0.010991
74.82829,0.069930,0.018302,0.041878,0.010960
74.83402,0.069785,0.018257,0.041776,0.010929
74.83975,0.069639,0.018212,0.041673,0.010898
74.84548,0.069494,0.018167,0.041570,0.010867
74.85121,0.069348,0.018122,0.041468,0.010837
74.85694,0.069202,0.018078,0.041365,0.010806
74.86267,0.069056,0.018033,0.041262,0.010775
74.86840,0.068910,0.017988,0.041159,0.010744
74.87412,0.068763,0.017943,0.041056,0.010713
74.87985,0.068616,0.017898,0.040953,0.010682
74.88558,0.068469,0.017853,0.040850,0.010651
74.89131,0.068322,0.017808,0.040747,0.010621
74.89704,0.068175,0.017763,0.040644,0.010590
74.90277,0.068028,0.017718,0.040540,0.010559
74.90850,0.067880,0.017673,0.040437,0.010528
74.91423,0.067732,0.017628,0.040334,0.010498
74.91996,0.067584,0.017583,0.040231,0.010467
74.92569,0.067436,0.017538,0.040127,0.010436
74.93142,0.067288,0.017493,0.040024,0.010405
74.93715,0.067139,0.017448,0.039921,0.010375
74.94288,0.066991,0.017403,0.039817,0.010344
74.94861,0.066842,0.017358,0.039714,0.010313
74.95434,0.066693,0.017313,0.039610,0.010282
74.96007,0.066543,0.017268,0.039507,0.010252
74.96580,0.066394,0.017222,0.039403,0.010221
74.97153,0.066245,0.017177,0.039300,0.010190
74.97726,0.066095,0.017132,0.039196,0.010160
74.98299,0.065945,0.017087,0.039092,0.010129
74.98872,0.065795,0.017041,0.038989,0.010098
74.99445,0.065645,0.016996,0.038885,0.010068
75.00018,0.065494,0.016951,0.038781,0.010037
75.00590,0.065344,0.016906,0.038677,0.010007
75.01163,0.065193,0.016860,0.038574,0.009976
75.01736,0.065042,0.016815,0.038470,0.009945
75.02309,0.064891,0.016770,0.038366,0.009915
75.02882,0.064740,0.016724,0.038262,0.009884
75.03455,0.064588,0.016679,0.038158,0.009854
75.04028,0.064437,0.016634,0.038054,0.009823
75.04601,0.064285,0.016588,0.037950,0.009793
75.05174,0.064133,0.016543,0.037846,0.009762
75.05747,0.063981,0.016497,0.037742,0.009732
75.06320,0.063829,0.016452,0.037638,0.009701
75.06893,0.063676,0.016407,0.037534,0.009671
75.07466,0.063524,0.016361,0.037430,0.009640
75.08039,0.063371,0.016316,0.037326,0.009610
75.08612,0.063218,0.016270,0.037222,0.009580
75.09185,0.063065,0.016225,0.037117,0.009549
75.09758,0.062912,0.016179,0.037013,0.009519
75.10331,0.062758,0.016134,0.036909,0.009488
75.10904,0.062605,0.016088,0.036805,0.009458
75.11477,0.062451,0.016043,0.036700,0.009428
75.12050,0.062297,0.015997,0.036596,0.009397
75.12623,0.062143,0.015951,0.036492,0.009367
75.13196,0.061989,0.015906,0.036387,0.009337
75.13769,0.061834,0.015860,0.036283,0.009306
75.14341,0.061680,0.015815,0.036178,0.009276
75.14914,0.061525,0.015769,0.036074,0.009246
75.15487,0.061370,0.015724,0.035970,0.009216
75.16060,0.061215,0.015678,0.035865,0.009185
75.16633,0.061060,0.015632,0.035761,0.009155
75.17206,0.060905,0.015587,0.035656,0.009125
75.17779,0.060749,0.015541,0.035552,0.009095
75.18352,0.060594,0.015495,0.035447,0.009065
75.18925,0.060438,0.015450,0.035342,0.009034
75.19498,0.060282,0.015404,0.035238,0.009004
75.20071,0.060126,0.015358,0.035133,0.008974
75.20644,0.059970,0.015313,0.035029,0.008944
75.21217,0.059813,0.015267,0.034924,0.008914
75.21790,0.059657,0.015221,0.034819,0.008884
75.22363,0.059500,0.015175,0.034715,0.008854
75.22936,0.059343,0.015130,0.034610,0.008824
75.23509,0.059186,0.015084,0.034505,0.008794
75.24082,0.059029,0.015038,0.034400,0.008764
75.24655,0.058872,0.014992,0.034296,0.008734
75.25228,0.058714,0.014947,0.034191,0.008704
75.25801,0.058557,0.014901,0.034086,0.008674
75.26374,0.058399,0.014855,0.033981,0.008644
75.26947,0.058241,0.014809,0.033877,0.008614
75.27520,0.058083,0.014763,0.033772,0.008584
75.28092,0.057925,0.014718,0.033667,0.008554
75.28665,0.057767,0.014672,0.033562,0.008524
75.29238,0.057608,0.014626,0.033457,0.008494
75.29811,0.057450,0.014580,0.033352,0.008465
75.30384,0.057291,0.014534,0.033248,0.008435
75.30957,0.057132,0.014488,0.033143,0.008405
75.31530,0.056973,0.014443,0.033038,0.008375
75.32103,0.056814,0.014397,0.032933,0.008345
75.32676,0.056654,0.014351,0.032828,0.008316
75.33249,0.056495,0.014305,0.032723,0.008286
75.33822,0.056335,0.014259,0.032618,0.008256
75.34395,0.056176,0.014213,0.032513,0.008226
75.34968,0.056016,0.014167,0.032408,0.008197
75.35541,0.055856,0.014122,0.032303,0.008167
75.36114,0.055695,0.014076,0.032198,0.008137
75.36687,0.055535,0.014030,0.032093,0.008108
75.37260,0.055375,0.013984,0.031988,0.008078
75.37833,0.055214,0.013938,0.031883,0.008049
75.38406,0.055053,0.013892,0.031778,0.008019
75.38979,0.054892,0.013846,0.031673,0.007989
75.39552,0.054731,0.013800,0.031568,0.007960
75.40125,0.054570,0.013754,0.031463,0.007930
75.40698,0.054409,0.013708,0.031358,0.007901
75.41270,0.054248,0.013663,0.031253,0.007871
75.41843,0.054086,0.013617,0.031148,0.007842
75.42416,0.053924,0.013571,0.031043,0.007812
75.42989,0.053763,0.013525,0.030938,0.007783
75.43562,0.053601,0.013479,0.030833,0.007754
75.44135,0.053439,0.013433,0.030728,0.007724
75.44708,0.053276,0.013387,0.030623,0.007695
75.45281,0.053114,0.013341,0.030518,0.007666
75.45854,0.052952,0.013295,0.030413,0.007636
75.46427,0.052789,0.013249,0.030308,0.007607
75.47000,0.052626,0.013203,0.030203,0.007578
75.47573,0.052463,0.013157,0.030098,0.007548
75.48146,0.052300,0.013111,0.029993,0.007519
75.48719,0.052137,0.013065,0.029888,0.007490
75.49292,0.051974,0.013019,0.029783,0.007461
75.49865,0.051811,0.012974,0.029678,0.007431
75.50438,0.051647,0.012928,0.029573,0.007402
75.51011,0.051484,0.012882,0.029468,0.007373
75.51584,0.051320,0.012836,0.029363,0.007344
75.52157,0.051156,0.012790,0.029258,0.007315
75.52730,0.050992,0.012744,0.029153,0.007286
75.53303,0.050828,0.012698,0.029048,0.007257
75.53876,0.050664,0.012652,0.028943,0.007228
75.54449,0.050499,0.012606,0.028838,0.007199
75.55021,0.050335,0.012560,0.028733,0.007170
75.55594,0.050170,0.012514,0.028628,0.007141
75.56167,0.050005,0.012468,0.028523,0.007112
75.56740,0.049840,0.012422,0.028418,0.007083
75.57313,0.049675,0.012376,0.028313,0.007054
75.57886,0.049510,0.012330,0.028208,0.007025
75.58459,0.049345,0.012284,0.028103,0.006996
75.59032,0.049180,0.012239,0.027998,0.006967
75.59605,0.049014,0.012193,0.027893,0.006939
75.60178,0.048849,0.012147,0.027788,0.006910
75.60751,0.048683,0.012101,0.027683,0.006881
75.61324,0.048517,0.012055,0.027578,0.006852
75.61897,0.048351,0.012009,0.027474,0.006824
75.62470,0.048185,0.011963,0.027369,0.006795
75.63043,0.048019,0.011917,0.027264,0.006766
75.63616,0.047853,0.011871,0.027159,0.006738
75.64189,0.047687,0.011825,0.027054,0.006709
75.64762,0.047520,0.011780,0.026949,0.006680
75.65335,0.047354,0.011734,0.026844,0.006652
75.65908,0.047187,0.011688,0.026739,0.006623
75.66481,0.047020,0.011642,0.026635,0.006595
75.67054,0.046853,0.011596,0.026530,0.006566
75.67627,0.046686,0.011550,0.026425,0.006538
75.68200,0.046519,0.011504,0.026320,0.006509
75.68772,0.046352,0.011458,0.026215,0.006481
75.69345,0.046184,0.011413,0.026111,0.006452
75.69918,0.046017,0.011367,0.026006,0.006424
75.70491,0.045849,0.011321,0.025901,0.006395
75.71064,0.045681,0.011275,0.025796,0.006367
75.71637,0.045514,0.011229,0.025692,0.006339
75.72210,0.045346,0.011183,0.025587,0.006310
75.72783,0.045178,0.011138,0.025482,0.006282
75.73356,0.045010,0.011092,0.025378,0.006254
75.73929,0.044841,0.011046,0.025273,0.006226
75.74502,0.044673,0.011000,0.025168,0.006197
75.75075,0.044504,0.010954,0.025064,0.006169
75.75648,0.044336,0.010909,0.024959,0.006141
75.76221,0.044167,0.010863,0.024855,0.006113
75.76794,0.043999,0.010817,0.024750,0.006085
75.77367,0.043830,0.010771,0.024646,0.006057
75.77940,0.043661,0.010726,0.024541,0.006029
75.78513,0.043492,0.010680,0.024437,0.006001
75.79086,0.043323,0.010634,0.024332,0.005973
75.79659,0.043153,0.010588,0.024228,0.005945
75.80232,0.042984,0.010543,0.024123,0.005917
75.80805,0.042815,0.010497,0.024019,0.005889
75.81378,0.042645,0.010451,0.023914,0.005861
75.81951,0.042475,0.010405,0.023810,0.005833
75.82523,0.042306,0.010360,0.023706,0.005805
75.83096,0.042136,0.010314,0.023601,0.005777
75.83669,0.041966,0.010268,0.023497,0.005749
75.84242,0.041796,0.010223,0.023393,0.005722
75.84815,0.041626,0.010177,0.023288,0.005694
75.85388,0.041455,0.010132,0.023184,0.005666
75.85961,0.041285,0.010086,0.023080,0.005638
75.86534,0.041115,0.010040,0.022976,0.005611
75.87107,0.040944,0.009995,0.022872,0.005583
75.87680,0.040774,0.009949,0.022767,0.005555
75.88253,0.040603,0.009903,0.022663,0.005528
75.88826,0.040432,0.009858,0.022559,0.005500
75.89399,0.040261,0.009812,0.022455,0.005473
75.89972,0.040090,0.009767,0.022351,0.005445
75.90545,0.039919,0.009721,0.022247,0.005418
75.91118,0.039748,0.009676,0.022143,0.005390
75.91691,0.039577,0.009630,0.022039,0.005363
75.92264,0.039406,0.009585,0.021935,0.005335
75.92837,0.039234,0.009539,0.021831,0.005308
75.93410,0.039063,0.009494,0.021727,0.005281
75.93983,0.038891,0.009448,0.021624,0.005253
75.94556,0.038720,0.009403,0.021520,0.005226
75.95129,0.038548,0.009357,0.021416,0.005199
75.95701,0.038376,0.009312,0.021312,0.005171
75.96274,0.038204,0.009267,0.021208,0.005144
75.96847,0.038032,0.009221,0.021105,0.005117
75.97420,0.037860,0.009176,0.021001,0.005090
75.97993,0.037688,0.009130,0.020897,0.005063
75.98566,0.037516,0.009085,0.020794,0.005036
75.99139,0.037343,0.009040,0.020690,0.005008
75.99712,0.037171,0.008994,0.020587,0.004981
76.00285,0.036998,0.008949,0.020483,0.004954
76.00858,0.036826,0.008904,0.020380,0.004927
76.01431,0.036653,0.008858,0.020276,0.004900
76.02004,0.036481,0.008813,0.020173,0.004873
76.02577,0.036308,0.008768,0.020069,0.004846
76.03150,0.036135,0.008723,0.019966,0.004820
76.03723,0.035962,0.008677,0.019863,0.004793
76.04296,0.035789,0.008632,0.019759,0.004766
76.04869,0.035616,0.008587,0.019656,0.004739
76.05442,0.035443,0.008542,0.019553,0.004712
76.06015,0.035269,0.008497,0.019450,0.004686
76.06588,0.035096,0.008451,0.019347,0.004659
76.07161,0.034923,0.008406,0.019243,0.004632
76.07734,0.034749,0.008361,0.019140,0.004605
76.08307,0.034576,0.008316,0.019037,0.004579
76.08880,0.034402,0.008271,0.018934,0.004552
76.09452,0.034228,0.008226,0.018831,0.004526
76.10025,0.034055,0.008181,0.018729,0.004499
76.10598,0.033881,0.008136,0.018626,0.004473
76.11171,0.033707,0.008091,0.018523,0.004446
76.11744,0.033533,0.008046,0.018420,0.004420
76.12317,0.033359,0.008001,0.018317,0.004393
76.12890,0.033185,0.007956,0.018214,0.004367
76.13463,0.033011,0.007911,0.018112,0.004340
76.14036,0.032836,0.007866,0.018009,0.004314
76.14609,0.032662,0.007821,0.017906,0.004288
76.15182,0.032488,0.007776,0.017804,0.004261
76.15755,0.032313,0.007731,0.017701,0.004235
76.16328,0.032139,0.007686,0.017599,0.004209
76.16901,0.031964,0.007641,0.017496,0.004183
76.17474,0.031790,0.007597,0.017394,0.004157
76.18047,0.031615,0.007552,0.017292,0.004130
76.18620,0.031440,0.007507,0.017189,0.004104
76.19193,0.031265,0.007462,0.017087,0.004078
76.19766,0.031091,0.007417,0.016985,0.004052
76.20339,0.030916,0.007373,0.016883,0.004026
76.20912,0.030741,0.007328,0.016780,0.004000
76.21485,0.030566,0.007283,0.016678,0.003974
76.22058,0.030390,0.007239,0.016576,0.003948
76.22631,0.030215,0.007194,0.016474,0.003922
76.23203,0.030040,0.007149,0.016372,0.003896
76.23776,0.029865,0.007105,0.016270,0.003871
76.24349,0.029689,0.007060,0.016169,0.003845
76.24922,0.029514,0.007015,0.016067,0.003819
76.25495,0.029339,0.006971,0.015965,0.003793
76.26068,0.029163,0.006926,0.015863,0.003768
76.26641,0.028987,0.006882,0.015761,0.003742
76.27214,0.028812,0.006837,0.015660,0.003716
76.27787,0.028636,0.006793,0.015558,0.003691
76.28360,0.028460,0.006748,0.015457,0.003665
76.28933,0.028285,0.006704,0.015355,0.003639
76.29506,0.028109,0.006660,0.015254,0.003614
76.30079,0.027933,0.006615,0.015152,0.003588
76.30652,0.027757,0.006571,0.015051,0.003563
76.31225,0.027581,0.006527,0.014950,0.003538
76.31798,0.027405,0.006482,0.014848,0.003512
76.32371,0.027229,0.006438,0.014747,0.003487
76.32944,0.027053,0.006394,0.014646,0.003461
76.33517,0.026877,0.006349,0.014545,0.003436
76.34090,0.026700,0.006305,0.014444,0.003411
76.34663,0.026524,0.006261,0.014343,0.003386
76.35236,0.026348,0.006217,0.014242,0.003360
76.35809,0.026171,0.006173,0.014141,0.003335
76.36381,0.025995,0.006128,0.014040,0.003310
76.36954,0.025818,0.006084,0.013939,0.003285
76.37527,0.025642,0.006040,0.013839,0.003260
76.38100,0.025465,0.005996,0.013738,0.003235
76.38673,0.025289,0.005952,0.013637,0.003210
76.39246,0.025112,0.005908,0.013537,0.003185
76.39819,0.024936,0.005864,0.013436,0.003160
76.40392,0.024759,0.005820,0.013336,0.003135
76.40965,0.024582,0.005776,0.013235,0.003110
76.41538,0.024405,0.005732,0.013135,0.003085
76.42111,0.024228,0.005688,0.013034,0.003060
76.42684,0.024052,0.005645,0.012934,0.003035
76.43257,0.023875,0.005601,0.012834,0.003011
76.43830,0.023698,0.005557,0.012734,0.002986
76.44403,0.023521,0.005513,0.012634,0.002961
76.44976,0.023344,0.005469,0.012534,0.002937
76.45549,0.023167,0.005426,0.012434,0.002912
76.46122,0.022989,0.005382,0.012334,0.002887
76.46695,0.022812,0.005338,0.012234,0.002863
76.47268,0.022635,0.005295,0.012134,0.002838
76.47841,0.022458,0.005251,0.012034,0.002814
76.48414,0.022281,0.005207,0.011935,0.002789
76.48987,0.022103,0.005164,0.011835,0.002765
76.49560,0.021926,0.005120,0.011735,0.002740
76.50132,0.021749,0.005077,0.011636,0.002716
76.50705,0.021571,0.005033,0.011536,0.002692
76.51278,0.021394,0.004990,0.011437,0.002667
76.51851,0.021217,0.004946,0.011338,0.002643
76.52424,0.021039,0.004903,0.011238,0.002619
76.52997,0.020862,0.004859,0.011139,0.002595
76.53570,0.020684,0.004816,0.011040,0.002571
76.54143,0.020506,0.004773,0.010941,0.002546
76.54716,0.020329,0.004729,0.010842,0.002522
76.55289,0.020151,0.004686,0.010743,0.002498
76.55862,0.019974,0.004643,0.010644,0.002474
76.56435,0.019796,0.004600,0.010545,0.002450
76.57008,0.019618,0.004556,0.010446,0.002426
76.57581,0.019441,0.004513,0.010348,0.002402
76.58154,0.019263,0.004470,0.010249,0.002378
76.58727,0.019085,0.004427,0.010150,0.002355
76.59300,0.018907,0.004384,0.010052,0.002331
76.59873,0.018730,0.004341,0.009953,0.002307
76.60446,0.018552,0.004298,0.009855,0.002283
76.61019,0.018374,0.004255,0.009757,0.002259
76.61592,0.018196,0.004212,0.009658,0.002236
76.62165,0.018018,0.004169,0.009560,0.002212
76.62738,0.017840,0.004126,0.009462,0.002188
76.63311,0.017662,0.004083,0.009364,0.002165
76.63883,0.017484,0.004040,0.009266,0.002141
76.64456,0.017306,0.003998,0.009168,0.002118
76.65029,0.017128,0.003955,0.009070,0.002094
76.65602,0.016950,0.003912,0.008972,0.002071
76.66175,0.016772,0.003869,0.008874,0.002047
76.66748,0.016594,0.003827,0.008777,0.002024
76.67321,0.016416,0.003784,0.008679,0.002001
76.67894,0.016238,0.003741,0.008582,0.001977
76.68467,0.016060,0.003699,0.008484,0.001954
76.69040,0.015882,0.003656,0.008387,0.001931
76.69613,0.015704,0.003614,0.008289,0.001908
76.70186,0.015526,0.003571,0.008192,0.001884
76.70759,0.015348,0.003529,0.008095,0.001861
76.71332,0.015169,0.003486,0.007998,0.001838
76.71905,0.014991,0.003444,0.007901,0.001815
76.72478,0.014813,0.003402,0.007804,0.001792
76.73051,0.014635,0.003359,0.007707,0.001769
76.73624,0.014457,0.003317,0.007610,0.001746
76.74197,0.014279,0.003275,0.007513,0.001723
76.74770,0.014100,0.003232,0.007416,0.001700
76.75343,0.013922,0.003190,0.007320,0.001677
76.75916,0.013744,0.003148,0.007223,0.001654
76.76489,0.013566,0.003106,0.007127,0.001632
76.77061,0.013388,0.003064,0.007030,0.001609
76.77634,0.013209,0.003022,0.006934,0.001586
76.78207,0.013031,0.002980,0.006838,0.001563
76.78780,0.012853,0.002938,0.006741,0.001541
76.79353,0.012675,0.002896,0.006645,0.001518
76.79926,0.012496,0.002854,0.006549,0.001496
76.80499,0.012318,0.002812,0.006453,0.001473
76.81072,0.012140,0.002770,0.006357,0.001451
76.81645,0.011962,0.002728,0.006261,0.001428
76.82218,0.011783,0.002686,0.006166,0.001406
76.82791,0.011605,0.002645,0.006070,0.001383
76.83364,0.011427,0.002603,0.005974,0.001361
76.83937,0.011248,0.002561,0.005879,0.001338
76.84510,0.011070,0.002519,0.005783,0.001316
76.85083,0.010892,0.002478,0.005688,0.001294
76.85656,0.010714,0.002436,0.005593,0.001272
76.86229,0.010535,0.002395,0.005497,0.001250
76.86802,0.010357,0.002353,0.005402,0.001227
76.87375,0.010179,0.002312,0.005307,0.001205
76.87948,0.010001,0.002270,0.005212,0.001183
76.88521,0.009822,0.002229,0.005117,0.001161
76.89094,0.009644,0.002187,0.005022,0.001139
76.89667,0.009466,0.002146,0.004928,0.001117
76.90240,0.009288,0.002105,0.004833,0.001095
76.90812,0.009110,0.002063,0.004738,0.001073
76.91385,0.008931,0.002022,0.004644,0.001051
76.91958,0.008753,0.001981,0.004549,0.001030
76.92531,0.008575,0.001940,0.004455,0.001008
76.93104,0.008397,0.001899,0.004361,0.000986
76.93677,0.008219,0.001858,0.004266,0.000964
76.94250,0.008041,0.001817,0.004172,0.000943
76.94823,0.007862,0.001776,0.004078,0.000921
76.95396,0.007684,0.001735,0.003984,0.000899
76.95969,0.007506,0.001694,0.003890,0.000878
76.96542,0.007328,0.001653,0.003796,0.000856
76.97115,0.007150,0.001612,0.003703,0.000835
76.97688,0.006972,0.001571,0.003609,0.000813
76.98261,0.006794,0.001530,0.003515,0.000792
76.98834,0.006616,0.001490,0.003422,0.000770
76.99407,0.006438,0.001449,0.003328,0.000749
76.99980,0.006260,0.001408,0.003235,0.000728
77.00553,0.006082,0.001368,0.003142,0.000706
77.01126,0.005904,0.001327,0.003049,0.000685
77.01699,0.005726,0.001286,0.002956,0.000664
77.02272,0.005548,0.001246,0.002863,0.000643
77.02845,0.005370,0.001205,0.002770,0.000622
77.03418,0.005192,0.001165,0.002677,0.000601
77.03991,0.005014,0.001125,0.002584,0.000580
77.04563,0.004836,0.001084,0.002491,0.000559
77.05136,0.004658,0.001044,0.002399,0.000538
77.05709,0.004480,0.001004,0.002306,0.000517
77.06282,0.004303,0.000963,0.002214,0.000496
77.06855,0.004125,0.000923,0.002122,0.000475
77.07428,0.003947,0.000883,0.002029,0.000454
77.08001,0.003769,0.000843,0.001937,0.000433
77.08574,0.003592,0.000803,0.001845,0.000412
77.09147,0.003414,0.000763,0.001753,0.000392
77.09720,0.003236,0.000723,0.001661,0.000371
77.10293,0.003059,0.000683,0.001569,0.000350
77.10866,0.002881,0.000643,0.001478,0.000330
77.11439,0.002703,0.000603,0.001386,0.000309
77.12012,0.002526,0.000563,0.001295,0.000289
77.12585,0.002348,0.000523,0.001203,0.000268
77.13158,0.002171,0.000483,0.001112,0.000248
77.13731,0.001993,0.000444,0.001020,0.000227
77.14304,0.001816,0.000404,0.000929,0.000207
77.14877,0.001639,0.000364,0.000838,0.000186
77.15450,0.001461,0.000325,0.000747,0.000166
77.16023,0.001284,0.000285,0.000656,0.000146
77.16596,0.001106,0.000246,0.000565,0.000126
77.17169,0.000929,0.000206,0.000475,0.000105
77.17742,0.000752,0.000167,0.000384,0.000085
77.18314,0.000575,0.000127,0.000293,0.000065
77.18887,0.000398,0.000088,0.000203,0.000045
77.19460,0.000220,0.000049,0.000112,0.000025
77.20033,0.000043,0.000010,0.000022,0.000005
77.20606,0.000134,0.000030,0.000068,0.000015
77.21179,0.000311,0.000069,0.000158,0.000035
77.21752,0.000488,0.000108,0.000248,0.000055
77.22325,0.000665,0.000147,0.000338,0.000075
77.22898,0.000842,0.000186,0.000428,0.000095
77.23471,0.001019,0.000225,0.000518,0.000114
77.24044,0.001195,0.000264,0.000608,0.000134
77.24617,0.001372,0.000303,0.000697,0.000154
77.25190,0.001549,0.000342,0.000787,0.000174
77.25763,0.001726,0.000381,0.000876,0.000193
77.26336,0.001902,0.000419,0.000965,0.000213
77.26909,0.002079,0.000458,0.001054,0.000232
77.27482,0.002256,0.000497,0.001144,0.000252
77.28055,0.002432,0.000536,0.001233,0.000271
77.28628,0.002609,0.000574,0.001322,0.000291
77.29201,0.002785,0.000613,0.001410,0.000310
77.29774,0.002962,0.000651,0.001499,0.000330
77.30347,0.003138,0.000690,0.001588,0.000349
77.30920,0.003314,0.000728,0.001676,0.000368
77.31492,0.003491,0.000767,0.001765,0.000388
77.32065,0.003667,0.000805,0.001853,0.000407
77.32638,0.003843,0.000843,0.001941,0.000426
77.33211,0.004019,0.000881,0.002030,0.000445
77.33784,0.004195,0.000920,0.002118,0.000464
77.34357,0.004372,0.000958,0.002206,0.000483
77.34930,0.004548,0.000996,0.002293,0.000502
77.35503,0.004723,0.001034,0.002381,0.000521
77.36076,0.004899,0.001072,0.002469,0.000540
77.36649,0.005075,0.001110,0.002557,0.000559
77.37222,0.005251,0.001148,0.002644,0.000578
77.37795,0.005427,0.001186,0.002731,0.000597
77.38368,0.005603,0.001224,0.002819,0.000616
77.38941,0.005778,0.001262,0.002906,0.000634
77.39514,0.005954,0.001299,0.002993,0.000653
77.40087,0.006129,0.001337,0.003080,0.000672
77.40660,0.006305,0.001375,0.003167,0.000690
77.41233,0.006480,0.001412,0.003254,0.000709
77.41806,0.006656,0.001450,0.003340,0.000728
77.42379,0.006831,0.001487,0.003427,0.000746
77.42952,0.007006,0.001525,0.003514,0.000765
77.43525,0.007181,0.001562,0.003600,0.000783
77.44098,0.007356,0.001600,0.003686,0.000802
77.44671,0.007532,0.001637,0.003773,0.000820
77.45243,0.007707,0.001674,0.003859,0.000838
77.45816,0.007882,0.001712,0.003945,0.000857
77.46389,0.008056,0.001749,0.004031,0.000875
77.46962,0.008231,0.001786,0.004116,0.000893
77.47535,0.008406,0.001823,0.004202,0.000911
77.48108,0.008581,0.001860,0.004288,0.000929
77.48681,0.008755,0.001897,0.004373,0.000948
77.49254,0.008930,0.001934,0.004459,0.000966
77.49827,0.009105,0.001971,0.004544,0.000984
77.50400,0.009279,0.002008,0.004629,0.001002
77.50973,0.009453,0.002045,0.004714,0.001020
77.51546,0.009628,0.002081,0.004799,0.001037
77.52119,0.009802,0.002118,0.004884,0.001055
77.52692,0.009976,0.002155,0.004969,0.001073
77.53265,0.010150,0.002191,0.005054,0.001091
77.53838,0.010325,0.002228,0.005138,0.001109
77.54411,0.010499,0.002264,0.005223,0.001126
77.54984,0.010672,0.002301,0.005307,0.001144
77.55557,0.010846,0.002337,0.005391,0.001162
77.56130,0.011020,0.002374,0.005476,0.001179
77.56703,0.011194,0.002410,0.005560,0.001197
77.57276,0.011368,0.002446,0.005644,0.001215
77.57849,0.011541,0.002483,0.005728,0.001232
77.58422,0.011715,0.002519,0.005811,0.001249
77.58994,0.011888,0.002555,0.005895,0.001267
77.59567,0.012061,0.002591,0.005978,0.001284
77.60140,0.012235,0.002627,0.006062,0.001302
77.60713,0.012408,0.002663,0.006145,0.001319
77.61286,0.012581,0.002699,0.006229,0.001336
77.61859,0.012754,0.002735,0.006312,0.001353
77.62432,0.012927,0.002771,0.006395,0.001371
77.63005,0.013100,0.002806,0.006478,0.001388
77.63578,0.013273,0.002842,0.006560,0.001405
77.64151,0.013446,0.002878,0.006643,0.001422
77.64724,0.013619,0.002913,0.006726,0.001439
77.65297,0.013791,0.002949,0.006808,0.001456
77.65870,0.013964,0.002985,0.006891,0.001473
77.66443,0.014136,0.003020,0.006973,0.001490
77.67016,0.014309,0.003055,0.007055,0.001507
77.67589,0.014481,0.003091,0.007137,0.001523
77.68162,0.014653,0.003126,0.007219,0.001540
77.68735,0.014825,0.003161,0.007301,0.001557
77.69308,0.014997,0.003197,0.007383,0.001574
77.69881,0.015169,0.003232,0.007464,0.001590
77.70454,0.015341,0.003267,0.007546,0.001607
77.71027,0.015513,0.003302,0.007627,0.001624
77.71600,0.015685,0.003337,0.007709,0.001640
77.72172,0.015856,0.003372,0.007790,0.001657
77.72745,0.016028,0.003407,0.007871,0.001673
77.73318,0.016199,0.003442,0.007952,0.001690
77.73891,0.016371,0.003477,0.008033,0.001706
77.74464,0.016542,0.003511,0.008114,0.001722
77.75037,0.016713,0.003546,0.008194,0.001739
77.75610,0.016884,0.003581,0.008275,0.001755
77.76183,0.017055,0.003615,0.008355,0.001771
77.76756,0.017226,0.003650,0.008436,0.001787
77.77329,0.017397,0.003684,0.008516,0.001803
77.77902,0.017568,0.003719,0.008596,0.001820
77.78475,0.017739,0.003753,0.008676,0.001836
77.79048,0.017909,0.003788,0.008756,0.001852
77.79621,0.018080,0.003822,0.008836,0.001868
77.80194,0.018250,0.003856,0.008915,0.001884
77.80767,0.018421,0.003890,0.008995,0.001900
77.81340,0.018591,0.003924,0.009074,0.001916
77.81913,0.018761,0.003959,0.009154,0.001931
77.82486,0.018931,0.003993,0.009233,0.001947
77.83059,0.019101,0.004027,0.009312,0.001963
77.83632,0.019271,0.004060,0.009391,0.001979
77.84205,0.019441,0.004094,0.009470,0.001994
77.84778,0.019610,0.004128,0.009549,0.002010
77.85351,0.019780,0.004162,0.009627,0.002026
77.85923,0.019949,0.004196,0.009706,0.002041
77.86496,0.020119,0.004229,0.009784,0.002057
77.87069,0.020288,0.004263,0.009863,0.002072
77.87642,0.020457,0.004296,0.009941,0.002088
77.88215,0.020626,0.004330,0.010019,0.002103
77.88788,0.020795,0.004363,0.010097,0.002119
77.89361,0.020964,0.004397,0.010175,0.002134
77.89934,0.021133,0.004430,0.010253,0.002149
77.90507,0.021302,0.004463,0.010330,0.002165
77.91080,0.021470,0.004497,0.010408,0.002180
77.91653,0.021639,0.004530,0.010485,0.002195
77.92226,0.021807,0.004563,0.010563,0.002210
77.92799,0.021975,0.004596,0.010640,0.002225
77.93372,0.022143,0.004629,0.010717,0.002240
77.93945,0.022312,0.004662,0.010794,0.002255
77.94518,0.022479,0.004695,0.010871,0.002270
77.95091,0.022647,0.004728,0.010947,0.002285
77.95664,0.022815,0.004760,0.011024,0.002300
77.96237,0.022983,0.004793,0.011101,0.002315
77.96810,0.023150,0.004826,0.011177,0.002330
77.97383,0.023318,0.004858,0.011253,0.002345
77.97956,0.023485,0.004891,0.011329,0.002359
77.98529,0.023652,0.004924,0.011405,0.002374
77.99102,0.023819,0.004956,0.011481,0.002389
77.99674,0.023986,0.004988,0.011557,0.002404
78.00247,0.024153,0.005021,0.011633,0.002418
78.00820,0.024320,0.005053,0.011708,0.002433
78.01393,0.024487,0.005085,0.011784,0.002447
78.01966,0.024653,0.005117,0.011859,0.002462
78.02539,0.024820,0.005150,0.011934,0.002476
78.03112,0.024986,0.005182,0.012010,0.002491
78.03685,0.025152,0.005214,0.012085,0.002505
78.04258,0.025318,0.005246,0.012159,0.002519
78.04831,0.025484,0.005277,0.012234,0.002534
78.05404,0.025650,0.005309,0.012309,0.002548
78.05977,0.025816,0.005341,0.012383,0.002562
78.06550,0.025982,0.005373,0.012458,0.002576
78.07123,0.026147,0.005405,0.012532,0.002590
78.07696,0.026313,0.005436,0.012606,0.002604
78.08269,0.026478,0.005468,0.012680,0.002618
78.08842,0.026643,0.005499,0.012754,0.002632
78.09415,0.026808,0.005531,0.012828,0.002646
78.09988,0.026973,0.005562,0.012902,0.002660
78.10561,0.027138,0.005593,0.012975,0.002674
78.11134,0.027303,0.005625,0.013049,0.002688
78.11707,0.027467,0.005656,0.013122,0.002702
78.12280,0.027632,0.005687,0.013195,0.002716
78.12852,0.027796,0.005718,0.013268,0.002730
78.13425,0.027961,0.005749,0.013341,0.002743
78.13998,0.028125,0.005780,0.013414,0.002757
78.14571,0.028289,0.005811,0.013487,0.002771
78.15144,0.028453,0.005842,0.013560,0.002784
78.15717,0.028616,0.005873,0.013632,0.002798
78.16290,0.028780,0.005904,0.013704,0.002811
78.16863,0.028943,0.005934,0.013777,0.002825
78.17436,0.029107,0.005965,0.013849,0.002838
78.18009,0.029270,0.005996,0.013921,0.002851
78.18582,0.029433,0.006026,0.013993,0.002865
78.19155,0.029596,0.006057,0.014064,0.002878
78.19728,0.029759,0.006087,0.014136,0.002891
78.20301,0.029922,0.006117,0.014208,0.002905
78.20874,0.030084,0.006148,0.014279,0.002918
78.21447,0.030247,0.006178,0.014350,0.002931
78.22020,0.030409,0.006208,0.014422,0.002944
78.22593,0.030572,0.006238,0.014493,0.002957
78.23166,0.030734,0.006268,0.014564,0.002970
78.23739,0.030896,0.006298,0.014634,0.002983
78.24312,0.031057,0.006328,0.014705,0.002996
78.24885,0.031219,0.006358,0.014776,0.003009
78.25458,0.031381,0.006388,0.014846,0.003022
78.26031,0.031542,0.006418,0.014916,0.003035
78.26603,0.031704,0.006447,0.014987,0.003048
78.27176,0.031865,0.006477,0.015057,0.003061
78.27749,0.032026,0.006507,0.015127,0.003073
78.28322,0.032187,0.006536,0.015196,0.003086
78.28895,0.032348,0.006566,0.015266,0.003099
78.29468,0.032508,0.006595,0.015336,0.003111
78.30041,0.032669,0.006625,0.015405,0.003124
78.30614,0.032829,0.006654,0.015474,0.003136
78.31187,0.032989,0.006683,0.015544,0.003149
78.31760,0.033149,0.006712,0.015613,0.003161
78.32333,0.033309,0.006741,0.015682,0.003174
78.32906,0.033469,0.006771,0.015751,0.003186
78.33479,0.033629,0.006800,0.015819,0.003199
78.34052,0.033789,0.006828,0.015888,0.003211
78.34625,0.033948,0.006857,0.015956,0.003223
78.35198,0.034107,0.006886,0.016025,0.003235
78.35771,0.034266,0.006915,0.016093,0.003248
78.36344,0.034425,0.006944,0.016161,0.003260
78.36917,0.034584,0.006972,0.016229,0.003272
78.37490,0.034743,0.007001,0.016297,0.003284
78.38063,0.034902,0.007029,0.016365,0.003296
78.38636,0.035060,0.007058,0.016432,0.003308
78.39209,0.035218,0.007086,0.016500,0.003320
78.39782,0.035376,0.007115,0.016567,0.003332
78.40354,0.035534,0.007143,0.016634,0.003344
78.40927,0.035692,0.007171,0.016701,0.003356
78.41500,0.035850,0.007199,0.016768,0.003367
78.42073,0.036008,0.007228,0.016835,0.003379
78.42646,0.036165,0.007256,0.016902,0.003391
78.43219,0.036322,0.007284,0.016968,0.003403
78.43792,0.036480,0.007312,0.017035,0.003414
78.44365,0.036636,0.007339,0.017101,0.003426
78.44938,0.036793,0.007367,0.017167,0.003438
78.45511,0.036950,0.007395,0.017234,0.003449
78.46084,0.037107,0.007423,0.017300,0.003461
78.46657,0.037263,0.007450,0.017365,0.003472
78.47230,0.037419,0.007478,0.017431,0.003483
78.47803,0.037575,0.007505,0.017497,0.003495
78.48376,0.037731,0.007533,0.017562,0.003506
78.48949,0.037887,0.007560,0.017627,0.003518
78.49522,0.038043,0.007588,0.017693,0.003529
78.50095,0.038198,0.007615,0.017758,0.003540
78.50668,0.038354,0.007642,0.017823,0.003551
78.51241,0.038509,0.007669,0.017888,0.003562
78.51814,0.038664,0.007696,0.017952,0.003574
78.52387,0.038819,0.007723,0.018017,0.003585
78.52960,0.038973,0.007750,0.018081,0.003596
78.53532,0.039128,0.007777,0.018146,0.003607
78.54105,0.039282,0.007804,0.018210,0.003618
78.54678,0.039437,0.007831,0.018274,0.003629
78.55251,0.039591,0.007858,0.018338,0.003639
78.55824,0.039745,0.007884,0.018402,0.003650
78.56397,0.039899,0.007911,0.018465,0.003661
78.56970,0.040052,0.007937,0.018529,0.003672
78.57543,0.040206,0.007964,0.018592,0.003683
78.58116,0.040359,0.007990,0.018656,0.003693
78.58689,0.040512,0.008017,0.018719,0.003704
78.59262,0.040665,0.008043,0.018782,0.003715
78.59835,0.040818,0.008069,0.018845,0.003725
78.60408,0.040971,0.008095,0.018907,0.003736
78.60981,0.041123,0.008121,0.018970,0.003746
78.61554,0.041276,0.008147,0.019033,0.003757
78.62127,0.041428,0.008173,0.019095,0.003767
78.62700,0.041580,0.008199,0.019157,0.003778
78.63273,0.041732,0.008225,0.019219,0.003788
78.63846,0.041883,0.008251,0.019282,0.003798
78.64419,0.042035,0.008277,0.019343,0.003809
78.64992,0.042186,0.008302,0.019405,0.003819
78.65565,0.042338,0.008328,0.019467,0.003829
78.66138,0.042489,0.008354,0.019528,0.003839
78.66711,0.042640,0.008379,0.019590,0.003850
78.67283,0.042790,0.008404,0.019651,0.003860
78.67856,0.042941,0.008430,0.019712,0.003870
78.68429,0.043091,0.008455,0.019773,0.003880
78.69002,0.043241,0.008480,0.019834,0.003890
78.69575,0.043391,0.008506,0.019895,0.003900
78.70148,0.043541,0.008531,0.019955,0.003910
78.70721,0.043691,0.008556,0.020016,0.003920
78.71294,0.043841,0.008581,0.020076,0.003929
78.71867,0.043990,0.008606,0.020136,0.003939
78.72440,0.044139,0.008630,0.020196,0.003949
78.73013,0.044288,0.008655,0.020256,0.003959
78.73586,0.044437,0.008680,0.020316,0.003968
78.74159,0.044586,0.008705,0.020376,0.003978
78.74732,0.044734,0.008729,0.020435,0.003988
78.75305,0.044883,0.008754,0.020495,0.003997
78.75878,0.045031,0.008778,0.020554,0.004007
78.76451,0.045179,0.008803,0.020613,0.004016
78.77024,0.045327,0.008827,0.020672,0.004026
78.77597,0.045475,0.008851,0.020731,0.004035
78.78170,0.045622,0.008876,0.020790,0.004045
78.78743,0.045769,0.008900,0.020848,0.004054
78.79316,0.045917,0.008924,0.020907,0.004063
78.79889,0.046064,0.008948,0.020965,0.004073
78.80462,0.046210,0.008972,0.021023,0.004082
78.81034,0.046357,0.008996,0.021082,0.004091
78.81607,0.046503,0.009020,0.021140,0.004100
78.82180,0.046650,0.009044,0.021197,0.004109
78.82753,0.046796,0.009067,0.021255,0.004118
78.83326,0.046942,0.009091,0.021313,0.004128
78.83899,0.047087,0.009115,0.021370,0.004137
78.84472,0.047233,0.009138,0.021428,0.004146
78.85045,0.047378,0.009162,0.021485,0.004155
78.85618,0.047524,0.009185,0.021542,0.004163
78.86191,0.047669,0.009208,0.021599,0.004172
78.86764,0.047813,0.009232,0.021656,0.004181
78.87337,0.047958,0.009255,0.021712,0.004190
78.87910,0.048103,0.009278,0.021769,0.004199
78.88483,0.048247,0.009301,0.021825,0.004207
78.89056,0.048391,0.009324,0.021881,0.004216
78.89629,0.048535,0.009347,0.021938,0.004225
78.90202,0.048679,0.009370,0.021994,0.004233
78.90775,0.048822,0.009393,0.022049,0.004242
78.91348,0.048966,0.009416,0.022105,0.004251
78.91921,0.049109,0.009438,0.022161,0.004259
78.92494,0.049252,0.009461,0.022216,0.004268
78.93067,0.049395,0.009484,0.022272,0.004276
78.93640,0.049537,0.009506,0.022327,0.004284
78.94213,0.049680,0.009529,0.022382,0.004293
78.94785,0.049822,0.009551,0.022437,0.004301
78.95358,0.049964,0.009573,0.022492,0.004309
78.95931,0.050106,0.009596,0.022546,0.004318
78.96504,0.050248,0.009618,0.022601,0.004326
78.97077,0.050389,0.009640,0.022655,0.004334
78.97650,0.050531,0.009662,0.022710,0.004342
78.98223,0.050672,0.009684,0.022764,0.004350
78.98796,0.050813,0.009706,0.022818,0.004359
78.99369,0.050954,0.009728,0.022872,0.004367
78.99942,0.051094,0.009750,0.022925,0.004375
79.00515,0.051235,0.009771,0.022979,0.004383
79.01088,0.051375,0.009793,0.023032,0.004391
79.01661,0.051515,0.009815,0.023086,0.004398
79.02234,0.051655,0.009836,0.023139,0.004406
79.02807,0.051794,0.009858,0.023192,0.004414
79.03380,0.051934,0.009879,0.023245,0.004422
79.03953,0.052073,0.009901,0.023298,0.004430
79.04526,0.052212,0.009922,0.023351,0.004437
79.05099,0.052351,0.009943,0.023403,0.004445
79.05672,0.052489,0.009964,0.023456,0.004453
79.06245,0.052628,0.009986,0.023508,0.004460
79.06818,0.052766,0.010007,0.023560,0.004468
79.07391,0.052904,0.010028,0.023612,0.004475
79.07963,0.053042,0.010049,0.023664,0.004483
79.08536,0.053180,0.010069,0.023716,0.004490
79.09109,0.053317,0.010090,0.023767,0.004498
79.09682,0.053455,0.010111,0.023819,0.004505
79.10255,0.053592,0.010132,0.023870,0.004513
79.10828,0.053729,0.010152,0.023921,0.004520
79.11401,0.053865,0.010173,0.023972,0.004527
79.11974,0.054002,0.010193,0.024023,0.004535
79.12547,0.054138,0.010214,0.024074,0.004542
79.13120,0.054274,0.010234,0.024125,0.004549
79.13693,0.054410,0.010254,0.024175,0.004556
79.14266,0.054546,0.010274,0.024226,0.004563
79.14839,0.054681,0.010295,0.024276,0.004570
79.15412,0.054816,0.010315,0.024326,0.004577
79.15985,0.054952,0.010335,0.024376,0.004584
79.16558,0.055086,0.010355,0.024426,0.004591
79.17131,0.055221,0.010375,0.024476,0.004598
79.17704,0.055356,0.010394,0.024526,0.004605
79.18277,0.055490,0.010414,0.024575,0.004612
79.18850,0.055624,0.010434,0.024624,0.004619
79.19423,0.055758,0.010454,0.024674,0.004626
79.19996,0.055892,0.010473,0.024723,0.004633
79.20569,0.056025,0.010493,0.024772,0.004639
79.21142,0.056158,0.010512,0.024820,0.004646
79.21714,0.056291,0.010531,0.024869,0.004653
79.22287,0.056424,0.010551,0.024918,0.004659
79.22860,0.056557,0.010570,0.024966,0.004666
79.23433,0.056689,0.010589,0.025014,0.004672
79.24006,0.056822,0.010608,0.025062,0.004679
79.24579,0.056954,0.010627,0.025110,0.004686
79.25152,0.057085,0.010646,0.025158,0.004692
79.25725,0.057217,0.010665,0.025206,0.004698
79.26298,0.057348,0.010684,0.025254,0.004705
79.26871,0.057480,0.010703,0.025301,0.004711
79.27444,0.057611,0.010722,0.025348,0.004717
79.28017,0.057741,0.010740,0.025396,0.004724
79.28590,0.057872,0.010759,0.025443,0.004730
79.29163,0.058002,0.010777,0.025490,0.004736
79.29736,0.058132,0.010796,0.025536,0.004742
79.30309,0.058262,0.010814,0.025583,0.004749
79.30882,0.058392,0.010833,0.025630,0.004755
79.31455,0.058522,0.010851,0.025676,0.004761
79.32028,0.058651,0.010869,0.025722,0.004767
79.32601,0.058780,0.010887,0.025768,0.004773
79.33174,0.058909,0.010905,0.025814,0.004779
79.33747,0.059037,0.010923,0.025860,0.004785
79.34320,0.059166,0.010941,0.025906,0.004791
79.34893,0.059294,0.010959,0.025951,0.004797
79.35465,0.059422,0.010977,0.025997,0.004802
79.36038,0.059550,0.010995,0.026042,0.004808
79.36611,0.059678,0.011012,0.026087,0.004814
79.37184,0.059805,0.011030,0.026132,0.004820
79.37757,0.059932,0.011048,0.026177,0.004825
79.38330,0.060059,0.011065,0.026222,0.004831
79.38903,0.060186,0.011083,0.026267,0.004837
79.39476,0.060312,0.011100,0.026311,0.004842
79.40049,0.060439,0.011117,0.026355,0.004848
79.40622,0.060565,0.011134,0.026400,0.004853
79.41195,0.060690,0.011152,0.026444,0.004859
79.41768,0.060816,0.011169,0.026488,0.004864
79.42341,0.060942,0.011186,0.026532,0.004870
79.42914,0.061067,0.011203,0.026575,0.004875
79.43487,0.061192,0.011220,0.026619,0.004881
79.44060,0.061316,0.011237,0.026662,0.004886
79.44633,0.061441,0.011253,0.026705,0.004891
79.45206,0.061565,0.011270,0.026749,0.004897
79.45779,0.061689,0.011287,0.026792,0.004902
79.46352,0.061813,0.011303,0.026834,0.004907
79.46925,0.061937,0.011320,0.026877,0.004912
79.47498,0.062060,0.011336,0.026920,0.004917
79.48071,0.062184,0.011353,0.026962,0.004922
79.48643,0.062307,0.011369,0.027005,0.004927
79.49216,0.062429,0.011385,0.027047,0.004933
79.49789,0.062552,0.011401,0.027089,0.004938
79.50362,0.062674,0.011418,0.027131,0.004943
79.50935,0.062796,0.011434,0.027173,0.004947
79.51508,0.062918,0.011450,0.027214,0.004952
79.52081,0.063040,0.011466,0.027256,0.004957
79.52654,0.063161,0.011481,0.027297,0.004962
79.53227,0.063282,0.011497,0.027338,0.004967
79.53800,0.063403,0.011513,0.027380,0.004972
79.54373,0.063524,0.011529,0.027421,0.004976
79.54946,0.063645,0.011544,0.027461,0.004981
79.55519,0.063765,0.011560,0.027502,0.004986
79.56092,0.063885,0.011575,0.027543,0.004990
79.56665,0.064005,0.011591,0.027583,0.004995
79.57238,0.064124,0.011606,0.027623,0.005000
79.57811,0.064244,0.011621,0.027664,0.005004
79.58384,0.064363,0.011637,0.027704,0.005009
79.58957,0.064482,0.011652,0.027743,0.005013
79.59530,0.064601,0.011667,0.027783,0.005018
79.60103,0.064719,0.011682,0.027823,0.005022
79.60676,0.064837,0.011697,0.027862,0.005026
79.61249,0.064955,0.011712,0.027902,0.005031
79.61822,0.065073,0.011727,0.027941,0.005035
79.62394,0.065191,0.011741,0.027980,0.005039
79.62967,0.065308,0.011756,0.028019,0.005044
79.63540,0.065425,0.011771,0.028058,0.005048
79.64113,0.065542,0.011785,0.028096,0.005052
79.64686,0.065658,0.011800,0.028135,0.005056
79.65259,0.065775,0.011814,0.028173,0.005060
79.65832,0.065891,0.011829,0.028212,0.005065
79.66405,0.066007,0.011843,0.028250,0.005069
79.66978,0.066122,0.011857,0.028288,0.005073
79.67551,0.066238,0.011871,0.028326,0.005077
79.68124,0.066353,0.011885,0.028363,0.005081
79.68697,0.066468,0.011900,0.028401,0.005085
79.69270,0.066583,0.011913,0.028439,0.005088
79.69843,0.066697,0.011927,0.028476,0.005092
79.70416,0.066812,0.011941,0.028513,0.005096
79.70989,0.066926,0.011955,0.028550,0.005100
79.71562,0.067039,0.011969,0.028587,0.005104
79.72135,0.067153,0.011982,0.028624,0.005108
79.72708,0.067266,0.011996,0.028661,0.005111
79.73281,0.067379,0.012010,0.028697,0.005115
79.73854,0.067492,0.012023,0.028733,0.005119
79.74427,0.067605,0.012036,0.028770,0.005122
79.75000,0.067717,0.012050,0.028806,0.005126
79.75573,0.067829,0.012063,0.028842,0.005129
79.76145,0.067941,0.012076,0.028878,0.005133
79.76718,0.068053,0.012089,0.028913,0.005136
79.77291,0.068164,0.012103,0.028949,0.005140
79.77864,0.068275,0.012116,0.028984,0.005143
79.78437,0.068386,0.012129,0.029020,0.005147
79.79010,0.068497,0.012141,0.029055,0.005150
79.79583,0.068608,0.012154,0.029090,0.005153
79.80156,0.068718,0.012167,0.029125,0.005157
79.80729,0.068828,0.012180,0.029160,0.005160
79.81302,0.068937,0.012192,0.029194,0.005163
79.81875,0.069047,0.012205,0.029229,0.005167
79.82448,0.069156,0.012217,0.029263,0.005170
79.83021,0.069265,0.012230,0.029297,0.005173
79.83594,0.069374,0.012242,0.029331,0.005176
79.84167,0.069482,0.012255,0.029365,0.005179
79.84740,0.069591,0.012267,0.029399,0.005182
79.85313,0.069699,0.012279,0.029433,0.005185
79.85886,0.069807,0.012291,0.029466,0.005188
79.86459,0.069914,0.012303,0.029500,0.005191
79.87032,0.070021,0.012315,0.029533,0.005194
79.87605,0.070128,0.012327,0.029566,0.005197
79.88178,0.070235,0.012339,0.029599,0.005200
79.88751,0.070342,0.012351,0.029632,0.005203
79.89323,0.070448,0.012362,0.029665,0.005206
79.89896,0.070554,0.012374,0.029698,0.005209
79.90469,0.070660,0.012386,0.029730,0.005211
79.91042,0.070766,0.012397,0.029762,0.005214
79.91615,0.070871,0.012409,0.029795,0.005217
79.92188,0.070976,0.012420,0.029827,0.005219
79.92761,0.071081,0.012431,0.029859,0.005222
79.93334,0.071185,0.012443,0.029891,0.005225
79.93907,0.071290,0.012454,0.029922,0.005227
79.94480,0.071394,0.012465,0.029954,0.005230
79.95053,0.071498,0.012476,0.029985,0.005232
79.95626,0.071601,0.012487,0.030016,0.005235
79.96199,0.071705,0.012498,0.030048,0.005237
79.96772,0.071808,0.012509,0.030079,0.005240
79.97345,0.071910,0.012520,0.030110,0.005242
79.97918,0.072013,0.012531,0.030140,0.005245
79.98491,0.072115,0.012541,0.030171,0.005247
79.99064,0.072218,0.012552,0.030201,0.005249
79.99637,0.072319,0.012563,0.030232,0.005252
80.00210,0.072421,0.012573,0.030262,0.005254
80.00783,0.072522,0.012584,0.030292,0.005256
80.01356,0.072623,0.012594,0.030322,0.005258
80.01929,0.072724,0.012604,0.030352,0.005260
80.02502,0.072825,0.012615,0.030381,0.005263
80.03074,0.072925,0.012625,0.030411,0.005265
80.03647,0.073025,0.012635,0.030440,0.005267
80.04220,0.073125,0.012645,0.030470,0.005269
80.04793,0.073225,0.012655,0.030499,0.005271
80.05366,0.073324,0.012665,0.030528,0.005273
80.05939,0.073423,0.012675,0.030557,0.005275
80.06512,0.073522,0.012685,0.030585,0.005277
80.07085,0.073620,0.012694,0.030614,0.005279
80.07658,0.073719,0.012704,0.030642,0.005281
80.08231,0.073817,0.012714,0.030671,0.005283
80.08804,0.073914,0.012723,0.030699,0.005284
80.09377,0.074012,0.012733,0.030727,0.005286
80.09950,0.074109,0.012742,0.030755,0.005288
80.10523,0.074206,0.012752,0.030783,0.005290
80.11096,0.074303,0.012761,0.030811,0.005291
80.11669,0.074399,0.012770,0.030838,0.005293
80.12242,0.074496,0.012779,0.030865,0.005295
80.12815,0.074592,0.012788,0.030893,0.005296
80.13388,0.074687,0.012797,0.030920,0.005298
80.13961,0.074783,0.012806,0.030947,0.005300
80.14534,0.074878,0.012815,0.030974,0.005301
80.15107,0.074973,0.012824,0.031001,0.005303
80.15680,0.075068,0.012833,0.031027,0.005304
80.16253,0.075162,0.012842,0.031054,0.005306
80.16825,0.075256,0.012850,0.031080,0.005307
80.17398,0.075350,0.012859,0.031106,0.005308
80.17971,0.075444,0.012868,0.031132,0.005310
80.18544,0.075537,0.012876,0.031158,0.005311
80.19117,0.075630,0.012884,0.031184,0.005313
80.19690,0.075723,0.012893,0.031210,0.005314
80.20263,0.075816,0.012901,0.031235,0.005315
80.20836,0.075908,0.012909,0.031261,0.005316
80.21409,0.076000,0.012918,0.031286,0.005318
80.21982,0.076092,0.012926,0.031311,0.005319
80.22555,0.076184,0.012934,0.031336,0.005320
80.23128,0.076275,0.012942,0.031361,0.005321
80.23701,0.076366,0.012950,0.031386,0.005322
80.24274,0.076457,0.012957,0.031411,0.005323
80.24847,0.076547,0.012965,0.031435,0.005324
80.25420,0.076638,0.012973,0.031459,0.005325
80.25993,0.076728,0.012981,0.031484,0.005326
80.26566,0.076817,0.012988,0.031508,0.005327
80.27139,0.076907,0.012996,0.031532,0.005328
80.27712,0.076996,0.013003,0.031556,0.005329
80.28285,0.077085,0.013011,0.031579,0.005330
80.28858,0.077174,0.013018,0.031603,0.005331
80.29431,0.077262,0.013025,0.031626,0.005332
80.30003,0.077350,0.013033,0.031650,0.005333
80.30576,0.077438,0.013040,0.031673,0.005333
80.31149,0.077526,0.013047,0.031696,0.005334
80.31722,0.077613,0.013054,0.031719,0.005335
80.32295,0.077700,0.013061,0.031742,0.005336
80.32868,0.077787,0.013068,0.031764,0.005336
80.33441,0.077873,0.013075,0.031787,0.005337
80.34014,0.077960,0.013082,0.031809,0.005338
80.34587,0.078046,0.013088,0.031831,0.005338
80.35160,0.078131,0.013095,0.031854,0.005339
80.35733,0.078217,0.013102,0.031876,0.005339
80.36306,0.078302,0.013108,0.031897,0.005340
80.36879,0.078387,0.013115,0.031919,0.005340
80.37452,0.078472,0.013121,0.031941,0.005341
80.38025,0.078556,0.013127,0.031962,0.005341
80.38598,0.078640,0.013134,0.031984,0.005342
80.39171,0.078724,0.013140,0.032005,0.005342
80.39744,0.078808,0.013146,0.032026,0.005342
80.40317,0.078891,0.013152,0.032047,0.005343
80.40890,0.078974,0.013158,0.032068,0.005343
80.41463,0.079057,0.013164,0.032089,0.005343
80.42036,0.079139,0.013170,0.032109,0.005344
80.42609,0.079222,0.013176,0.032130,0.005344
80.43182,0.079304,0.013182,0.032150,0.005344
80.43754,0.079385,0.013188,0.032170,0.005344
80.44327,0.079467,0.013193,0.032190,0.005344
80.44900,0.079548,0.013199,0.032210,0.005344
80.45473,0.079629,0.013205,0.032230,0.005345
80.46046,0.079709,0.013210,0.032250,0.005345
80.46619,0.079790,0.013216,0.032269,0.005345
80.47192,0.079870,0.013221,0.032288,0.005345
80.47765,0.079950,0.013226,0.032308,0.005345
80.48338,0.080029,0.013232,0.032327,0.005345
80.48911,0.080109,0.013237,0.032346,0.005345
80.49484,0.080188,0.013242,0.032365,0.005345
80.50057,0.080266,0.013247,0.032384,0.005345
80.50630,0.080345,0.013252,0.032402,0.005344
80.51203,0.080423,0.013257,0.032421,0.005344
80.51776,0.080501,0.013262,0.032439,0.005344
80.52349,0.080578,0.013267,0.032457,0.005344
80.52922,0.080656,0.013271,0.032476,0.005344
80.53495,0.080733,0.013276,0.032494,0.005343
80.54068,0.080810,0.013281,0.032511,0.005343
80.54641,0.080886,0.013285,0.032529,0.005343
80.55214,0.080962,0.013290,0.032547,0.005343
80.55787,0.081038,0.013294,0.032564,0.005342
80.56360,0.081114,0.013299,0.032582,0.005342
80.56933,0.081190,0.013303,0.032599,0.005341
80.57505,0.081265,0.013308,0.032616,0.005341
80.58078,0.081340,0.013312,0.032633,0.005341
80.58651,0.081414,0.013316,0.032650,0.005340
80.59224,0.081489,0.013320,0.032666,0.005340
80.59797,0.081563,0.013324,0.032683,0.005339
80.60370,0.081636,0.013328,0.032699,0.005339
80.60943,0.081710,0.013332,0.032716,0.005338
80.61516,0.081783,0.013336,0.032732,0.005337
80.62089,0.081856,0.013340,0.032748,0.005337
80.62662,0.081929,0.013344,0.032764,0.005336
80.63235,0.082001,0.013347,0.032780,0.005336
80.63808,0.082073,0.013351,0.032796,0.005335
80.64381,0.082145,0.013354,0.032811,0.005334
80.64954,0.082217,0.013358,0.032827,0.005333
80.65527,0.082288,0.013361,0.032842,0.005333
80.66100,0.082359,0.013365,0.032857,0.005332
80.66673,0.082430,0.013368,0.032872,0.005331
80.67246,0.082500,0.013371,0.032887,0.005330
80.67819,0.082570,0.013375,0.032902,0.005329
80.68392,0.082640,0.013378,0.032917,0.005329
80.68965,0.082710,0.013381,0.032931,0.005328
80.69538,0.082779,0.013384,0.032946,0.005327
80.70111,0.082848,0.013387,0.032960,0.005326
80.70684,0.082917,0.013390,0.032974,0.005325
80.71256,0.082985,0.013393,0.032988,0.005324
80.71829,0.083054,0.013396,0.033002,0.005323
80.72402,0.083122,0.013398,0.033016,0.005322
80.72975,0.083189,0.013401,0.033029,0.005321
80.73548,0.083257,0.013404,0.033043,0.005320
80.74121,0.083324,0.013406,0.033056,0.005319
80.74694,0.083390,0.013409,0.033070,0.005317
80.75267,0.083457,0.013411,0.033083,0.005316
80.75840,0.083523,0.013414,0.033096,0.005315
80.76413,0.083589,0.013416,0.033109,0.005314
80.76986,0.083655,0.013418,0.033122,0.005313
80.77559,0.083720,0.013421,0.033134,0.005311
80.78132,0.083785,0.013423,0.033147,0.005310
80.78705,0.083850,0.013425,0.033159,0.005309
80.79278,0.083915,0.013427,0.033172,0.005308
80.79851,0.083979,0.013429,0.033184,0.005306
80.80424,0.084043,0.013431,0.033196,0.005305
80.80997,0.084107,0.013433,0.033208,0.005304
80.81570,0.084170,0.013434,0.033220,0.005302
80.82143,0.084233,0.013436,0.033231,0.005301
80.82716,0.084296,0.013438,0.033243,0.005299
80.83289,0.084359,0.013440,0.033254,0.005298
80.83862,0.084421,0.013441,0.033265,0.005296
80.84434,0.084483,0.013443,0.033277,0.005295
80.85007,0.084545,0.013444,0.033288,0.005293
80.85580,0.084606,0.013446,0.033299,0.005292
80.86153,0.084667,0.013447,0.033309,0.005290
80.86726,0.084728,0.013448,0.033320,0.005289
80.87299,0.084789,0.013449,0.033331,0.005287
80.87872,0.084849,0.013451,0.033341,0.005285
80.88445,0.084909,0.013452,0.033351,0.005284
80.89018,0.084969,0.013453,0.033362,0.005282
80.89591,0.085028,0.013454,0.033372,0.005280
80.90164,0.085087,0.013455,0.033382,0.005279
80.90737,0.085146,0.013456,0.033391,0.005277
80.91310,0.085205,0.013457,0.033401,0.005275
80.91883,0.085263,0.013457,0.033411,0.005273
80.92456,0.085321,0.013458,0.033420,0.005272
80.93029,0.085379,0.013459,0.033429,0.005270
80.93602,0.085436,0.013459,0.033439,0.005268
80.94175,0.085494,0.013460,0.033448,0.005266
80.94748,0.085551,0.013461,0.033457,0.005264
80.95321,0.085607,0.013461,0.033466,0.005262
80.95894,0.085663,0.013461,0.033474,0.005260
80.96467,0.085719,0.013462,0.033483,0.005258
80.97040,0.085775,0.013462,0.033491,0.005256
80.97613,0.085831,0.013462,0.033500,0.005254
80.98185,0.085886,0.013462,0.033508,0.005252
80.98758,0.085941,0.013462,0.033516,0.005250
80.99331,0.085995,0.013463,0.033524,0.005248
80.99904,0.086050,0.013463,0.033532,0.005246
81.00477,0.086104,0.013462,0.033540,0.005244
81.01050,0.086157,0.013462,0.033547,0.005242
81.01623,0.086211,0.013462,0.033555,0.005240
81.02196,0.086264,0.013462,0.033562,0.005238
81.02769,0.086317,0.013462,0.033569,0.005235
81.03342,0.086369,0.013461,0.033576,0.005233
81.03915,0.086422,0.013461,0.033583,0.005231
81.04488,0.086474,0.013461,0.033590,0.005229
81.05061,0.086525,0.013460,0.033597,0.005226
81.05634,0.086577,0.013459,0.033604,0.005224
81.06207,0.086628,0.013459,0.033610,0.005222
81.06780,0.086679,0.013458,0.033617,0.005220
81.07353,0.086729,0.013457,0.033623,0.005217
81.07926,0.086779,0.013457,0.033629,0.005215
81.08499,0.086829,0.013456,0.033635,0.005212
81.09072,0.086879,0.013455,0.033641,0.005210
81.09645,0.086929,0.013454,0.033647,0.005208
81.10218,0.086978,0.013453,0.033653,0.005205
81.10791,0.087026,0.013452,0.033658,0.005203
81.11364,0.087075,0.013451,0.033664,0.005200
81.11936,0.087123,0.013450,0.033669,0.005198
81.12509,0.087171,0.013449,0.033674,0.005195
81.13082,0.087219,0.013447,0.033679,0.005193
81.13655,0.087266,0.013446,0.033684,0.005190
81.14228,0.087313,0.013445,0.033689,0.005188
81.14801,0.087360,0.013443,0.033694,0.005185
81.15374,0.087407,0.013442,0.033699,0.005182
81.15947,0.087453,0.013440,0.033703,0.005180
81.16520,0.087499,0.013439,0.033708,0.005177
81.17093,0.087544,0.013437,0.033712,0.005174
81.17666,0.087590,0.013435,0.033716,0.005172
81.18239,0.087635,0.013433,0.033720,0.005169
81.18812,0.087679,0.013432,0.033724,0.005166
81.19385,0.087724,0.013430,0.033728,0.005163
81.19958,0.087768,0.013428,0.033731,0.005161
81.20531,0.087812,0.013426,0.033735,0.005158
81.21104,0.087855,0.013424,0.033738,0.005155
81.21677,0.087899,0.013422,0.033742,0.005152
81.22250,0.087942,0.013420,0.033745,0.005149
81.22823,0.087984,0.013418,0.033748,0.005147
81.23396,0.088027,0.013415,0.033751,0.005144
81.23969,0.088069,0.013413,0.033754,0.005141
81.24542,0.088111,0.013411,0.033757,0.005138
81.25114,0.088152,0.013408,0.033759,0.005135
81.25687,0.088194,0.013406,0.033762,0.005132
81.26260,0.088235,0.013403,0.033764,0.005129
81.26833,0.088275,0.013401,0.033766,0.005126
81.27406,0.088316,0.013398,0.033769,0.005123
81.27979,0.088356,0.013396,0.033771,0.005120
81.28552,0.088396,0.013393,0.033772,0.005117
81.29125,0.088435,0.013390,0.033774,0.005114
81.29698,0.088474,0.013387,0.033776,0.005111
81.30271,0.088513,0.013384,0.033778,0.005108
81.30844,0.088552,0.013382,0.033779,0.005105
81.31417,0.088590,0.013379,0.033780,0.005101
81.31990,0.088628,0.013376,0.033782,0.005098
81.32563,0.088666,0.013372,0.033783,0.005095
81.33136,0.088703,0.013369,0.033784,0.005092
81.33709,0.088740,0.013366,0.033785,0.005089
81.34282,0.088777,0.013363,0.033785,0.005085
81.34855,0.088814,0.013360,0.033786,0.005082
81.35428,0.088850,0.013356,0.033787,0.005079
81.36001,0.088886,0.013353,0.033787,0.005076
81.36574,0.088922,0.013350,0.033787,0.005072
81.37147,0.088957,0.013346,0.033788,0.005069
81.37720,0.088992,0.013343,0.033788,0.005066
81.38293,0.089027,0.013339,0.033788,0.005062
81.38865,0.089062,0.013335,0.033787,0.005059
81.39438,0.089096,0.013332,0.033787,0.005056
81.40011,0.089130,0.013328,0.033787,0.005052
81.40584,0.089163,0.013324,0.033786,0.005049
81.41157,0.089197,0.013320,0.033786,0.005045
81.41730,0.089230,0.013316,0.033785,0.005042
81.42303,0.089262,0.013312,0.033784,0.005039
81.42876,0.089295,0.013308,0.033783,0.005035
81.43449,0.089327,0.013304,0.033782,0.005032
81.44022,0.089359,0.013300,0.033781,0.005028
81.44595,0.089391,0.013296,0.033780,0.005024
81.45168,0.089422,0.013292,0.033778,0.005021
81.45741,0.089453,0.013288,0.033777,0.005017
81.46314,0.089483,0.013283,0.033775,0.005014
81.46887,0.089514,0.013279,0.033774,0.005010
81.47460,0.089544,0.013275,0.033772,0.005007
81.48033,0.089574,0.013270,0.033770,0.005003
81.48606,0.089603,0.013266,0.033768,0.004999
81.49179,0.089632,0.013261,0.033766,0.004996
81.49752,0.089661,0.013257,0.033763,0.004992
81.50325,0.089690,0.013252,0.033761,0.004988
81.50898,0.089718,0.013247,0.033758,0.004985
81.51471,0.089746,0.013243,0.033756,0.004981
81.52044,0.089774,0.013238,0.033753,0.004977
81.52616,0.089802,0.013233,0.033750,0.004973
81.53189,0.089829,0.013228,0.033747,0.004970
81.53762,0.089856,0.013223,0.033744,0.004966
81.54335,0.089882,0.013218,0.033741,0.004962
81.54908,0.089908,0.013213,0.033738,0.004958
81.55481,0.089934,0.013208,0.033734,0.004954
81.56054,0.089960,0.013203,0.033731,0.004950
81.56627,0.089985,0.013198,0.033727,0.004947
81.57200,0.090010,0.013193,0.033723,0.004943
81.57773,0.090035,0.013187,0.033720,0.004939
81.58346,0.090060,0.013182,0.033716,0.004935
81.58919,0.090084,0.013177,0.033712,0.004931
81.59492,0.090108,0.013171,0.033707,0.004927
81.60065,0.090131,0.013166,0.033703,0.004923
81.60638,0.090155,0.013160,0.033699,0.004919
81.61211,0.090178,0.013155,0.033694,0.004915
81.61784,0.090201,0.013149,0.033690,0.004911
81.62357,0.090223,0.013143,0.033685,0.004907
81.62930,0.090245,0.013138,0.033680,0.004903
81.63503,0.090267,0.013132,0.033675,0.004899
81.64076,0.090288,0.013126,0.033670,0.004895
81.64649,0.090310,0.013120,0.033665,0.004891
81.65222,0.090331,0.013114,0.033660,0.004887
81.65794,0.090351,0.013108,0.033654,0.004883
81.66367,0.090372,0.013102,0.033649,0.004879
81.66940,0.090392,0.013096,0.033643,0.004874
81.67513,0.090411,0.013090,0.033638,0.004870
81.68086,0.090431,0.013084,0.033632,0.004866
81.68659,0.090450,0.013078,0.033626,0.004862
81.69232,0.090469,0.013072,0.033620,0.004858
81.69805,0.090488,0.013065,0.033614,0.004854
81.70378,0.090506,0.013059,0.033608,0.004849
81.70951,0.090524,0.013053,0.033601,0.004845
81.71524,0.090541,0.013046,0.033595,0.004841
81.72097,0.090559,0.013040,0.033588,0.004837
81.72670,0.090576,0.013033,0.033582,0.004832
81.73243,0.090593,0.013027,0.033575,0.004828
81.73816,0.090609,0.013020,0.033568,0.004824
81.74389,0.090625,0.013014,0.033561,0.004819
81.74962,0.090641,0.013007,0.033554,0.004815
81.75535,0.090657,0.013000,0.033547,0.004811
81.76108,0.090672,0.012993,0.033540,0.004806
81.76681,0.090687,0.012987,0.033532,0.004802
81.77254,0.090702,0.012980,0.033525,0.004798
81.77827,0.090717,0.012973,0.033517,0.004793
81.78400,0.090731,0.012966,0.033509,0.004789
81.78973,0.090745,0.012959,0.033502,0.004784
81.79545,0.090758,0.012952,0.033494,0.004780
81.80118,0.090771,0.012945,0.033486,0.004775
81.80691,0.090784,0.012938,0.033478,0.004771
81.81264,0.090797,0.012930,0.033469,0.004766
81.81837,0.090809,0.012923,0.033461,0.004762
81.82410,0.090821,0.012916,0.033453,0.004757
81.82983,0.090833,0.012909,0.033444,0.004753
81.83556,0.090845,0.012901,0.033435,0.004748
81.84129,0.090856,0.012894,0.033427,0.004744
81.84702,0.090867,0.012886,0.033418,0.004739
81.85275,0.090877,0.012879,0.033409,0.004735
81.85848,0.090888,0.012871,0.033400,0.004730
81.86421,0.090898,0.012864,0.033391,0.004725
81.86994,0.090907,0.012856,0.033381,0.004721
81.87567,0.090917,0.012848,0.033372,0.004716
81.88140,0.090926,0.012841,0.033363,0.004712
81.88713,0.090935,0.012833,0.033353,0.004707
81.89286,0.090943,0.012825,0.033343,0.004702
81.89859,0.090951,0.012817,0.033333,0.004698
81.90432,0.090959,0.012809,0.033324,0.004693
81.91005,0.090967,0.012802,0.033314,0.004688
81.91578,0.090974,0.012794,0.033304,0.004683
81.92151,0.090981,0.012786,0.033293,0.004679
81.92724,0.090988,0.012778,0.033283,0.004674
81.93296,0.090995,0.012769,0.033273,0.004669
81.93869,0.091001,0.012761,0.033262,0.004664
81.94442,0.091007,0.012753,0.033252,0.004660
81.95015,0.091012,0.012745,0.033241,0.004655
81.95588,0.091017,0.012737,0.033230,0.004650
81.96161,0.091022,0.012728,0.033219,0.004645
81.96734,0.091027,0.012720,0.033208,0.004640
81.97307,0.091031,0.012711,0.033197,0.004636
81.97880,0.091036,0.012703,0.033186,0.004631
81.98453,0.091039,0.012695,0.033175,0.004626
81.99026,0.091043,0.012686,0.033163,0.004621
81.99599,0.091046,0.012677,0.033152,0.004616
82.00172,0.091049,0.012669,0.033140,0.004611
82.00745,0.091052,0.012660,0.033128,0.004606
82.01318,0.091054,0.012652,0.033117,0.004601
82.01891,0.091056,0.012643,0.033105,0.004596
82.02464,0.091058,0.012634,0.033093,0.004592
82.03037,0.091059,0.012625,0.033081,0.004587
82.03610,0.091060,0.012616,0.033068,0.004582
82.04183,0.091061,0.012607,0.033056,0.004577
82.04756,0.091062,0.012598,0.033044,0.004572
82.05329,0.091062,0.012589,0.033031,0.004567
82.05902,0.091062,0.012580,0.033019,0.004562
82.06474,0.091062,0.012571,0.033006,0.004557
82.07047,0.091061,0.012562,0.032993,0.004552
82.07620,0.091060,0.012553,0.032980,0.004547
82.08193,0.091059,0.012544,0.032967,0.004541
82.08766,0.091057,0.012535,0.032954,0.004536
82.09339,0.091055,0.012525,0.032941,0.004531
82.09912,0.091053,0.012516,0.032928,0.004526
82.10485,0.091051,0.012507,0.032914,0.004521
82.11058,0.091048,0.012497,0.032901,0.004516
82.11631,0.091045,0.012488,0.032887,0.004511
82.12204,0.091042,0.012479,0.032874,0.004506
82.12777,0.091038,0.012469,0.032860,0.004501
82.13350,0.091035,0.012459,0.032846,0.004495
82.13923,0.091030,0.012450,0.032832,0.004490
82.14496,0.091026,0.012440,0.032818,0.004485
82.15069,0.091021,0.012431,0.032804,0.004480
82.15642,0.091016,0.012421,0.032790,0.004475
82.16215,0.091011,0.012411,0.032775,0.004470
82.16788,0.091005,0.012401,0.032761,0.004464
82.17361,0.090999,0.012392,0.032746,0.004459
82.17934,0.090993,0.012382,0.032732,0.004454
82.18507,0.090987,0.012372,0.032717,0.004449
82.19080,0.090980,0.012362,0.032702,0.004443
82.19653,0.090973,0.012352,0.032687,0.004438
82.20225,0.090965,0.012342,0.032672,0.004433
82.20798,0.090958,0.012332,0.032657,0.004428
82.21371,0.090950,0.012322,0.032642,0.004422
82.21944,0.090941,0.012312,0.032626,0.004417
82.22517,0.090933,0.012301,0.032611,0.004412
82.23090,0.090924,0.012291,0.032596,0.004406
82.23663,0.090915,0.012281,0.032580,0.004401
82.24236,0.090905,0.012271,0.032564,0.004396
82.24809,0.090896,0.012260,0.032549,0.004390
82.25382,0.090886,0.012250,0.032533,0.004385
82.25955,0.090875,0.012240,0.032517,0.004380
82.26528,0.090865,0.012229,0.032501,0.004374
82.27101,0.090854,0.012219,0.032485,0.004369
82.27674,0.090843,0.012208,0.032468,0.004363
82.28247,0.090831,0.012198,0.032452,0.004358
82.28820,0.090819,0.012187,0.032436,0.004353
82.29393,0.090807,0.012176,0.032419,0.004347
82.29966,0.090795,0.012166,0.032402,0.004342
82.30539,0.090782,0.012155,0.032386,0.004336
82.31112,0.090769,0.012144,0.032369,0.004331
82.31685,0.090756,0.012134,0.032352,0.004325
82.32258,0.090743,0.012123,0.032335,0.004320
82.32831,0.090729,0.012112,0.032318,0.004314
82.33404,0.090715,0.012101,0.032301,0.004309
82.33976,0.090700,0.012090,0.032284,0.004303
82.34549,0.090686,0.012079,0.032266,0.004298
82.35122,0.090671,0.012068,0.032249,0.004292
82.35695,0.090655,0.012057,0.032231,0.004287
82.36268,0.090640,0.012046,0.032214,0.004281
82.36841,0.090624,0.012035,0.032196,0.004276
82.37414,0.090608,0.012024,0.032178,0.004270
82.37987,0.090591,0.012013,0.032160,0.004265
82.38560,0.090575,0.012002,0.032142,0.004259
82.39133,0.090558,0.011990,0.032124,0.004253
82.39706,0.090540,0.011979,0.032106,0.004248
82.40279,0.090523,0.011968,0.032088,0.004242
82.40852,0.090505,0.011957,0.032070,0.004237
82.41425,0.090487,0.011945,0.032051,0.004231
82.41998,0.090468,0.011934,0.032033,0.004225
82.42571,0.090450,0.011922,0.032014,0.004220
82.43144,0.090431,0.011911,0.031995,0.004214
82.43717,0.090411,0.011899,0.031977,0.004209
82.44290,0.090392,0.011888,0.031958,0.004203
82.44863,0.090372,0.011876,0.031939,0.004197
82.45436,0.090352,0.011865,0.031920,0.004192
82.46009,0.090331,0.011853,0.031901,0.004186
82.46582,0.090310,0.011841,0.031881,0.004180
82.47155,0.090289,0.011830,0.031862,0.004175
82.47727,0.090268,0.011818,0.031843,0.004169
82.48300,0.090246,0.011806,0.031823,0.004163
82.48873,0.090224,0.011794,0.031804,0.004157
82.49446,0.090202,0.011782,0.031784,0.004152
82.50019,0.090180,0.011770,0.031764,0.004146
82.50592,0.090157,0.011759,0.031744,0.004140
82.51165,0.090134,0.011747,0.031724,0.004134
82.51738,0.090110,0.011735,0.031704,0.004129
82.52311,0.090087,0.011723,0.031684,0.004123
82.52884,0.090063,0.011711,0.031664,0.004117
82.53457,0.090039,0.011699,0.031644,0.004111
82.54030,0.090014,0.011686,0.031623,0.004106
82.54603,0.089989,0.011674,0.031603,0.004100
82.55176,0.089964,0.011662,0.031582,0.004094
82.55749,0.089939,0.011650,0.031562,0.004088
82.56322,0.089913,0.011638,0.031541,0.004082
82.56895,0.089887,0.011625,0.031520,0.004077
82.57468,0.089861,0.011613,0.031499,0.004071
82.58041,0.089834,0.011601,0.031479,0.004065
82.58614,0.089808,0.011588,0.031457,0.004059
82.59187,0.089781,0.011576,0.031436,0.004053
82.59760,0.089753,0.011564,0.031415,0.004047
82.60333,0.089725,0.011551,0.031394,0.004042
82.60905,0.089698,0.011539,0.031372,0.004036
82.61478,0.089669,0.011526,0.031351,0.004030
82.62051,0.089641,0.011514,0.031329,0.004024
82.62624,0.089612,0.011501,0.031308,0.004018
82.63197,0.089583,0.011488,0.031286,0.004012
82.63770,0.089553,0.011476,0.031264,0.004006
82.64343,0.089524,0.011463,0.031242,0.004000
82.64916,0.089494,0.011450,0.031220,0.003994
82.65489,0.089464,0.011438,0.031198,0.003989
82.66062,0.089433,0.011425,0.031176,0.003983
82.66635,0.089402,0.011412,0.031154,0.003977
82.67208,0.089371,0.011399,0.031132,0.003971
82.67781,0.089340,0.011386,0.031109,0.003965
82.68354,0.089308,0.011373,0.031087,0.003959
82.68927,0.089276,0.011360,0.031064,0.003953
82.69500,0.089244,0.011347,0.031042,0.003947
82.70073,0.089212,0.011335,0.031019,0.003941
82.70646,0.089179,0.011322,0.030996,0.003935
82.71219,0.089146,0.011308,0.030973,0.003929
82.71792,0.089112,0.011295,0.030950,0.003923
82.72365,0.089079,0.011282,0.030927,0.003917
82.72938,0.089045,0.011269,0.030904,0.003911
82.73511,0.089011,0.011256,0.030881,0.003905
82.74084,0.088976,0.011243,0.030858,0.003899
82.74656,0.088941,0.011230,0.030834,0.003893
82.75229,0.088906,0.011216,0.030811,0.003887
82.75802,0.088871,0.011203,0.030787,0.003881
82.76375,0.088835,0.011190,0.030764,0.003875
82.76948,0.088800,0.011176,0.030740,0.003869
82.77521,0.088763,0.011163,0.030716,0.003863
82.78094,0.088727,0.011150,0.030693,0.003857
82.78667,0.088690,0.011136,0.030669,0.003851
82.79240,0.088653,0.011123,0.030645,0.003845
82.79813,0.088616,0.011109,0.030621,0.003839
82.80386,0.088578,0.011096,0.030596,0.003833
82.80959,0.088540,0.011082,0.030572,0.003827
82.81532,0.088502,0.011069,0.030548,0.003821
82.82105,0.088464,0.011055,0.030523,0.003814
82.82678,0.088425,0.011042,0.030499,0.003808
82.83251,0.088386,0.011028,0.030474,0.003802
82.83824,0.088347,0.011014,0.030450,0.003796
82.84397,0.088307,0.011001,0.030425,0.003790
82.84970,0.088268,0.010987,0.030400,0.003784
82.85543,0.088228,0.010973,0.030375,0.003778
82.86116,0.088187,0.010959,0.030351,0.003772
82.86689,0.088147,0.010946,0.030326,0.003766
82.87262,0.088106,0.010932,0.030300,0.003760
82.87835,0.088064,0.010918,0.030275,0.003753
82.88407,0.088023,0.010904,0.030250,0.003747
82.88980,0.087981,0.010890,0.030225,0.003741
82.89553,0.087939,0.010876,0.030199,0.003735
82.90126,0.087897,0.010862,0.030174,0.003729
82.90699,0.087854,0.010848,0.030148,0.003723
82.91272,0.087811,0.010834,0.030123,0.003717
82.91845,0.087768,0.010820,0.030097,0.003710
82.92418,0.087725,0.010806,0.030071,0.003704
82.92991,0.087681,0.010792,0.030045,0.003698
82.93564,0.087637,0.010778,0.030019,0.003692
82.94137,0.087593,0.010764,0.029993,0.003686
82.94710,0.087548,0.010750,0.029967,0.003680
82.95283,0.087504,0.010736,0.029941,0.003673
82.95856,0.087459,0.010721,0.029915,0.003667
82.96429,0.087413,0.010707,0.029889,0.003661
82.97002,0.087368,0.010693,0.029862,0.003655
82.97575,0.087322,0.010679,0.029836,0.003649
82.98148,0.087275,0.010664,0.029809,0.003642
82.98721,0.087229,0.010650,0.029783,0.003636
82.99294,0.087182,0.010636,0.029756,0.003630
82.99867,0.087135,0.010621,0.029729,0.003624
83.00440,0.087088,0.010607,0.029702,0.003618
83.01013,0.087040,0.010592,0.029675,0.003611
83.01585,0.086993,0.010578,0.029648,0.003605
83.02158,0.086945,0.010563,0.029621,0.003599
83.02731,0.086896,0.010549,0.029594,0.003593
83.03304,0.086848,0.010534,0.029567,0.003586
83.03877,0.086799,0.010520,0.029540,0.003580
83.04450,0.086749,0.010505,0.029512,0.003574
83.05023,0.086700,0.010491,0.029485,0.003568
83.05596,0.086650,0.010476,0.029458,0.003561
83.06169,0.086600,0.010461,0.029430,0.003555
83.06742,0.086550,0.010447,0.029402,0.003549
83.07315,0.086499,0.010432,0.029375,0.003543
83.07888,0.086449,0.010417,0.029347,0.003536
83.08461,0.086398,0.010403,0.029319,0.003530
83.09034,0.086346,0.010388,0.029291,0.003524
83.09607,0.086295,0.010373,0.029263,0.003518
83.10180,0.086243,0.010358,0.029235,0.003511
83.10753,0.086190,0.010343,0.029207,0.003505
83.11326,0.086138,0.010329,0.029179,0.003499
83.11899,0.086085,0.010314,0.029150,0.003492
83.12472,0.086032,0.010299,0.029122,0.003486
83.13045,0.085979,0.010284,0.029094,0.003480
83.13618,0.085926,0.010269,0.029065,0.003474
83.14191,0.085872,0.010254,0.029037,0.003467
83.14764,0.085818,0.010239,0.029008,0.003461
83.15336,0.085763,0.010224,0.028979,0.003455
83.15909,0.085709,0.010209,0.028951,0.003448
83.16482,0.085654,0.010194,0.028922,0.003442
83.17055,0.085599,0.010179,0.028893,0.003436
83.17628,0.085543,0.010164,0.028864,0.003429
83.18201,0.085488,0.010149,0.028835,0.003423
83.18774,0.085432,0.010134,0.028806,0.003417
83.19347,0.085376,0.010118,0.028777,0.003411
83.19920,0.085319,0.010103,0.028747,0.003404
83.20493,0.085262,0.010088,0.028718,0.003398
83.21066,0.085205,0.010073,0.028689,0.003392
83.21639,0.085148,0.010058,0.028659,0.003385
83.22212,0.085091,0.010042,0.028630,0.003379
83.22785,0.085033,0.010027,0.028600,0.003373
83.23358,0.084975,0.010012,0.028571,0.003366
83.23931,0.084916,0.009997,0.028541,0.003360
83.24504,0.084858,0.009981,0.028511,0.003354
83.25077,0.084799,0.009966,0.028481,0.003347
83.25650,0.084740,0.009951,0.028451,0.003341
83.26223,0.084681,0.009935,0.028421,0.003335
83.26796,0.084621,0.009920,0.028391,0.003328
83.27369,0.084561,0.009904,0.028361,0.003322
83.27942,0.084501,0.009889,0.028331,0.003315
83.28515,0.084440,0.009873,0.028301,0.003309
83.29087,0.084380,0.009858,0.028270,0.003303
83.29660,0.084319,0.009842,0.028240,0.003296
83.30233,0.084257,0.009827,0.028210,0.003290
83.30806,0.084196,0.009811,0.028179,0.003284
83.31379,0.084134,0.009796,0.028148,0.003277
83.31952,0.084072,0.009780,0.028118,0.003271
83.32525,0.084010,0.009765,0.028087,0.003265
83.33098,0.083947,0.009749,0.028056,0.003258
83.33671,0.083885,0.009733,0.028026,0.003252
83.34244,0.083822,0.009718,0.027995,0.003246
83.34817,0.083758,0.009702,0.027964,0.003239
83.35390,0.083695,0.009687,0.027933,0.003233
83.35963,0.083631,0.009671,0.027902,0.003226
83.36536,0.083567,0.009655,0.027870,0.003220
83.37109,0.083502,0.009639,0.027839,0.003214
83.37682,0.083438,0.009624,0.027808,0.003207
83.38255,0.083373,0.009608,0.027777,0.003201
83.38828,0.083308,0.009592,0.027745,0.003195
83.39401,0.083242,0.009576,0.027714,0.003188
83.39974,0.083177,0.009560,0.027682,0.003182
83.40547,0.083111,0.009545,0.027651,0.003175
83.41120,0.083045,0.009529,0.027619,0.003169
83.41693,0.082978,0.009513,0.027587,0.003163
83.42265,0.082912,0.009497,0.027555,0.003156
83.42838,0.082845,0.009481,0.027524,0.003150
83.43411,0.082777,0.009465,0.027492,0.003144
83.43984,0.082710,0.009449,0.027460,0.003137
83.44557,0.082642,0.009433,0.027428,0.003131
83.45130,0.082574,0.009417,0.027396,0.003124
83.45703,0.082506,0.009401,0.027363,0.003118
83.46276,0.082438,0.009385,0.027331,0.003112
83.46849,0.082369,0.009369,0.027299,0.003105
83.47422,0.082300,0.009353,0.027267,0.003099
83.47995,0.082231,0.009337,0.027234,0.003092
83.48568,0.082161,0.009321,0.027202,0.003086
83.49141,0.082091,0.009305,0.027169,0.003080
83.49714,0.082021,0.009289,0.027137,0.003073
83.50287,0.081951,0.009273,0.027104,0.003067
83.50860,0.081881,0.009257,0.027071,0.003061
83.51433,0.081810,0.009241,0.027039,0.003054
83.52006,0.081739,0.009225,0.027006,0.003048
83.52579,0.081668,0.009209,0.026973,0.003041
83.53152,0.081596,0.009192,0.026940,0.003035
83.53725,0.081524,0.009176,0.026907,0.003029
83.54298,0.081452,0.009160,0.026874,0.003022
83.54871,0.081380,0.009144,0.026841,0.003016
83.55444,0.081307,0.009128,0.026808,0.003009
83.56016,0.081235,0.009111,0.026774,0.003003
83.56589,0.081162,0.009095,0.026741,0.002997
83.57162,0.081088,0.009079,0.026708,0.002990
83.57735,0.081015,0.009062,0.026674,0.002984
83.58308,0.080941,0.009046,0.026641,0.002977
83.58881,0.080867,0.009030,0.026607,0.002971
83.59454,0.080793,0.009014,0.026574,0.002965
83.60027,0.080718,0.008997,0.026540,0.002958
83.60600,0.080644,0.008981,0.026507,0.002952
83.61173,0.080569,0.008964,0.026473,0.002946
83.61746,0.080493,0.008948,0.026439,0.002939
83.62319,0.080418,0.008932,0.026405,0.002933
83.62892,0.080342,0.008915,0.026371,0.002926
83.63465,0.080266,0.008899,0.026337,0.002920
83.64038,0.080190,0.008882,0.026303,0.002914
83.64611,0.080113,0.008866,0.026269,0.002907
83.65184,0.080036,0.008850,0.026235,0.002901
83.65757,0.079959,0.008833,0.026201,0.002894
83.66330,0.079882,0.008817,0.026167,0.002888
83.66903,0.079805,0.008800,0.026132,0.002882
83.67476,0.079727,0.008784,0.026098,0.002875
83.68049,0.079649,0.008767,0.026063,0.002869
83.68622,0.079571,0.008751,0.026029,0.002862
83.69195,0.079492,0.008734,0.025994,0.002856
83.69767,0.079414,0.008718,0.025960,0.002850
83.70340,0.079335,0.008701,0.025925,0.002843
83.70913,0.079256,0.008684,0.025891,0.002837
83.71486,0.079176,0.008668,0.025856,0.002831
83.72059,0.079096,0.008651,0.025821,0.002824
83.72632,0.079016,0.008635,0.025786,0.002818
83.73205,0.078936,0.008618,0.025751,0.002811
83.73778,0.078856,0.008602,0.025716,0.002805
83.74351,0.078775,0.008585,0.025681,0.002799
83.74924,0.078694,0.008568,0.025646,0.002792
83.75497,0.078613,0.008552,0.025611,0.002786
83.76070,0.078532,0.008535,0.025576,0.002780
83.76643,0.078450,0.008518,0.025541,0.002773
83.77216,0.078368,0.008502,0.025505,0.002767
83.77789,0.078286,0.008485,0.025470,0.002761
83.78362,0.078204,0.008468,0.025435,0.002754
83.78935,0.078121,0.008452,0.025399,0.002748
83.79508,0.078039,0.008435,0.025364,0.002741
83.80081,0.077956,0.008418,0.025328,0.002735
83.80654,0.077872,0.008401,0.025293,0.002729
83.81227,0.077789,0.008385,0.025257,0.002722
83.81800,0.077705,0.008368,0.025221,0.002716
83.82373,0.077621,0.008351,0.025186,0.002710
83.82946,0.077537,0.008334,0.025150,0.002703
83.83518,0.077452,0.008318,0.025114,0.002697
83.84091,0.077368,0.008301,0.025078,0.002691
83.84664,0.077283,0.008284,0.025042,0.002684
83.85237,0.077198,0.008267,0.025006,0.002678
83.85810,0.077112,0.008250,0.024970,0.002672
83.86383,0.077026,0.008233,0.024934,0.002665
83.86956,0.076941,0.008217,0.024898,0.002659
83.87529,0.076854,0.008200,0.024862,0.002653
83.88102,0.076768,0.008183,0.024825,0.002646
83.88675,0.076682,0.008166,0.024789,0.002640
83.89248,0.076595,0.008149,0.024753,0.002634
83.89821,0.076508,0.008132,0.024716,0.002627
83.90394,0.076420,0.008116,0.024680,0.002621
83.90967,0.076333,0.008099,0.024644,0.002615
83.91540,0.076245,0.008082,0.024607,0.002608
83.92113,0.076157,0.008065,0.024570,0.002602
83.92686,0.076069,0.008048,0.024534,0.002596
83.93259,0.075980,0.008031,0.024497,0.002589
83.93832,0.075892,0.008014,0.024460,0.002583
83.94405,0.075803,0.007997,0.024424,0.002577
83.94978,0.075714,0.007980,0.024387,0.002570
83.95551,0.075624,0.007963,0.024350,0.002564
83.96124,0.075535,0.007946,0.024313,0.002558
83.96696,0.075445,0.007929,0.024276,0.002551
83.97269,0.075355,0.007912,0.024239,0.002545
83.97842,0.075265,0.007895,0.024202,0.002539
83.98415,0.075174,0.007879,0.024165,0.002533
83.98988,0.075083,0.007862,0.024128,0.002526
83.99561,0.074992,0.007845,0.024090,0.002520
84.00134,0.074901,0.007828,0.024053,0.002514
84.00707,0.074810,0.007811,0.024016,0.002507
84.01280,0.074718,0.007794,0.023979,0.002501
84.01853,0.074626,0.007777,0.023941,0.002495
84.02426,0.074534,0.007760,0.023904,0.002489
84.02999,0.074442,0.007743,0.023866,0.002482
84.03572,0.074349,0.007726,0.023829,0.002476
84.04145,0.074257,0.007709,0.023791,0.002470
84.04718,0.074164,0.007691,0.023754,0.002463
84.05291,0.074070,0.007674,0.023716,0.002457
84.05864,0.073977,0.007657,0.023678,0.002451
84.06437,0.073883,0.007640,0.023640,0.002445
84.07010,0.073789,0.007623,0.023603,0.002438
84.07583,0.073695,0.007606,0.023565,0.002432
84.08156,0.073601,0.007589,0.023527,0.002426
84.08729,0.073506,0.007572,0.023489,0.002420
84.09302,0.073412,0.007555,0.023451,0.002413
84.09875,0.073317,0.007538,0.023413,0.002407
84.10447,0.073221,0.007521,0.023375,0.002401
84.11020,0.073126,0.007504,0.023337,0.002395
84.11593,0.073030,0.007487,0.023299,0.002388
84.12166,0.072934,0.007470,0.023261,0.002382
84.12739,0.072838,0.007453,0.023222,0.002376
84.13312,0.072742,0.007436,0.023184,0.002370
84.13885,0.072646,0.007418,0.023146,0.002364
84.14458,0.072549,0.007401,0.023107,0.002357
84.15031,0.072452,0.007384,0.023069,0.002351
84.15604,0.072355,0.007367,0.023031,0.002345
84.16177,0.072257,0.007350,0.022992,0.002339
84.16750,0.072160,0.007333,0.022953,0.002333
84.17323,0.072062,0.007316,0.022915,0.002326
84.17896,0.071964,0.007299,0.022876,0.002320
84.18469,0.071865,0.007282,0.022838,0.002314
84.19042,0.071767,0.007264,0.022799,0.002308
84.19615,0.071668,0.007247,0.022760,0.002302
84.20188,0.071569,0.007230,0.022721,0.002295
84.20761,0.071470,0.007213,0.022683,0.002289
84.21334,0.071371,0.007196,0.022644,0.002283
84.21907,0.071271,0.007179,0.022605,0.002277
84.22480,0.071171,0.007162,0.022566,0.002271
84.23053,0.071071,0.007145,0.022527,0.002265
84.23626,0.070971,0.007127,0.022488,0.002258
84.24198,0.070871,0.007110,0.022449,0.002252
84.24771,0.070770,0.007093,0.022410,0.002246
84.25344,0.070669,0.007076,0.022371,0.002240
84.25917,0.070568,0.007059,0.022332,0.002234
84.26490,0.070467,0.007042,0.022292,0.002228
84.27063,0.070366,0.007025,0.022253,0.002222
84.27636,0.070264,0.007007,0.022214,0.002215
84.28209,0.070162,0.006990,0.022174,0.002209
84.28782,0.070060,0.006973,0.022135,0.002203
84.29355,0.069958,0.006956,0.022096,0.002197
84.29928,0.069855,0.006939,0.022056,0.002191
84.30501,0.069752,0.006922,0.022017,0.002185
84.31074,0.069649,0.006905,0.021977,0.002179
84.31647,0.069546,0.006887,0.021938,0.002173
84.32220,0.069443,0.006870,0.021898,0.002166
84.32793,0.069339,0.006853,0.021858,0.002160
84.33366,0.069236,0.006836,0.021819,0.002154
84.33939,0.069132,0.006819,0.021779,0.002148
84.34512,0.069027,0.006802,0.021739,0.002142
84.35085,0.068923,0.006785,0.021699,0.002136
84.35658,0.068818,0.006767,0.021660,0.002130
84.36231,0.068714,0.006750,0.021620,0.002124
84.36804,0.068609,0.006733,0.021580,0.002118
84.37376,0.068503,0.006716,0.021540,0.002112
84.37949,0.068398,0.006699,0.021500,0.002106
84.38522,0.068292,0.006682,0.021460,0.002100
84.39095,0.068187,0.006665,0.021420,0.002094
84.39668,0.068081,0.006647,0.021380,0.002088
84.40241,0.067974,0.006630,0.021340,0.002082
84.40814,0.067868,0.006613,0.021300,0.002075
84.41387,0.067761,0.006596,0.021259,0.002069
84.41960,0.067655,0.006579,0.021219,0.002063
84.42533,0.067548,0.006562,0.021179,0.002057
84.43106,0.067440,0.006545,0.021139,0.002051
84.43679,0.067333,0.006528,0.021098,0.002045
84.44252,0.067225,0.006510,0.021058,0.002039
84.44825,0.067117,0.006493,0.021018,0.002033
84.45398,0.067009,0.006476,0.020977,0.002027
84.45971,0.066901,0.006459,0.020937,0.002021
84.46544,0.066793,0.006442,0.020896,0.002015
84.47117,0.066684,0.006425,0.020856,0.002009
84.47690,0.066575,0.006408,0.020815,0.002003
84.48263,0.066466,0.006391,0.020775,0.001997
84.48836,0.066357,0.006373,0.020734,0.001991
84.49409,0.066248,0.006356,0.020693,0.001985
84.49982,0.066138,0.006339,0.020653,0.001980
84.50555,0.066028,0.006322,0.020612,0.001974
84.51127,0.065918,0.006305,0.020571,0.001968
84.51700,0.065808,0.006288,0.020530,0.001962
84.52273,0.065698,0.006271,0.020489,0.001956
84.52846,0.065587,0.006254,0.020449,0.001950
84.53419,0.065477,0.006237,0.020408,0.001944
84.53992,0.065366,0.006220,0.020367,0.001938
84.54565,0.065254,0.006203,0.020326,0.001932
84.55138,0.065143,0.006186,0.020285,0.001926
84.55711,0.065032,0.006168,0.020244,0.001920
84.56284,0.064920,0.006151,0.020203,0.001914
84.56857,0.064808,0.006134,0.020162,0.001908
84.57430,0.064696,0.006117,0.020121,0.001902
84.58003,0.064584,0.006100,0.020079,0.001897
84.58576,0.064471,0.006083,0.020038,0.001891
84.59149,0.064358,0.006066,0.019997,0.001885
84.59722,0.064246,0.006049,0.019956,0.001879
84.60295,0.064133,0.006032,0.019915,0.001873
84.60868,0.064019,0.006015,0.019873,0.001867
84.61441,0.063906,0.005998,0.019832,0.001861
84.62014,0.063792,0.005981,0.019791,0.001856
84.62587,0.063679,0.005964,0.019749,0.001850
84.63160,0.063565,0.005947,0.019708,0.001844
84.63733,0.063450,0.005930,0.019666,0.001838
84.64306,0.063336,0.005913,0.019625,0.001832
84.64878,0.063222,0.005896,0.019583,0.001826
84.65451,0.063107,0.005879,0.019542,0.001821
84.66024,0.062992,0.005862,0.019500,0.001815
84.66597,0.062877,0.005845,0.019459,0.001809
84.67170,0.062762,0.005828,0.019417,0.001803
84.67743,0.062646,0.005811,0.019375,0.001797
84.68316,0.062530,0.005794,0.019334,0.001792
84.68889,0.062415,0.005777,0.019292,0.001786
84.69462,0.062299,0.005760,0.019250,0.001780
84.70035,0.062182,0.005743,0.019208,0.001774
84.70608,0.062066,0.005727,0.019167,0.001768
84.71181,0.061950,0.005710,0.019125,0.001763
84.71754,0.061833,0.005693,0.019083,0.001757
84.72327,0.061716,0.005676,0.019041,0.001751
84.72900,0.061599,0.005659,0.018999,0.001745
84.73473,0.061482,0.005642,0.018957,0.001740
84.74046,0.061364,0.005625,0.018915,0.001734
84.74619,0.061246,0.005608,0.018873,0.001728
84.75192,0.061129,0.005591,0.018831,0.001722
84.75765,0.061011,0.005574,0.018789,0.001717
84.76338,0.060893,0.005558,0.018747,0.001711
84.76911,0.060774,0.005541,0.018705,0.001705
84.77484,0.060656,0.005524,0.018663,0.001700
84.78056,0.060537,0.005507,0.018621,0.001694
84.78629,0.060418,0.005490,0.018579,0.001688
84.79202,0.060299,0.005473,0.018537,0.001683
84.79775,0.060180,0.005457,0.018494,0.001677
84.80348,0.060061,0.005440,0.018452,0.001671
84.80921,0.059941,0.005423,0.018410,0.001666
84.81494,0.059821,0.005406,0.018368,0.001660
84.82067,0.059701,0.005389,0.018325,0.001654
84.82640,0.059581,0.005373,0.018283,0.001649
84.83213,0.059461,0.005356,0.018240,0.001643
84.83786,0.059341,0.005339,0.018198,0.001637
84.84359,0.059220,0.005322,0.018156,0.001632
84.84932,0.059099,0.005306,0.018113,0.001626
84.85505,0.058978,0.005289,0.018071,0.001621
84.86078,0.058857,0.005272,0.018028,0.001615
84.86651,0.058736,0.005255,0.017986,0.001609
84.87224,0.058615,0.005239,0.017943,0.001604
84.87797,0.058493,0.005222,0.017901,0.001598
84.88370,0.058371,0.005205,0.017858,0.001593
84.88943,0.058249,0.005189,0.017815,0.001587
84.89516,0.058127,0.005172,0.017773,0.001581
84.90089,0.058005,0.005155,0.017730,0.001576
84.90662,0.057882,0.005139,0.017687,0.001570
84.91235,0.057760,0.005122,0.017645,0.001565
84.91807,0.057637,0.005105,0.017602,0.001559
84.92380,0.057514,0.005089,0.017559,0.001554
84.92953,0.057391,0.005072,0.017517,0.001548
84.93526,0.057268,0.005056,0.017474,0.001543
84.94099,0.057144,0.005039,0.017431,0.001537
84.94672,0.057021,0.005022,0.017388,0.001532
84.95245,0.056897,0.005006,0.017345,0.001526
84.95818,0.056773,0.004989,0.017302,0.001521
84.96391,0.056649,0.004973,0.017259,0.001515
84.96964,0.056525,0.004956,0.017217,0.001510
84.97537,0.056400,0.004940,0.017174,0.001504
84.98110,0.056276,0.004923,0.017131,0.001499
84.98683,0.056151,0.004907,0.017088,0.001493
84.99256,0.056026,0.004890,0.017045,0.001488
84.99829,0.055901,0.004874,0.017002,0.001482
85.00402,0.055776,0.004857,0.016959,0.001477
85.00975,0.055650,0.004841,0.016916,0.001471
85.01548,0.055525,0.004824,0.016872,0.001466
85.02121,0.055399,0.004808,0.016829,0.001461
85.02694,0.055273,0.004792,0.016786,0.001455
85.03267,0.055147,0.004775,0.016743,0.001450
85.03840,0.055021,0.004759,0.016700,0.001444
85.04413,0.054895,0.004742,0.016657,0.001439
85.04986,0.054769,0.004726,0.016613,0.001434
85.05558,0.054642,0.004710,0.016570,0.001428
85.06131,0.054515,0.004693,0.016527,0.001423
85.06704,0.054388,0.004677,0.016484,0.001417
85.07277,0.054261,0.004661,0.016440,0.001412
85.07850,0.054134,0.004644,0.016397,0.001407
85.08423,0.054006,0.004628,0.016354,0.001401
85.08996,0.053879,0.004612,0.016311,0.001396
85.09569,0.053751,0.004595,0.016267,0.001391
85.10142,0.053623,0.004579,0.016224,0.001385
85.10715,0.053495,0.004563,0.016180,0.001380
85.11288,0.053367,0.004547,0.016137,0.001375
85.11861,0.053239,0.004530,0.016094,0.001369
85.12434,0.053111,0.004514,0.016050,0.001364
85.13007,0.052982,0.004498,0.016007,0.001359
85.13580,0.052853,0.004482,0.015963,0.001354
85.14153,0.052724,0.004465,0.015920,0.001348
85.14726,0.052595,0.004449,0.015876,0.001343
85.15299,0.052466,0.004433,0.015833,0.001338
85.15872,0.052337,0.004417,0.015789,0.001333
85.16445,0.052207,0.004401,0.015746,0.001327
85.17018,0.052078,0.004385,0.015702,0.001322
85.17591,0.051948,0.004369,0.015658,0.001317
85.18164,0.051818,0.004353,0.015615,0.001312
85.18736,0.051688,0.004336,0.015571,0.001306
85.19309,0.051558,0.004320,0.015527,0.001301
85.19882,0.051427,0.004304,0.015484,0.001296
85.20455,0.051297,0.004288,0.015440,0.001291
85.21028,0.051166,0.004272,0.015396,0.001286
85.21601,0.051035,0.004256,0.015353,0.001280
85.22174,0.050904,0.004240,0.015309,0.001275
85.22747,0.050773,0.004224,0.015265,0.001270
85.23320,0.050642,0.004208,0.015221,0.001265
85.23893,0.050511,0.004192,0.015178,0.001260
85.24466,0.050379,0.004177,0.015134,0.001255
85.25039,0.050248,0.004161,0.015090,0.001249
85.25612,0.050116,0.004145,0.015046,0.001244
85.26185,0.049984,0.004129,0.015002,0.001239
85.26758,0.049852,0.004113,0.014959,0.001234
85.27331,0.049720,0.004097,0.014915,0.001229
85.27904,0.049587,0.004081,0.014871,0.001224
85.28477,0.049455,0.004065,0.014827,0.001219
85.29050,0.049322,0.004050,0.014783,0.001214
85.29623,0.049190,0.004034,0.014739,0.001209
85.30196,0.049057,0.004018,0.014695,0.001204
85.30769,0.048924,0.004002,0.014651,0.001199
85.31342,0.048791,0.003986,0.014607,0.001193
85.31915,0.048657,0.003971,0.014563,0.001188
85.32487,0.048524,0.003955,0.014519,0.001183
85.33060,0.048390,0.003939,0.014475,0.001178
85.33633,0.048257,0.003924,0.014431,0.001173
85.34206,0.048123,0.003908,0.014387,0.001168
85.34779,0.047989,0.003892,0.014343,0.001163
85.35352,0.047855,0.003877,0.014299,0.001158
85.35925,0.047721,0.003861,0.014255,0.001153
85.36498,0.047586,0.003845,0.014211,0.001148
85.37071,0.047452,0.003830,0.014167,0.001143
85.37644,0.047317,0.003814,0.014123,0.001138
85.38217,0.047183,0.003799,0.014079,0.001133
85.38790,0.047048,0.003783,0.014035,0.001129
85.39363,0.046913,0.003768,0.013991,0.001124
85.39936,0.046778,0.003752,0.013947,0.001119
85.40509,0.046643,0.003737,0.013902,0.001114
85.41082,0.046507,0.003721,0.013858,0.001109
85.41655,0.046372,0.003706,0.013814,0.001104
85.42228,0.046236,0.003690,0.013770,0.001099
85.42801,0.046100,0.003675,0.013726,0.001094
85.43374,0.045964,0.003659,0.013681,0.001089
85.43947,0.045828,0.003644,0.013637,0.001084
85.44520,0.045692,0.003629,0.013593,0.001079
85.45093,0.045556,0.003613,0.013549,0.001075
85.45666,0.045420,0.003598,0.013505,0.001070
85.46238,0.045283,0.003583,0.013460,0.001065
85.46811,0.045147,0.003567,0.013416,0.001060
85.47384,0.045010,0.003552,0.013372,0.001055
85.47957,0.044873,0.003537,0.013328,0.001050
85.48530,0.044736,0.003521,0.013283,0.001046
85.49103,0.044599,0.003506,0.013239,0.001041
85.49676,0.044462,0.003491,0.013195,0.001036
85.50249,0.044324,0.003476,0.013150,0.001031
85.50822,0.044187,0.003461,0.013106,0.001026
85.51395,0.044049,0.003445,0.013062,0.001022
85.51968,0.043912,0.003430,0.013017,0.001017
85.52541,0.043774,0.003415,0.012973,0.001012
85.53114,0.043636,0.003400,0.012929,0.001007
85.53687,0.043498,0.003385,0.012884,0.001003
85.54260,0.043360,0.003370,0.012840,0.000998
85.54833,0.043222,0.003355,0.012795,0.000993
85.55406,0.043083,0.003340,0.012751,0.000988
85.55979,0.042945,0.003325,0.012707,0.000984
85.56552,0.042806,0.003310,0.012662,0.000979
85.57125,0.042667,0.003295,0.012618,0.000974
85.57698,0.042528,0.003280,0.012573,0.000970
85.58271,0.042389,0.003265,0.012529,0.000965
85.58844,0.042250,0.003250,0.012485,0.000960
85.59417,0.042111,0.003235,0.012440,0.000956
85.59989,0.041972,0.003220,0.012396,0.000951
85.60562,0.041833,0.003205,0.012351,0.000946
85.61135,0.041693,0.003190,0.012307,0.000942
85.61708,0.041553,0.003176,0.012262,0.000937
85.62281,0.041414,0.003161,0.012218,0.000932
85.62854,0.041274,0.003146,0.012173,0.000928
85.63427,0.041134,0.003131,0.012129,0.000923
85.64000,0.040994,0.003116,0.012084,0.000919
85.64573,0.040854,0.003102,0.012040,0.000914
85.65146,0.040713,0.003087,0.011995,0.000910
85.65719,0.040573,0.003072,0.011951,0.000905
85.66292,0.040432,0.003058,0.011906,0.000900
85.66865,0.040292,0.003043,0.011862,0.000896
85.67438,0.040151,0.003028,0.011817,0.000891
85.68011,0.040010,0.003014,0.011773,0.000887
85.68584,0.039869,0.002999,0.011728,0.000882
85.69157,0.039728,0.002985,0.011684,0.000878
85.69730,0.039587,0.002970,0.011639,0.000873
85.70303,0.039446,0.002956,0.011594,0.000869
85.70876,0.039305,0.002941,0.011550,0.000864
85.71449,0.039163,0.002927,0.011505,0.000860
85.72022,0.039022,0.002912,0.011461,0.000855
85.72595,0.038880,0.002898,0.011416,0.000851
85.73167,0.038738,0.002883,0.011372,0.000846
85.73740,0.038597,0.002869,0.011327,0.000842
85.74313,0.038455,0.002854,0.011282,0.000837
85.74886,0.038313,0.002840,0.011238,0.000833
85.75459,0.038171,0.002826,0.011193,0.000829
85.76032,0.038028,0.002811,0.011149,0.000824
85.76605,0.037886,0.002797,0.011104,0.000820
85.77178,0.037744,0.002783,0.011060,0.000815
85.77751,0.037601,0.002769,0.011015,0.000811
85.78324,0.037458,0.002754,0.010970,0.000807
85.78897,0.037316,0.002740,0.010926,0.000802
85.79470,0.037173,0.002726,0.010881,0.000798
85.80043,0.037030,0.002712,0.010836,0.000794
85.80616,0.036887,0.002698,0.010792,0.000789
85.81189,0.036744,0.002683,0.010747,0.000785
85.81762,0.036601,0.002669,0.010703,0.000781
85.82335,0.036457,0.002655,0.010658,0.000776
85.82908,0.036314,0.002641,0.010613,0.000772
85.83481,0.036171,0.002627,0.010569,0.000768
85.84054,0.036027,0.002613,0.010524,0.000763
85.84627,0.035883,0.002599,0.010480,0.000759
85.85200,0.035740,0.002585,0.010435,0.000755
85.85773,0.035596,0.002571,0.010390,0.000751
85.86346,0.035452,0.002557,0.010346,0.000746
85.86918,0.035308,0.002543,0.010301,0.000742
85.87491,0.035164,0.002529,0.010256,0.000738
85.88064,0.035020,0.002516,0.010212,0.000734
85.88637,0.034875,0.002502,0.010167,0.000729
85.89210,0.034731,0.002488,0.010122,0.000725
85.89783,0.034587,0.002474,0.010078,0.000721
85.90356,0.034442,0.002460,0.010033,0.000717
85.90929,0.034298,0.002447,0.009989,0.000713
85.91502,0.034153,0.002433,0.009944,0.000708
85.92075,0.034008,0.002419,0.009899,0.000704
85.92648,0.033863,0.002406,0.009855,0.000700
85.93221,0.033718,0.002392,0.009810,0.000696
85.93794,0.033573,0.002378,0.009765,0.000692
85.94367,0.033428,0.002365,0.009721,0.000688
85.94940,0.033283,0.002351,0.009676,0.000683
85.95513,0.033138,0.002337,0.009631,0.000679
85.96086,0.032992,0.002324,0.009587,0.000675
85.96659,0.032847,0.002310,0.009542,0.000671
85.97232,0.032701,0.002297,0.009498,0.000667
85.97805,0.032556,0.002283,0.009453,0.000663
85.98378,0.032410,0.002270,0.009408,0.000659
85.98951,0.032264,0.002257,0.009364,0.000655
85.99524,0.032118,0.002243,0.009319,0.000651
86.00097,0.031972,0.002230,0.009274,0.000647
86.00669,0.031827,0.002216,0.009230,0.000643
86.01242,0.031680,0.002203,0.009185,0.000639
86.01815,0.031534,0.002190,0.009140,0.000635
86.02388,0.031388,0.002176,0.009096,0.000631
86.02961,0.031242,0.002163,0.009051,0.000627
86.03534,0.031095,0.002150,0.009007,0.000623
86.04107,0.030949,0.002137,0.008962,0.000619
86.04680,0.030802,0.002124,0.008917,0.000615
86.05253,0.030656,0.002110,0.008873,0.000611
86.05826,0.030509,0.002097,0.008828,0.000607
86.06399,0.030362,0.002084,0.008784,0.000603
86.06972,0.030216,0.002071,0.008739,0.000599
86.07545,0.030069,0.002058,0.008694,0.000595
86.08118,0.029922,0.002045,0.008650,0.000591
86.08691,0.029775,0.002032,0.008605,0.000587
86.09264,0.029628,0.002019,0.008561,0.000583
86.09837,0.029481,0.002006,0.008516,0.000579
86.10410,0.029333,0.001993,0.008471,0.000576
86.10983,0.029186,0.001980,0.008427,0.000572
86.11556,0.029039,0.001967,0.008382,0.000568
86.12129,0.028891,0.001954,0.008338,0.000564
86.12702,0.028744,0.001941,0.008293,0.000560
86.13275,0.028596,0.001929,0.008249,0.000556
86.13847,0.028448,0.001916,0.008204,0.000553
86.14420,0.028301,0.001903,0.008160,0.000549
86.14993,0.028153,0.001890,0.008115,0.000545
86.15566,0.028005,0.001878,0.008070,0.000541
86.16139,0.027857,0.001865,0.008026,0.000537
86.16712,0.027709,0.001852,0.007981,0.000534
86.17285,0.027561,0.001840,0.007937,0.000530
86.17858,0.027413,0.001827,0.007892,0.000526
86.18431,0.027265,0.001814,0.007848,0.000522
86.19004,0.027117,0.001802,0.007803,0.000519
86.19577,0.026969,0.001789,0.007759,0.000515
86.20150,0.026820,0.001777,0.007714,0.000511
86.20723,0.026672,0.001764,0.007670,0.000507
86.21296,0.026523,0.001752,0.007625,0.000504
86.21869,0.026375,0.001739,0.007581,0.000500
86.22442,0.026226,0.001727,0.007536,0.000496
86.23015,0.026078,0.001715,0.007492,0.000493
86.23588,0.025929,0.001702,0.007447,0.000489
86.24161,0.025780,0.001690,0.007403,0.000485
86.24734,0.025632,0.001678,0.007359,0.000482
86.25307,0.025483,0.001665,0.007314,0.000478
86.25880,0.025334,0.001653,0.007270,0.000474
86.26453,0.025185,0.001641,0.007225,0.000471
86.27026,0.025036,0.001629,0.007181,0.000467
86.27598,0.024887,0.001616,0.007136,0.000464
86.28171,0.024738,0.001604,0.007092,0.000460
86.28744,0.024588,0.001592,0.007048,0.000456
86.29317,0.024439,0.001580,0.007003,0.000453
86.29890,0.024290,0.001568,0.006959,0.000449
86.30463,0.024141,0.001556,0.006914,0.000446
86.31036,0.023991,0.001544,0.006870,0.000442
86.31609,0.023842,0.001532,0.006826,0.000439
86.32182,0.023692,0.001520,0.006781,0.000435
86.32755,0.023543,0.001508,0.006737,0.000432
86.33328,0.023393,0.001496,0.006693,0.000428
86.33901,0.023244,0.001484,0.006648,0.000425
86.34474,0.023094,0.001472,0.006604,0.000421
86.35047,0.022944,0.001460,0.006560,0.000418
86.35620,0.022794,0.001449,0.006515,0.000414
86.36193,0.022645,0.001437,0.006471,0.000411
86.36766,0.022495,0.001425,0.006427,0.000407
86.37339,0.022345,0.001413,0.006382,0.000404
86.37912,0.022195,0.001402,0.006338,0.000400
86.38485,0.022045,0.001390,0.006294,0.000397
86.39058,0.021895,0.001378,0.006250,0.000393
86.39631,0.021745,0.001367,0.006205,0.000390
86.40204,0.021595,0.001355,0.006161,0.000387
86.40777,0.021444,0.001344,0.006117,0.000383
86.41349,0.021294,0.001332,0.006073,0.000380
86.41922,0.021144,0.001321,0.006028,0.000377
86.42495,0.020994,0.001309,0.005984,0.000373
86.43068,0.020843,0.001298,0.005940,0.000370
86.43641,0.020693,0.001286,0.005896,0.000366
86.44214,0.020542,0.001275,0.005852,0.000363
86.44787,0.020392,0.001263,0.005808,0.000360
86.45360,0.020242,0.001252,0.005763,0.000357
86.45933,0.020091,0.001241,0.005719,0.000353
86.46506,0.019940,0.001229,0.005675,0.000350
86.47079,0.019790,0.001218,0.005631,0.000347
86.47652,0.019639,0.001207,0.005587,0.000343
86.48225,0.019488,0.001196,0.005543,0.000340
86.48798,0.019338,0.001185,0.005499,0.000337
86.49371,0.019187,0.001173,0.005455,0.000334
86.49944,0.019036,0.001162,0.005411,0.000330
86.50517,0.018885,0.001151,0.005367,0.000327
86.51090,0.018735,0.001140,0.005323,0.000324
86.51663,0.018584,0.001129,0.005278,0.000321
86.52236,0.018433,0.001118,0.005234,0.000318
86.52809,0.018282,0.001107,0.005190,0.000314
86.53382,0.018131,0.001096,0.005146,0.000311
86.53955,0.017980,0.001085,0.005102,0.000308
86.54527,0.017829,0.001074,0.005059,0.000305
86.55100,0.017678,0.001063,0.005015,0.000302
86.55673,0.017527,0.001053,0.004971,0.000299
86.56246,0.017375,0.001042,0.004927,0.000295
86.56819,0.017224,0.001031,0.004883,0.000292
86.57392,0.017073,0.001020,0.004839,0.000289
86.57965,0.016922,0.001010,0.004795,0.000286
86.58538,0.016771,0.000999,0.004751,0.000283
86.59111,0.016619,0.000988,0.004707,0.000280
86.59684,0.016468,0.000978,0.004663,0.000277
86.60257,0.016317,0.000967,0.004619,0.000274
86.60830,0.016165,0.000956,0.004576,0.000271
86.61403,0.016014,0.000946,0.004532,0.000268
86.61976,0.015863,0.000935,0.004488,0.000265
86.62549,0.015711,0.000925,0.004444,0.000262
86.63122,0.015560,0.000914,0.004400,0.000259
86.63695,0.015408,0.000904,0.004357,0.000256
86.64268,0.015257,0.000893,0.004313,0.000253
86.64841,0.015105,0.000883,0.004269,0.000250
86.65414,0.014954,0.000873,0.004225,0.000247
86.65987,0.014802,0.000862,0.004182,0.000244
86.66560,0.014651,0.000852,0.004138,0.000241
86.67133,0.014499,0.000842,0.004094,0.000238
86.67706,0.014347,0.000832,0.004051,0.000235
86.68278,0.014196,0.000821,0.004007,0.000232
86.68851,0.014044,0.000811,0.003963,0.000229
86.69424,0.013892,0.000801,0.003920,0.000226
86.69997,0.013741,0.000791,0.003876,0.000223
86.70570,0.013589,0.000781,0.003833,0.000220
86.71143,0.013437,0.000771,0.003789,0.000217
86.71716,0.013286,0.000761,0.003745,0.000214
86.72289,0.013134,0.000751,0.003702,0.000212
86.72862,0.012982,0.000741,0.003658,0.000209
86.73435,0.012830,0.000731,0.003615,0.000206
86.74008,0.012678,0.000721,0.003571,0.000203
86.74581,0.012527,0.000711,0.003528,0.000200
86.75154,0.012375,0.000701,0.003484,0.000197
86.75727,0.012223,0.000691,0.003441,0.000195
86.76300,0.012071,0.000682,0.003397,0.000192
86.76873,0.011919,0.000672,0.003354,0.000189
86.77446,0.011767,0.000662,0.003311,0.000186
86.78019,0.011616,0.000652,0.003267,0.000184
86.78592,0.011464,0.000643,0.003224,0.000181
86.79165,0.011312,0.000633,0.003180,0.000178
86.79738,0.011160,0.000623,0.003137,0.000175
86.80311,0.011008,0.000614,0.003094,0.000173
86.80884,0.010856,0.000604,0.003050,0.000170
86.81457,0.010704,0.000595,0.003007,0.000167
86.82029,0.010552,0.000585,0.002964,0.000164
86.82602,0.010400,0.000576,0.002921,0.000162
86.83175,0.010248,0.000566,0.002877,0.000159
86.83748,0.010096,0.000557,0.002834,0.000156
86.84321,0.009945,0.000548,0.002791,0.000154
86.84894,0.009793,0.000538,0.002748,0.000151
86.85467,0.009641,0.000529,0.002704,0.000148
86.86040,0.009489,0.000520,0.002661,0.000146
86.86613,0.009337,0.000510,0.002618,0.000143
86.87186,0.009185,0.000501,0.002575,0.000141
86.87759,0.009033,0.000492,0.002532,0.000138
86.88332,0.008881,0.000483,0.002489,0.000135
86.88905,0.008729,0.000474,0.002446,0.000133
86.89478,0.008577,0.000465,0.002403,0.000130
86.90051,0.008425,0.000456,0.002360,0.000128
86.90624,0.008273,0.000446,0.002317,0.000125
86.91197,0.008121,0.000437,0.002274,0.000122
86.91770,0.007969,0.000428,0.002231,0.000120
86.92343,0.007817,0.000420,0.002188,0.000117
86.92916,0.007665,0.000411,0.002145,0.000115
86.93489,0.007513,0.000402,0.002102,0.000112
86.94062,0.007361,0.000393,0.002059,0.000110
86.94635,0.007209,0.000384,0.002016,0.000107
86.95207,0.007057,0.000375,0.001973,0.000105
86.95780,0.006905,0.000366,0.001930,0.000102
86.96353,0.006753,0.000358,0.001887,0.000100
86.96926,0.006601,0.000349,0.001845,0.000098
86.97499,0.006450,0.000340,0.001802,0.000095
86.98072,0.006298,0.000332,0.001759,0.000093
86.98645,0.006146,0.000323,0.001716,0.000090
86.99218,0.005994,0.000315,0.001673,0.000088
86.99791,0.005842,0.000306,0.001631,0.000085
87.00364,0.005690,0.000297,0.001588,0.000083
87.00937,0.005538,0.000289,0.001545,0.000081
87.01510,0.005386,0.000280,0.001503,0.000078
87.02083,0.005235,0.000272,0.001460,0.000076
87.02656,0.005083,0.000264,0.001417,0.000074
87.03229,0.004931,0.000255,0.001375,0.000071
87.03802,0.004779,0.000247,0.001332,0.000069
87.04375,0.004627,0.000239,0.001290,0.000067
87.04948,0.004475,0.000230,0.001247,0.000064
87.05521,0.004324,0.000222,0.001205,0.000062
87.06094,0.004172,0.000214,0.001162,0.000060
87.06667,0.004020,0.000206,0.001120,0.000057
87.07240,0.003868,0.000198,0.001077,0.000055
87.07813,0.003717,0.000189,0.001035,0.000053
87.08386,0.003565,0.000181,0.000992,0.000050
87.08958,0.003413,0.000173,0.000950,0.000048
87.09531,0.003262,0.000165,0.000908,0.000046
87.10104,0.003110,0.000157,0.000865,0.000044
87.10677,0.002958,0.000149,0.000823,0.000042
87.11250,0.002807,0.000141,0.000781,0.000039
87.11823,0.002655,0.000133,0.000738,0.000037
87.12396,0.002504,0.000126,0.000696,0.000035
87.12969,0.002352,0.000118,0.000654,0.000033
87.13542,0.002201,0.000110,0.000612,0.000031
87.14115,0.002049,0.000102,0.000569,0.000028
87.14688,0.001898,0.000094,0.000527,0.000026
87.15261,0.001746,0.000087,0.000485,0.000024
87.15834,0.001595,0.000079,0.000443,0.000022
87.16407,0.001443,0.000071,0.000401,0.000020
87.16980,0.001292,0.000064,0.000359,0.000018
87.17553,0.001141,0.000056,0.000317,0.000016
87.18126,0.000989,0.000049,0.000274,0.000013
87.18699,0.000838,0.000041,0.000232,0.000011
87.19272,0.000687,0.000034,0.000190,0.000009
87.19845,0.000535,0.000026,0.000148,0.000007
87.20418,0.000384,0.000019,0.000107,0.000005
87.20991,0.000233,0.000011,0.000065,0.000003
87.21564,0.000082,0.000004,0.000023,0.000001
87.22137,0.000069,0.000003,0.000019,0.000001
87.22709,0.000221,0.000011,0.000061,0.000003
87.23282,0.000372,0.000018,0.000103,0.000005
87.23855,0.000523,0.000025,0.000145,0.000007
87.24428,0.000674,0.000032,0.000187,0.000009
87.25001,0.000825,0.000040,0.000228,0.000011
87.25574,0.000976,0.000047,0.000270,0.000013
87.26147,0.001127,0.000054,0.000312,0.000015
87.26720,0.001278,0.000061,0.000354,0.000017
87.27293,0.001428,0.000068,0.000395,0.000019
87.27866,0.001579,0.000075,0.000437,0.000021
87.28439,0.001730,0.000082,0.000479,0.000023
87.29012,0.001881,0.000089,0.000520,0.000025
87.29585,0.002032,0.000096,0.000562,0.000027
87.30158,0.002182,0.000103,0.000603,0.000028
87.30731,0.002333,0.000110,0.000645,0.000030
87.31304,0.002484,0.000116,0.000686,0.000032
87.31877,0.002634,0.000123,0.000728,0.000034
87.32450,0.002785,0.000130,0.000769,0.000036
87.33023,0.002935,0.000137,0.000811,0.000038
87.33596,0.003086,0.000143,0.000852,0.000040
87.34169,0.003236,0.000150,0.000894,0.000041
87.34742,0.003387,0.000157,0.000935,0.000043
87.35315,0.003537,0.000163,0.000976,0.000045
87.35888,0.003687,0.000170,0.001018,0.000047
87.36460,0.003838,0.000176,0.001059,0.000049
87.37033,0.003988,0.000183,0.001100,0.000050
87.37606,0.004138,0.000189,0.001141,0.000052
87.38179,0.004288,0.000196,0.001183,0.000054
87.38752,0.004439,0.000202,0.001224,0.000056
87.39325,0.004589,0.000209,0.001265,0.000058
87.39898,0.004739,0.000215,0.001306,0.000059
87.40471,0.004889,0.000221,0.001347,0.000061
87.41044,0.005039,0.000228,0.001388,0.000063
87.41617,0.005189,0.000234,0.001429,0.000064
87.42190,0.005338,0.000240,0.001470,0.000066
87.42763,0.005488,0.000246,0.001511,0.000068
87.43336,0.005638,0.000252,0.001552,0.000070
87.43909,0.005788,0.000259,0.001593,0.000071
87.44482,0.005937,0.000265,0.001634,0.000073
87.45055,0.006087,0.000271,0.001675,0.000075
87.45628,0.006237,0.000277,0.001716,0.000076
87.46201,0.006386,0.000283,0.001757,0.000078
87.46774,0.006536,0.000289,0.001798,0.000079
87.47347,0.006685,0.000295,0.001839,0.000081
87.47920,0.006834,0.000301,0.001879,0.000083
87.48493,0.006984,0.000306,0.001920,0.000084
87.49066,0.007133,0.000312,0.001961,0.000086
87.49638,0.007282,0.000318,0.002001,0.000087
87.50211,0.007431,0.000324,0.002042,0.000089
87.50784,0.007581,0.000330,0.002083,0.000091
87.51357,0.007730,0.000335,0.002123,0.000092
87.51930,0.007879,0.000341,0.002164,0.000094
87.52503,0.008028,0.000347,0.002205,0.000095
87.53076,0.008177,0.000352,0.002245,0.000097
87.53649,0.008325,0.000358,0.002286,0.000098
87.54222,0.008474,0.000363,0.002326,0.000100
87.54795,0.008623,0.000369,0.002366,0.000101
87.55368,0.008772,0.000374,0.002407,0.000103
87.55941,0.008920,0.000380,0.002447,0.000104
87.56514,0.009069,0.000385,0.002488,0.000106
87.57087,0.009217,0.000391,0.002528,0.000107
87.57660,0.009366,0.000396,0.002568,0.000109
87.58233,0.009514,0.000401,0.002609,0.000110
87.58806,0.009663,0.000407,0.002649,0.000111
87.59379,0.009811,0.000412,0.002689,0.000113
87.59952,0.009959,0.000417,0.002729,0.000114
87.60525,0.010107,0.000422,0.002769,0.000116
87.61098,0.010255,0.000427,0.002810,0.000117
87.61671,0.010403,0.000433,0.002850,0.000119
87.62244,0.010551,0.000438,0.002890,0.000120
87.62817,0.010699,0.000443,0.002930,0.000121
87.63389,0.010847,0.000448,0.002970,0.000123
87.63962,0.010995,0.000453,0.003010,0.000124
87.64535,0.011143,0.000458,0.003050,0.000125
87.65108,0.011290,0.000463,0.003090,0.000127
87.65681,0.011438,0.000468,0.003130,0.000128
87.66254,0.011586,0.000473,0.003170,0.000129
87.66827,0.011733,0.000477,0.003209,0.000131
87.67400,0.011880,0.000482,0.003249,0.000132
87.67973,0.012028,0.000487,0.003289,0.000133
87.68546,0.012175,0.000492,0.003329,0.000134
87.69119,0.012322,0.000496,0.003369,0.000136
87.69692,0.012469,0.000501,0.003408,0.000137
87.70265,0.012616,0.000506,0.003448,0.000138
87.70838,0.012763,0.000510,0.003488,0.000139
87.71411,0.012910,0.000515,0.003527,0.000141
87.71984,0.013057,0.000519,0.003567,0.000142
87.72557,0.013204,0.000524,0.003606,0.000143
87.73130,0.013351,0.000529,0.003646,0.000144
87.73703,0.013497,0.000533,0.003685,0.000146
87.74276,0.013644,0.000537,0.003725,0.000147
87.74849,0.013790,0.000542,0.003764,0.000148
87.75422,0.013937,0.000546,0.003804,0.000149
87.75995,0.014083,0.000550,0.003843,0.000150
87.76568,0.014229,0.000555,0.003882,0.000151
87.77140,0.014376,0.000559,0.003922,0.000152
87.77713,0.014522,0.000563,0.003961,0.000154
87.78286,0.014668,0.000567,0.004000,0.000155
87.78859,0.014814,0.000572,0.004039,0.000156
87.79432,0.014960,0.000576,0.004079,0.000157
87.80005,0.015106,0.000580,0.004118,0.000158
87.80578,0.015251,0.000584,0.004157,0.000159
87.81151,0.015397,0.000588,0.004196,0.000160
87.81724,0.015543,0.000592,0.004235,0.000161
87.82297,0.015688,0.000596,0.004274,0.000162
87.82870,0.015834,0.000600,0.004313,0.000163
87.83443,0.015979,0.000604,0.004352,0.000164
87.84016,0.016124,0.000608,0.004391,0.000165
87.84589,0.016269,0.000612,0.004430,0.000167
87.85162,0.016414,0.000615,0.004469,0.000168
87.85735,0.016560,0.000619,0.004508,0.000169
87.86308,0.016704,0.000623,0.004546,0.000170
87.86881,0.016849,0.000627,0.004585,0.000171
87.87454,0.016994,0.000630,0.004624,0.000171
87.88027,0.017139,0.000634,0.004663,0.000172
87.88600,0.017283,0.000638,0.004701,0.000173
87.89173,0.017428,0.000641,0.004740,0.000174
87.89746,0.017572,0.000645,0.004779,0.000175
87.90318,0.017717,0.000648,0.004817,0.000176
87.90891,0.017861,0.000652,0.004856,0.000177
87.91464,0.018005,0.000655,0.004894,0.000178
87.92037,0.018149,0.000659,0.004933,0.000179
87.92610,0.018293,0.000662,0.004971,0.000180
87.93183,0.018437,0.000665,0.005010,0.000181
87.93756,0.018581,0.000669,0.005048,0.000182
87.94329,0.018725,0.000672,0.005086,0.000183
87.94902,0.018869,0.000675,0.005125,0.000183
87.95475,0.019012,0.000679,0.005163,0.000184
87.96048,0.019156,0.000682,0.005201,0.000185
87.96621,0.019299,0.000685,0.005240,0.000186
87.97194,0.019443,0.000688,0.005278,0.000187
87.97767,0.019586,0.000691,0.005316,0.000188
87.98340,0.019729,0.000694,0.005354,0.000188
87.98913,0.019872,0.000697,0.005392,0.000189
87.99486,0.020015,0.000700,0.005430,0.000190
88.00059,0.020158,0.000703,0.005468,0.000191
88.00632,0.020300,0.000706,0.005506,0.000192
88.01205,0.020443,0.000709,0.005544,0.000192
88.01778,0.020586,0.000712,0.005582,0.000193
88.02351,0.020728,0.000715,0.005620,0.000194
88.02924,0.020871,0.000718,0.005658,0.000195
88.03497,0.021013,0.000721,0.005696,0.000195
88.04069,0.021155,0.000723,0.005734,0.000196
88.04642,0.021297,0.000726,0.005771,0.000197
88.05215,0.021439,0.000729,0.005809,0.000197
88.05788,0.021581,0.000731,0.005847,0.000198
88.06361,0.021723,0.000734,0.005884,0.000199
88.06934,0.021865,0.000737,0.005922,0.000200
88.07507,0.022006,0.000739,0.005960,0.000200
88.08080,0.022148,0.000742,0.005997,0.000201
88.08653,0.022289,0.000744,0.006035,0.000201
88.09226,0.022431,0.000747,0.006072,0.000202
88.09799,0.022572,0.000749,0.006110,0.000203
88.10372,0.022713,0.000752,0.006147,0.000203
88.10945,0.022854,0.000754,0.006184,0.000204
88.11518,0.022995,0.000756,0.006222,0.000205
88.12091,0.023136,0.000759,0.006259,0.000205
88.12664,0.023276,0.000761,0.006296,0.000206
88.13237,0.023417,0.000763,0.006334,0.000206
88.13810,0.023557,0.000765,0.006371,0.000207
88.14383,0.023698,0.000768,0.006408,0.000208
88.14956,0.023838,0.000770,0.006445,0.000208
88.15529,0.023978,0.000772,0.006482,0.000209
88.16102,0.024118,0.000774,0.006519,0.000209
88.16675,0.024258,0.000776,0.006556,0.000210
88.17248,0.024398,0.000778,0.006593,0.000210
88.17820,0.024538,0.000780,0.006630,0.000211
88.18393,0.024678,0.000782,0.006667,0.000211
88.18966,0.024817,0.000784,0.006704,0.000212
88.19539,0.024957,0.000786,0.006741,0.000212
88.20112,0.025096,0.000788,0.006778,0.000213
88.20685,0.025235,0.000790,0.006815,0.000213
88.21258,0.025374,0.000791,0.006851,0.000214
88.21831,0.025513,0.000793,0.006888,0.000214
88.22404,0.025652,0.000795,0.006925,0.000215
88.22977,0.025791,0.000797,0.006961,0.000215
88.23550,0.025930,0.000798,0.006998,0.000215
88.24123,0.026068,0.000800,0.007035,0.000216
88.24696,0.026207,0.000802,0.007071,0.000216
88.25269,0.026345,0.000803,0.007108,0.000217
88.25842,0.026483,0.000805,0.007144,0.000217
88.26415,0.026621,0.000806,0.007180,0.000218
88.26988,0.026759,0.000808,0.007217,0.000218
88.27561,0.026897,0.000809,0.007253,0.000218
88.28134,0.027035,0.000811,0.007290,0.000219
88.28707,0.027173,0.000812,0.007326,0.000219
88.29280,0.027310,0.000814,0.007362,0.000219
88.29853,0.027448,0.000815,0.007398,0.000220
88.30426,0.027585,0.000816,0.007434,0.000220
88.30998,0.027722,0.000818,0.007471,0.000220
88.31571,0.027859,0.000819,0.007507,0.000221
88.32144,0.027996,0.000820,0.007543,0.000221
88.32717,0.028133,0.000821,0.007579,0.000221
88.33290,0.028270,0.000822,0.007615,0.000222
88.33863,0.028406,0.000824,0.007651,0.000222
88.34436,0.028543,0.000825,0.007687,0.000222
88.35009,0.028679,0.000826,0.007722,0.000222
88.35582,0.028816,0.000827,0.007758,0.000223
88.36155,0.028952,0.000828,0.007794,0.000223
88.36728,0.029088,0.000829,0.007830,0.000223
88.37301,0.029224,0.000830,0.007865,0.000223
88.37874,0.029359,0.000831,0.007901,0.000224
88.38447,0.029495,0.000832,0.007937,0.000224
88.39020,0.029630,0.000832,0.007972,0.000224
88.39593,0.029766,0.000833,0.008008,0.000224
88.40166,0.029901,0.000834,0.008044,0.000224
88.40739,0.030036,0.000835,0.008079,0.000225
88.41312,0.030171,0.000836,0.008114,0.000225
88.41885,0.030306,0.000836,0.008150,0.000225
88.42458,0.030441,0.000837,0.008185,0.000225
88.43031,0.030576,0.000838,0.008221,0.000225
88.43604,0.030710,0.000838,0.008256,0.000225
88.44177,0.030845,0.000839,0.008291,0.000225
88.44749,0.030979,0.000839,0.008326,0.000226
88.45322,0.031113,0.000840,0.008362,0.000226
88.45895,0.031247,0.000840,0.008397,0.000226
88.46468,0.031381,0.000841,0.008432,0.000226
88.47041,0.031515,0.000841,0.008467,0.000226
88.47614,0.031648,0.000842,0.008502,0.000226
88.48187,0.031782,0.000842,0.008537,0.000226
88.48760,0.031915,0.000842,0.008572,0.000226
88.49333,0.032048,0.000843,0.008607,0.000226
88.49906,0.032182,0.000843,0.008642,0.000226
88.50479,0.032315,0.000843,0.008677,0.000226
88.51052,0.032447,0.000843,0.008711,0.000226
88.51625,0.032580,0.000844,0.008746,0.000226
88.52198,0.032713,0.000844,0.008781,0.000226
88.52771,0.032845,0.000844,0.008815,0.000227
88.53344,0.032978,0.000844,0.008850,0.000227
88.53917,0.033110,0.000844,0.008885,0.000227
88.54490,0.033242,0.000844,0.008919,0.000226
88.55063,0.033374,0.000844,0.008954,0.000226
88.55636,0.033505,0.000844,0.008988,0.000226
88.56209,0.033637,0.000844,0.009023,0.000226
88.56782,0.033769,0.000844,0.009057,0.000226
88.57355,0.033900,0.000844,0.009091,0.000226
88.57928,0.034031,0.000844,0.009126,0.000226
88.58500,0.034162,0.000844,0.009160,0.000226
88.59073,0.034293,0.000843,0.009194,0.000226
88.59646,0.034424,0.000843,0.009229,0.000226
88.60219,0.034555,0.000843,0.009263,0.000226
88.60792,0.034685,0.000843,0.009297,0.000226
88.61365,0.034816,0.000842,0.009331,0.000226
88.61938,0.034946,0.000842,0.009365,0.000226
88.62511,0.035076,0.000842,0.009399,0.000226
88.63084,0.035206,0.000841,0.009433,0.000225
88.63657,0.035336,0.000841,0.009467,0.000225
88.64230,0.035466,0.000840,0.009501,0.000225
88.64803,0.035595,0.000840,0.009535,0.000225
88.65376,0.035725,0.000839,0.009568,0.000225
88.65949,0.035854,0.000839,0.009602,0.000225
88.66522,0.035983,0.000838,0.009636,0.000224
88.67095,0.036112,0.000838,0.009670,0.000224
88.67668,0.036241,0.000837,0.009703,0.000224
88.68241,0.036370,0.000836,0.009737,0.000224
88.68814,0.036499,0.000836,0.009770,0.000224
88.69387,0.036627,0.000835,0.009804,0.000223
88.69960,0.036755,0.000834,0.009837,0.000223
88.70533,0.036883,0.000833,0.009871,0.000223
88.71106,0.037011,0.000833,0.009904,0.000223
88.71678,0.037139,0.000832,0.009938,0.000223
88.72251,0.037267,0.000831,0.009971,0.000222
88.72824,0.037395,0.000830,0.010004,0.000222
88.73397,0.037522,0.000829,0.010037,0.000222
88.73970,0.037649,0.000828,0.010071,0.000221
88.74543,0.037776,0.000827,0.010104,0.000221
88.75116,0.037903,0.000826,0.010137,0.000221
88.75689,0.038030,0.000825,0.010170,0.000221
88.76262,0.038157,0.000824,0.010203,0.000220
88.76835,0.038283,0.000823,0.010236,0.000220
88.77408,0.038410,0.000822,0.010269,0.000220
88.77981,0.038536,0.000821,0.010302,0.000219
88.78554,0.038662,0.000819,0.010335,0.000219
88.79127,0.038788,0.000818,0.010367,0.000219
88.79700,0.038914,0.000817,0.010400,0.000218
88.80273,0.039039,0.000816,0.010433,0.000218
88.80846,0.039165,0.000814,0.010466,0.000218
88.81419,0.039290,0.000813,0.010498,0.000217
88.81992,0.039415,0.000812,0.010531,0.000217
88.82565,0.039540,0.000810,0.010563,0.000216
88.83138,0.039665,0.000809,0.010596,0.000216
88.83711,0.039790,0.000808,0.010628,0.000216
88.84284,0.039915,0.000806,0.010661,0.000215
88.84857,0.040039,0.000805,0.010693,0.000215
88.85429,0.040163,0.000803,0.010726,0.000214
88.86002,0.040287,0.000802,0.010758,0.000214
88.86575,0.040411,0.000800,0.010790,0.000214
88.87148,0.040535,0.000798,0.010822,0.000213
88.87721,0.040659,0.000797,0.010855,0.000213
88.88294,0.040782,0.000795,0.010887,0.000212
88.88867,0.040905,0.000793,0.010919,0.000212
88.89440,0.041029,0.000792,0.010951,0.000211
88.90013,0.041152,0.000790,0.010983,0.000211
88.90586,0.041274,0.000788,0.011015,0.000210
88.91159,0.041397,0.000786,0.011047,0.000210
88.91732,0.041520,0.000785,0.011079,0.000209
88.92305,0.041642,0.000783,0.011110,0.000209
88.92878,0.041764,0.000781,0.011142,0.000208
88.93451,0.041886,0.000779,0.011174,0.000208
88.94024,0.042008,0.000777,0.011206,0.000207
88.94597,0.042130,0.000775,0.011237,0.000207
88.95170,0.042251,0.000773,0.011269,0.000206
88.95743,0.042373,0.000771,0.011301,0.000206
88.96316,0.042494,0.000769,0.011332,0.000205
88.96889,0.042615,0.000767,0.011364,0.000204
88.97462,0.042736,0.000765,0.011395,0.000204
88.98035,0.042857,0.000763,0.011426,0.000203
88.98608,0.042977,0.000760,0.011458,0.000203
88.99180,0.043098,0.000758,0.011489,0.000202
88.99753,0.043218,0.000756,0.011520,0.000202
89.00326,0.043338,0.000754,0.011552,0.000201
89.00899,0.043458,0.000752,0.011583,0.000200
89.01472,0.043578,0.000749,0.011614,0.000200
89.02045,0.043697,0.000747,0.011645,0.000199
89.02618,0.043817,0.000745,0.011676,0.000198
89.03191,0.043936,0.000742,0.011707,0.000198
89.03764,0.044055,0.000740,0.011738,0.000197
89.04337,0.044174,0.000738,0.011769,0.000196
89.04910,0.044293,0.000735,0.011800,0.000196
89.05483,0.044411,0.000733,0.011831,0.000195
89.06056,0.044530,0.000730,0.011861,0.000194
89.06629,0.044648,0.000728,0.011892,0.000194
89.07202,0.044766,0.000725,0.011923,0.000193
89.07775,0.044884,0.000722,0.011954,0.000192
89.08348,0.045002,0.000720,0.011984,0.000192
89.08921,0.045119,0.000717,0.012015,0.000191
89.09494,0.045237,0.000715,0.012045,0.000190
89.10067,0.045354,0.000712,0.012076,0.000190
89.10640,0.045471,0.000709,0.012106,0.000189
89.11213,0.045588,0.000706,0.012136,0.000188
89.11786,0.045704,0.000704,0.012167,0.000187
89.12359,0.045821,0.000701,0.012197,0.000187
89.12931,0.045937,0.000698,0.012227,0.000186
89.13504,0.046053,0.000695,0.012258,0.000185
89.14077,0.046169,0.000692,0.012288,0.000184
89.14650,0.046285,0.000689,0.012318,0.000183
89.15223,0.046401,0.000687,0.012348,0.000183
89.15796,0.046517,0.000684,0.012378,0.000182
89.16369,0.046632,0.000681,0.012408,0.000181
89.16942,0.046747,0.000678,0.012438,0.000180
89.17515,0.046862,0.000675,0.012468,0.000179
89.18088,0.046977,0.000672,0.012498,0.000179
89.18661,0.047091,0.000669,0.012527,0.000178
89.19234,0.047206,0.000665,0.012557,0.000177
89.19807,0.047320,0.000662,0.012587,0.000176
89.20380,0.047434,0.000659,0.012617,0.000175
89.20953,0.047548,0.000656,0.012646,0.000174
89.21526,0.047662,0.000653,0.012676,0.000174
89.22099,0.047775,0.000650,0.012705,0.000173
89.22672,0.047889,0.000646,0.012735,0.000172
89.23245,0.048002,0.000643,0.012764,0.000171
89.23818,0.048115,0.000640,0.012794,0.000170
89.24391,0.048228,0.000636,0.012823,0.000169
89.24964,0.048340,0.000633,0.012852,0.000168
89.25537,0.048453,0.000630,0.012881,0.000167
89.26109,0.048565,0.000626,0.012911,0.000166
89.26682,0.048677,0.000623,0.012940,0.000166
89.27255,0.048789,0.000619,0.012969,0.000165
89.27828,0.048901,0.000616,0.012998,0.000164
89.28401,0.049013,0.000612,0.013027,0.000163
89.28974,0.049124,0.000609,0.013056,0.000162
89.29547,0.049235,0.000605,0.013085,0.000161
89.30120,0.049346,0.000602,0.013114,0.000160
89.30693,0.049457,0.000598,0.013143,0.000159
89.31266,0.049568,0.000595,0.013171,0.000158
89.31839,0.049678,0.000591,0.013200,0.000157
89.32412,0.049789,0.000587,0.013229,0.000156
89.32985,0.049899,0.000584,0.013258,0.000155
89.33558,0.050009,0.000580,0.013286,0.000154
89.34131,0.050118,0.000576,0.013315,0.000153
89.34704,0.050228,0.000572,0.013343,0.000152
89.35277,0.050337,0.000569,0.013372,0.000151
89.35850,0.050446,0.000565,0.013400,0.000150
89.36423,0.050555,0.000561,0.013428,0.000149
89.36996,0.050664,0.000557,0.013457,0.000148
89.37569,0.050773,0.000553,0.013485,0.000147
89.38142,0.050881,0.000549,0.013513,0.000146
89.38715,0.050989,0.000545,0.013541,0.000145
89.39288,0.051098,0.000541,0.013570,0.000144
89.39860,0.051205,0.000537,0.013598,0.000143
89.40433,0.051313,0.000533,0.013626,0.000142
89.41006,0.051421,0.000529,0.013654,0.000141
89.41579,0.051528,0.000525,0.013682,0.000139
89.42152,0.051635,0.000521,0.013710,0.000138
89.42725,0.051742,0.000517,0.013737,0.000137
89.43298,0.051849,0.000513,0.013765,0.000136
89.43871,0.051955,0.000509,0.013793,0.000135
89.44444,0.052062,0.000505,0.013821,0.000134
89.45017,0.052168,0.000501,0.013848,0.000133
89.45590,0.052274,0.000496,0.013876,0.000132
89.46163,0.052379,0.000492,0.013903,0.000131
89.46736,0.052485,0.000488,0.013931,0.000130
89.47309,0.052590,0.000484,0.013958,0.000128
89.47882,0.052696,0.000479,0.013986,0.000127
89.48455,0.052801,0.000475,0.014013,0.000126
89.49028,0.052905,0.000471,0.014041,0.000125
89.49601,0.053010,0.000466,0.014068,0.000124
89.50174,0.053114,0.000462,0.014095,0.000123
89.50747,0.053219,0.000457,0.014122,0.000121
89.51320,0.053323,0.000453,0.014149,0.000120
89.51893,0.053426,0.000449,0.014177,0.000119
89.52466,0.053530,0.000444,0.014204,0.000118
89.53039,0.053634,0.000440,0.014231,0.000117
89.53611,0.053737,0.000435,0.014257,0.000115
89.54184,0.053840,0.000431,0.014284,0.000114
89.54757,0.053943,0.000426,0.014311,0.000113
89.55330,0.054045,0.000421,0.014338,0.000112
89.55903,0.054148,0.000417,0.014365,0.000111
89.56476,0.054250,0.000412,0.014391,0.000109
89.57049,0.054352,0.000407,0.014418,0.000108
89.57622,0.054454,0.000403,0.014445,0.000107
89.58195,0.054556,0.000398,0.014471,0.000106
89.58768,0.054657,0.000393,0.014498,0.000104
89.59341,0.054758,0.000389,0.014524,0.000103
89.59914,0.054860,0.000384,0.014551,0.000102
89.60487,0.054960,0.000379,0.014577,0.000101
89.61060,0.055061,0.000374,0.014603,0.000099
89.61633,0.055162,0.000369,0.014630,0.000098
89.62206,0.055262,0.000365,0.014656,0.000097
89.62779,0.055362,0.000360,0.014682,0.000095
89.63352,0.055462,0.000355,0.014708,0.000094
89.63925,0.055561,0.000350,0.014734,0.000093
89.64498,0.055661,0.000345,0.014760,0.000091
89.65071,0.055760,0.000340,0.014786,0.000090
89.65644,0.055859,0.000335,0.014812,0.000089
89.66217,0.055958,0.000330,0.014838,0.000087
89.66789,0.056057,0.000325,0.014864,0.000086
89.67362,0.056155,0.000320,0.014890,0.000085
89.67935,0.056254,0.000315,0.014915,0.000083
89.68508,0.056352,0.000310,0.014941,0.000082
89.69081,0.056449,0.000305,0.014967,0.000081
89.69654,0.056547,0.000299,0.014992,0.000079
89.70227,0.056644,0.000294,0.015018,0.000078
89.70800,0.056742,0.000289,0.015043,0.000077
89.71373,0.056839,0.000284,0.015069,0.000075
89.71946,0.056936,0.000279,0.015094,0.000074
89.72519,0.057032,0.000274,0.015119,0.000073
89.73092,0.057129,0.000268,0.015145,0.000071
89.73665,0.057225,0.000263,0.015170,0.000070
89.74238,0.057321,0.000258,0.015195,0.000068
89.74811,0.057417,0.000252,0.015220,0.000067
89.75384,0.057512,0.000247,0.015245,0.000065
89.75957,0.057608,0.000242,0.015270,0.000064
89.76530,0.057703,0.000236,0.015295,0.000063
89.77103,0.057798,0.000231,0.015320,0.000061
89.77676,0.057892,0.000226,0.015345,0.000060
89.78249,0.057987,0.000220,0.015370,0.000058
89.78822,0.058081,0.000215,0.015395,0.000057
89.79395,0.058175,0.000209,0.015419,0.000055
89.79968,0.058269,0.000204,0.015444,0.000054
89.80540,0.058363,0.000198,0.015469,0.000053
89.81113,0.058457,0.000193,0.015493,0.000051
89.81686,0.058550,0.000187,0.015518,0.000050
89.82259,0.058643,0.000182,0.015542,0.000048
89.82832,0.058736,0.000176,0.015567,0.000047
89.83405,0.058828,0.000170,0.015591,0.000045
89.83978,0.058921,0.000165,0.015615,0.000044
89.84551,0.059013,0.000159,0.015640,0.000042
89.85124,0.059105,0.000153,0.015664,0.000041
89.85697,0.059197,0.000148,0.015688,0.000039
89.86270,0.059289,0.000142,0.015712,0.000038
89.86843,0.059380,0.000136,0.015736,0.000036
89.87416,0.059471,0.000131,0.015760,0.000035
89.87989,0.059562,0.000125,0.015784,0.000033
89.88562,0.059653,0.000119,0.015808,0.000032
89.89135,0.059743,0.000113,0.015832,0.000030
89.89708,0.059834,0.000107,0.015856,0.000028
89.90281,0.059924,0.000102,0.015880,0.000027
89.90854,0.060014,0.000096,0.015903,0.000025
89.91427,0.060103,0.000090,0.015927,0.000024
89.92000,0.060193,0.000084,0.015951,0.000022
89.92573,0.060282,0.000078,0.015974,0.000021
89.93146,0.060371,0.000072,0.015998,0.000019
89.93719,0.060460,0.000066,0.016021,0.000018
89.94291,0.060549,0.000060,0.016045,0.000016
89.94864,0.060637,0.000054,0.016068,0.000014
89.95437,0.060725,0.000048,0.016091,0.000013
89.96010,0.060813,0.000042,0.016114,0.000011
89.96583,0.060901,0.000036,0.016138,0.000010
89.97156,0.060988,0.000030,0.016161,0.000008
89.97729,0.061076,0.000024,0.016184,0.000006
89.98302,0.061163,0.000018,0.016207,0.000005
89.98875,0.061250,0.000012,0.016230,0.000003
89.99448,0.061336,0.000006,0.016253,0.000002
90.00021,0.061423,-0.000000,0.016276,-0.000000
